Order_ID,Order_Date,Customer_ID,Customer_Segment,Product_Category,Units_Sold,Unit_Price,Revenue,Discount(%),Festival_Season,Festival_Name,Payment_Method,Delivery_Time(days),Customer_Rating,Returned,Sales
ORD100000,2024-04-12,CUST4062,Regular,Beauty,5,2020,9292.0,8.0,No,Non-Festival,COD,1,3.7,No,8548.640000000001
ORD100001,2024-12-14,CUST9958,New,Home Decor,5,9040,35256.0,22.0,No,Non-Festival,Wallet,5,3.0,No,27499.68
ORD100002,2024-09-27,CUST4260,Premium,Groceries,2,388,760.48,2.0,No,Non-Festival,UPI,5,3.9,No,745.2704
ORD100003,2024-04-16,CUST1476,Regular,Fashion,5,9614,37975.3,21.0,No,Non-Festival,Credit Card,1,4.9,No,30000.487000000005
ORD100004,2024-03-12,CUST3736,New,Groceries,5,5421,16534.05,39.0,No,Non-Festival,COD,5,3.0,Yes,10085.770499999999
ORD100005,2024-07-07,CUST8676,New,Groceries,2,8870,9934.4,44.0,No,Non-Festival,Wallet,5,3.1,No,5563.264
ORD100006,2024-01-21,CUST6255,Regular,Fashion,4,6946,19448.8,30.0,Yes,Republic Day,Credit Card,5,5.0,Yes,13614.159999999998
ORD100007,2024-04-12,CUST2026,Regular,Groceries,4,4812,15205.92,21.0,No,Non-Festival,COD,3,4.7,No,12012.676800000001
ORD100008,2024-05-01,CUST5348,New,Home Decor,2,2088,3758.4,10.0,No,Non-Festival,UPI,3,3.9,No,3382.56
ORD100009,2024-08-02,CUST9498,Premium,Fashion,2,1750,2065.0000000000005,41.0,No,Non-Festival,UPI,4,4.2,No,1218.3500000000004
ORD100010,2024-11-26,CUST4541,Premium,Electronics,4,7259,16840.88,42.0,No,Non-Festival,UPI,4,3.6,No,9767.710400000002
ORD100011,2024-03-28,CUST3905,New,Groceries,4,5433,21297.36,2.0,Yes,Holi,Credit Card,3,3.5,No,20871.412800000002
ORD100012,2024-04-09,CUST5123,Premium,Beauty,4,5835,20305.8,13.0,No,Non-Festival,Credit Card,5,3.6,No,17666.046
ORD100013,2024-12-25,CUST9015,Regular,Fashion,4,233,512.6,45.0,Yes,Christmas/New Year,UPI,2,3.5,No,281.93000000000006
ORD100014,2024-05-31,CUST3227,Premium,Electronics,3,8687,21370.02,18.0,No,Non-Festival,UPI,1,4.2,No,17523.416400000002
ORD100015,2024-05-10,CUST5967,Regular,Beauty,2,1629,2280.6,30.0,No,Non-Festival,COD,4,3.3,No,1596.4199999999998
ORD100016,2024-05-29,CUST3433,Premium,Electronics,1,5446,3539.9,35.0,No,Non-Festival,Wallet,7,2.9,No,2300.935
ORD100017,2024-11-04,CUST5972,Premium,Groceries,3,2187,4527.089999999999,31.0,Yes,Diwali,COD,7,4.3,No,3123.6920999999993
ORD100018,2024-09-14,CUST2819,Regular,Beauty,1,6471,4853.25,25.0,No,Non-Festival,Wallet,5,2.6,No,3639.9375
ORD100019,2024-12-09,CUST4855,Premium,Groceries,1,3082,3082.0,0.0,No,Non-Festival,Credit Card,7,4.3,No,3082.0
ORD100020,2024-10-20,CUST5759,Regular,Beauty,5,1747,8647.65,1.0,Yes,Diwali,COD,4,3.2,No,8561.173499999999
ORD100021,2024-07-10,CUST4332,Regular,Fashion,2,662,1257.8,5.0,No,Non-Festival,Credit Card,6,3.0,No,1194.9099999999999
ORD100022,2024-10-03,CUST8846,Premium,Home Decor,3,6907,11603.76,44.0,No,Non-Festival,Credit Card,2,3.4,No,6498.105600000001
ORD100023,2024-06-09,CUST3225,Regular,Home Decor,2,5505,9578.7,13.0,No,Non-Festival,Wallet,6,2.8,No,8333.469000000001
ORD100024,2024-11-09,CUST7482,Premium,Electronics,4,713,2081.96,27.0,Yes,Diwali,Wallet,5,3.5,No,1519.8308
ORD100025,2024-01-22,CUST9989,Regular,Beauty,2,5374,7308.639999999999,32.0,Yes,Republic Day,COD,7,2.8,No,4969.8751999999995
ORD100026,2024-09-09,CUST3262,Premium,Groceries,1,3766,2862.16,24.0,No,Non-Festival,COD,3,3.7,No,2175.2416
ORD100027,2024-08-23,CUST8447,New,Fashion,4,4003,9767.32,39.0,No,Non-Festival,COD,2,2.9,No,5958.0652
ORD100028,2024-12-10,CUST1025,Premium,Fashion,2,4138,6869.08,17.0,No,Non-Festival,Wallet,4,2.8,No,5701.336399999999
ORD100029,2024-02-18,CUST9274,Regular,Fashion,2,1671,1838.1,45.0,No,Non-Festival,UPI,7,3.9,No,1010.955
ORD100030,2024-02-28,CUST1520,New,Home Decor,1,8203,5496.009999999999,33.0,No,Non-Festival,UPI,5,4.1,No,3682.326699999999
ORD100031,2024-06-18,CUST7101,Regular,Groceries,4,537,1911.72,11.0,No,Non-Festival,Wallet,6,2.5,No,1701.4308
ORD100032,2024-07-06,CUST1283,Regular,Fashion,1,7251,5365.74,26.0,No,Non-Festival,COD,5,3.5,No,3970.6476
ORD100033,2024-09-27,CUST2946,Regular,Fashion,2,7644,11771.76,23.0,No,Non-Festival,UPI,1,2.7,No,9064.2552
ORD100034,2024-07-08,CUST8801,Regular,Electronics,3,3612,7368.48,32.0,No,Non-Festival,Credit Card,7,4.3,Yes,5010.566399999999
ORD100035,2024-06-23,CUST6670,New,Beauty,3,2592,6687.36,14.0,No,Non-Festival,UPI,1,4.2,No,5751.129599999999
ORD100036,2024-02-20,CUST7882,Regular,Beauty,5,1176,3410.4000000000005,42.0,No,Non-Festival,UPI,6,2.6,No,1978.0320000000006
ORD100037,2024-12-29,CUST5181,Premium,Beauty,3,5178,10718.46,31.0,Yes,Christmas/New Year,Wallet,1,4.9,No,7395.737399999999
ORD100038,2024-02-24,CUST2954,Premium,Electronics,4,4268,8706.72,49.0,No,Non-Festival,Wallet,3,4.9,Yes,4440.4272
ORD100039,2024-08-31,CUST7443,Regular,Home Decor,5,1071,4498.2,16.0,Yes,Raksha Bandhan,UPI,5,3.3,No,3778.488
ORD100040,2024-11-15,CUST8865,Premium,Electronics,4,3609,9527.759999999998,34.0,No,Non-Festival,Credit Card,5,2.8,No,6288.321599999998
ORD100041,2024-05-10,CUST1074,Regular,Fashion,3,2789,4518.18,46.0,No,Non-Festival,Credit Card,4,3.8,No,2439.8172000000004
ORD100042,2024-11-02,CUST1436,Regular,Groceries,3,1749,2938.32,44.0,Yes,Diwali,COD,7,4.6,No,1645.4592000000002
ORD100043,2024-05-14,CUST3765,Regular,Fashion,2,4661,6152.52,34.0,No,Non-Festival,UPI,7,3.6,No,4060.6632
ORD100044,2024-01-21,CUST1256,New,Fashion,4,2821,9929.92,12.0,Yes,Republic Day,UPI,7,2.5,No,8738.329600000001
ORD100045,2024-11-24,CUST9359,New,Groceries,1,2729,2510.6800000000003,8.0,No,Non-Festival,Credit Card,3,4.8,No,2309.8256000000006
ORD100046,2024-06-15,CUST2142,Regular,Beauty,2,7362,13398.84,9.0,No,Non-Festival,Wallet,7,4.0,No,12192.9444
ORD100047,2024-09-30,CUST8567,Regular,Electronics,4,8551,34204.0,0.0,No,Non-Festival,UPI,7,4.2,No,34204.0
ORD100048,2024-03-29,CUST8172,Premium,Home Decor,5,6599,22106.65,33.0,Yes,Holi,Credit Card,7,4.6,No,14811.4555
ORD100049,2024-11-11,CUST5196,Regular,Fashion,4,2781,6118.200000000001,45.0,No,Non-Festival,UPI,1,4.5,No,3365.0100000000007
ORD100050,2024-01-14,CUST8755,New,Fashion,5,6765,21648.0,36.0,No,Non-Festival,Wallet,5,2.7,No,13854.720000000001
ORD100051,2024-08-29,CUST1626,Premium,Home Decor,5,7305,27759.0,24.0,Yes,Raksha Bandhan,,1,3.9,No,21096.84
ORD100052,2024-09-21,CUST5824,Regular,Electronics,3,7156,16959.72,21.0,No,Non-Festival,Wallet,2,4.2,No,13398.178800000002
ORD100053,2024-12-11,CUST6442,New,Fashion,1,3134,2851.94,9.0,No,Non-Festival,Wallet,3,2.7,Yes,2595.2654
ORD100054,2024-02-22,CUST1328,Regular,Home Decor,4,2511,7533.0,25.0,No,Non-Festival,Credit Card,1,3.1,No,5649.75
ORD100055,2024-12-05,CUST2147,New,Fashion,1,2995,2455.9,18.0,No,Non-Festival,Credit Card,3,3.5,No,2013.8380000000002
ORD100056,2024-04-01,CUST3674,New,Beauty,5,4528,13810.4,39.0,No,Non-Festival,Wallet,6,4.7,No,8424.344
ORD100057,2024-09-20,CUST5205,Regular,Beauty,3,7023,11798.64,44.0,No,Non-Festival,Credit Card,7,4.6,No,6607.2384
ORD100058,2024-02-04,CUST2791,Regular,Fashion,1,4528,2716.8,40.0,No,Non-Festival,Wallet,5,4.5,No,1630.0800000000002
ORD100059,2024-07-24,CUST7999,New,Fashion,2,3788,3863.76,49.0,No,Non-Festival,Wallet,2,5.0,No,1970.5176000000001
ORD100060,2024-03-21,CUST8182,New,Beauty,5,3316,16082.6,3.0,Yes,Holi,UPI,4,3.1,No,15600.122
ORD100061,2024-02-19,CUST8216,Regular,Fashion,2,4853,5920.66,39.0,No,Non-Festival,Wallet,7,3.7,No,3611.6025999999997
ORD100062,2024-12-25,CUST9037,New,Electronics,1,3947,3789.12,4.0,Yes,Christmas/New Year,COD,2,3.6,No,3637.5552
ORD100063,2024-01-02,CUST9753,Regular,Electronics,1,7024,5057.28,28.0,No,Non-Festival,Credit Card,3,4.2,No,3641.2416
ORD100064,2024-02-23,CUST6329,Regular,Groceries,1,1659,1045.17,37.0,No,Non-Festival,COD,2,4.6,No,658.4571000000001
ORD100065,2024-04-15,CUST7646,New,Electronics,4,4630,17779.2,4.0,No,Non-Festival,Credit Card,5,3.7,No,17068.032
ORD100066,2024-09-16,CUST9673,Regular,Fashion,5,2651,13255.0,0.0,No,Non-Festival,Wallet,3,3.7,No,13255.0
ORD100067,2024-11-05,CUST2056,New,Fashion,5,7531,27488.15,27.0,Yes,Diwali,COD,7,4.0,No,20066.3495
ORD100068,2024-07-09,CUST3381,Regular,Home Decor,5,4290,17589.0,18.0,No,Non-Festival,UPI,3,4.4,No,14422.980000000001
ORD100069,2024-08-05,CUST9543,Premium,Electronics,4,9163,23823.8,35.0,No,Non-Festival,Wallet,5,3.0,No,15485.47
ORD100070,2024-02-13,CUST4604,Regular,Beauty,1,5241,5241.0,0.0,No,Non-Festival,Wallet,6,4.9,No,5241.0
ORD100071,2024-06-10,CUST6732,Premium,Beauty,1,1311,943.92,28.0,No,Non-Festival,Wallet,1,2.7,No,679.6224
ORD100072,2024-07-20,CUST1623,Premium,Groceries,2,9986,12981.8,35.0,No,Non-Festival,UPI,4,2.6,No,8438.17
ORD100073,2024-09-26,CUST9231,Regular,Home Decor,4,9673,26697.48,31.0,No,Non-Festival,COD,6,3.4,No,18421.261199999997
ORD100074,2024-12-16,CUST5277,Premium,Beauty,3,3785,9878.85,13.0,No,Non-Festival,Wallet,7,4.3,No,8594.5995
ORD100075,2024-10-30,CUST8101,Regular,Groceries,4,7801,21530.76,31.0,Yes,Diwali,COD,6,4.9,No,14856.224399999997
ORD100076,2024-09-27,CUST5342,Regular,Electronics,2,2573,2830.3,45.0,No,Non-Festival,Wallet,2,4.8,No,1556.6650000000002
ORD100077,2024-08-02,CUST5742,New,Home Decor,2,7042,12957.28,8.0,No,Non-Festival,Wallet,7,4.2,No,11920.697600000001
ORD100078,2024-09-08,CUST1271,Regular,Home Decor,2,8733,14322.12,18.0,No,Non-Festival,Wallet,7,3.6,No,11744.138400000002
ORD100079,2024-07-08,CUST5752,Premium,Fashion,1,5298,4768.2,10.0,No,Non-Festival,UPI,6,4.0,Yes,4291.38
ORD100080,2024-10-22,CUST9026,Premium,Electronics,3,4923,7827.570000000001,47.0,Yes,Diwali,Wallet,4,3.8,No,4148.6121
ORD100081,2024-07-31,CUST5373,Premium,Home Decor,2,3018,5854.92,3.0,No,Non-Festival,COD,7,3.2,No,5679.2724
ORD100082,2024-07-26,CUST1667,Regular,Groceries,5,3125,9375.0,40.0,No,Non-Festival,Wallet,7,3.7,No,5625.0
ORD100083,2024-08-24,CUST8971,Regular,Beauty,1,9664,7344.64,24.0,No,Non-Festival,COD,4,4.2,No,5581.9264
ORD100084,2024-12-03,CUST9970,Regular,Electronics,3,909,2290.68,16.0,No,Non-Festival,COD,6,2.5,No,1924.1711999999998
ORD100085,2024-02-22,CUST2112,Premium,Electronics,5,7192,19418.4,46.0,No,Non-Festival,Credit Card,5,3.5,Yes,10485.936000000002
ORD100086,2024-10-06,CUST5449,New,Home Decor,3,938,2617.02,7.0,No,Non-Festival,COD,1,3.9,Yes,2433.8286
ORD100087,2024-08-04,CUST6982,Premium,Home Decor,3,4790,8047.200000000001,44.0,No,Non-Festival,Credit Card,4,4.8,No,4506.432000000001
ORD100088,2024-09-08,CUST2348,Regular,Home Decor,5,6287,31435.0,0.0,No,Non-Festival,UPI,3,5.0,No,31435.0
ORD100089,2024-07-06,CUST4027,Regular,Groceries,4,3918,15515.28,1.0,No,Non-Festival,,6,3.9,Yes,15360.1272
ORD100090,2024-02-10,CUST3386,Regular,Fashion,3,8401,22934.73,9.0,No,Non-Festival,UPI,7,4.9,No,20870.6043
ORD100091,2024-06-05,CUST6948,Regular,Home Decor,4,5281,15631.76,26.0,No,Non-Festival,UPI,1,2.7,Yes,11567.5024
ORD100092,2024-01-15,CUST2365,Regular,Fashion,3,2778,6167.16,26.0,No,Non-Festival,COD,5,4.3,No,4563.6984
ORD100093,2024-10-27,CUST3209,Regular,Fashion,5,1758,7735.2,12.0,Yes,Diwali,Wallet,6,3.5,No,6806.976
ORD100094,2024-03-05,CUST2321,Regular,Electronics,3,4200,11340.0,10.0,No,Non-Festival,Wallet,4,4.4,No,10206.0
ORD100095,2024-12-10,CUST5347,Regular,Beauty,2,4745,8256.3,13.0,No,Non-Festival,UPI,6,4.7,No,7182.981
ORD100096,2024-11-22,CUST2387,Regular,Beauty,2,5539,7643.82,31.0,No,Non-Festival,Credit Card,5,2.6,No,5274.2357999999995
ORD100097,2024-01-09,CUST3899,Regular,Groceries,3,9256,23602.8,15.0,No,Non-Festival,Credit Card,2,4.8,No,20062.379999999997
ORD100098,2024-12-09,CUST6418,Regular,Groceries,5,2916,10497.6,28.0,No,Non-Festival,COD,5,2.7,No,7558.272
ORD100099,2024-05-08,CUST2931,Regular,Beauty,5,4502,14181.3,37.0,No,Non-Festival,Credit Card,3,4.4,Yes,8934.219
ORD100100,2024-05-15,CUST1378,Premium,Beauty,1,2009,1346.0299999999995,33.0,No,Non-Festival,Credit Card,5,2.7,No,901.8400999999996
ORD100101,2024-03-03,CUST9142,Regular,Electronics,5,6030,22612.5,25.0,No,Non-Festival,UPI,1,4.7,No,16959.375
ORD100102,2024-05-18,CUST5331,Regular,Electronics,4,2197,8436.48,4.0,No,Non-Festival,Credit Card,2,3.0,No,8099.020799999999
ORD100103,2024-03-21,CUST1236,Regular,Beauty,3,3131,7702.26,18.0,Yes,Holi,Wallet,6,3.6,No,6315.8532000000005
ORD100104,2024-06-11,CUST7188,Regular,Home Decor,2,2330,2889.2,38.0,No,Non-Festival,UPI,6,4.8,No,1791.3039999999999
ORD100105,2024-10-15,CUST5564,Regular,Home Decor,5,4612,16833.8,27.0,No,Non-Festival,UPI,3,4.5,No,12288.673999999999
ORD100106,2024-09-17,CUST2109,Regular,Electronics,2,6713,9800.98,27.0,No,Non-Festival,Credit Card,2,4.5,No,7154.715399999999
ORD100107,2024-08-18,CUST2770,Premium,Fashion,1,2996,2516.64,16.0,Yes,Independence Day,Wallet,3,4.4,Yes,2113.9775999999997
ORD100108,2024-02-10,CUST3163,Regular,Beauty,3,7948,15260.16,36.0,No,Non-Festival,Wallet,6,3.9,No,9766.5024
ORD100109,2024-01-28,CUST7845,Regular,Groceries,5,6523,18590.550000000003,43.0,Yes,Republic Day,Credit Card,2,4.9,No,10596.613500000003
ORD100110,2024-05-14,CUST2393,New,Home Decor,2,6945,11389.8,18.0,No,Non-Festival,Wallet,4,4.6,No,9339.636
ORD100111,2024-07-19,CUST1050,Regular,Fashion,5,5402,19987.4,26.0,No,Non-Festival,COD,5,3.6,No,14790.676000000001
ORD100112,2024-11-23,CUST9555,Regular,Home Decor,1,1755,895.0500000000001,49.0,No,Non-Festival,COD,1,4.4,No,456.47550000000007
ORD100113,2024-09-24,CUST7799,New,Fashion,2,8381,14918.18,11.0,No,Non-Festival,Credit Card,1,5.0,No,13277.1802
ORD100114,2024-02-02,CUST2930,New,Beauty,2,4643,9100.28,2.0,No,Non-Festival,UPI,4,4.7,No,8918.2744
ORD100115,2024-02-17,CUST2788,Regular,Beauty,3,8722,25381.02,3.0,No,Non-Festival,UPI,7,2.5,No,24619.5894
ORD100116,2024-03-02,CUST9465,Regular,Beauty,3,4905,7946.1,46.0,No,Non-Festival,Wallet,2,4.3,No,4290.894
ORD100117,2024-08-03,CUST8952,Regular,Electronics,2,5039,5442.120000000001,46.0,No,Non-Festival,COD,5,4.7,No,2938.744800000001
ORD100118,2024-10-19,CUST7066,Regular,Fashion,3,4158,11226.6,10.0,No,Non-Festival,UPI,4,3.3,No,10103.94
ORD100119,2024-04-08,CUST4590,Premium,Groceries,2,4864,6517.759999999999,33.0,No,Non-Festival,Wallet,2,4.9,No,4366.899199999999
ORD100120,2024-06-20,CUST4136,Regular,Groceries,4,9362,31081.84,17.0,No,Non-Festival,COD,5,3.5,No,25797.9272
ORD100121,2024-12-25,CUST3856,Regular,Beauty,5,946,3121.8,34.0,Yes,Christmas/New Year,UPI,2,3.6,No,2060.388
ORD100122,2024-08-01,CUST1315,New,Groceries,4,2384,7914.879999999999,17.0,No,Non-Festival,Wallet,1,2.9,No,6569.350399999999
ORD100123,2024-02-04,CUST5390,New,Home Decor,4,8146,17921.2,45.0,No,Non-Festival,Credit Card,5,2.7,No,9856.660000000002
ORD100124,2024-08-14,CUST8553,Regular,Fashion,5,9776,46436.0,5.0,Yes,Independence Day,Credit Card,1,3.8,No,44114.2
ORD100125,2024-04-10,CUST7006,Premium,Fashion,2,5521,7398.139999999999,33.0,No,Non-Festival,UPI,1,4.0,No,4956.7537999999995
ORD100126,2024-05-10,CUST6441,Regular,Fashion,2,9410,12797.6,32.0,No,Non-Festival,Wallet,5,3.4,No,8702.367999999999
ORD100127,2024-09-13,CUST9580,New,Home Decor,3,7348,20500.92,7.0,No,Non-Festival,COD,4,4.0,No,19065.855599999995
ORD100128,2024-01-05,CUST6519,Regular,Electronics,1,2224,1312.16,41.0,No,Non-Festival,Credit Card,2,3.5,No,774.1744000000001
ORD100129,2024-08-05,CUST1769,Regular,Home Decor,2,6373,10324.26,19.0,No,Non-Festival,COD,5,4.7,No,8362.6506
ORD100130,2024-09-11,CUST3220,Regular,Fashion,5,9934,25331.7,49.0,No,Non-Festival,Wallet,6,4.9,No,12919.167000000001
ORD100131,2024-12-24,CUST5019,Regular,Fashion,1,2911,2357.9100000000003,19.0,Yes,Christmas/New Year,Credit Card,1,4.0,No,1909.9071000000004
ORD100132,2024-10-09,CUST2040,Regular,Fashion,5,7218,20932.200000000004,42.0,No,Non-Festival,UPI,2,4.6,No,12140.676000000003
ORD100133,2024-07-25,CUST7586,Premium,Groceries,5,9846,40860.9,25.0,No,Non-Festival,Credit Card,5,4.6,Yes,30645.675000000003
ORD100134,2024-01-15,CUST2743,Premium,Electronics,5,7397,27368.9,26.0,No,Non-Festival,UPI,4,4.3,No,20252.986
ORD100135,2024-12-11,CUST4189,Regular,Home Decor,1,1902,1008.06,47.0,No,Non-Festival,COD,5,3.0,No,534.2718
ORD100136,2024-02-11,CUST1338,Regular,Fashion,4,5729,21999.36,4.0,No,Non-Festival,Credit Card,5,2.9,No,21119.3856
ORD100137,2024-06-27,CUST1170,Regular,Beauty,5,7416,34855.2,6.0,No,Non-Festival,Wallet,3,4.8,No,32763.887999999995
ORD100138,2024-03-03,CUST5228,New,Electronics,3,7855,18616.35,21.0,No,Non-Festival,COD,6,3.2,Yes,14706.9165
ORD100139,2024-12-17,CUST9832,New,Beauty,2,5617,7526.779999999999,33.0,No,Non-Festival,COD,2,3.1,No,5042.9425999999985
ORD100140,2024-08-18,CUST8852,New,Electronics,2,6524,7567.840000000001,42.0,Yes,Independence Day,UPI,5,2.9,No,4389.347200000001
ORD100141,2024-08-28,CUST4318,New,Fashion,2,4073,7168.4800000000005,12.0,Yes,Raksha Bandhan,Wallet,1,3.8,No,6308.2624000000005
ORD100142,2024-02-21,CUST8404,Regular,Electronics,1,8513,5873.969999999999,31.0,No,Non-Festival,COD,1,4.2,No,4053.0392999999995
ORD100143,2024-04-05,CUST8462,Regular,Electronics,3,9868,22795.08,23.0,No,Non-Festival,Credit Card,3,4.2,No,17552.211600000002
ORD100144,2024-08-09,CUST6164,Premium,Fashion,3,465,1185.75,15.0,No,Non-Festival,UPI,1,3.2,No,1007.8874999999999
ORD100145,2024-08-18,CUST7934,New,Beauty,3,8419,21973.59,13.0,Yes,Independence Day,Wallet,5,2.7,No,19117.0233
ORD100146,2024-08-24,CUST3470,Regular,Beauty,3,5578,10375.08,38.0,No,Non-Festival,UPI,2,3.3,No,6432.5496
ORD100147,2024-05-22,CUST3986,Regular,Groceries,3,2324,6553.679999999999,6.0,No,Non-Festival,UPI,3,3.8,No,6160.459199999999
ORD100148,2024-06-19,CUST3175,New,Beauty,4,631,1438.68,43.0,No,Non-Festival,COD,6,4.0,No,820.0476000000001
ORD100149,2024-01-29,CUST3415,Regular,Beauty,3,5174,13814.58,11.0,Yes,Republic Day,Credit Card,7,3.2,No,12294.976200000001
ORD100150,2024-02-05,CUST9484,Regular,Electronics,3,3977,9664.11,19.0,No,Non-Festival,Credit Card,3,3.0,No,7827.929100000001
ORD100151,2024-01-13,CUST6994,Premium,Groceries,1,7237,4921.16,32.0,No,Non-Festival,Wallet,4,4.6,No,3346.3887999999997
ORD100152,2024-06-08,CUST2401,Regular,Fashion,1,1285,1220.75,5.0,No,Non-Festival,Wallet,4,4.6,No,1159.7124999999999
ORD100153,2024-11-22,CUST7031,Regular,Fashion,3,6395,11702.85,39.0,No,Non-Festival,Credit Card,2,3.2,No,7138.7385
ORD100154,2024-07-05,CUST3645,Premium,Home Decor,4,6459,19118.64,26.0,No,Non-Festival,UPI,2,3.9,No,14147.793599999999
ORD100155,2024-08-30,CUST4292,Premium,Groceries,3,2685,7088.4,12.0,Yes,Raksha Bandhan,UPI,7,3.6,No,6237.7919999999995
ORD100156,2024-03-26,CUST6522,New,Electronics,3,8492,24456.96,4.0,Yes,Holi,Credit Card,3,2.9,Yes,23478.6816
ORD100157,2024-10-10,CUST3478,Regular,Home Decor,3,5598,12931.38,23.0,No,Non-Festival,COD,5,4.9,No,9957.1626
ORD100158,2024-03-06,CUST2784,Regular,Home Decor,5,5278,24014.9,9.0,No,Non-Festival,UPI,5,2.5,No,21853.559
ORD100159,2024-06-18,CUST3726,Premium,Fashion,4,7402,16284.4,45.0,No,Non-Festival,Credit Card,4,3.0,No,8956.42
ORD100160,2024-02-14,CUST8766,Premium,Beauty,2,3248,4482.24,31.0,No,Non-Festival,COD,2,3.4,No,3092.7455999999997
ORD100161,2024-03-02,CUST4828,Regular,Electronics,3,6702,18497.52,8.0,No,Non-Festival,UPI,7,4.6,No,17017.7184
ORD100162,2024-05-13,CUST3330,Premium,Groceries,2,999,1038.96,48.0,No,Non-Festival,Wallet,2,4.5,Yes,540.2592000000001
ORD100163,2024-10-10,CUST6655,Regular,Home Decor,4,4022,10618.079999999998,34.0,No,Non-Festival,UPI,5,3.9,Yes,7007.932799999998
ORD100164,2024-01-28,CUST7187,Regular,Electronics,3,5811,9936.81,43.0,Yes,Republic Day,UPI,4,4.2,No,5663.9817
ORD100165,2024-04-17,CUST8039,Regular,Fashion,2,6209,11052.02,11.0,No,Non-Festival,Credit Card,5,3.4,No,9836.2978
ORD100166,2024-02-13,CUST1215,Regular,Home Decor,2,9687,17436.600000000002,10.0,No,Non-Festival,UPI,5,4.9,No,15692.940000000002
ORD100167,2024-12-05,CUST6832,Regular,Home Decor,4,5463,14203.8,35.0,No,Non-Festival,UPI,3,2.6,No,9232.47
ORD100168,2024-10-12,CUST2415,Premium,Fashion,3,8826,24624.54,7.0,No,Non-Festival,COD,2,2.8,No,22900.8222
ORD100169,2024-11-26,CUST3351,Premium,Fashion,5,5770,26253.5,9.0,No,Non-Festival,Credit Card,3,4.8,No,23890.685
ORD100170,2024-05-07,CUST9336,New,Fashion,4,9307,32388.36,13.0,No,Non-Festival,COD,3,4.9,No,28177.8732
ORD100171,2024-12-13,CUST3892,Regular,Electronics,5,4840,17182.0,29.0,No,Non-Festival,Wallet,5,3.7,No,12199.22
ORD100172,2024-08-18,CUST3978,Regular,Electronics,3,5533,16599.0,0.0,Yes,Independence Day,UPI,4,3.9,No,16599.0
ORD100173,2024-07-08,CUST7597,Regular,Electronics,2,9039,16089.42,11.0,No,Non-Festival,,5,4.8,Yes,14319.5838
ORD100174,2024-08-12,CUST2572,Regular,Beauty,4,2495,9580.8,25.0,Yes,Independence Day,Wallet,6,4.6,Yes,7185.599999999999
ORD100175,2024-10-09,CUST5877,Premium,Home Decor,4,1631,5675.88,13.0,No,Non-Festival,Credit Card,4,3.8,No,4938.0156
ORD100176,2024-04-30,CUST1161,Premium,Electronics,4,5372,13967.2,35.0,No,Non-Festival,UPI,7,3.4,No,9078.68
ORD100177,2024-04-25,CUST5620,Premium,Beauty,1,2561,2151.24,16.0,No,Non-Festival,Credit Card,2,4.6,No,1807.0415999999998
ORD100178,2024-08-20,CUST8004,Regular,Home Decor,3,7741,18346.17,21.0,Yes,Independence Day,Credit Card,6,2.7,No,14493.4743
ORD100179,2024-09-15,CUST8012,Regular,Electronics,1,923,646.0999999999999,30.0,No,Non-Festival,COD,6,3.7,No,452.2699999999999
ORD100180,2024-12-24,CUST8995,Regular,Fashion,4,1747,5241.0,25.0,Yes,Christmas/New Year,Credit Card,6,3.1,No,3930.75
ORD100181,2024-07-16,CUST3291,Regular,Groceries,4,9371,32985.92,12.0,No,Non-Festival,Credit Card,1,2.6,No,29027.6096
ORD100182,2024-05-16,CUST5600,Premium,Electronics,5,8475,41527.5,2.0,No,Non-Festival,COD,2,4.0,No,40696.95
ORD100183,2024-11-13,CUST8893,New,Groceries,1,1565,907.7000000000002,42.0,No,Non-Festival,UPI,5,2.7,No,526.4660000000001
ORD100184,2024-06-13,CUST9706,Regular,Electronics,2,8941,16093.8,10.0,No,Non-Festival,Wallet,4,2.8,No,14484.42
ORD100185,2024-08-12,CUST7209,Premium,Fashion,3,4053,11672.64,4.0,Yes,Independence Day,COD,6,2.7,No,11205.7344
ORD100186,2024-11-02,CUST7674,Premium,Groceries,2,4882,6151.32,37.0,Yes,Diwali,UPI,1,4.9,No,3875.3316
ORD100187,2024-08-21,CUST3684,Regular,Beauty,2,6160,11950.4,3.0,No,Non-Festival,UPI,6,2.6,No,11591.887999999999
ORD100188,2024-06-20,CUST7783,Premium,Fashion,3,8543,17684.01,31.0,No,Non-Festival,Wallet,4,3.2,No,12201.966899999998
ORD100189,2024-05-31,CUST3094,Regular,Groceries,4,7889,28715.960000000003,9.0,No,Non-Festival,UPI,7,4.1,No,26131.523600000004
ORD100190,2024-11-10,CUST6941,Regular,Groceries,5,5357,24374.35,9.0,Yes,Diwali,COD,4,4.6,No,22180.658499999998
ORD100191,2024-06-08,CUST8505,Premium,Fashion,4,3698,8431.44,43.0,No,Non-Festival,UPI,7,4.0,No,4805.920800000001
ORD100192,2024-04-05,CUST3508,New,Fashion,4,3185,10574.2,17.0,No,Non-Festival,Wallet,1,4.9,No,8776.586
ORD100193,2024-08-20,CUST8271,Regular,Fashion,1,1767,954.18,46.0,Yes,Independence Day,Wallet,1,3.3,Yes,515.2572
ORD100194,2024-06-28,CUST7010,Regular,Home Decor,2,8603,13420.68,22.0,No,Non-Festival,COD,2,3.7,No,10468.1304
ORD100195,2024-04-22,CUST5611,New,Beauty,2,6869,11402.54,25.0,No,Non-Festival,COD,3,4.6,Yes,8551.905
ORD100196,2024-11-13,CUST4906,New,Electronics,2,4391,5796.119999999999,34.0,No,Non-Festival,UPI,6,4.2,No,3825.439199999999
ORD100197,2024-02-21,CUST1975,Premium,Groceries,5,9918,48598.2,2.0,No,Non-Festival,Wallet,1,3.0,No,47626.236
ORD100198,2024-09-24,CUST6832,Regular,Electronics,5,7356,36780.0,0.0,No,Non-Festival,Wallet,6,3.7,No,36780.0
ORD100199,2024-10-21,CUST9007,New,Fashion,5,8913,37434.6,16.0,Yes,Diwali,UPI,3,4.9,No,31445.064
ORD100200,2024-04-22,CUST7213,Regular,Beauty,3,6717,11889.090000000002,41.0,No,Non-Festival,Wallet,3,4.7,Yes,7014.563100000002
ORD100201,2024-04-10,CUST9456,Premium,Beauty,5,5335,25341.25,5.0,No,Non-Festival,COD,3,3.0,No,24074.1875
ORD100202,2024-04-22,CUST8380,Regular,Home Decor,1,6951,6255.900000000001,10.0,No,Non-Festival,COD,7,2.9,No,5630.31
ORD100203,2024-03-21,CUST6222,Premium,Fashion,1,8409,7315.83,13.0,Yes,Holi,UPI,3,4.6,No,6364.7721
ORD100204,2024-07-05,CUST7567,Regular,Groceries,4,7374,15337.92,48.0,No,Non-Festival,UPI,1,3.0,No,7975.718400000001
ORD100205,2024-04-22,CUST3536,Regular,Home Decor,4,1919,5603.48,27.0,No,Non-Festival,UPI,6,3.6,No,4090.5403999999994
ORD100206,2024-01-02,CUST9174,Regular,Fashion,4,8261,20487.28,38.0,No,Non-Festival,COD,4,3.8,No,12702.113599999999
ORD100207,2024-05-09,CUST2625,Regular,Home Decor,4,4214,10956.4,35.0,No,Non-Festival,COD,6,2.5,No,7121.66
ORD100208,2024-08-07,CUST6227,Premium,Electronics,1,1078,970.2,10.0,No,Non-Festival,Wallet,6,4.7,No,873.1800000000001
ORD100209,2024-02-23,CUST7129,New,Fashion,4,8985,21564.0,40.0,No,Non-Festival,COD,1,4.4,No,12938.4
ORD100210,2024-12-08,CUST9723,New,Groceries,1,6472,3947.92,39.0,No,Non-Festival,UPI,1,3.7,No,2408.2312
ORD100211,2024-08-11,CUST8716,Regular,Groceries,5,1809,8773.65,3.0,Yes,Independence Day,Credit Card,5,2.9,No,8510.440499999999
ORD100212,2024-08-12,CUST5186,Premium,Fashion,5,9267,24557.550000000003,47.0,Yes,Independence Day,Credit Card,5,4.5,No,13015.501500000002
ORD100213,2024-05-05,CUST4096,Premium,Home Decor,3,6914,19704.9,5.0,No,Non-Festival,Credit Card,2,3.4,No,18719.655
ORD100214,2024-05-09,CUST8430,Regular,Beauty,4,5309,13378.68,37.0,No,Non-Festival,Credit Card,3,4.2,No,8428.5684
ORD100215,2024-02-22,CUST8269,Regular,Fashion,5,2648,10856.8,18.0,No,Non-Festival,Credit Card,3,3.3,No,8902.576000000001
ORD100216,2024-06-20,CUST9183,Premium,Groceries,5,2336,8175.999999999999,30.0,No,Non-Festival,COD,5,3.6,No,5723.199999999999
ORD100217,2024-08-05,CUST4119,New,Electronics,2,7166,14188.68,1.0,No,Non-Festival,UPI,4,3.8,No,14046.7932
ORD100218,2024-06-08,CUST5381,Premium,Groceries,2,2253,2613.4800000000005,42.0,No,Non-Festival,UPI,2,4.4,No,1515.8184000000006
ORD100219,2024-07-16,CUST8818,Regular,Beauty,1,7963,6051.88,24.0,No,Non-Festival,Wallet,6,4.6,No,4599.4288
ORD100220,2024-09-03,CUST6669,Premium,Groceries,3,283,432.99,49.0,No,Non-Festival,UPI,4,3.6,No,220.8249
ORD100221,2024-11-19,CUST9760,Regular,Beauty,2,9831,11797.2,40.0,No,Non-Festival,Wallet,5,3.1,No,7078.320000000001
ORD100222,2024-07-21,CUST2949,Premium,Fashion,3,2868,4560.12,47.0,No,Non-Festival,UPI,6,2.9,No,2416.8636
ORD100223,2024-07-02,CUST7873,Premium,Groceries,5,5431,24439.5,10.0,No,Non-Festival,Wallet,4,3.4,Yes,21995.55
ORD100224,2024-05-02,CUST6553,Regular,Home Decor,1,9090,4999.5,45.0,No,Non-Festival,,3,4.5,No,2749.7250000000004
ORD100225,2024-09-11,CUST8252,New,Home Decor,3,2020,3696.6,39.0,No,Non-Festival,UPI,5,3.2,Yes,2254.926
ORD100226,2024-10-20,CUST5921,Regular,Groceries,2,4614,5167.68,44.0,Yes,Diwali,Credit Card,6,2.6,No,2893.9008000000003
ORD100227,2024-10-06,CUST7463,New,Groceries,5,7449,21974.550000000003,41.0,No,Non-Festival,UPI,4,3.9,No,12964.984500000004
ORD100228,2024-11-20,CUST6997,Regular,Electronics,4,9490,21637.2,43.0,No,Non-Festival,UPI,2,2.6,No,12333.204000000002
ORD100229,2024-04-07,CUST1846,Regular,Groceries,5,6772,27088.0,20.0,No,Non-Festival,Credit Card,2,4.7,No,21670.4
ORD100230,2024-07-16,CUST3633,Regular,Electronics,2,7827,15340.92,2.0,No,Non-Festival,UPI,1,4.2,No,15034.1016
ORD100231,2024-08-27,CUST7826,Regular,Electronics,2,3094,6126.12,1.0,Yes,Raksha Bandhan,Wallet,7,3.1,Yes,6064.8588
ORD100232,2024-05-23,CUST8288,Regular,Electronics,4,3617,13021.2,10.0,No,Non-Festival,Credit Card,6,3.7,No,11719.080000000002
ORD100233,2024-04-06,CUST2775,Premium,Electronics,5,448,1724.8,23.0,No,Non-Festival,Credit Card,5,4.3,No,1328.096
ORD100234,2024-07-19,CUST8956,Premium,Fashion,3,8010,12255.3,49.0,No,Non-Festival,COD,5,4.8,No,6250.2029999999995
ORD100235,2024-05-03,CUST3385,Premium,Home Decor,3,2090,4827.900000000001,23.0,No,Non-Festival,Wallet,6,4.7,No,3717.4830000000006
ORD100236,2024-07-05,CUST2485,Regular,Electronics,5,8080,32320.0,20.0,No,Non-Festival,Wallet,5,2.7,No,25856.0
ORD100237,2024-11-21,CUST5429,Premium,Home Decor,3,2315,5278.2,24.0,No,Non-Festival,UPI,3,2.7,Yes,4011.432
ORD100238,2024-12-14,CUST7848,Regular,Electronics,5,6781,32887.85,3.0,No,Non-Festival,UPI,3,4.0,No,31901.2145
ORD100239,2024-09-15,CUST8798,Premium,Home Decor,5,3263,9952.15,39.0,No,Non-Festival,Wallet,5,3.7,No,6070.8115
ORD100240,2024-05-27,CUST7528,Regular,Groceries,2,5851,6787.160000000001,42.0,No,Non-Festival,Wallet,6,3.2,No,3936.552800000001
ORD100241,2024-09-08,CUST2624,New,Groceries,1,2006,1083.24,46.0,No,Non-Festival,Wallet,4,4.9,Yes,584.9496
ORD100242,2024-12-11,CUST7693,Premium,Home Decor,2,7500,11700.0,22.0,No,Non-Festival,UPI,3,4.4,Yes,9126.0
ORD100243,2024-05-26,CUST5286,Premium,Electronics,3,8687,20066.97,23.0,No,Non-Festival,Wallet,6,4.2,No,15451.566900000002
ORD100244,2024-05-27,CUST7533,Regular,Fashion,1,2894,2315.2000000000003,20.0,No,Non-Festival,Wallet,5,3.0,No,1852.1600000000003
ORD100245,2024-12-17,CUST7168,Regular,Home Decor,5,5693,28180.35,1.0,No,Non-Festival,Credit Card,3,3.2,No,27898.546499999997
ORD100246,2024-07-17,CUST8415,Regular,Beauty,3,8423,19709.82,22.0,No,Non-Festival,Wallet,6,4.0,No,15373.6596
ORD100247,2024-11-03,CUST4342,New,Fashion,4,4850,16684.0,14.0,Yes,Diwali,COD,1,4.5,No,14348.24
ORD100248,2024-05-07,CUST9706,New,Beauty,3,8326,18733.5,25.0,No,Non-Festival,UPI,2,4.8,No,14050.125
ORD100249,2024-02-08,CUST3363,Regular,Home Decor,1,992,744.0,25.0,No,Non-Festival,Credit Card,7,4.2,No,558.0
ORD100250,2024-12-03,CUST6645,Premium,Electronics,1,4391,3205.43,27.0,No,Non-Festival,Wallet,1,3.5,No,2339.9638999999997
ORD100251,2024-12-25,CUST6232,Premium,Beauty,5,1289,4833.75,25.0,Yes,,Wallet,5,4.2,No,3625.3125
ORD100252,2024-05-08,CUST8252,Premium,Home Decor,4,8621,19311.04,25.0,No,Non-Festival,Credit Card,6,2.7,No,14483.28
ORD100253,2024-09-23,CUST4314,Regular,Fashion,5,2980,14751.0,1.0,No,Non-Festival,Credit Card,2,4.0,No,14603.49
ORD100254,2024-05-30,CUST3218,Regular,Electronics,4,4697,12400.079999999998,34.0,No,Non-Festival,Credit Card,4,4.7,No,8184.052799999998
ORD100255,2024-10-24,CUST1399,Regular,Beauty,4,989,2729.64,31.0,Yes,Diwali,COD,5,4.1,No,1883.4515999999999
ORD100256,2024-04-08,CUST4172,New,Home Decor,5,4394,15598.7,29.0,No,Non-Festival,COD,4,2.5,No,11075.077
ORD100257,2024-09-19,CUST6363,Regular,Electronics,3,4657,7684.05,45.0,No,Non-Festival,Credit Card,4,4.2,No,4226.227500000001
ORD100258,2024-09-08,CUST7925,Regular,Electronics,2,6871,11131.02,19.0,No,Non-Festival,Wallet,3,4.3,No,9016.1262
ORD100259,2024-05-23,CUST1148,New,Groceries,4,4835,17019.2,12.0,No,Non-Festival,UPI,3,3.9,No,14976.896
ORD100260,2024-12-11,CUST9264,Premium,Electronics,1,6161,4559.14,26.0,No,Non-Festival,COD,2,4.5,No,3373.7636
ORD100261,2024-04-21,CUST2054,New,Home Decor,5,6938,27058.2,22.0,No,Non-Festival,UPI,2,3.0,Yes,21105.396
ORD100262,2024-02-29,CUST5665,Regular,Fashion,3,5355,13655.25,15.0,No,Non-Festival,UPI,6,3.5,No,11606.9625
ORD100263,2024-01-02,CUST7023,Regular,Groceries,4,513,1436.4,30.0,No,Non-Festival,COD,3,4.5,No,1005.48
ORD100264,2024-10-30,CUST9699,New,Home Decor,3,6833,18244.11,11.0,Yes,Diwali,UPI,7,4.0,Yes,16237.2579
ORD100265,2024-09-10,CUST2145,Regular,Home Decor,5,432,1468.8,32.0,No,Non-Festival,Wallet,2,5.0,No,998.7839999999999
ORD100266,2024-05-19,CUST6467,Regular,Home Decor,1,5935,3739.05,37.0,No,Non-Festival,COD,6,2.7,No,2355.6015
ORD100267,2024-02-06,CUST4635,Regular,Beauty,4,9421,21103.04,44.0,No,Non-Festival,COD,1,3.1,Yes,11817.702400000002
ORD100268,2024-06-08,CUST7133,Regular,Beauty,4,8049,22215.24,31.0,No,Non-Festival,UPI,5,3.0,No,15328.5156
ORD100269,2024-01-09,CUST5918,Regular,Fashion,3,2911,8645.67,1.0,No,Non-Festival,UPI,1,4.9,No,8559.2133
ORD100270,2024-08-20,CUST9365,New,Home Decor,5,8140,20757.0,49.0,Yes,Independence Day,Credit Card,5,4.7,No,10586.07
ORD100271,2024-04-08,CUST4370,New,Beauty,2,3544,3685.76,48.0,No,Non-Festival,COD,6,2.8,Yes,1916.5952000000002
ORD100272,2024-05-26,CUST9271,New,Beauty,4,2322,7244.64,22.0,No,Non-Festival,UPI,3,3.4,No,5650.819200000001
ORD100273,2024-10-30,CUST7530,Regular,Beauty,1,3979,2745.51,31.0,Yes,Diwali,Wallet,7,2.6,No,1894.4019
ORD100274,2024-07-26,CUST5095,Regular,Fashion,4,5854,20137.76,14.0,No,Non-Festival,COD,1,4.1,No,17318.473599999998
ORD100275,2024-05-10,CUST2376,Regular,Fashion,4,9272,22623.68,39.0,No,Non-Festival,Credit Card,7,3.3,No,13800.4448
ORD100276,2024-05-31,CUST3029,New,Home Decor,2,1372,1646.4,40.0,No,Non-Festival,Wallet,4,3.1,No,987.84
ORD100277,2024-02-23,CUST8206,Regular,Groceries,2,7517,9170.74,39.0,No,Non-Festival,Credit Card,1,3.8,No,5594.1514
ORD100278,2024-04-29,CUST6695,Premium,Home Decor,5,7944,36939.6,7.0,No,Non-Festival,Credit Card,2,4.5,No,34353.827999999994
ORD100279,2024-06-09,CUST2268,Premium,Beauty,4,359,832.8800000000001,42.0,No,Non-Festival,Wallet,1,3.5,No,483.0704000000001
ORD100280,2024-04-25,CUST7470,Regular,Beauty,4,8163,16652.52,49.0,No,Non-Festival,Credit Card,3,4.4,No,8492.7852
ORD100281,2024-03-15,CUST9894,Regular,Electronics,3,2329,3633.24,48.0,No,Non-Festival,Credit Card,3,3.6,No,1889.2848
ORD100282,2024-04-22,CUST8732,New,Home Decor,3,3278,7768.860000000001,21.0,No,Non-Festival,Credit Card,7,3.0,Yes,6137.399400000001
ORD100283,2024-04-13,CUST3118,New,Beauty,1,2429,1530.27,37.0,No,Non-Festival,Credit Card,2,3.6,No,964.0701
ORD100284,2024-12-05,CUST9338,Regular,Beauty,1,3117,2088.39,33.0,No,Non-Festival,Credit Card,5,3.8,No,1399.2212999999997
ORD100285,2024-09-10,CUST5765,Regular,Groceries,3,3213,9639.0,0.0,No,Non-Festival,COD,2,3.7,No,9639.0
ORD100286,2024-08-14,CUST2506,New,Electronics,1,9941,9046.31,9.0,Yes,Independence Day,UPI,6,3.2,No,8232.1421
ORD100287,2024-04-21,CUST1195,Regular,Home Decor,4,6526,15923.44,39.0,No,Non-Festival,COD,5,3.0,No,9713.2984
ORD100288,2024-04-08,CUST2838,Regular,Fashion,2,1779,3024.3,15.0,No,Non-Festival,COD,3,4.9,No,2570.655
ORD100289,2024-06-01,CUST2233,Regular,Home Decor,4,2160,6652.8,23.0,No,Non-Festival,UPI,7,3.2,No,5122.656
ORD100290,2024-12-14,CUST7262,Premium,Home Decor,3,8102,13368.3,45.0,No,Non-Festival,UPI,7,4.3,No,7352.5650000000005
ORD100291,2024-12-31,CUST5702,Regular,Groceries,5,6857,26399.45,23.0,Yes,Christmas/New Year,Wallet,3,3.4,No,20327.5765
ORD100292,2024-12-03,CUST6791,Regular,Home Decor,5,4044,10716.6,47.0,No,Non-Festival,Credit Card,6,4.9,No,5679.798000000001
ORD100293,2024-07-12,CUST2139,Regular,Groceries,3,4897,12781.17,13.0,No,Non-Festival,UPI,5,5.0,No,11119.6179
ORD100294,2024-11-05,CUST1510,Premium,Groceries,4,2590,7770.0,25.0,Yes,Diwali,Wallet,1,4.6,No,5827.5
ORD100295,2024-06-11,CUST9466,New,Beauty,1,1619,1003.78,38.0,No,Non-Festival,Wallet,1,4.0,No,622.3435999999999
ORD100296,2024-07-26,CUST5496,New,Fashion,1,4117,3417.11,17.0,No,Non-Festival,COD,2,3.9,No,2836.2013
ORD100297,2024-06-17,CUST4993,New,Groceries,5,5142,20825.1,19.0,No,Non-Festival,,7,3.3,Yes,16868.331
ORD100298,2024-06-09,CUST2587,Premium,Electronics,3,8554,15397.2,40.0,No,Non-Festival,Credit Card,3,2.8,No,9238.32
ORD100299,2024-03-08,CUST9231,Regular,Electronics,3,8507,16588.65,35.0,No,Non-Festival,COD,1,2.7,Yes,10782.622500000001
ORD100300,2024-10-15,CUST2756,Regular,Fashion,2,7770,11965.8,23.0,No,Non-Festival,UPI,3,3.7,No,9213.666
ORD100301,2024-10-03,CUST1553,New,Groceries,5,5398,20242.5,25.0,No,Non-Festival,COD,2,4.9,No,15181.875
ORD100302,2024-10-30,CUST7856,Regular,Fashion,3,9862,21301.92,28.0,Yes,Diwali,COD,4,3.1,No,15337.382399999999
ORD100303,2024-05-14,CUST1589,Regular,Beauty,2,6202,6574.12,47.0,No,Non-Festival,Credit Card,3,3.5,No,3484.2836
ORD100304,2024-07-13,CUST3375,Premium,Electronics,1,5342,4220.18,21.0,No,Non-Festival,,4,3.8,No,3333.9422000000004
ORD100305,2024-05-07,CUST9268,Regular,Home Decor,5,4052,18234.0,25.0,No,Non-Festival,COD,7,3.4,No,13675.5
ORD100306,2024-02-02,CUST6618,Regular,Electronics,5,742,2226.0,40.0,No,Non-Festival,UPI,3,2.5,No,1335.6
ORD100307,2024-06-24,CUST6889,New,Groceries,3,8805,13735.8,48.0,No,Non-Festival,Credit Card,5,3.5,No,7142.616
ORD100308,2024-01-22,CUST7767,New,Fashion,3,9073,24497.1,10.0,Yes,Republic Day,COD,6,4.5,No,22047.39
ORD100309,2024-08-25,CUST1934,Regular,Electronics,4,9033,35409.36,2.0,Yes,Raksha Bandhan,Credit Card,4,4.9,Yes,34701.1728
ORD100310,2024-06-06,CUST7007,New,Home Decor,1,4178,3342.4,20.0,No,Non-Festival,Credit Card,5,3.2,Yes,2673.92
ORD100311,2024-02-07,CUST7787,Premium,Home Decor,1,1632,1468.8,10.0,No,Non-Festival,Wallet,6,4.8,No,1321.92
ORD100312,2024-08-17,CUST5725,Premium,Fashion,2,9060,16851.6,7.0,Yes,Independence Day,UPI,5,4.7,No,15671.987999999998
ORD100313,2024-12-30,CUST1209,Regular,Fashion,2,8005,11207.0,30.0,Yes,Christmas/New Year,COD,2,3.5,No,7844.9
ORD100314,2024-02-20,CUST2936,Regular,Electronics,4,1168,4251.52,9.0,No,Non-Festival,COD,2,2.5,No,3868.8832000000007
ORD100315,2024-09-20,CUST5780,Premium,Groceries,1,6000,5700.0,5.0,No,Non-Festival,Wallet,1,4.6,Yes,5415.0
ORD100316,2024-10-09,CUST5401,New,Beauty,2,8045,13515.6,16.0,No,Non-Festival,COD,4,3.2,No,11353.104
ORD100317,2024-01-27,CUST6307,Premium,Home Decor,1,9572,6030.36,37.0,Yes,Republic Day,COD,1,4.4,No,3799.1268
ORD100318,2024-08-13,CUST8091,Regular,Fashion,1,5791,5443.54,6.0,Yes,Independence Day,Wallet,7,3.9,No,5116.9276
ORD100319,2024-10-03,CUST5617,Regular,Beauty,2,5583,7704.539999999999,31.0,No,Non-Festival,Wallet,4,3.1,No,5316.132599999999
ORD100320,2024-10-12,CUST9771,New,Beauty,3,7670,20248.8,12.0,No,Non-Festival,COD,2,4.1,No,17818.944
ORD100321,2024-04-06,CUST9462,Regular,Beauty,3,5019,14304.15,5.0,No,Non-Festival,Wallet,2,4.4,No,13588.9425
ORD100322,2024-10-10,CUST8679,Premium,Groceries,2,7832,15350.72,2.0,No,Non-Festival,Credit Card,6,3.7,No,15043.7056
ORD100323,2024-11-12,CUST8958,Regular,Fashion,4,3435,10167.6,26.0,No,Non-Festival,Credit Card,6,4.4,No,7524.024
ORD100324,2024-10-30,CUST5482,Regular,Home Decor,5,5455,15274.000000000002,44.0,Yes,Diwali,Credit Card,2,3.5,No,8553.440000000002
ORD100325,2024-05-26,CUST5649,Premium,Fashion,1,451,266.09000000000003,41.0,No,Non-Festival,Credit Card,7,5.0,No,156.99310000000003
ORD100326,2024-01-04,CUST4939,Premium,Electronics,5,4500,16875.0,25.0,No,Non-Festival,Wallet,4,3.1,No,12656.25
ORD100327,2024-02-04,CUST4323,Regular,Home Decor,2,7609,14761.46,3.0,No,Non-Festival,UPI,7,4.4,No,14318.616199999999
ORD100328,2024-07-10,CUST3871,Regular,Fashion,1,4198,2686.7200000000003,36.0,No,Non-Festival,UPI,7,4.4,No,1719.5008000000003
ORD100329,2024-02-18,CUST4350,New,Home Decor,5,9182,36728.0,20.0,No,Non-Festival,COD,2,3.8,No,29382.4
ORD100330,2024-01-17,CUST5792,Regular,Electronics,3,5380,11782.2,27.0,No,Non-Festival,UPI,1,3.4,No,8601.006000000001
ORD100331,2024-06-20,CUST2941,Premium,Home Decor,4,5621,18661.72,17.0,No,Non-Festival,Credit Card,5,3.6,No,15489.2276
ORD100332,2024-08-07,CUST6349,New,Beauty,5,1695,5847.75,31.0,No,Non-Festival,Wallet,6,4.1,No,4034.9474999999998
ORD100333,2024-06-06,CUST5427,Regular,Groceries,4,8178,20281.44,38.0,No,Non-Festival,Credit Card,7,3.8,No,12574.4928
ORD100334,2024-02-15,CUST5978,New,Electronics,3,8341,17015.64,32.0,No,Non-Festival,Credit Card,4,4.4,No,11570.635199999999
ORD100335,2024-01-06,CUST9280,Regular,Home Decor,5,5578,20917.5,25.0,No,Non-Festival,Wallet,5,3.4,No,15688.125
ORD100336,2024-04-08,CUST7432,Premium,Electronics,2,2777,4665.36,16.0,No,Non-Festival,Credit Card,1,2.8,No,3918.9023999999995
ORD100337,2024-08-20,CUST8583,Regular,Beauty,1,5506,3964.32,28.0,Yes,Independence Day,Credit Card,3,3.8,No,2854.3104
ORD100338,2024-02-06,CUST4442,New,Groceries,3,8333,20249.19,19.0,No,Non-Festival,Wallet,6,3.1,No,16401.8439
ORD100339,2024-10-06,CUST5706,Regular,Electronics,4,1435,4075.4,29.0,No,Non-Festival,Wallet,2,4.0,No,2893.534
ORD100340,2024-12-14,CUST7962,Regular,Beauty,4,1258,2566.32,49.0,No,Non-Festival,COD,6,3.8,Yes,1308.8232
ORD100341,2024-10-28,CUST6308,New,Beauty,3,9562,27538.56,4.0,Yes,Diwali,COD,6,4.4,No,26437.0176
ORD100342,2024-06-29,CUST4137,Premium,Beauty,2,3859,7332.099999999999,5.0,No,Non-Festival,Credit Card,6,3.9,No,6965.494999999999
ORD100343,2024-04-04,CUST8032,Premium,Home Decor,2,5568,6570.240000000001,41.0,No,Non-Festival,COD,1,3.6,No,3876.441600000001
ORD100344,2024-04-08,CUST4938,Regular,Fashion,4,256,931.84,9.0,No,Non-Festival,UPI,3,2.8,No,847.9744000000001
ORD100345,2024-07-06,CUST9408,Premium,Electronics,3,7672,21865.2,5.0,No,Non-Festival,UPI,4,2.8,Yes,20771.94
ORD100346,2024-04-25,CUST5757,Regular,Fashion,3,2769,7559.37,9.0,No,Non-Festival,Credit Card,1,4.1,No,6879.0267
ORD100347,2024-07-09,CUST9549,Regular,Beauty,1,4280,2525.2000000000003,41.0,No,Non-Festival,COD,4,4.7,No,1489.8680000000004
ORD100348,2024-09-09,CUST1468,Premium,Fashion,4,6577,21046.4,20.0,No,Non-Festival,Credit Card,5,3.5,No,16837.120000000003
ORD100349,2024-06-09,CUST5615,Regular,Beauty,2,2148,2448.7200000000003,43.0,No,Non-Festival,COD,5,3.8,No,1395.7704000000003
ORD100350,2024-09-12,CUST6851,New,Beauty,5,422,2046.7,3.0,No,Non-Festival,Wallet,4,4.0,Yes,1985.299
ORD100351,2024-11-18,CUST3910,New,Groceries,2,5417,9533.92,12.0,No,Non-Festival,Wallet,7,3.7,No,8389.8496
ORD100352,2024-05-07,CUST8386,Premium,Groceries,2,9227,16793.14,9.0,No,Non-Festival,Wallet,5,2.6,No,15281.7574
ORD100353,2024-01-18,CUST8477,New,Fashion,5,2736,11628.0,15.0,No,Non-Festival,Wallet,5,4.0,No,9883.8
ORD100354,2024-10-07,CUST3492,Premium,Electronics,4,2725,8938.0,18.0,No,Non-Festival,Credit Card,2,2.8,No,7329.160000000001
ORD100355,2024-08-10,CUST3197,Regular,Fashion,1,9376,8907.199999999999,5.0,Yes,Independence Day,Credit Card,4,3.9,No,8461.839999999998
ORD100356,2024-02-23,CUST4023,Premium,Electronics,2,1557,2335.5,25.0,No,Non-Festival,Credit Card,4,4.4,No,1751.625
ORD100357,2024-02-27,CUST5011,Regular,Fashion,2,5087,9360.08,8.0,No,Non-Festival,UPI,3,2.5,Yes,8611.2736
ORD100358,2024-11-18,CUST9795,Regular,Home Decor,4,7922,17428.4,45.0,No,Non-Festival,Wallet,6,3.6,No,9585.62
ORD100359,2024-12-25,CUST8873,New,Home Decor,4,6182,22502.48,9.0,Yes,Christmas/New Year,Wallet,2,4.4,No,20477.2568
ORD100360,2024-06-22,CUST4774,Premium,Electronics,3,4677,8558.91,39.0,No,Non-Festival,Wallet,1,3.8,No,5220.9351
ORD100361,2024-10-06,CUST4234,New,Groceries,4,9838,38564.96,2.0,No,Non-Festival,COD,2,3.1,No,37793.6608
ORD100362,2024-04-23,CUST7733,Regular,Electronics,4,1571,3267.6800000000003,48.0,No,Non-Festival,COD,1,4.2,No,1699.1936000000003
ORD100363,2024-10-14,CUST8896,Premium,Fashion,2,3424,5615.360000000001,18.0,No,Non-Festival,UPI,4,4.5,No,4604.595200000001
ORD100364,2024-12-07,CUST5050,Regular,Beauty,1,2074,1368.84,34.0,No,Non-Festival,UPI,2,3.4,Yes,903.4343999999999
ORD100365,2024-05-30,CUST8593,Premium,Home Decor,2,3561,3917.1,45.0,No,Non-Festival,COD,7,3.2,No,2154.405
ORD100366,2024-05-06,CUST8384,Premium,Beauty,4,6304,23955.2,5.0,No,Non-Festival,COD,3,3.9,No,22757.44
ORD100367,2024-06-03,CUST6446,Premium,Home Decor,3,1342,2898.72,28.0,No,Non-Festival,Credit Card,6,3.4,No,2087.0784
ORD100368,2024-09-29,CUST2083,Regular,Fashion,1,4509,3697.38,25.0,No,Non-Festival,Credit Card,5,4.6,No,2773.035
ORD100369,2024-04-13,CUST9644,Regular,Home Decor,3,8956,13702.68,49.0,No,Non-Festival,COD,1,4.4,No,6988.366800000001
ORD100370,2024-10-25,CUST5752,Regular,Electronics,5,7098,20229.300000000003,43.0,Yes,Diwali,Wallet,5,3.3,No,11530.701000000003
ORD100371,2024-09-02,CUST9849,Premium,Beauty,3,1788,4613.04,14.0,No,Non-Festival,,6,3.6,No,3967.2144
ORD100372,2024-06-24,CUST5338,New,Beauty,3,5198,9824.22,37.0,No,Non-Festival,Credit Card,4,4.7,No,6189.258599999999
ORD100373,2024-02-08,CUST2035,Regular,Fashion,4,9862,31558.4,20.0,No,Non-Festival,UPI,4,2.9,No,25246.72
ORD100374,2024-06-18,CUST5291,Premium,Beauty,4,4542,10355.760000000002,43.0,No,Non-Festival,COD,4,4.4,No,5902.783200000002
ORD100375,2024-09-03,CUST1637,New,Fashion,4,3562,8833.76,38.0,No,Non-Festival,COD,5,3.3,No,5476.9312
ORD100376,2024-01-26,CUST5518,Premium,Groceries,4,1836,5728.320000000001,22.0,Yes,,Wallet,6,2.8,No,4468.0896
ORD100377,2024-12-20,CUST2397,Premium,Electronics,4,9864,31959.36,19.0,Yes,Christmas/New Year,UPI,7,2.8,No,25887.0816
ORD100378,2024-11-01,CUST1940,New,Home Decor,3,6427,11375.79,41.0,Yes,Diwali,Wallet,4,3.2,No,6711.7161000000015
ORD100379,2024-01-13,CUST7286,Regular,Home Decor,5,1444,3682.2,49.0,No,Non-Festival,UPI,4,3.9,No,1877.922
ORD100380,2024-11-11,CUST5728,Regular,Home Decor,4,7114,28171.44,1.0,No,Non-Festival,Wallet,5,4.8,No,27889.725599999998
ORD100381,2024-11-08,CUST5148,Regular,Groceries,5,5506,15416.8,44.0,Yes,Diwali,,4,3.3,No,8633.408000000001
ORD100382,2024-02-05,CUST5435,New,Electronics,5,4714,16263.3,31.0,No,Non-Festival,COD,6,3.0,No,11221.676999999998
ORD100383,2024-06-21,CUST7943,New,Beauty,2,8650,9342.0,46.0,No,Non-Festival,COD,1,3.8,No,5044.68
ORD100384,2024-01-20,CUST9234,Premium,Beauty,2,2558,3734.68,27.0,Yes,Republic Day,COD,2,2.9,Yes,2726.3163999999997
ORD100385,2024-11-16,CUST7048,Regular,Electronics,1,5815,5640.55,3.0,No,Non-Festival,Credit Card,1,3.2,No,5471.3335
ORD100386,2024-09-20,CUST8719,Regular,Electronics,2,1468,2759.84,6.0,No,Non-Festival,UPI,7,5.0,No,2594.2496
ORD100387,2024-05-21,CUST4471,Regular,Home Decor,4,9331,36577.52,2.0,No,Non-Festival,UPI,4,3.9,No,35845.9696
ORD100388,2024-05-22,CUST6976,Regular,Beauty,5,2576,9788.8,24.0,No,Non-Festival,Wallet,6,4.5,No,7439.487999999999
ORD100389,2024-04-01,CUST2689,Premium,Electronics,1,8587,4551.110000000001,47.0,No,Non-Festival,Credit Card,6,3.0,No,2412.0883000000003
ORD100390,2024-12-19,CUST6255,New,Beauty,2,3296,6064.64,8.0,No,Non-Festival,Wallet,4,3.8,No,5579.468800000001
ORD100391,2024-11-17,CUST6417,New,Electronics,3,3835,8973.9,22.0,No,Non-Festival,Credit Card,7,3.8,No,6999.642
ORD100392,2024-10-14,CUST3209,Premium,Fashion,1,761,593.58,22.0,No,Non-Festival,Wallet,7,4.5,Yes,462.99240000000003
ORD100393,2024-08-02,CUST1684,Regular,Home Decor,4,8431,17536.48,48.0,No,Non-Festival,Credit Card,4,2.6,No,9118.9696
ORD100394,2024-12-07,CUST9747,Regular,Electronics,5,7939,29771.25,25.0,No,Non-Festival,Wallet,4,4.7,No,22328.4375
ORD100395,2024-02-20,CUST8496,Regular,Groceries,4,7071,17253.239999999998,39.0,No,Non-Festival,Wallet,5,2.7,No,10524.476399999998
ORD100396,2024-06-01,CUST8174,Premium,Electronics,4,2704,8977.279999999999,17.0,No,Non-Festival,Credit Card,6,4.8,No,7451.142399999999
ORD100397,2024-07-04,CUST3865,New,Fashion,3,7221,16680.510000000002,23.0,No,Non-Festival,UPI,2,2.9,No,12843.992700000003
ORD100398,2024-03-03,CUST4936,Regular,Groceries,3,6171,13699.62,25.0,No,Non-Festival,Wallet,5,3.8,No,10274.715
ORD100399,2024-07-08,CUST5529,Regular,Groceries,5,8076,22612.800000000003,44.0,No,Non-Festival,Credit Card,5,2.7,No,12663.168000000003
ORD100400,2024-05-04,CUST8110,Regular,Electronics,2,9179,18174.42,1.0,No,Non-Festival,Credit Card,6,3.6,No,17992.675799999997
ORD100401,2024-05-29,CUST9389,Regular,Fashion,4,4297,17188.0,0.0,No,Non-Festival,UPI,7,3.8,No,17188.0
ORD100402,2024-11-09,CUST8091,Regular,Groceries,2,9884,10477.04,47.0,Yes,Diwali,UPI,4,3.6,No,5552.8312000000005
ORD100403,2024-02-27,CUST8353,Regular,Home Decor,5,9521,40464.25,15.0,No,Non-Festival,UPI,1,3.9,No,34394.612499999996
ORD100404,2024-12-07,CUST7049,Regular,Home Decor,4,7022,16291.040000000005,42.0,No,Non-Festival,UPI,6,3.6,No,9448.803200000004
ORD100405,2024-10-31,CUST6743,New,Beauty,2,6078,9360.12,23.0,Yes,Diwali,Wallet,1,2.6,Yes,7207.292400000001
ORD100406,2024-06-28,CUST7841,Premium,Beauty,4,4709,12243.4,35.0,No,Non-Festival,Wallet,3,4.7,No,7958.21
ORD100407,2024-06-18,CUST7508,Regular,Fashion,3,6386,17242.2,10.0,No,Non-Festival,COD,6,2.7,No,15517.980000000001
ORD100408,2024-11-21,CUST4881,Regular,Groceries,3,3760,8460.0,25.0,No,Non-Festival,,2,5.0,No,6345.0
ORD100409,2024-09-27,CUST5557,Regular,Home Decor,1,5879,5585.05,5.0,No,Non-Festival,COD,6,4.6,No,5305.7975
ORD100410,2024-02-23,CUST5064,Regular,Home Decor,5,2885,10818.75,25.0,No,Non-Festival,COD,3,3.9,No,8114.0625
ORD100411,2024-04-10,CUST1112,Regular,Fashion,2,6812,9809.28,28.0,No,Non-Festival,Wallet,5,3.8,No,7062.6816
ORD100412,2024-09-20,CUST4564,Premium,Groceries,4,5021,11648.72,42.0,No,Non-Festival,COD,3,2.7,No,6756.257600000001
ORD100413,2024-02-22,CUST4441,Premium,Fashion,1,8007,8007.0,0.0,No,Non-Festival,UPI,7,4.2,Yes,8007.0
ORD100414,2024-02-29,CUST2822,Premium,Electronics,5,1612,7415.200000000001,8.0,No,Non-Festival,COD,3,3.0,No,6821.984000000001
ORD100415,2024-04-17,CUST6307,Regular,Home Decor,5,1421,5257.7,26.0,No,Non-Festival,Wallet,6,4.3,No,3890.698
ORD100416,2024-01-05,CUST1198,New,Fashion,5,2449,11510.3,6.0,No,Non-Festival,Credit Card,3,4.6,No,10819.681999999999
ORD100417,2024-04-12,CUST2083,Regular,Fashion,2,2439,4780.44,2.0,No,Non-Festival,Wallet,2,5.0,No,4684.8312
ORD100418,2024-07-14,CUST8827,Regular,Electronics,3,4402,12149.52,8.0,No,Non-Festival,Credit Card,6,3.8,No,11177.558400000002
ORD100419,2024-09-18,CUST9387,Premium,Beauty,1,8073,7992.269999999999,1.0,No,Non-Festival,Credit Card,1,4.9,No,7912.3472999999985
ORD100420,2024-12-30,CUST4465,Premium,Home Decor,2,7093,12909.26,9.0,Yes,Christmas/New Year,COD,1,2.9,No,11747.4266
ORD100421,2024-12-15,CUST8050,New,Fashion,4,9035,30357.6,16.0,No,Non-Festival,COD,3,4.6,No,25500.384
ORD100422,2024-02-16,CUST7865,Premium,Home Decor,2,5603,7844.2,30.0,No,Non-Festival,Credit Card,6,3.4,No,5490.94
ORD100423,2024-12-20,CUST6000,New,Beauty,4,5385,21540.0,0.0,Yes,Christmas/New Year,COD,2,3.4,No,21540.0
ORD100424,2024-11-06,CUST5072,New,Fashion,4,4490,14906.8,17.0,Yes,Diwali,UPI,1,3.2,No,12372.643999999998
ORD100425,2024-11-03,CUST1699,Premium,Electronics,5,4342,20624.5,5.0,Yes,Diwali,Wallet,4,2.9,No,19593.274999999998
ORD100426,2024-05-23,CUST2314,Premium,Home Decor,2,9777,12319.02,37.0,No,Non-Festival,COD,6,3.6,No,7760.9826
ORD100427,2024-09-25,CUST3161,Premium,Electronics,3,7352,13233.6,40.0,No,Non-Festival,Credit Card,7,5.0,No,7940.16
ORD100428,2024-05-03,CUST2813,New,Beauty,4,2784,6570.240000000001,41.0,No,Non-Festival,Credit Card,6,3.3,No,3876.441600000001
ORD100429,2024-04-15,CUST5488,Premium,Beauty,5,1801,4862.700000000001,46.0,No,Non-Festival,Wallet,7,3.7,Yes,2625.8580000000006
ORD100430,2024-06-06,CUST1034,Regular,Home Decor,3,5142,14963.22,3.0,No,Non-Festival,COD,1,3.1,No,14514.3234
ORD100431,2024-05-26,CUST7052,Premium,Beauty,2,5898,7195.56,39.0,No,Non-Festival,COD,1,3.3,No,4389.2916000000005
ORD100432,2024-05-24,CUST7633,Regular,Groceries,3,1007,2930.37,3.0,No,Non-Festival,Credit Card,2,2.6,No,2842.4588999999996
ORD100433,2024-04-29,CUST3034,Regular,Home Decor,2,7545,9959.4,34.0,No,Non-Festival,Wallet,2,4.9,No,6573.203999999999
ORD100434,2024-11-14,CUST1857,Regular,Groceries,4,8506,33003.28,3.0,No,Non-Festival,Credit Card,1,3.8,No,32013.181599999996
ORD100435,2024-10-01,CUST3289,Premium,Beauty,1,2927,2927.0,0.0,No,Non-Festival,Wallet,4,4.3,No,2927.0
ORD100436,2024-04-01,CUST4810,New,Home Decor,1,8365,5019.0,40.0,No,Non-Festival,COD,4,3.8,No,3011.4
ORD100437,2024-02-27,CUST6188,Regular,Groceries,4,4371,10140.72,42.0,No,Non-Festival,COD,7,4.4,Yes,5881.6176000000005
ORD100438,2024-12-11,CUST3006,Regular,Beauty,3,9841,20666.1,30.0,No,Non-Festival,Wallet,3,3.8,No,14466.269999999999
ORD100439,2024-08-16,CUST3428,Regular,Fashion,2,1768,2899.5200000000004,18.0,Yes,Independence Day,Credit Card,3,4.3,No,2377.6064000000006
ORD100440,2024-04-26,CUST5862,Premium,Fashion,1,9714,7771.200000000001,20.0,No,Non-Festival,Credit Card,1,4.2,No,6216.960000000001
ORD100441,2024-11-13,CUST8465,Regular,Electronics,2,9252,13137.84,29.0,No,Non-Festival,Credit Card,1,3.8,No,9327.866399999999
ORD100442,2024-10-05,CUST4669,Regular,Fashion,4,941,3538.16,6.0,No,Non-Festival,Wallet,1,3.1,No,3325.8704
ORD100443,2024-05-06,CUST8588,Regular,Groceries,3,6637,19114.56,4.0,No,Non-Festival,Wallet,6,3.0,No,18349.977600000002
ORD100444,2024-05-08,CUST4384,Regular,Fashion,2,5104,10105.92,1.0,No,Non-Festival,Credit Card,4,4.7,No,10004.8608
ORD100445,2024-02-27,CUST9980,Regular,Home Decor,3,3133,9211.02,2.0,No,Non-Festival,Credit Card,5,2.8,No,9026.7996
ORD100446,2024-05-01,CUST7111,Premium,Home Decor,1,4709,4049.74,14.0,No,Non-Festival,Wallet,3,3.9,No,3482.7763999999997
ORD100447,2024-01-01,CUST6012,Regular,Home Decor,2,4726,5860.24,38.0,No,Non-Festival,Wallet,3,3.8,No,3633.3487999999998
ORD100448,2024-08-26,CUST2578,Premium,Fashion,5,6109,19548.8,36.0,Yes,Raksha Bandhan,Credit Card,5,4.5,No,12511.232
ORD100449,2024-10-16,CUST2975,Regular,Fashion,1,5549,5049.59,9.0,No,Non-Festival,Credit Card,1,2.8,No,4595.1269
ORD100450,2024-04-05,CUST9448,Regular,Electronics,3,3367,9292.92,8.0,No,Non-Festival,COD,3,4.2,No,8549.4864
ORD100451,2024-05-05,CUST1939,Regular,Beauty,4,7806,24354.72,22.0,No,Non-Festival,UPI,4,4.0,No,18996.6816
ORD100452,2024-04-27,CUST2669,Premium,Electronics,5,2418,10518.3,13.0,No,Non-Festival,Wallet,5,4.3,No,9150.920999999998
ORD100453,2024-02-17,CUST2495,New,Groceries,2,1540,1724.8000000000002,44.0,No,Non-Festival,UPI,4,4.1,No,965.8880000000001
ORD100454,2024-03-29,CUST2325,New,Home Decor,1,8209,5582.12,32.0,Yes,Holi,Wallet,6,3.9,Yes,3795.8415999999997
ORD100455,2024-08-24,CUST5715,Premium,Fashion,2,4839,8226.3,15.0,No,Non-Festival,COD,1,4.8,No,6992.355
ORD100456,2024-09-28,CUST1770,Regular,Beauty,2,1714,2776.6800000000003,19.0,No,Non-Festival,Wallet,3,3.4,No,2249.1108000000004
ORD100457,2024-07-07,CUST7267,New,Beauty,5,1611,7491.15,7.0,No,Non-Festival,Wallet,7,3.0,No,6966.769499999999
ORD100458,2024-07-10,CUST5943,Premium,Fashion,5,7924,20602.4,48.0,No,Non-Festival,UPI,4,4.5,No,10713.248000000001
ORD100459,2024-03-09,CUST9380,Regular,Electronics,5,4367,13756.05,37.0,No,Non-Festival,COD,5,2.8,No,8666.3115
ORD100460,2024-10-04,CUST8827,New,Beauty,5,1222,4093.7,25.0,No,Non-Festival,COD,7,4.2,No,3070.2749999999996
ORD100461,2024-12-14,CUST3943,Regular,Electronics,4,2958,8282.4,30.0,No,Non-Festival,COD,1,3.9,No,5797.679999999999
ORD100462,2024-09-03,CUST7377,Regular,Fashion,3,9504,15966.72,44.0,No,Non-Festival,COD,3,2.5,No,8941.3632
ORD100463,2024-03-16,CUST5197,Regular,Electronics,5,5008,23287.2,7.0,No,Non-Festival,Wallet,3,3.1,No,21657.095999999998
ORD100464,2024-06-02,CUST9357,Regular,Home Decor,1,9950,7562.0,24.0,No,Non-Festival,UPI,7,3.7,No,5747.12
ORD100465,2024-05-23,CUST8375,Premium,Fashion,2,9033,10839.6,40.0,No,Non-Festival,COD,1,3.3,No,6503.76
ORD100466,2024-03-26,CUST6882,Regular,Fashion,5,6933,30505.2,12.0,Yes,Holi,Credit Card,1,3.6,No,26844.576
ORD100467,2024-07-03,CUST2721,Regular,Beauty,1,5107,4238.81,17.0,No,Non-Festival,COD,1,4.0,No,3518.2123
ORD100468,2024-10-11,CUST4584,Regular,Beauty,4,3425,6987.0,49.0,No,Non-Festival,UPI,6,4.3,No,3563.37
ORD100469,2024-08-07,CUST3173,Premium,Beauty,1,1214,728.4,40.0,No,Non-Festival,UPI,4,2.9,No,437.03999999999996
ORD100470,2024-03-09,CUST5840,Premium,Home Decor,1,6968,4668.56,33.0,No,Non-Festival,UPI,2,3.2,No,3127.9352
ORD100471,2024-02-16,CUST9866,Regular,Home Decor,4,5658,14710.8,35.0,No,Non-Festival,UPI,6,4.1,No,9562.02
ORD100472,2024-04-03,CUST9422,Regular,Groceries,4,2221,4530.84,49.0,No,Non-Festival,Credit Card,3,4.0,Yes,2310.7284
ORD100473,2024-08-25,CUST7752,Regular,Fashion,2,2876,4831.679999999999,16.0,Yes,Raksha Bandhan,COD,7,4.3,No,4058.6111999999994
ORD100474,2024-07-22,CUST4048,New,Beauty,5,9932,44197.4,11.0,No,Non-Festival,Wallet,4,4.1,No,39335.686
ORD100475,2024-08-05,CUST7864,Regular,Fashion,1,3306,2810.1,15.0,No,Non-Festival,Wallet,5,3.3,Yes,2388.585
ORD100476,2024-12-06,CUST2225,Regular,Electronics,3,9175,24222.0,12.0,No,Non-Festival,Credit Card,3,3.7,No,21315.36
ORD100477,2024-02-08,CUST6723,Regular,Home Decor,3,9062,24467.4,10.0,No,Non-Festival,COD,6,4.7,No,22020.660000000003
ORD100478,2024-04-09,CUST4861,Premium,Groceries,2,2784,4844.16,13.0,No,Non-Festival,COD,2,3.0,No,4214.4192
ORD100479,2024-10-15,CUST7726,Premium,Electronics,3,5142,9101.340000000002,41.0,No,Non-Festival,Wallet,5,3.4,No,5369.790600000002
ORD100480,2024-09-10,CUST4848,Regular,Fashion,2,1477,2156.42,27.0,No,Non-Festival,Credit Card,3,4.6,No,1574.1866
ORD100481,2024-08-09,CUST4955,Regular,Home Decor,5,3243,12485.55,23.0,No,Non-Festival,Wallet,7,3.4,No,9613.8735
ORD100482,2024-12-22,CUST2705,Regular,Beauty,2,7570,12717.6,16.0,Yes,Christmas/New Year,Credit Card,2,3.5,No,10682.784
ORD100483,2024-01-23,CUST7655,New,Electronics,4,6060,22300.8,8.0,Yes,Republic Day,UPI,1,3.3,Yes,20516.736
ORD100484,2024-09-06,CUST4035,New,Home Decor,4,3982,8760.400000000001,45.0,No,Non-Festival,COD,2,4.7,No,4818.220000000001
ORD100485,2024-01-10,CUST8885,Premium,Fashion,4,7257,20609.88,29.0,No,Non-Festival,COD,3,3.8,No,14633.0148
ORD100486,2024-09-02,CUST9721,Premium,Fashion,4,8569,21936.64,36.0,No,Non-Festival,COD,2,3.0,No,14039.4496
ORD100487,2024-11-20,CUST8205,Regular,Electronics,4,8667,33974.64,2.0,No,Non-Festival,COD,6,4.4,No,33295.1472
ORD100488,2024-04-09,CUST1320,Premium,Electronics,4,3681,13693.32,7.0,No,Non-Festival,COD,3,3.8,No,12734.7876
ORD100489,2024-10-16,CUST5158,Premium,Electronics,4,5972,19827.04,17.0,No,Non-Festival,COD,3,3.5,No,16456.4432
ORD100490,2024-06-28,CUST4912,Regular,Groceries,4,9816,27877.44,29.0,No,Non-Festival,UPI,7,4.8,No,19792.982399999997
ORD100491,2024-08-10,CUST6764,New,Beauty,4,5536,21701.12,2.0,Yes,Independence Day,COD,2,4.2,No,21267.097599999997
ORD100492,2024-09-06,CUST2121,Regular,Home Decor,5,4322,14478.7,33.0,No,Non-Festival,UPI,2,4.5,No,9700.729
ORD100493,2024-05-26,CUST9242,Regular,Fashion,4,3160,7331.200000000001,42.0,No,Non-Festival,COD,6,4.8,No,4252.096000000001
ORD100494,2024-04-05,CUST2452,Premium,Fashion,2,8097,11821.62,27.0,No,Non-Festival,COD,5,4.4,No,8629.7826
ORD100495,2024-09-13,CUST8317,Premium,Beauty,5,2669,8540.8,36.0,No,Non-Festival,Credit Card,5,2.7,No,5466.112
ORD100496,2024-11-20,CUST7678,Premium,Electronics,3,7251,16532.28,24.0,No,Non-Festival,COD,4,3.1,Yes,12564.532799999999
ORD100497,2024-01-04,CUST3875,Regular,Electronics,1,4268,3030.28,29.0,No,Non-Festival,Wallet,3,3.7,Yes,2151.4988
ORD100498,2024-01-16,CUST9814,New,Fashion,5,5643,26522.1,6.0,No,Non-Festival,Credit Card,5,2.5,No,24930.773999999998
ORD100499,2024-10-06,CUST2920,Premium,Beauty,4,9982,21960.4,45.0,No,Non-Festival,Credit Card,7,4.1,No,12078.220000000001
ORD100500,2024-12-01,CUST4318,Regular,Fashion,5,4580,16488.0,28.0,No,Non-Festival,Credit Card,4,4.1,No,11871.359999999999
ORD100501,2024-09-03,CUST4291,New,Electronics,1,9504,9408.96,1.0,No,Non-Festival,Wallet,6,4.2,No,9314.8704
ORD100502,2024-09-14,CUST2271,Premium,Home Decor,1,9460,7095.0,25.0,No,Non-Festival,UPI,3,3.9,No,5321.25
ORD100503,2024-06-08,CUST9165,Regular,Electronics,4,2745,6588.0,40.0,No,Non-Festival,Credit Card,6,3.6,No,3952.7999999999997
ORD100504,2024-12-05,CUST4709,Premium,Home Decor,4,7865,18561.4,41.0,No,Non-Festival,Credit Card,7,4.6,No,10951.226000000002
ORD100505,2024-05-31,CUST5865,Regular,Groceries,2,3849,4002.96,48.0,No,Non-Festival,Credit Card,4,4.4,No,2081.5392
ORD100506,2024-06-26,CUST1087,Regular,Beauty,1,2014,1893.16,6.0,No,Non-Festival,COD,5,4.0,No,1779.5704
ORD100507,2024-06-11,CUST1135,Regular,Groceries,4,4107,13635.24,17.0,No,Non-Festival,UPI,4,2.6,No,11317.249199999998
ORD100508,2024-02-02,CUST4606,New,Electronics,1,3931,3734.45,5.0,No,Non-Festival,Wallet,2,4.2,Yes,3547.7274999999995
ORD100509,2024-06-27,CUST2472,Regular,Beauty,2,7885,9462.0,40.0,No,Non-Festival,Wallet,6,3.9,No,5677.2
ORD100510,2024-04-10,CUST8952,Premium,Electronics,3,8473,15505.59,39.0,No,Non-Festival,UPI,4,4.2,No,9458.4099
ORD100511,2024-09-24,CUST6343,Regular,Beauty,1,6069,4491.06,26.0,No,Non-Festival,UPI,6,3.3,No,3323.3844000000004
ORD100512,2024-11-18,CUST4585,Premium,Beauty,2,8473,10167.6,40.0,No,Non-Festival,UPI,1,4.4,No,6100.56
ORD100513,2024-03-05,CUST1161,Premium,Electronics,2,293,451.22,23.0,No,Non-Festival,COD,1,3.5,Yes,347.43940000000003
ORD100514,2024-06-16,CUST1674,Premium,Electronics,2,8386,11404.96,32.0,No,Non-Festival,Credit Card,4,4.7,No,7755.372799999998
ORD100515,2024-11-25,CUST7248,Regular,Beauty,5,542,1897.0,30.0,No,Non-Festival,COD,1,3.8,No,1327.8999999999999
ORD100516,2024-02-12,CUST4741,Premium,Beauty,4,7140,19135.2,33.0,No,Non-Festival,UPI,4,3.7,Yes,12820.583999999999
ORD100517,2024-02-13,CUST6429,New,Electronics,1,2608,2060.32,21.0,No,Non-Festival,COD,6,3.0,No,1627.6528000000003
ORD100518,2024-10-11,CUST8476,Premium,Electronics,5,9481,36501.85,23.0,No,Non-Festival,Wallet,7,3.6,Yes,28106.4245
ORD100519,2024-01-12,CUST5002,Regular,Fashion,1,823,534.95,35.0,No,Non-Festival,COD,7,3.4,No,347.71750000000003
ORD100520,2024-04-04,CUST6423,New,Fashion,5,1067,3894.55,27.0,No,Non-Festival,UPI,4,4.5,No,2843.0215000000003
ORD100521,2024-10-28,CUST4537,Regular,Fashion,4,3672,11897.28,19.0,Yes,Diwali,Credit Card,4,2.9,No,9636.796800000002
ORD100522,2024-09-09,CUST2119,Premium,Groceries,2,370,614.1999999999999,17.0,No,Non-Festival,COD,1,4.0,No,509.78599999999994
ORD100523,2024-08-29,CUST1273,New,Beauty,1,8969,5291.710000000001,41.0,Yes,Raksha Bandhan,UPI,3,3.5,No,3122.108900000001
ORD100524,2024-02-04,CUST6464,Regular,Home Decor,2,8459,11673.419999999998,31.0,No,Non-Festival,COD,4,3.8,Yes,8054.6597999999985
ORD100525,2024-08-02,CUST6393,Regular,Groceries,4,1715,4664.799999999999,32.0,No,Non-Festival,Wallet,4,4.3,No,3172.0639999999994
ORD100526,2024-12-02,CUST6227,Regular,Beauty,1,8392,7636.72,9.0,No,Non-Festival,COD,2,3.4,Yes,6949.4152
ORD100527,2024-03-30,CUST3383,Premium,Home Decor,3,2398,6618.4800000000005,8.0,Yes,Holi,COD,2,3.4,No,6089.0016000000005
ORD100528,2024-09-20,CUST3946,Premium,Fashion,3,1101,2510.28,24.0,No,Non-Festival,Credit Card,5,2.7,No,1907.8128000000002
ORD100529,2024-04-02,CUST7554,Regular,Home Decor,3,6103,16111.92,12.0,No,Non-Festival,COD,1,3.9,No,14178.4896
ORD100530,2024-03-30,CUST9755,Regular,Electronics,4,7955,17182.800000000003,46.0,Yes,Holi,COD,3,3.5,No,9278.712000000001
ORD100531,2024-04-24,CUST5626,Regular,Electronics,3,9186,14054.58,49.0,No,Non-Festival,Wallet,7,4.5,No,7167.8358
ORD100532,2024-04-14,CUST8209,Regular,Beauty,1,2266,1268.96,44.0,No,Non-Festival,Wallet,4,3.6,No,710.6176
ORD100533,2024-07-14,CUST3861,Regular,Groceries,3,8762,25234.56,4.0,No,Non-Festival,Wallet,7,4.9,No,24225.1776
ORD100534,2024-11-09,CUST3159,New,Fashion,1,2738,1916.6,30.0,Yes,Diwali,Credit Card,4,2.9,No,1341.62
ORD100535,2024-04-23,CUST1118,Regular,Beauty,4,4107,11499.6,30.0,No,Non-Festival,Wallet,1,3.2,No,8049.719999999999
ORD100536,2024-03-15,CUST9646,New,Fashion,2,7160,9594.4,33.0,No,Non-Festival,Wallet,5,3.5,No,6428.247999999999
ORD100537,2024-08-04,CUST4557,Premium,Electronics,5,2796,10485.0,25.0,No,Non-Festival,COD,5,2.9,No,7863.75
ORD100538,2024-10-03,CUST7470,Regular,Groceries,3,3521,9929.22,6.0,No,Non-Festival,COD,2,4.9,No,9333.466799999998
ORD100539,2024-09-05,CUST4989,Premium,Groceries,5,9530,28590.0,40.0,No,Non-Festival,Credit Card,7,4.1,No,17154.0
ORD100540,2024-06-12,CUST2968,Premium,Electronics,2,7920,8712.0,45.0,No,Non-Festival,Wallet,1,2.5,No,4791.6
ORD100541,2024-12-22,CUST8897,Regular,Home Decor,4,2821,5867.68,48.0,Yes,Christmas/New Year,UPI,5,3.9,No,3051.1936
ORD100542,2024-07-10,CUST6312,Regular,Groceries,4,9557,30964.68,19.0,No,Non-Festival,COD,5,4.5,No,25081.3908
ORD100543,2024-08-14,CUST6943,Regular,Home Decor,2,9900,11484.000000000002,42.0,Yes,Independence Day,UPI,7,2.6,No,6660.720000000002
ORD100544,2024-06-25,CUST5121,Regular,Fashion,5,4041,15961.95,21.0,No,Non-Festival,UPI,3,3.9,Yes,12609.9405
ORD100545,2024-04-08,CUST4798,Regular,Groceries,3,4758,13703.04,4.0,No,Non-Festival,Wallet,2,3.4,Yes,13154.9184
ORD100546,2024-02-05,CUST8715,Regular,Electronics,1,5118,4555.02,11.0,No,Non-Festival,UPI,2,4.0,Yes,4053.9678000000004
ORD100547,2024-04-05,CUST1974,Regular,Home Decor,4,8915,28528.0,20.0,No,Non-Festival,Credit Card,2,3.1,No,22822.4
ORD100548,2024-05-31,CUST3144,Regular,Fashion,2,4539,8351.76,8.0,No,Non-Festival,Credit Card,6,4.2,No,7683.6192
ORD100549,2024-05-30,CUST8116,Regular,Fashion,5,438,1576.8,28.0,No,Non-Festival,COD,5,4.2,Yes,1135.2959999999998
ORD100550,2024-07-08,CUST4360,Regular,Groceries,3,1420,3152.4,26.0,No,Non-Festival,UPI,4,3.8,No,2332.776
ORD100551,2024-08-11,CUST8917,Regular,Groceries,5,968,4065.6,16.0,Yes,Independence Day,Credit Card,6,4.8,No,3415.104
ORD100552,2024-02-06,CUST4592,New,Beauty,3,8626,15785.58,39.0,No,Non-Festival,Credit Card,5,4.8,No,9629.2038
ORD100553,2024-09-24,CUST2403,Regular,Beauty,1,6530,5028.1,23.0,No,Non-Festival,UPI,5,2.6,No,3871.637
ORD100554,2024-07-01,CUST6666,Premium,Groceries,1,7588,5615.12,26.0,No,Non-Festival,Credit Card,7,3.2,No,4155.1888
ORD100555,2024-01-13,CUST8697,Regular,Beauty,2,4792,8913.119999999999,7.0,No,Non-Festival,UPI,1,3.8,No,8289.201599999999
ORD100556,2024-10-05,CUST4976,New,Electronics,2,9911,11298.54,43.0,No,Non-Festival,Credit Card,7,2.6,No,6440.167800000001
ORD100557,2024-08-04,CUST2991,Regular,Electronics,3,7817,16884.72,28.0,No,Non-Festival,UPI,2,3.8,No,12156.9984
ORD100558,2024-12-20,CUST9859,New,Beauty,3,8282,20373.72,18.0,Yes,Christmas/New Year,Credit Card,2,2.6,No,16706.4504
ORD100559,2024-12-26,CUST6766,Premium,Groceries,3,7779,21236.67,9.0,Yes,Christmas/New Year,Credit Card,7,4.2,No,19325.3697
ORD100560,2024-10-12,CUST4472,Regular,Electronics,3,9327,21545.37,23.0,No,Non-Festival,Credit Card,3,2.5,No,16589.9349
ORD100561,2024-09-29,CUST8422,New,Fashion,1,9660,6472.199999999999,33.0,No,Non-Festival,Wallet,2,2.6,Yes,4336.373999999999
ORD100562,2024-03-02,CUST8198,Premium,Groceries,2,6656,8120.32,39.0,No,Non-Festival,Wallet,5,3.8,No,4953.3952
ORD100563,2024-03-24,CUST5829,Regular,Home Decor,2,9210,12894.0,30.0,Yes,Holi,Credit Card,1,3.1,No,9025.8
ORD100564,2024-08-04,CUST3248,Premium,Home Decor,4,4317,9497.4,45.0,No,Non-Festival,Wallet,3,2.7,Yes,5223.570000000001
ORD100565,2024-12-07,CUST5765,New,Groceries,2,2639,5119.66,3.0,No,Non-Festival,UPI,5,3.5,No,4966.0702
ORD100566,2024-07-05,CUST1724,Regular,Beauty,2,9480,11376.0,40.0,No,Non-Festival,Wallet,5,2.6,No,6825.599999999999
ORD100567,2024-01-19,CUST6903,Regular,Electronics,5,6286,17600.800000000003,44.0,No,Non-Festival,COD,6,4.4,No,9856.448000000002
ORD100568,2024-06-25,CUST6079,Premium,Electronics,5,5024,17584.0,30.0,No,Non-Festival,COD,3,3.7,No,12308.8
ORD100569,2024-04-09,CUST5101,Premium,Groceries,4,8591,31614.88,8.0,No,Non-Festival,Credit Card,6,3.9,No,29085.6896
ORD100570,2024-08-20,CUST4671,New,Fashion,3,8569,19280.25,25.0,Yes,Independence Day,Wallet,5,4.4,Yes,14460.1875
ORD100571,2024-03-16,CUST4430,Premium,Beauty,4,5742,20211.84,12.0,No,Non-Festival,COD,5,4.5,No,17786.4192
ORD100572,2024-09-21,CUST8097,Regular,Fashion,4,9322,19762.64,47.0,No,Non-Festival,,6,2.8,No,10474.199200000001
ORD100573,2024-10-10,CUST2569,New,Groceries,1,2236,1677.0,25.0,No,Non-Festival,COD,1,3.2,No,1257.75
ORD100574,2024-07-24,CUST6209,Regular,Groceries,2,9877,19754.0,0.0,No,Non-Festival,Credit Card,1,2.9,No,19754.0
ORD100575,2024-08-10,CUST3175,Regular,Fashion,1,2291,1397.51,39.0,Yes,Independence Day,COD,6,2.6,Yes,852.4811
ORD100576,2024-02-21,CUST1982,Premium,Home Decor,2,5750,10580.0,8.0,No,Non-Festival,COD,1,3.8,No,9733.6
ORD100577,2024-12-04,CUST8620,Premium,Groceries,4,4463,12496.4,30.0,No,Non-Festival,Wallet,2,3.1,No,8747.48
ORD100578,2024-05-23,CUST7366,Regular,Beauty,2,6630,10210.2,23.0,No,Non-Festival,Credit Card,3,2.9,No,7861.854000000001
ORD100579,2024-03-09,CUST2300,Premium,Fashion,3,2584,4341.120000000001,44.0,No,Non-Festival,COD,1,3.8,No,2431.027200000001
ORD100580,2024-04-08,CUST6553,Regular,Home Decor,3,6526,10180.56,48.0,No,Non-Festival,Credit Card,5,3.8,Yes,5293.8912
ORD100581,2024-01-25,CUST3769,Regular,Fashion,4,8407,26566.120000000003,21.0,Yes,Republic Day,Wallet,2,4.4,No,20987.234800000002
ORD100582,2024-02-22,CUST6761,New,Home Decor,5,7863,36169.8,8.0,No,Non-Festival,COD,3,2.5,No,33276.21600000001
ORD100583,2024-05-30,CUST1532,Regular,Home Decor,3,9228,17164.079999999998,38.0,No,Non-Festival,UPI,1,3.8,No,10641.729599999999
ORD100584,2024-05-23,CUST6087,Regular,Beauty,4,7921,24713.52,22.0,No,Non-Festival,UPI,1,3.2,Yes,19276.5456
ORD100585,2024-02-26,CUST9892,Regular,Groceries,1,2357,1909.17,25.0,No,Non-Festival,UPI,3,5.0,No,1431.8775
ORD100586,2024-02-08,CUST6175,New,Home Decor,5,9968,29405.6,41.0,No,Non-Festival,Credit Card,1,2.9,No,17349.304
ORD100587,2024-04-18,CUST2885,Regular,Groceries,3,505,1212.0,20.0,No,Non-Festival,Wallet,6,3.6,No,969.6
ORD100588,2024-06-29,CUST9560,Regular,Beauty,4,7323,21676.08,26.0,No,Non-Festival,Credit Card,3,4.9,No,16040.299200000001
ORD100589,2024-02-11,CUST4616,Premium,Groceries,4,2253,8651.52,4.0,No,Non-Festival,Credit Card,3,3.0,Yes,8305.4592
ORD100590,2024-07-04,CUST2522,Regular,Electronics,1,6012,5050.08,16.0,No,Non-Festival,UPI,5,4.5,No,4242.0671999999995
ORD100591,2024-08-10,CUST9471,Regular,Home Decor,1,3544,2374.48,33.0,Yes,Independence Day,Wallet,7,3.1,No,1590.9016
ORD100592,2024-05-01,CUST7283,Premium,Beauty,5,4656,21417.6,8.0,No,Non-Festival,COD,3,2.7,No,19704.192
ORD100593,2024-05-12,CUST3414,Regular,Fashion,3,1408,2830.08,33.0,No,Non-Festival,Credit Card,7,2.6,No,1896.1535999999996
ORD100594,2024-06-11,CUST7211,New,Beauty,4,2058,7491.12,9.0,No,Non-Festival,UPI,4,4.9,No,6816.9192
ORD100595,2024-08-02,CUST2759,Regular,Home Decor,5,2903,8273.550000000001,43.0,No,Non-Festival,Credit Card,1,3.0,No,4715.923500000001
ORD100596,2024-08-08,CUST8193,Regular,Beauty,5,2171,10746.45,1.0,No,Non-Festival,Credit Card,7,3.2,No,10638.9855
ORD100597,2024-08-22,CUST9310,Regular,Fashion,1,1313,709.0200000000001,46.0,No,Non-Festival,Wallet,5,4.9,No,382.8708000000001
ORD100598,2024-11-26,CUST4776,Regular,Electronics,4,1183,3596.32,24.0,No,Non-Festival,COD,7,4.1,No,2733.2032000000004
ORD100599,2024-05-25,CUST7367,Premium,Home Decor,2,2327,4560.92,2.0,No,Non-Festival,Credit Card,2,3.7,No,4469.7016
ORD100600,2024-08-26,CUST2310,Regular,Home Decor,1,3839,2572.13,33.0,Yes,Raksha Bandhan,Credit Card,7,3.6,No,1723.3271
ORD100601,2024-03-16,CUST3165,Regular,Beauty,4,7676,28861.76,6.0,No,Non-Festival,COD,7,2.6,No,27130.054399999997
ORD100602,2024-01-09,CUST1047,Premium,Groceries,5,760,2774.0,27.0,No,Non-Festival,Wallet,4,4.6,No,2025.02
ORD100603,2024-03-14,CUST2413,Premium,Groceries,5,6852,31519.2,8.0,No,Non-Festival,Credit Card,3,4.4,No,28997.664
ORD100604,2024-09-09,CUST6748,Regular,Fashion,3,4587,12384.9,10.0,No,Non-Festival,Wallet,2,2.7,No,11146.41
ORD100605,2024-08-17,CUST1933,Regular,Electronics,2,3132,4510.08,28.0,Yes,Independence Day,Wallet,7,3.4,No,3247.2576
ORD100606,2024-01-07,CUST2166,Regular,Electronics,1,8682,7379.7,15.0,No,Non-Festival,Credit Card,2,4.7,No,6272.745
ORD100607,2024-06-22,CUST5884,Regular,Beauty,3,2109,3922.74,38.0,No,Non-Festival,COD,2,3.1,No,2432.0987999999998
ORD100608,2024-05-20,CUST6530,Regular,Beauty,3,7430,16048.8,28.0,No,Non-Festival,Credit Card,2,4.0,No,11555.135999999999
ORD100609,2024-06-16,CUST1536,Premium,Groceries,2,1628,2865.28,12.0,No,Non-Festival,Credit Card,5,3.7,No,2521.4464000000003
ORD100610,2024-06-18,CUST6763,New,Electronics,1,1147,757.0199999999999,34.0,No,Non-Festival,UPI,5,4.5,No,499.6331999999999
ORD100611,2024-10-09,CUST8400,Regular,Electronics,1,1548,1393.2,10.0,No,Non-Festival,COD,2,2.6,No,1253.88
ORD100612,2024-05-01,CUST3288,Regular,Electronics,5,8772,28947.599999999995,34.0,No,Non-Festival,UPI,4,4.5,No,19105.415999999994
ORD100613,2024-07-12,CUST1089,Regular,Fashion,1,509,274.86,46.0,No,Non-Festival,COD,1,2.8,No,148.42440000000002
ORD100614,2024-01-05,CUST6684,Regular,Fashion,3,3614,10083.06,7.0,No,Non-Festival,Credit Card,6,2.5,No,9377.245799999999
ORD100615,2024-01-29,CUST1947,Regular,Beauty,5,5989,28148.3,25.0,Yes,Republic Day,Wallet,1,4.0,No,21111.225
ORD100616,2024-06-13,CUST6108,New,Groceries,1,9890,9494.4,4.0,No,Non-Festival,UPI,5,3.1,Yes,9114.624
ORD100617,2024-12-04,CUST8839,Premium,Home Decor,2,6768,12859.2,5.0,No,Non-Festival,UPI,4,4.3,Yes,12216.24
ORD100618,2024-05-15,CUST8810,New,Groceries,3,9052,17922.96,34.0,No,Non-Festival,UPI,4,3.7,No,11829.153599999998
ORD100619,2024-12-30,CUST4015,New,Fashion,4,3647,10357.48,29.0,Yes,Christmas/New Year,UPI,3,4.0,No,7353.810799999999
ORD100620,2024-11-16,CUST3785,Regular,Fashion,2,2473,4451.400000000001,10.0,No,Non-Festival,COD,5,4.2,No,4006.2600000000007
ORD100621,2024-12-07,CUST1454,Premium,Beauty,2,9889,12460.14,37.0,No,Non-Festival,Wallet,4,4.8,Yes,7849.888199999999
ORD100622,2024-05-24,CUST8801,Regular,Home Decor,1,2342,1733.08,26.0,No,Non-Festival,Wallet,4,4.6,No,1282.4792
ORD100623,2024-11-22,CUST8392,Regular,Electronics,5,9997,39988.0,20.0,No,Non-Festival,Credit Card,1,3.7,No,31990.4
ORD100624,2024-08-04,CUST6260,New,Home Decor,5,4939,21484.65,13.0,No,Non-Festival,Credit Card,4,3.6,No,18691.645500000002
ORD100625,2024-10-27,CUST4829,Regular,Home Decor,3,9823,15323.88,48.0,Yes,Diwali,UPI,4,4.1,No,7968.4176
ORD100626,2024-05-11,CUST3096,New,Home Decor,1,658,434.28,34.0,No,Non-Festival,Credit Card,7,4.3,No,286.62479999999994
ORD100627,2024-10-18,CUST5485,Regular,Beauty,5,7780,28008.0,28.0,No,Non-Festival,Credit Card,2,2.9,No,20165.76
ORD100628,2024-03-10,CUST4255,New,Fashion,4,537,1653.96,23.0,No,Non-Festival,COD,7,2.6,Yes,1273.5492000000002
ORD100629,2024-09-08,CUST1626,New,Electronics,1,5650,3672.5,35.0,No,Non-Festival,Credit Card,1,3.6,Yes,2387.125
ORD100630,2024-10-01,CUST1864,Premium,Home Decor,1,7580,4548.0,40.0,No,Non-Festival,Credit Card,1,2.7,No,2728.7999999999997
ORD100631,2024-12-29,CUST5657,Premium,Electronics,5,4220,11816.000000000002,44.0,Yes,Christmas/New Year,Credit Card,2,3.2,No,6616.960000000002
ORD100632,2024-06-30,CUST8497,Regular,Home Decor,2,8736,12055.679999999998,31.0,No,Non-Festival,Wallet,1,4.0,No,8318.419199999998
ORD100633,2024-06-15,CUST4158,New,Fashion,1,5843,5550.849999999999,5.0,No,Non-Festival,Wallet,3,2.9,No,5273.307499999999
ORD100634,2024-03-31,CUST1419,New,Electronics,2,1142,2078.44,9.0,No,Non-Festival,Credit Card,6,2.6,No,1891.3804
ORD100635,2024-07-20,CUST1109,Premium,Groceries,3,545,1324.35,19.0,No,Non-Festival,UPI,3,3.9,No,1072.7235
ORD100636,2024-12-11,CUST6093,Premium,Fashion,3,4094,9948.42,19.0,No,Non-Festival,Wallet,5,3.7,No,8058.220200000001
ORD100637,2024-01-19,CUST5310,Premium,Electronics,5,8716,32685.0,25.0,No,Non-Festival,COD,6,3.3,No,24513.75
ORD100638,2024-02-08,CUST9301,New,Home Decor,3,6810,16344.0,20.0,No,Non-Festival,COD,1,3.7,No,13075.2
ORD100639,2024-05-05,CUST4708,Premium,Home Decor,5,2338,6546.400000000001,44.0,No,Non-Festival,COD,1,4.2,Yes,3665.984000000001
ORD100640,2024-06-21,CUST8520,New,Fashion,5,4589,17897.100000000002,22.0,No,Non-Festival,Credit Card,3,2.8,No,13959.738000000003
ORD100641,2024-05-20,CUST4850,Premium,Fashion,2,8915,9806.5,45.0,No,Non-Festival,UPI,5,3.1,No,5393.575000000001
ORD100642,2024-08-29,CUST6548,Regular,Home Decor,2,8026,14286.28,11.0,Yes,Raksha Bandhan,COD,7,4.5,No,12714.789200000001
ORD100643,2024-08-07,CUST9851,Regular,Electronics,3,8016,21162.24,12.0,No,Non-Festival,,5,4.2,No,18622.771200000003
ORD100644,2024-05-05,CUST6724,Regular,Groceries,2,458,833.5600000000001,9.0,No,Non-Festival,COD,3,3.2,No,758.5396000000001
ORD100645,2024-02-27,CUST5270,Regular,Beauty,1,1310,1231.4,6.0,No,Non-Festival,,3,3.5,No,1157.516
ORD100646,2024-05-27,CUST4392,Regular,Fashion,4,7525,19264.0,36.0,No,Non-Festival,Credit Card,6,2.8,No,12328.960000000001
ORD100647,2024-11-12,CUST2893,Premium,Home Decor,1,6687,5951.43,11.0,No,Non-Festival,Credit Card,2,3.1,No,5296.7727
ORD100648,2024-12-26,CUST5535,Regular,Electronics,1,1020,775.2,24.0,Yes,Christmas/New Year,COD,5,4.6,No,589.152
ORD100649,2024-01-01,CUST2667,Regular,Fashion,5,6188,30630.6,1.0,No,Non-Festival,COD,5,3.6,No,30324.293999999998
ORD100650,2024-12-13,CUST4936,Premium,Electronics,4,5835,14237.4,39.0,No,Non-Festival,Wallet,2,4.1,No,8684.814
ORD100651,2024-07-08,CUST9980,New,Fashion,5,4864,18240.0,25.0,No,Non-Festival,COD,3,2.9,No,13680.0
ORD100652,2024-07-09,CUST3537,Premium,Home Decor,2,7293,8897.46,39.0,No,Non-Festival,Wallet,7,3.0,No,5427.450599999999
ORD100653,2024-11-07,CUST5593,New,Electronics,2,4804,9223.68,4.0,Yes,Diwali,Wallet,2,4.9,No,8854.7328
ORD100654,2024-04-26,CUST6151,Premium,Home Decor,4,1763,6558.36,7.0,No,Non-Festival,Credit Card,2,4.6,No,6099.274799999999
ORD100655,2024-05-13,CUST4212,Regular,Electronics,3,6543,11581.110000000002,41.0,No,Non-Festival,Credit Card,4,4.5,No,6832.854900000002
ORD100656,2024-02-27,CUST8633,Premium,Fashion,2,9599,10750.88,44.0,No,Non-Festival,Wallet,5,3.3,Yes,6020.4928
ORD100657,2024-02-13,CUST1440,Premium,Beauty,1,8700,8004.0,8.0,No,Non-Festival,COD,3,3.9,No,7363.68
ORD100658,2024-06-21,CUST6334,Regular,Beauty,4,2039,5056.72,38.0,No,Non-Festival,Wallet,4,3.7,No,3135.1664
ORD100659,2024-06-08,CUST9231,Regular,Groceries,4,7875,25515.0,19.0,No,Non-Festival,COD,6,4.9,No,20667.15
ORD100660,2024-06-21,CUST5885,Premium,Groceries,2,8201,14761.8,10.0,No,Non-Festival,Credit Card,4,3.1,No,13285.619999999999
ORD100661,2024-11-12,CUST9727,Regular,Home Decor,2,9775,11925.5,39.0,No,Non-Festival,COD,7,4.9,No,7274.555
ORD100662,2024-10-29,CUST3442,Premium,Electronics,5,2506,9898.7,21.0,Yes,Diwali,Wallet,4,4.3,No,7819.973000000001
ORD100663,2024-05-28,CUST3675,Regular,Groceries,5,9572,40681.0,15.0,No,Non-Festival,COD,3,3.5,No,34578.85
ORD100664,2024-03-20,CUST5557,Premium,Fashion,1,5340,3150.6000000000004,41.0,Yes,Holi,Wallet,2,3.2,No,1858.8540000000005
ORD100665,2024-07-31,CUST8070,Premium,Beauty,4,2886,7272.72,37.0,No,Non-Festival,COD,3,4.4,No,4581.8136
ORD100666,2024-07-21,CUST2073,Regular,Electronics,3,1160,2053.2000000000003,41.0,No,Non-Festival,Wallet,5,4.6,No,1211.3880000000004
ORD100667,2024-09-08,CUST5368,Regular,Beauty,3,8829,24103.17,9.0,No,Non-Festival,Credit Card,6,3.4,No,21933.8847
ORD100668,2024-08-16,CUST5848,Premium,Electronics,4,655,1991.2,24.0,Yes,Independence Day,Wallet,7,2.9,No,1513.3120000000001
ORD100669,2024-06-12,CUST2835,New,Groceries,1,6967,5712.9400000000005,18.0,No,Non-Festival,Credit Card,6,3.7,Yes,4684.6108
ORD100670,2024-08-14,CUST9750,New,Groceries,5,4017,19482.45,3.0,Yes,Independence Day,,6,3.7,No,18897.9765
ORD100671,2024-05-26,CUST3452,Regular,Home Decor,5,9961,40840.100000000006,18.0,No,Non-Festival,Wallet,7,4.3,No,33488.882000000005
ORD100672,2024-01-20,CUST8152,Premium,Electronics,5,9495,46525.5,2.0,Yes,Republic Day,UPI,5,4.9,No,45594.99
ORD100673,2024-02-16,CUST8608,Regular,Fashion,3,1712,4314.24,16.0,No,Non-Festival,UPI,2,3.8,No,3623.9615999999996
ORD100674,2024-08-20,CUST3246,Regular,Groceries,3,4938,12888.18,13.0,Yes,Independence Day,UPI,3,4.3,No,11212.7166
ORD100675,2024-10-31,CUST4516,Regular,Home Decor,1,591,537.8100000000001,9.0,Yes,Diwali,UPI,2,3.4,No,489.40710000000007
ORD100676,2024-01-14,CUST7276,Premium,Groceries,3,2821,8039.849999999999,5.0,No,Non-Festival,,2,4.0,No,7637.857499999999
ORD100677,2024-05-22,CUST6380,Regular,Beauty,2,6376,8926.4,30.0,No,Non-Festival,Credit Card,3,2.8,No,6248.48
ORD100678,2024-01-01,CUST9804,Regular,Groceries,3,9312,19555.2,30.0,No,Non-Festival,Credit Card,5,4.5,No,13688.64
ORD100679,2024-02-23,CUST1270,Premium,Electronics,5,5919,15685.35,47.0,No,Non-Festival,UPI,3,3.4,No,8313.2355
ORD100680,2024-09-15,CUST9838,Premium,Home Decor,1,6241,5741.72,8.0,No,Non-Festival,COD,6,2.7,No,5282.3824
ORD100681,2024-05-23,CUST3409,Regular,Electronics,4,3800,13528.0,11.0,No,Non-Festival,Wallet,5,5.0,No,12039.92
ORD100682,2024-01-12,CUST3978,Regular,Fashion,4,5410,12334.8,43.0,No,Non-Festival,Wallet,1,4.8,No,7030.836
ORD100683,2024-11-25,CUST4827,Regular,Fashion,1,4708,2589.4,45.0,No,Non-Festival,Credit Card,1,3.0,No,1424.17
ORD100684,2024-08-11,CUST9889,Regular,Groceries,2,6642,9963.0,25.0,Yes,Independence Day,Credit Card,1,3.4,No,7472.25
ORD100685,2024-09-28,CUST1822,Premium,Home Decor,4,7854,31101.84,1.0,No,Non-Festival,COD,6,4.8,No,30790.8216
ORD100686,2024-12-23,CUST5308,Regular,Home Decor,5,6416,18927.200000000004,41.0,Yes,Christmas/New Year,Wallet,7,4.5,No,11167.048000000004
ORD100687,2024-06-04,CUST9193,Premium,Home Decor,4,8085,31369.8,3.0,No,Non-Festival,COD,7,4.8,No,30428.706
ORD100688,2024-01-08,CUST6163,New,Home Decor,4,460,1269.6,31.0,No,Non-Festival,Wallet,4,3.9,No,876.0239999999999
ORD100689,2024-05-01,CUST7879,Regular,Groceries,5,7033,25670.45,27.0,No,Non-Festival,UPI,5,3.1,Yes,18739.4285
ORD100690,2024-12-13,CUST4045,New,Electronics,3,9727,27721.95,5.0,No,Non-Festival,UPI,5,3.1,No,26335.8525
ORD100691,2024-06-12,CUST1943,Regular,Groceries,2,6144,8724.48,29.0,No,Non-Festival,COD,3,3.8,No,6194.380799999999
ORD100692,2024-03-30,CUST8391,Regular,Electronics,5,6334,23119.1,27.0,Yes,Holi,Credit Card,5,4.8,No,16876.943
ORD100693,2024-05-15,CUST1769,Regular,Beauty,5,7075,31130.0,12.0,No,Non-Festival,COD,3,4.1,No,27394.4
ORD100694,2024-07-04,CUST3574,Regular,Beauty,1,7028,3865.4,45.0,No,Non-Festival,,4,2.6,No,2125.9700000000003
ORD100695,2024-11-11,CUST7493,Regular,Electronics,2,534,694.2,35.0,No,Non-Festival,Wallet,3,3.9,Yes,451.23
ORD100696,2024-06-26,CUST9549,Regular,Groceries,3,7869,21482.37,9.0,No,Non-Festival,Wallet,1,4.0,No,19548.9567
ORD100697,2024-01-28,CUST4286,Premium,Fashion,5,2979,13554.45,9.0,Yes,Republic Day,Wallet,3,4.0,No,12334.549500000001
ORD100698,2024-08-07,CUST2122,New,Groceries,3,9195,26481.6,4.0,No,Non-Festival,Wallet,3,4.2,No,25422.336
ORD100699,2024-12-22,CUST7015,Premium,Fashion,5,7528,27100.8,28.0,Yes,Christmas/New Year,Credit Card,3,3.8,No,19512.575999999997
ORD100700,2024-02-10,CUST6167,Regular,Groceries,5,2637,8570.25,35.0,No,Non-Festival,Credit Card,5,2.9,No,5570.6625
ORD100701,2024-08-15,CUST8375,Premium,Home Decor,1,3007,2676.23,11.0,Yes,Independence Day,UPI,2,4.4,No,2381.8447
ORD100702,2024-07-10,CUST1118,Premium,Home Decor,4,5390,17032.4,21.0,No,Non-Festival,COD,2,3.0,No,13455.596000000001
ORD100703,2024-05-24,CUST9710,New,Beauty,2,9332,10265.2,45.0,No,Non-Festival,UPI,6,2.8,No,5645.860000000001
ORD100704,2024-07-19,CUST9652,New,Beauty,1,3363,2085.06,38.0,No,Non-Festival,Wallet,2,3.4,No,1292.7372
ORD100705,2024-07-30,CUST6149,New,Electronics,3,9294,27603.18,1.0,No,Non-Festival,COD,6,4.6,No,27327.1482
ORD100706,2024-08-07,CUST4411,Regular,Fashion,5,7688,33442.8,25.0,No,Non-Festival,Wallet,5,2.7,Yes,25082.100000000002
ORD100707,2024-08-27,CUST5743,Premium,Home Decor,5,9660,43953.0,25.0,Yes,Raksha Bandhan,COD,1,3.0,No,32964.75
ORD100708,2024-02-15,CUST3118,Regular,Groceries,2,223,236.38,47.0,No,Non-Festival,Credit Card,2,3.7,No,125.2814
ORD100709,2024-02-04,CUST6831,New,Electronics,1,4852,4754.96,2.0,No,Non-Festival,Wallet,2,3.2,No,4659.8608
ORD100710,2024-09-09,CUST4084,Regular,Groceries,1,2948,2741.64,7.0,No,Non-Festival,COD,7,4.3,No,2549.7252
ORD100711,2024-03-22,CUST2223,Regular,Home Decor,3,2650,6678.0,16.0,Yes,Holi,COD,7,4.2,No,5609.5199999999995
ORD100712,2024-09-12,CUST7286,Regular,Home Decor,1,9788,9494.36,25.0,No,Non-Festival,Wallet,4,4.6,No,7120.77
ORD100713,2024-07-15,CUST6489,Premium,Home Decor,1,8295,6636.0,20.0,No,Non-Festival,Credit Card,7,3.0,No,5308.8
ORD100714,2024-10-29,CUST4926,Regular,Home Decor,4,3557,10101.88,29.0,Yes,Diwali,Credit Card,6,4.1,No,7172.334799999999
ORD100715,2024-01-10,CUST3133,Regular,Groceries,2,8295,13603.8,18.0,No,Non-Festival,Credit Card,6,4.4,No,11155.116
ORD100716,2024-11-07,CUST3669,New,Electronics,1,8283,7123.38,14.0,Yes,Diwali,COD,4,2.7,No,6126.1068
ORD100717,2024-10-12,CUST7441,New,Home Decor,3,6172,14997.96,19.0,No,Non-Festival,Credit Card,1,2.6,No,12148.347600000001
ORD100718,2024-08-29,CUST9479,Regular,Beauty,5,8355,24647.250000000004,41.0,Yes,Raksha Bandhan,COD,3,3.9,No,14541.877500000004
ORD100719,2024-09-07,CUST7741,Regular,Electronics,1,7269,5160.99,29.0,No,Non-Festival,UPI,3,4.0,No,3664.3028999999997
ORD100720,2024-12-30,CUST7434,New,Beauty,1,5538,5039.58,9.0,Yes,Christmas/New Year,Credit Card,4,3.5,No,4586.0178000000005
ORD100721,2024-01-05,CUST2498,New,Groceries,5,2732,10654.8,22.0,No,Non-Festival,Wallet,4,2.6,No,8310.744
ORD100722,2024-04-28,CUST6409,Premium,Home Decor,4,5537,17053.96,23.0,No,Non-Festival,Wallet,1,3.5,Yes,13131.5492
ORD100723,2024-10-15,CUST6918,Premium,Electronics,2,3973,7071.9400000000005,11.0,No,Non-Festival,Wallet,1,4.1,No,6294.0266
ORD100724,2024-03-05,CUST1708,Regular,Home Decor,4,6665,24527.2,8.0,No,Non-Festival,Wallet,5,4.3,No,22565.024
ORD100725,2024-05-25,CUST2505,New,Home Decor,3,4861,12541.38,14.0,No,Non-Festival,UPI,3,3.7,No,10785.5868
ORD100726,2024-08-11,CUST6833,Premium,Electronics,1,2257,1625.04,28.0,Yes,Independence Day,UPI,5,3.8,No,1170.0287999999998
ORD100727,2024-08-26,CUST1671,Premium,Home Decor,4,877,2911.64,17.0,Yes,Raksha Bandhan,Credit Card,2,4.2,No,2416.6611999999996
ORD100728,2024-06-25,CUST1955,Regular,Home Decor,2,3174,5141.88,19.0,No,Non-Festival,Credit Card,6,3.6,No,4164.9228
ORD100729,2024-09-23,CUST6118,New,Fashion,3,8676,26028.0,0.0,No,Non-Festival,Wallet,6,3.2,No,26028.0
ORD100730,2024-12-06,CUST3895,Premium,Fashion,4,5848,22924.16,2.0,No,Non-Festival,Wallet,1,3.1,No,22465.6768
ORD100731,2024-10-08,CUST3031,Regular,Electronics,1,6644,6178.919999999999,7.0,No,Non-Festival,Wallet,3,4.4,No,5746.395599999999
ORD100732,2024-03-03,CUST4593,Premium,Electronics,2,2040,2529.6,38.0,No,Non-Festival,COD,3,3.7,Yes,1568.3519999999999
ORD100733,2024-08-04,CUST4503,Premium,Home Decor,1,2078,1454.6,30.0,No,Non-Festival,Credit Card,5,4.1,No,1018.2199999999999
ORD100734,2024-12-07,CUST7829,Premium,Beauty,1,6489,3504.0600000000004,46.0,No,Non-Festival,Wallet,4,3.7,No,1892.1924000000004
ORD100735,2024-11-10,CUST7148,Premium,Electronics,3,7419,20699.01,7.0,Yes,Diwali,Wallet,4,4.5,No,19250.079299999998
ORD100736,2024-10-09,CUST1658,Premium,Home Decor,2,3514,6044.08,14.0,No,Non-Festival,Wallet,1,3.7,No,5197.9088
ORD100737,2024-06-25,CUST3863,New,Beauty,5,1578,6233.1,21.0,No,Non-Festival,UPI,7,5.0,No,4924.149
ORD100738,2024-04-07,CUST9707,Regular,Fashion,1,5540,3822.6,31.0,No,Non-Festival,UPI,6,3.1,No,2637.5939999999996
ORD100739,2024-04-14,CUST5688,Regular,Electronics,2,652,1251.84,4.0,No,Non-Festival,UPI,4,2.8,No,1201.7664
ORD100740,2024-04-08,CUST1028,Regular,Home Decor,1,8733,4977.81,43.0,No,Non-Festival,COD,2,3.4,No,2837.3517000000006
ORD100741,2024-11-06,CUST8138,Premium,Fashion,4,592,1349.7600000000002,43.0,Yes,Diwali,COD,3,4.8,No,769.3632000000002
ORD100742,2024-01-06,CUST2201,Premium,Groceries,4,5671,20869.28,8.0,No,Non-Festival,Credit Card,4,4.6,No,19199.7376
ORD100743,2024-07-15,CUST7657,New,Fashion,2,1469,1762.8,40.0,No,Non-Festival,Wallet,1,3.1,No,1057.6799999999998
ORD100744,2024-12-16,CUST4233,Premium,Home Decor,3,8337,21509.46,14.0,No,Non-Festival,Credit Card,2,4.0,No,18498.135599999998
ORD100745,2024-05-12,CUST5677,Premium,Beauty,5,3250,8775.0,46.0,No,Non-Festival,Credit Card,6,4.0,No,4738.5
ORD100746,2024-12-23,CUST7850,New,Groceries,4,7480,17054.4,43.0,Yes,Christmas/New Year,UPI,6,3.2,No,9721.008000000002
ORD100747,2024-09-15,CUST2567,Regular,Groceries,3,9362,17975.04,36.0,No,Non-Festival,Wallet,5,3.1,No,11504.0256
ORD100748,2024-01-23,CUST7948,New,Groceries,5,4994,16979.6,32.0,Yes,Republic Day,UPI,5,3.5,No,11546.127999999999
ORD100749,2024-02-22,CUST1135,Regular,Electronics,4,7610,24047.6,21.0,No,Non-Festival,UPI,2,4.5,No,18997.604
ORD100750,2024-06-13,CUST3006,Premium,Home Decor,5,365,1642.5,10.0,No,Non-Festival,Wallet,1,3.0,No,1478.25
ORD100751,2024-07-20,CUST2671,Premium,Groceries,1,8646,4409.46,49.0,No,Non-Festival,Credit Card,7,3.6,No,2248.8246
ORD100752,2024-03-23,CUST2392,Premium,Fashion,2,8693,16516.7,5.0,Yes,Holi,Credit Card,5,3.7,No,15690.865
ORD100753,2024-05-24,CUST2435,Regular,Beauty,4,6563,22051.68,16.0,No,Non-Festival,UPI,3,4.8,No,18523.4112
ORD100754,2024-03-25,CUST5632,Regular,Home Decor,4,8279,18213.800000000003,45.0,Yes,Holi,Wallet,6,3.3,No,10017.590000000002
ORD100755,2024-03-18,CUST1884,Premium,Fashion,1,5230,2981.1000000000004,43.0,No,Non-Festival,Credit Card,6,2.5,No,1699.2270000000003
ORD100756,2024-12-31,CUST7158,New,Electronics,4,1705,6547.2,4.0,Yes,Christmas/New Year,COD,3,4.2,No,6285.312
ORD100757,2024-01-01,CUST1111,Regular,Groceries,4,9648,23927.04,38.0,No,Non-Festival,Credit Card,6,4.4,No,14834.7648
ORD100758,2024-02-20,CUST5816,New,Fashion,4,7609,16131.08,47.0,No,Non-Festival,Wallet,6,3.8,Yes,8549.4724
ORD100759,2024-06-21,CUST9922,Regular,Home Decor,4,4540,16707.2,8.0,No,Non-Festival,Wallet,6,4.3,No,15370.624000000002
ORD100760,2024-07-23,CUST1714,Premium,Fashion,4,409,1177.9199999999998,28.0,No,Non-Festival,Wallet,1,3.7,No,848.1023999999999
ORD100761,2024-09-16,CUST7811,Premium,Electronics,3,3993,9343.62,22.0,No,Non-Festival,UPI,1,2.5,No,7288.0236
ORD100762,2024-10-14,CUST4961,Premium,Beauty,4,4721,10197.36,46.0,No,Non-Festival,Credit Card,7,4.3,No,5506.5744
ORD100763,2024-02-03,CUST3788,New,Groceries,1,3247,2110.55,35.0,No,Non-Festival,COD,3,4.8,No,1371.8575
ORD100764,2024-12-13,CUST2758,Premium,Home Decor,4,1180,3304.0,30.0,No,Non-Festival,UPI,1,2.9,Yes,2312.7999999999997
ORD100765,2024-04-04,CUST9607,Premium,Groceries,5,2319,9391.95,19.0,No,Non-Festival,Credit Card,2,2.7,No,7607.479500000001
ORD100766,2024-03-12,CUST3225,Regular,Groceries,5,3945,15385.5,22.0,No,Non-Festival,Wallet,1,3.2,No,12000.69
ORD100767,2024-02-08,CUST5106,Regular,Groceries,1,377,354.38,6.0,No,Non-Festival,Credit Card,6,4.6,No,333.11719999999997
ORD100768,2024-06-02,CUST1949,Regular,Fashion,3,1746,2880.9,45.0,No,Non-Festival,,3,2.8,No,1584.4950000000001
ORD100769,2024-09-06,CUST2631,Premium,Fashion,1,8690,5648.5,35.0,No,Non-Festival,Wallet,7,4.3,No,3671.525
ORD100770,2024-06-10,CUST5317,Regular,Beauty,3,3766,10959.06,3.0,No,Non-Festival,,4,2.7,No,10630.288199999999
ORD100771,2024-04-27,CUST4249,Regular,Electronics,2,474,729.96,23.0,No,Non-Festival,Credit Card,7,2.6,No,562.0692
ORD100772,2024-09-15,CUST3248,Regular,Home Decor,5,3195,13898.25,13.0,No,Non-Festival,COD,1,4.7,No,12091.477499999999
ORD100773,2024-11-01,CUST2372,Regular,Fashion,5,252,957.6,24.0,Yes,Diwali,Credit Card,5,4.4,No,727.7760000000001
ORD100774,2024-09-24,CUST2621,Regular,Groceries,5,7975,37482.5,6.0,No,Non-Festival,Credit Card,2,4.0,No,35233.549999999996
ORD100775,2024-02-23,CUST6787,New,Electronics,3,9815,25322.7,14.0,No,Non-Festival,UPI,7,2.9,No,21777.522
ORD100776,2024-08-23,CUST6414,Premium,Home Decor,1,1827,1041.39,43.0,No,Non-Festival,Wallet,2,3.2,No,593.5923000000001
ORD100777,2024-08-09,CUST9228,Premium,Home Decor,3,6243,10300.95,45.0,No,Non-Festival,Wallet,2,2.6,No,5665.522500000001
ORD100778,2024-09-07,CUST5763,Premium,Home Decor,5,8023,35301.2,12.0,No,Non-Festival,COD,5,4.1,No,31065.055999999997
ORD100779,2024-11-08,CUST1483,Regular,Home Decor,5,8880,36408.0,18.0,Yes,Diwali,UPI,5,4.2,No,29854.56
ORD100780,2024-04-21,CUST3228,New,Beauty,5,8808,39195.6,11.0,No,Non-Festival,COD,2,3.3,No,34884.084
ORD100781,2024-09-11,CUST5936,Regular,Home Decor,5,9312,24676.800000000003,47.0,No,Non-Festival,Credit Card,2,3.3,No,13078.704000000002
ORD100782,2024-10-29,CUST5664,Regular,Electronics,2,1753,2629.5,25.0,Yes,Diwali,COD,2,4.1,No,1972.125
ORD100783,2024-07-25,CUST1482,Premium,Fashion,5,9057,24001.050000000003,47.0,No,Non-Festival,Wallet,1,4.9,No,12720.556500000002
ORD100784,2024-08-16,CUST5731,Regular,Electronics,3,2669,5444.759999999999,32.0,Yes,Independence Day,UPI,6,3.5,No,3702.436799999999
ORD100785,2024-12-06,CUST8846,Premium,Groceries,5,1674,7198.2,14.0,No,Non-Festival,Credit Card,5,3.7,No,6190.451999999999
ORD100786,2024-03-06,CUST4772,Regular,Beauty,4,6677,17093.12,36.0,No,Non-Festival,,3,4.2,No,10939.5968
ORD100787,2024-03-15,CUST1525,Premium,Beauty,2,537,1020.3,5.0,No,Non-Festival,UPI,7,3.4,No,969.285
ORD100788,2024-04-12,CUST3853,Regular,Groceries,5,7191,27325.8,24.0,No,Non-Festival,COD,6,4.7,No,20767.608
ORD100789,2024-07-10,CUST1277,Regular,Electronics,4,8660,29097.6,16.0,No,Non-Festival,Credit Card,1,4.6,No,24441.983999999997
ORD100790,2024-09-08,CUST5558,Premium,Electronics,3,1287,2239.38,42.0,No,Non-Festival,UPI,3,4.2,No,1298.8404000000003
ORD100791,2024-08-13,CUST8225,Regular,Groceries,2,1493,1940.9,35.0,Yes,Independence Day,UPI,1,3.8,No,1261.585
ORD100792,2024-10-20,CUST5129,Regular,Home Decor,5,9048,23072.4,49.0,Yes,Diwali,COD,1,5.0,No,11766.924
ORD100793,2024-11-01,CUST4405,Regular,Home Decor,3,6164,10170.6,45.0,Yes,Diwali,UPI,3,4.3,No,5593.830000000001
ORD100794,2024-04-07,CUST3261,Premium,Fashion,4,3028,11143.04,8.0,No,Non-Festival,Wallet,2,4.1,No,10251.596800000001
ORD100795,2024-12-03,CUST8414,Premium,Electronics,2,6672,9741.12,27.0,No,Non-Festival,Wallet,6,4.7,Yes,7111.0176
ORD100796,2024-10-12,CUST1848,Regular,Electronics,5,4173,13770.899999999998,34.0,No,Non-Festival,Credit Card,3,3.9,No,9088.793999999998
ORD100797,2024-11-30,CUST8039,New,Groceries,3,6861,20171.34,2.0,No,Non-Festival,Credit Card,4,3.1,No,19767.9132
ORD100798,2024-12-12,CUST4368,New,Groceries,2,5157,9282.6,10.0,No,Non-Festival,COD,5,2.8,No,8354.34
ORD100799,2024-11-03,CUST6908,Premium,Home Decor,4,6764,21915.36,19.0,Yes,Diwali,UPI,4,3.7,No,17751.441600000002
ORD100800,2024-09-05,CUST6380,Premium,Electronics,5,1536,5990.400000000001,22.0,No,Non-Festival,COD,6,3.8,No,4672.512000000001
ORD100801,2024-06-14,CUST5373,Regular,Electronics,2,1867,2651.14,29.0,No,Non-Festival,COD,1,4.6,No,1882.3093999999999
ORD100802,2024-11-30,CUST5908,Premium,Beauty,4,2025,5184.0,36.0,No,Non-Festival,Wallet,3,2.8,No,3317.76
ORD100803,2024-01-30,CUST9805,Regular,Fashion,4,1412,3671.2,35.0,Yes,Republic Day,UPI,2,4.2,No,2386.2799999999997
ORD100804,2024-09-03,CUST2229,Regular,Fashion,3,2968,5075.280000000001,25.0,No,Non-Festival,Wallet,6,3.3,No,3806.4600000000005
ORD100805,2024-04-15,CUST5376,New,Home Decor,4,5976,21274.56,11.0,No,Non-Festival,Wallet,2,4.8,No,18934.3584
ORD100806,2024-02-20,CUST9535,Premium,Electronics,4,644,1674.4,35.0,No,Non-Festival,Credit Card,7,3.7,No,1088.3600000000001
ORD100807,2024-03-21,CUST6809,Regular,Beauty,1,9789,6460.739999999999,34.0,Yes,Holi,COD,7,4.1,No,4264.088399999999
ORD100808,2024-05-12,CUST1271,Regular,Electronics,4,4581,12277.079999999998,33.0,No,Non-Festival,Wallet,4,4.1,No,8225.643599999998
ORD100809,2024-10-11,CUST7748,Premium,Groceries,5,3876,18798.6,3.0,No,Non-Festival,Credit Card,7,2.7,No,18234.642
ORD100810,2024-05-17,CUST4313,Regular,Home Decor,2,2510,3865.4,23.0,No,Non-Festival,Credit Card,4,4.6,No,2976.358
ORD100811,2024-07-02,CUST2610,Regular,Fashion,5,4240,13780.0,35.0,No,Non-Festival,UPI,1,2.9,No,8957.0
ORD100812,2024-11-25,CUST2217,Regular,Electronics,5,7285,26590.25,27.0,No,Non-Festival,UPI,5,3.5,No,19410.8825
ORD100813,2024-09-29,CUST9059,Regular,Home Decor,3,2027,3770.22,38.0,No,Non-Festival,Wallet,1,4.2,No,2337.5364
ORD100814,2024-12-05,CUST8516,Premium,Fashion,1,6485,6420.15,1.0,No,Non-Festival,Credit Card,6,2.6,No,6355.9484999999995
ORD100815,2024-03-09,CUST2504,Regular,Electronics,1,3419,1983.02,42.0,No,Non-Festival,Credit Card,2,4.0,No,1150.1516000000001
ORD100816,2024-02-03,CUST6216,Premium,Beauty,5,5759,27643.2,4.0,No,Non-Festival,Credit Card,6,3.5,No,26537.471999999998
ORD100817,2024-09-18,CUST6683,Regular,Home Decor,2,6971,10177.66,27.0,No,Non-Festival,COD,7,2.7,No,7429.6918
ORD100818,2024-02-22,CUST7460,Premium,Electronics,1,4888,4301.44,12.0,No,Non-Festival,Credit Card,3,4.3,No,3785.2672
ORD100819,2024-07-23,CUST7641,New,Fashion,1,4711,3062.15,35.0,No,Non-Festival,COD,4,3.8,No,1990.3975
ORD100820,2024-05-05,CUST3743,Premium,Fashion,5,2272,10451.2,8.0,No,Non-Festival,UPI,2,3.3,No,9615.104000000001
ORD100821,2024-08-22,CUST7760,New,Beauty,1,6970,4321.4,38.0,No,Non-Festival,Wallet,7,2.7,No,2679.2679999999996
ORD100822,2024-02-12,CUST6648,New,Home Decor,3,6528,13904.64,29.0,No,Non-Festival,UPI,1,3.9,No,9872.294399999999
ORD100823,2024-08-27,CUST8329,Regular,Home Decor,5,2530,9361.0,26.0,Yes,Raksha Bandhan,Wallet,5,3.3,No,6927.14
ORD100824,2024-04-20,CUST3268,Premium,Electronics,1,885,778.8,12.0,No,Non-Festival,Credit Card,3,4.9,No,685.3439999999999
ORD100825,2024-09-05,CUST7855,New,Fashion,1,5158,3043.2200000000003,41.0,No,Non-Festival,Wallet,5,4.0,No,1795.4998000000005
ORD100826,2024-05-30,CUST2031,Regular,Fashion,1,884,548.08,38.0,No,Non-Festival,Wallet,1,3.2,No,339.80960000000005
ORD100827,2024-07-01,CUST5833,Regular,Beauty,5,8732,22266.6,49.0,No,Non-Festival,UPI,1,3.8,No,11355.966
ORD100828,2024-12-01,CUST2053,New,Beauty,2,933,1362.18,27.0,No,Non-Festival,Wallet,2,3.8,No,994.3914
ORD100829,2024-04-04,CUST4403,Premium,Home Decor,4,1696,5630.719999999999,17.0,No,Non-Festival,Credit Card,7,4.3,No,4673.497599999999
ORD100830,2024-01-08,CUST1167,Regular,Fashion,1,9523,6380.409999999999,33.0,No,Non-Festival,COD,3,4.8,No,4274.8746999999985
ORD100831,2024-12-25,CUST3779,Regular,Electronics,4,5650,18080.0,20.0,Yes,Christmas/New Year,Credit Card,6,4.9,No,14464.0
ORD100832,2024-07-02,CUST3071,Premium,Groceries,4,4835,19340.0,0.0,No,Non-Festival,Wallet,1,4.3,No,19340.0
ORD100833,2024-10-07,CUST2085,Premium,Electronics,1,1932,1081.92,44.0,No,Non-Festival,UPI,2,3.9,No,605.8752000000001
ORD100834,2024-07-13,CUST7241,Premium,Beauty,1,6727,5247.06,22.0,No,Non-Festival,Credit Card,1,3.1,No,4092.7068000000004
ORD100835,2024-12-17,CUST9127,Premium,Electronics,4,6925,18559.0,33.0,No,Non-Festival,Wallet,2,3.5,Yes,12434.529999999999
ORD100836,2024-07-13,CUST4361,Premium,Fashion,2,6503,8453.9,35.0,No,Non-Festival,UPI,5,3.7,No,5495.035
ORD100837,2024-06-03,CUST3392,Premium,Home Decor,4,8231,30290.08,8.0,No,Non-Festival,COD,2,2.8,No,27866.873600000003
ORD100838,2024-04-02,CUST8373,Premium,Groceries,2,1619,3011.34,7.0,No,Non-Festival,UPI,6,3.1,No,2800.5461999999998
ORD100839,2024-06-08,CUST2050,Premium,Home Decor,3,4910,7512.3,49.0,No,Non-Festival,Wallet,5,5.0,No,3831.273
ORD100840,2024-03-01,CUST6932,Premium,Groceries,2,8879,12608.179999999998,29.0,No,Non-Festival,UPI,4,4.4,No,8951.807799999999
ORD100841,2024-05-01,CUST3955,Regular,Groceries,5,1641,4348.650000000001,47.0,No,Non-Festival,Wallet,1,3.7,No,2304.7845
ORD100842,2024-02-20,CUST8940,Regular,Fashion,1,2590,1683.5,35.0,No,Non-Festival,UPI,4,3.1,No,1094.275
ORD100843,2024-10-03,CUST3899,New,Fashion,3,1584,3088.8,35.0,No,Non-Festival,UPI,3,3.9,No,2007.7200000000003
ORD100844,2024-01-05,CUST4661,Regular,Beauty,4,2356,7821.92,17.0,No,Non-Festival,UPI,4,3.1,Yes,6492.1936
ORD100845,2024-04-01,CUST4149,Regular,Beauty,2,4596,9100.08,1.0,No,Non-Festival,Wallet,7,3.0,No,9009.0792
ORD100846,2024-06-18,CUST5949,Regular,Groceries,3,1591,4295.7,10.0,No,Non-Festival,UPI,2,2.7,No,3866.13
ORD100847,2024-11-12,CUST4889,New,Beauty,5,7622,24771.5,35.0,No,Non-Festival,Wallet,2,3.4,No,16101.475
ORD100848,2024-01-22,CUST4352,Regular,Fashion,2,5635,7888.999999999999,30.0,Yes,Republic Day,Credit Card,3,3.9,No,5522.299999999999
ORD100849,2024-11-21,CUST3092,Regular,Beauty,4,5000,14000.0,30.0,No,Non-Festival,COD,3,2.9,No,9800.0
ORD100850,2024-01-01,CUST3782,Regular,Groceries,4,3342,10293.36,23.0,No,Non-Festival,Credit Card,1,3.0,No,7925.887200000001
ORD100851,2024-05-12,CUST5905,Premium,Home Decor,2,468,514.8000000000001,45.0,No,Non-Festival,,7,3.5,No,283.14000000000004
ORD100852,2024-08-20,CUST7146,Regular,Electronics,5,4117,16468.0,20.0,Yes,Independence Day,,2,3.7,No,13174.400000000001
ORD100853,2024-01-12,CUST6916,Regular,Beauty,1,9916,6842.039999999999,31.0,No,Non-Festival,Credit Card,7,4.4,No,4721.007599999999
ORD100854,2024-12-11,CUST1110,Regular,Fashion,1,8869,4611.88,48.0,No,Non-Festival,COD,7,3.9,No,2398.1776
ORD100855,2024-02-15,CUST1858,New,Home Decor,4,4471,12697.64,29.0,No,Non-Festival,COD,3,4.0,No,9015.3244
ORD100856,2024-02-03,CUST4127,Regular,Fashion,5,438,2036.7,7.0,No,Non-Festival,Credit Card,7,4.2,No,1894.1309999999999
ORD100857,2024-03-18,CUST1161,Regular,Beauty,4,9001,24482.72,32.0,No,Non-Festival,Credit Card,6,3.8,No,16648.2496
ORD100858,2024-08-05,CUST5098,Premium,Groceries,1,7202,4465.24,38.0,No,Non-Festival,Wallet,7,3.4,No,2768.4487999999997
ORD100859,2024-10-27,CUST3582,New,Electronics,4,7968,31872.0,0.0,Yes,Diwali,COD,4,4.5,No,31872.0
ORD100860,2024-03-13,CUST8539,Premium,Electronics,2,6083,8272.88,32.0,No,Non-Festival,Wallet,7,4.6,No,5625.558399999999
ORD100861,2024-10-08,CUST7115,New,Home Decor,2,5985,7062.300000000001,41.0,No,Non-Festival,Wallet,2,2.9,Yes,4166.757000000001
ORD100862,2024-09-05,CUST2105,New,Electronics,5,5293,23289.2,12.0,No,Non-Festival,UPI,7,4.9,No,20494.496
ORD100863,2024-02-16,CUST3160,Regular,Groceries,1,6638,5244.02,21.0,No,Non-Festival,Wallet,6,4.8,No,4142.7758
ORD100864,2024-04-30,CUST1057,Premium,Fashion,5,6374,30595.2,4.0,No,Non-Festival,COD,7,4.7,No,29371.392
ORD100865,2024-08-01,CUST6713,Regular,Groceries,5,9546,42479.7,11.0,No,Non-Festival,UPI,3,3.6,No,37806.933
ORD100866,2024-08-26,CUST8117,Premium,Home Decor,1,5645,4064.4,28.0,Yes,Raksha Bandhan,Wallet,7,4.6,No,2926.368
ORD100867,2024-02-25,CUST5964,Regular,Home Decor,3,3538,10401.72,2.0,No,Non-Festival,Wallet,1,4.1,No,10193.685599999999
ORD100868,2024-12-15,CUST1570,Regular,Electronics,3,2533,4939.35,35.0,No,Non-Festival,COD,7,3.0,No,3210.5775000000003
ORD100869,2024-04-16,CUST4847,New,Groceries,4,4586,9905.76,25.0,No,Non-Festival,UPI,6,4.4,No,7429.32
ORD100870,2024-11-14,CUST6219,Regular,Fashion,3,4781,8032.080000000001,44.0,No,Non-Festival,Credit Card,5,3.5,No,4497.964800000001
ORD100871,2024-02-17,CUST2784,New,Groceries,2,6898,12416.4,10.0,No,Non-Festival,Credit Card,7,3.2,No,11174.76
ORD100872,2024-03-01,CUST9403,Regular,Fashion,5,8559,32096.25,25.0,No,Non-Festival,UPI,2,4.7,No,24072.1875
ORD100873,2024-12-02,CUST4061,Regular,Fashion,4,3742,14818.32,1.0,No,Non-Festival,,7,4.7,No,14670.1368
ORD100874,2024-01-26,CUST2183,New,Groceries,5,6086,21909.6,28.0,Yes,Republic Day,UPI,2,4.7,No,15774.911999999998
ORD100875,2024-10-18,CUST2874,Premium,Beauty,1,8254,4952.4,40.0,No,Non-Festival,UPI,7,4.6,No,2971.4399999999996
ORD100876,2024-09-13,CUST8969,Premium,Groceries,3,7114,15366.24,28.0,No,Non-Festival,Credit Card,2,3.9,No,11063.692799999999
ORD100877,2024-01-08,CUST5412,Regular,Fashion,1,7713,4396.410000000001,43.0,No,Non-Festival,Wallet,2,4.0,No,2505.953700000001
ORD100878,2024-04-22,CUST2297,Premium,Home Decor,4,8469,22019.4,35.0,No,Non-Festival,COD,5,4.9,No,14312.61
ORD100879,2024-12-20,CUST8237,Premium,Home Decor,2,1308,2145.1200000000003,18.0,Yes,Christmas/New Year,Credit Card,5,2.8,No,1758.9984000000004
ORD100880,2024-09-09,CUST8763,Premium,Electronics,3,9283,25342.59,9.0,No,Non-Festival,COD,6,4.5,No,23061.7569
ORD100881,2024-06-28,CUST3509,Regular,Home Decor,1,4956,4460.400000000001,10.0,No,Non-Festival,Credit Card,6,3.8,No,4014.3600000000006
ORD100882,2024-07-25,CUST7857,New,Beauty,3,1424,4015.68,6.0,No,Non-Festival,UPI,1,4.9,No,3774.7391999999995
ORD100883,2024-10-29,CUST7341,Premium,Fashion,5,7728,34003.2,12.0,Yes,Diwali,Credit Card,2,4.1,No,29922.816
ORD100884,2024-05-06,CUST1649,New,Groceries,2,8956,10747.2,40.0,No,Non-Festival,Credit Card,3,2.9,No,6448.320000000001
ORD100885,2024-02-25,CUST8390,Premium,Groceries,3,3059,5230.89,43.0,No,Non-Festival,UPI,7,4.5,No,2981.6073000000006
ORD100886,2024-08-01,CUST5478,Premium,Beauty,2,8693,17212.14,1.0,No,Non-Festival,Wallet,4,4.2,No,17040.0186
ORD100887,2024-01-14,CUST8221,Regular,Home Decor,5,8500,30175.0,29.0,No,Non-Festival,UPI,2,2.9,No,21424.25
ORD100888,2024-01-28,CUST3765,Regular,Fashion,5,2612,10317.4,21.0,Yes,Republic Day,Wallet,6,2.5,No,8150.746
ORD100889,2024-03-18,CUST3138,New,Home Decor,1,2847,2847.0,0.0,No,Non-Festival,Credit Card,5,3.9,No,2847.0
ORD100890,2024-08-03,CUST8178,Regular,Electronics,4,3538,10472.48,26.0,No,Non-Festival,Credit Card,1,3.1,No,7749.6352
ORD100891,2024-12-30,CUST5442,Regular,Home Decor,1,6004,5643.759999999999,6.0,Yes,Christmas/New Year,COD,2,4.7,No,5305.134399999999
ORD100892,2024-06-02,CUST7935,Regular,Electronics,2,7431,14862.0,0.0,No,Non-Festival,COD,7,3.1,No,14862.0
ORD100893,2024-01-14,CUST6941,Regular,Groceries,1,4723,3589.48,24.0,No,Non-Festival,Credit Card,1,4.2,No,2728.0048
ORD100894,2024-07-05,CUST7688,New,Fashion,3,4013,6380.67,47.0,No,Non-Festival,COD,3,3.4,No,3381.7551000000003
ORD100895,2024-11-07,CUST9441,New,Electronics,1,3845,3729.65,3.0,Yes,Diwali,Wallet,3,3.4,No,3617.7605
ORD100896,2024-01-07,CUST7959,Regular,Home Decor,4,3617,10272.28,29.0,No,Non-Festival,UPI,3,3.8,Yes,7293.3188
ORD100897,2024-01-03,CUST8428,Regular,Home Decor,4,211,784.92,7.0,No,Non-Festival,Credit Card,3,3.8,No,729.9755999999999
ORD100898,2024-04-20,CUST8125,Premium,Groceries,2,6809,7081.360000000001,48.0,No,Non-Festival,Credit Card,4,3.9,No,3682.3072000000006
ORD100899,2024-08-25,CUST9026,Premium,Beauty,5,3345,13380.0,20.0,Yes,Raksha Bandhan,COD,1,4.0,Yes,10704.0
ORD100900,2024-12-28,CUST5664,New,Beauty,4,1074,4167.12,3.0,Yes,Christmas/New Year,Credit Card,2,4.6,No,4042.1063999999997
ORD100901,2024-08-26,CUST5904,Premium,Home Decor,2,7503,14555.82,3.0,Yes,Raksha Bandhan,Credit Card,4,4.1,No,14119.1454
ORD100902,2024-09-30,CUST5840,Regular,Beauty,4,1083,4028.76,7.0,No,Non-Festival,Wallet,2,4.4,No,3746.7468
ORD100903,2024-10-20,CUST1991,Premium,Fashion,4,4850,11446.000000000002,41.0,Yes,Diwali,Wallet,5,3.3,No,6753.140000000002
ORD100904,2024-08-14,CUST6876,New,Beauty,5,7910,29662.5,25.0,Yes,Independence Day,UPI,7,3.6,No,22246.875
ORD100905,2024-01-15,CUST8766,Premium,Fashion,3,6997,15113.52,28.0,No,Non-Festival,Credit Card,6,2.5,Yes,10881.7344
ORD100906,2024-07-10,CUST4055,Premium,Home Decor,2,5639,9586.3,15.0,No,Non-Festival,COD,4,2.7,No,8148.355
ORD100907,2024-04-28,CUST4456,Regular,Home Decor,4,7208,23642.24,18.0,No,Non-Festival,UPI,6,3.5,No,19386.636800000004
ORD100908,2024-01-28,CUST9361,Premium,Home Decor,4,9971,39884.0,0.0,Yes,Republic Day,COD,4,3.8,No,39884.0
ORD100909,2024-07-20,CUST4719,Premium,Groceries,1,8744,5596.16,36.0,No,Non-Festival,Credit Card,6,4.5,No,3581.5424
ORD100910,2024-02-08,CUST9154,Regular,Beauty,3,8362,16807.62,33.0,No,Non-Festival,COD,7,4.2,No,11261.105399999999
ORD100911,2024-09-29,CUST8407,Regular,Electronics,5,9898,35632.8,28.0,No,Non-Festival,COD,6,4.9,No,25655.616
ORD100912,2024-08-18,CUST7712,Regular,Electronics,2,3687,5456.76,26.0,Yes,Independence Day,UPI,5,4.7,No,4038.0024000000003
ORD100913,2024-03-26,CUST1377,Regular,Home Decor,4,7737,16402.440000000002,47.0,Yes,Holi,Credit Card,6,4.9,No,8693.293200000002
ORD100914,2024-05-05,CUST9116,Regular,Beauty,2,2590,2900.8,44.0,No,Non-Festival,UPI,4,3.4,No,1624.4480000000003
ORD100915,2024-10-26,CUST1507,Regular,Fashion,5,4230,15016.5,29.0,Yes,Diwali,Credit Card,6,3.7,No,10661.715
ORD100916,2024-01-25,CUST4215,Premium,Electronics,3,7692,21922.2,5.0,Yes,Republic Day,Wallet,1,3.4,No,20826.09
ORD100917,2024-05-24,CUST3264,Regular,Home Decor,1,3638,2364.7000000000003,35.0,No,Non-Festival,UPI,7,4.9,No,1537.0550000000003
ORD100918,2024-01-13,CUST4941,Regular,Electronics,3,2583,4804.38,38.0,No,Non-Festival,Credit Card,6,3.5,No,2978.7156
ORD100919,2024-07-30,CUST6786,New,Electronics,1,3567,3531.33,1.0,No,Non-Festival,Wallet,3,2.8,No,3496.0166999999997
ORD100920,2024-01-25,CUST9227,Premium,Electronics,2,6367,7513.060000000001,41.0,Yes,Republic Day,Wallet,7,3.1,No,4432.705400000002
ORD100921,2024-03-08,CUST5183,Premium,Home Decor,3,1665,4345.65,13.0,No,Non-Festival,Wallet,7,3.6,No,3780.7155
ORD100922,2024-03-07,CUST4219,Regular,Home Decor,3,2351,6559.29,7.0,No,Non-Festival,UPI,6,4.0,No,6100.1397
ORD100923,2024-08-20,CUST5710,Premium,Groceries,3,3683,10828.02,2.0,Yes,Independence Day,Wallet,2,4.0,No,10611.4596
ORD100924,2024-04-18,CUST6386,Regular,Groceries,5,773,2550.9,34.0,No,Non-Festival,Credit Card,5,4.4,No,1683.5939999999998
ORD100925,2024-05-25,CUST1461,New,Groceries,2,974,1441.52,26.0,No,Non-Festival,UPI,3,4.1,No,1066.7248
ORD100926,2024-04-20,CUST7524,Regular,Electronics,1,7230,4844.099999999999,33.0,No,Non-Festival,COD,4,3.7,No,3245.546999999999
ORD100927,2024-08-15,CUST4300,Premium,Beauty,3,4538,9938.22,27.0,Yes,Independence Day,Wallet,1,2.6,No,7254.900599999999
ORD100928,2024-04-20,CUST6996,Regular,Home Decor,2,8221,11509.4,30.0,No,Non-Festival,UPI,6,4.2,No,8056.579999999999
ORD100929,2024-02-03,CUST2928,Premium,Groceries,5,4130,17346.0,16.0,No,Non-Festival,COD,6,2.7,No,14570.64
ORD100930,2024-04-20,CUST1630,Premium,Beauty,5,5160,21156.0,18.0,No,Non-Festival,UPI,4,3.7,No,17347.920000000002
ORD100931,2024-09-20,CUST8891,Regular,Groceries,2,2420,2855.6000000000004,41.0,No,Non-Festival,Wallet,5,4.7,No,1684.8040000000005
ORD100932,2024-08-23,CUST9889,Regular,Groceries,1,1639,934.23,43.0,No,Non-Festival,Wallet,4,4.0,No,532.5111
ORD100933,2024-03-23,CUST5457,Premium,Beauty,2,6446,11602.8,10.0,Yes,Holi,COD,1,3.0,No,10442.52
ORD100934,2024-02-11,CUST9491,New,Groceries,2,7624,14028.16,8.0,No,Non-Festival,Credit Card,7,4.5,No,12905.9072
ORD100935,2024-04-10,CUST5193,New,Electronics,4,9105,25858.2,29.0,No,Non-Festival,Wallet,6,3.3,No,18359.322
ORD100936,2024-01-06,CUST7300,Regular,Electronics,5,6900,19320.000000000004,44.0,No,Non-Festival,COD,7,3.9,No,10819.200000000003
ORD100937,2024-06-28,CUST6761,Regular,Electronics,1,8967,8518.65,5.0,No,Non-Festival,,4,4.1,No,8092.717499999999
ORD100938,2024-10-08,CUST3097,New,Fashion,4,6539,22755.72,13.0,No,Non-Festival,Credit Card,7,4.3,No,19797.4764
ORD100939,2024-11-15,CUST2000,Premium,Groceries,2,5284,7397.599999999999,30.0,No,Non-Festival,COD,4,2.7,No,5178.32
ORD100940,2024-08-13,CUST6667,Premium,Fashion,5,5710,25695.0,10.0,Yes,Independence Day,Credit Card,6,4.6,No,23125.5
ORD100941,2024-11-10,CUST3005,New,Home Decor,4,269,1032.96,4.0,Yes,Diwali,Wallet,4,2.8,No,991.6416
ORD100942,2024-12-30,CUST8776,New,Beauty,4,9309,26065.2,30.0,Yes,Christmas/New Year,COD,6,2.7,No,18245.64
ORD100943,2024-08-16,CUST3465,Premium,Home Decor,1,9134,9042.66,1.0,Yes,Independence Day,UPI,4,3.6,Yes,8952.2334
ORD100944,2024-10-15,CUST4967,Regular,Fashion,2,6928,8590.72,25.0,No,Non-Festival,Credit Card,7,3.4,No,6443.039999999999
ORD100945,2024-05-29,CUST4951,Regular,Electronics,1,4350,3654.0,16.0,No,Non-Festival,Wallet,1,2.6,No,3069.3599999999997
ORD100946,2024-10-03,CUST9834,Premium,Groceries,4,2733,6887.16,37.0,No,Non-Festival,Wallet,2,2.9,Yes,4338.9108
ORD100947,2024-07-16,CUST1788,Regular,Groceries,4,7610,16742.0,45.0,No,Non-Festival,Credit Card,3,3.6,No,9208.1
ORD100948,2024-03-10,CUST4508,Regular,Electronics,1,9768,6349.2,35.0,No,Non-Festival,COD,5,4.6,No,4126.9800000000005
ORD100949,2024-04-21,CUST5780,Regular,Groceries,4,8801,34499.92,2.0,No,Non-Festival,UPI,7,2.8,No,33809.921599999994
ORD100950,2024-01-04,CUST4039,Regular,Beauty,3,3207,5580.18,42.0,No,Non-Festival,Wallet,2,2.8,No,3236.5044000000007
ORD100951,2024-12-15,CUST2218,Premium,Beauty,5,8343,30034.8,28.0,No,Non-Festival,Credit Card,1,4.5,No,21625.056
ORD100952,2024-11-26,CUST3782,Premium,Beauty,2,7070,9615.2,32.0,No,Non-Festival,Credit Card,5,3.7,No,6538.336
ORD100953,2024-11-13,CUST6594,Regular,Home Decor,5,5334,23202.9,13.0,No,Non-Festival,UPI,5,3.4,No,20186.523
ORD100954,2024-12-15,CUST8853,Regular,Electronics,2,4442,5596.92,37.0,No,Non-Festival,UPI,6,3.7,No,3526.0596
ORD100955,2024-04-04,CUST8427,New,Beauty,4,5809,16729.92,25.0,No,Non-Festival,Wallet,6,3.5,No,12547.439999999999
ORD100956,2024-05-31,CUST8266,Regular,Fashion,1,7978,6222.84,22.0,No,Non-Festival,UPI,7,4.5,No,4853.8152
ORD100957,2024-11-06,CUST9462,Premium,Beauty,1,1397,1173.48,16.0,Yes,Diwali,Credit Card,4,2.5,Yes,985.7232
ORD100958,2024-05-16,CUST1054,New,Home Decor,4,2537,5276.96,48.0,No,Non-Festival,COD,3,3.6,No,2744.0192
ORD100959,2024-09-03,CUST6206,Regular,Fashion,2,8286,14914.8,10.0,No,Non-Festival,COD,6,2.9,No,13423.32
ORD100960,2024-08-30,CUST3393,Premium,Electronics,4,3393,9907.56,27.0,Yes,Raksha Bandhan,Credit Card,3,3.3,No,7232.5188
ORD100961,2024-01-31,CUST5225,New,Electronics,2,8418,15825.839999999998,6.0,No,Non-Festival,Credit Card,1,2.8,No,14876.289599999998
ORD100962,2024-02-09,CUST1241,Regular,Beauty,4,5420,12140.8,44.0,No,Non-Festival,Credit Card,6,3.6,No,6798.848
ORD100963,2024-08-16,CUST5643,Premium,Fashion,4,3173,7742.12,39.0,Yes,Independence Day,Wallet,2,4.1,No,4722.6932
ORD100964,2024-02-05,CUST9613,Regular,Fashion,4,6731,25039.32,7.0,No,Non-Festival,Credit Card,4,4.2,No,23286.5676
ORD100965,2024-08-10,CUST3413,Regular,Beauty,1,3365,2019.0,40.0,Yes,Independence Day,UPI,3,4.5,No,1211.3999999999999
ORD100966,2024-01-06,CUST2976,New,Beauty,2,1290,1857.6,28.0,No,Non-Festival,Credit Card,4,4.5,No,1337.472
ORD100967,2024-11-17,CUST6503,New,Groceries,4,8641,26268.64,24.0,No,Non-Festival,Credit Card,2,4.0,No,19964.1664
ORD100968,2024-08-07,CUST1900,Premium,Groceries,5,341,1602.6999999999998,6.0,No,Non-Festival,Wallet,5,3.4,No,1506.5379999999998
ORD100969,2024-03-15,CUST1756,Regular,Beauty,5,466,1840.7,21.0,No,Non-Festival,Credit Card,2,2.6,No,1454.153
ORD100970,2024-01-04,CUST3617,Regular,Home Decor,1,7919,7285.48,8.0,No,Non-Festival,UPI,5,3.8,Yes,6702.6416
ORD100971,2024-11-30,CUST5135,Premium,Groceries,3,4510,12177.0,25.0,No,Non-Festival,,2,2.8,Yes,9132.75
ORD100972,2024-05-13,CUST1893,Regular,Beauty,1,8880,5949.599999999999,33.0,No,Non-Festival,UPI,4,5.0,Yes,3986.231999999999
ORD100973,2024-04-27,CUST8255,Premium,Fashion,3,8887,19729.14,26.0,No,Non-Festival,Credit Card,2,4.5,No,14599.5636
ORD100974,2024-04-03,CUST1187,Premium,Groceries,1,679,346.29,49.0,No,Non-Festival,Wallet,6,3.5,No,176.6079
ORD100975,2024-03-02,CUST4308,Premium,Home Decor,5,2890,11415.5,21.0,No,Non-Festival,Wallet,3,3.7,No,9018.245
ORD100976,2024-07-12,CUST9717,Premium,Electronics,4,6199,24300.08,2.0,No,Non-Festival,Wallet,3,4.3,No,23814.078400000002
ORD100977,2024-11-30,CUST4112,Regular,Fashion,2,5136,5238.72,49.0,No,Non-Festival,UPI,1,3.8,No,2671.7472000000002
ORD100978,2024-07-21,CUST2965,Regular,Home Decor,4,2627,5569.240000000001,47.0,No,Non-Festival,Wallet,7,3.4,No,2951.6972000000005
ORD100979,2024-01-26,CUST2642,Regular,Home Decor,5,9235,28166.75,39.0,Yes,Republic Day,Credit Card,6,3.4,No,17181.7175
ORD100980,2024-06-21,CUST6994,Premium,Home Decor,2,8264,15371.04,7.0,No,Non-Festival,Credit Card,3,3.0,Yes,14295.0672
ORD100981,2024-10-26,CUST3386,Premium,Fashion,3,3415,9732.75,5.0,Yes,Diwali,COD,3,4.7,Yes,9246.1125
ORD100982,2024-05-12,CUST7974,Premium,Home Decor,3,6181,14092.68,24.0,No,Non-Festival,UPI,5,3.5,Yes,10710.4368
ORD100983,2024-11-21,CUST1296,Premium,Electronics,5,4111,20349.45,1.0,No,Non-Festival,COD,6,4.4,No,20145.9555
ORD100984,2024-04-27,CUST7526,New,Groceries,2,4277,7270.9,15.0,No,Non-Festival,COD,4,3.9,Yes,6180.264999999999
ORD100985,2024-11-19,CUST2369,Regular,Fashion,4,2549,6117.599999999999,40.0,No,Non-Festival,UPI,4,4.4,No,3670.5599999999995
ORD100986,2024-10-01,CUST8658,Regular,Home Decor,5,849,3396.0,20.0,No,Non-Festival,UPI,5,3.3,No,2716.8
ORD100987,2024-07-30,CUST8578,Regular,Beauty,3,5736,14798.88,14.0,No,Non-Festival,COD,3,4.4,No,12727.0368
ORD100988,2024-08-12,CUST6324,Premium,Groceries,5,3056,10237.6,33.0,Yes,Independence Day,,2,4.5,No,6859.191999999999
ORD100989,2024-01-20,CUST1903,Regular,Fashion,4,5778,12480.48,46.0,Yes,Republic Day,,5,2.8,No,6739.4592
ORD100990,2024-04-22,CUST3615,New,Beauty,1,1925,1116.5000000000002,42.0,No,Non-Festival,UPI,4,2.7,No,647.5700000000002
ORD100991,2024-05-19,CUST6940,Premium,Beauty,1,8316,6735.96,19.0,No,Non-Festival,Credit Card,1,5.0,No,5456.127600000001
ORD100992,2024-02-16,CUST1329,New,Home Decor,4,1554,3543.1200000000003,43.0,No,Non-Festival,COD,4,2.8,No,2019.5784000000003
ORD100993,2024-01-01,CUST5685,New,Fashion,2,1493,2090.2,30.0,No,Non-Festival,COD,2,4.2,No,1463.1399999999999
ORD100994,2024-03-30,CUST6647,Regular,Home Decor,5,3458,14869.4,14.0,Yes,Holi,COD,4,4.4,No,12787.684
ORD100995,2024-05-21,CUST7180,Regular,Electronics,4,2913,6175.56,47.0,No,Non-Festival,UPI,5,2.7,No,3273.0468000000005
ORD100996,2024-11-15,CUST2813,Premium,Beauty,1,8795,6420.349999999999,27.0,No,Non-Festival,COD,1,4.4,No,4686.8555
ORD100997,2024-02-07,CUST8581,Regular,Electronics,3,4232,12061.2,5.0,No,Non-Festival,UPI,4,3.5,No,11458.14
ORD100998,2024-10-19,CUST8850,Regular,Home Decor,4,1746,6844.32,2.0,No,Non-Festival,Credit Card,5,3.8,No,6707.433599999999
ORD100999,2024-05-18,CUST8987,Premium,Groceries,4,2806,7071.12,37.0,No,Non-Festival,Wallet,7,4.2,No,4454.8056
ORD101000,2024-12-21,CUST9822,Regular,Beauty,4,3025,9438.0,22.0,Yes,Christmas/New Year,Credit Card,5,4.6,No,7361.64
ORD101001,2024-11-28,CUST1232,Premium,Groceries,1,4406,4317.88,2.0,No,Non-Festival,COD,7,3.9,No,4231.5224
ORD101002,2024-09-15,CUST5614,Premium,Fashion,1,9204,5154.240000000001,44.0,No,Non-Festival,UPI,5,4.7,No,2886.3744000000006
ORD101003,2024-06-09,CUST2636,Regular,Beauty,4,3574,8148.720000000001,43.0,No,Non-Festival,COD,1,2.6,No,4644.770400000001
ORD101004,2024-06-26,CUST5955,Regular,Electronics,4,9321,34674.119999999995,7.0,No,Non-Festival,Credit Card,5,4.3,No,32246.931599999993
ORD101005,2024-01-10,CUST4321,Regular,Groceries,2,7840,15523.2,1.0,No,Non-Festival,Wallet,1,2.9,No,15367.968
ORD101006,2024-09-17,CUST9382,Premium,Fashion,3,7134,20117.88,6.0,No,Non-Festival,Wallet,6,3.2,No,18910.8072
ORD101007,2024-05-17,CUST9473,Regular,Beauty,5,6278,26367.6,16.0,No,Non-Festival,UPI,7,3.9,No,22148.784
ORD101008,2024-06-20,CUST1785,New,Fashion,5,3523,16558.1,6.0,No,Non-Festival,Credit Card,2,3.2,No,15564.613999999998
ORD101009,2024-01-13,CUST1492,Regular,Electronics,5,8566,29124.4,32.0,No,Non-Festival,Credit Card,2,2.9,No,19804.592
ORD101010,2024-06-16,CUST2769,Regular,Beauty,1,7305,4748.25,35.0,No,Non-Festival,UPI,2,4.7,No,3086.3625
ORD101011,2024-05-09,CUST2753,Regular,Fashion,1,1563,844.0200000000001,46.0,No,Non-Festival,UPI,6,4.8,No,455.77080000000007
ORD101012,2024-03-24,CUST6338,Regular,Home Decor,2,9429,18292.26,3.0,Yes,Holi,UPI,5,2.6,No,17743.492199999997
ORD101013,2024-11-16,CUST5763,Regular,Beauty,1,7689,4382.7300000000005,43.0,No,Non-Festival,COD,1,3.8,No,2498.1561000000006
ORD101014,2024-11-14,CUST1647,Premium,Beauty,4,8151,27713.4,15.0,No,Non-Festival,COD,6,3.0,No,23556.39
ORD101015,2024-04-10,CUST6884,Premium,Beauty,3,3211,7706.400000000001,20.0,No,Non-Festival,UPI,2,4.7,No,6165.120000000001
ORD101016,2024-11-24,CUST7456,Regular,Beauty,3,2290,5702.099999999999,17.0,No,Non-Festival,UPI,3,3.7,No,4732.7429999999995
ORD101017,2024-09-29,CUST7613,Regular,Home Decor,3,8852,14605.8,45.0,No,Non-Festival,Wallet,2,3.7,No,8033.1900000000005
ORD101018,2024-09-21,CUST3696,Premium,Electronics,3,348,574.2,45.0,No,Non-Festival,Wallet,5,4.1,No,315.81000000000006
ORD101019,2024-02-07,CUST1797,Premium,Home Decor,5,4633,16910.45,27.0,No,Non-Festival,COD,7,2.6,No,12344.6285
ORD101020,2024-04-03,CUST6589,Regular,Home Decor,5,5298,15364.200000000004,42.0,No,Non-Festival,Wallet,6,2.8,No,8911.236000000004
ORD101021,2024-04-04,CUST5457,New,Fashion,4,1333,4532.2,15.0,No,Non-Festival,UPI,3,3.7,No,3852.37
ORD101022,2024-10-31,CUST1096,Regular,Groceries,2,553,597.24,46.0,Yes,Diwali,Credit Card,6,4.9,No,322.50960000000003
ORD101023,2024-03-09,CUST2574,Premium,Groceries,1,9499,7504.21,21.0,No,Non-Festival,UPI,4,4.6,Yes,5928.325900000001
ORD101024,2024-11-13,CUST6744,Regular,Fashion,1,2313,2197.35,5.0,No,Non-Festival,Wallet,3,4.7,No,2087.4824999999996
ORD101025,2024-08-23,CUST3115,Regular,Home Decor,5,7755,27530.25,29.0,No,Non-Festival,COD,4,2.8,No,19546.477499999997
ORD101026,2024-11-29,CUST9964,New,Fashion,3,6210,10432.8,44.0,No,Non-Festival,UPI,3,4.9,No,5842.368
ORD101027,2024-05-16,CUST5042,Regular,Beauty,4,3885,11344.2,27.0,No,Non-Festival,UPI,1,4.3,No,8281.266
ORD101028,2024-03-16,CUST6763,Premium,Fashion,2,3406,5722.08,16.0,No,Non-Festival,Wallet,3,3.3,No,4806.5472
ORD101029,2024-02-04,CUST8767,Regular,Fashion,5,1309,4254.25,35.0,No,Non-Festival,Credit Card,2,4.7,Yes,2765.2625000000003
ORD101030,2024-01-01,CUST5799,Premium,Beauty,4,8618,30680.08,11.0,No,Non-Festival,UPI,7,4.4,No,27305.271200000003
ORD101031,2024-10-22,CUST3669,New,Groceries,4,9404,19184.16,49.0,Yes,Diwali,COD,4,4.3,No,9783.9216
ORD101032,2024-11-15,CUST8802,Regular,Beauty,5,3306,10083.3,39.0,No,Non-Festival,COD,4,4.3,No,6150.812999999999
ORD101033,2024-02-29,CUST1821,New,Electronics,4,4136,14724.16,11.0,No,Non-Festival,Credit Card,6,4.5,No,13104.5024
ORD101034,2024-11-15,CUST5684,Premium,Fashion,3,9858,19223.1,35.0,No,Non-Festival,Wallet,2,4.9,No,12495.015
ORD101035,2024-12-14,CUST6660,Premium,Fashion,4,8661,21132.84,39.0,No,Non-Festival,Credit Card,1,2.8,No,12891.0324
ORD101036,2024-11-23,CUST7910,Premium,Groceries,2,4006,5768.639999999999,25.0,No,Non-Festival,COD,3,5.0,No,4326.48
ORD101037,2024-09-23,CUST1633,New,Home Decor,4,6749,26726.04,1.0,No,Non-Festival,UPI,1,4.7,No,26458.7796
ORD101038,2024-12-26,CUST2136,Regular,Beauty,1,9923,7144.56,28.0,Yes,Christmas/New Year,COD,2,3.8,No,5144.0832
ORD101039,2024-08-16,CUST4185,Regular,Home Decor,4,8695,24693.8,29.0,Yes,Independence Day,Credit Card,7,2.9,No,17532.597999999998
ORD101040,2024-09-26,CUST4427,New,Electronics,5,5348,17381.0,35.0,No,Non-Festival,COD,3,3.6,No,11297.65
ORD101041,2024-11-11,CUST5803,Premium,Beauty,1,2132,1215.2400000000002,43.0,No,Non-Festival,Wallet,2,4.4,No,692.6868000000002
ORD101042,2024-10-12,CUST9298,Regular,Electronics,5,2240,8512.0,24.0,No,Non-Festival,Credit Card,4,4.0,No,6469.12
ORD101043,2024-10-17,CUST4350,Premium,Electronics,2,8134,13014.4,20.0,No,Non-Festival,COD,4,3.2,No,10411.52
ORD101044,2024-07-31,CUST7028,Premium,Electronics,3,8533,20223.21,21.0,No,Non-Festival,UPI,4,3.5,No,15976.3359
ORD101045,2024-06-13,CUST7283,Regular,Beauty,2,6989,12719.98,9.0,No,Non-Festival,UPI,5,4.9,No,11575.1818
ORD101046,2024-01-05,CUST3205,Regular,Beauty,1,5975,4182.5,30.0,No,Non-Festival,Credit Card,5,4.5,No,2927.75
ORD101047,2024-12-04,CUST9741,Premium,Groceries,3,9200,14904.000000000002,46.0,No,Non-Festival,UPI,4,3.8,No,8048.160000000002
ORD101048,2024-03-18,CUST8106,Regular,Fashion,4,1147,4220.96,8.0,No,Non-Festival,Credit Card,7,3.9,No,3883.2832000000003
ORD101049,2024-03-02,CUST5156,Premium,Home Decor,1,965,579.0,40.0,No,Non-Festival,UPI,5,4.8,No,347.4
ORD101050,2024-05-11,CUST7766,New,Home Decor,3,7372,13711.92,38.0,No,Non-Festival,COD,7,2.6,No,8501.3904
ORD101051,2024-03-29,CUST9191,Regular,Electronics,5,5215,17470.249999999996,33.0,Yes,Holi,UPI,5,2.6,No,11705.067499999996
ORD101052,2024-08-24,CUST6674,Regular,Beauty,3,9330,17353.8,38.0,No,Non-Festival,COD,6,4.3,No,10759.356
ORD101053,2024-02-11,CUST3103,Regular,Beauty,5,2696,8088.0,40.0,No,Non-Festival,Credit Card,2,3.9,Yes,4852.8
ORD101054,2024-03-29,CUST7630,Regular,Electronics,5,3762,9593.1,49.0,Yes,Holi,UPI,6,2.6,No,4892.481000000001
ORD101055,2024-10-22,CUST7990,Premium,Fashion,3,1462,3421.08,22.0,Yes,Diwali,Wallet,7,5.0,No,2668.4424
ORD101056,2024-11-23,CUST2095,Regular,Home Decor,2,6593,11735.54,11.0,No,Non-Festival,Wallet,3,4.0,No,10444.6306
ORD101057,2024-10-21,CUST2454,Premium,Groceries,2,5250,9870.0,6.0,Yes,Diwali,Wallet,4,3.7,No,9277.8
ORD101058,2024-04-13,CUST9042,Regular,Fashion,5,5610,19354.5,31.0,No,Non-Festival,UPI,6,3.6,No,13354.605
ORD101059,2024-01-14,CUST1463,Regular,Beauty,1,742,608.44,18.0,No,Non-Festival,COD,6,4.3,No,498.9208000000001
ORD101060,2024-10-14,CUST4587,Regular,Electronics,3,6864,16267.68,21.0,No,Non-Festival,Credit Card,5,3.6,No,12851.467200000001
ORD101061,2024-06-27,CUST9679,Regular,Home Decor,1,7923,6734.55,15.0,No,Non-Festival,UPI,2,4.1,Yes,5724.3675
ORD101062,2024-05-04,CUST5731,Regular,Electronics,2,2981,5544.66,7.0,No,Non-Festival,Credit Card,2,3.7,No,5156.533799999999
ORD101063,2024-12-18,CUST4142,Regular,Beauty,1,2812,1996.52,29.0,No,Non-Festival,Credit Card,6,4.0,No,1417.5292
ORD101064,2024-01-23,CUST3295,New,Electronics,4,1399,5316.2,5.0,Yes,Republic Day,UPI,3,4.5,No,5050.389999999999
ORD101065,2024-03-03,CUST3956,Premium,Home Decor,4,7232,28638.72,1.0,No,Non-Festival,COD,7,4.5,No,28352.3328
ORD101066,2024-05-22,CUST2257,Regular,Electronics,2,6523,8740.82,33.0,No,Non-Festival,Wallet,2,4.6,No,5856.349399999999
ORD101067,2024-06-01,CUST2690,Regular,Home Decor,1,4888,3519.36,28.0,No,Non-Festival,Credit Card,1,3.0,No,2533.9392
ORD101068,2024-05-24,CUST5427,Regular,Electronics,3,4986,9124.38,39.0,No,Non-Festival,Credit Card,1,2.7,No,5565.871799999999
ORD101069,2024-08-12,CUST9732,Regular,Electronics,2,3881,4579.580000000001,41.0,Yes,Independence Day,UPI,4,4.6,No,2701.952200000001
ORD101070,2024-11-04,CUST2419,Regular,Home Decor,4,5429,12595.28,42.0,Yes,Diwali,Credit Card,6,2.6,No,7305.262400000001
ORD101071,2024-04-13,CUST9216,Regular,Electronics,2,3695,5985.900000000001,19.0,No,Non-Festival,UPI,3,3.0,No,4848.579000000001
ORD101072,2024-04-13,CUST6785,Regular,Fashion,1,9056,8874.88,2.0,No,Non-Festival,Credit Card,6,3.8,No,8697.382399999999
ORD101073,2024-02-08,CUST5634,Regular,Groceries,1,6278,3327.34,47.0,No,Non-Festival,COD,1,4.6,No,1763.4902000000002
ORD101074,2024-07-16,CUST6816,Regular,Fashion,1,3362,2218.92,34.0,No,Non-Festival,COD,7,4.7,No,1464.4871999999998
ORD101075,2024-05-13,CUST8344,Regular,Groceries,5,1616,7514.4,7.0,No,Non-Festival,Wallet,3,4.1,No,6988.391999999999
ORD101076,2024-03-07,CUST9613,Premium,Fashion,1,3308,2944.12,11.0,No,Non-Festival,Wallet,7,4.9,No,2620.2668
ORD101077,2024-06-27,CUST3766,Regular,Groceries,4,8908,18172.32,49.0,No,Non-Festival,,4,4.3,Yes,9267.8832
ORD101078,2024-02-11,CUST9042,Regular,Electronics,4,9241,20699.840000000004,44.0,No,Non-Festival,Wallet,2,3.8,No,11591.910400000002
ORD101079,2024-01-15,CUST1986,Premium,Home Decor,5,8029,23284.1,42.0,No,Non-Festival,Wallet,2,2.8,No,13504.778
ORD101080,2024-04-20,CUST8622,New,Home Decor,4,1107,3055.32,31.0,No,Non-Festival,Wallet,2,3.6,No,2108.1708
ORD101081,2024-06-05,CUST8371,New,Beauty,4,8707,25076.16,28.0,No,Non-Festival,COD,1,4.6,No,18054.835199999998
ORD101082,2024-10-15,CUST3990,Premium,Groceries,2,7773,8705.76,44.0,No,Non-Festival,Wallet,7,3.2,No,4875.225600000001
ORD101083,2024-08-18,CUST7296,Regular,Beauty,1,9899,7919.200000000001,20.0,Yes,Independence Day,UPI,3,3.9,No,6335.360000000001
ORD101084,2024-06-05,CUST5084,Premium,Beauty,2,9910,19423.6,2.0,No,Non-Festival,Wallet,1,5.0,Yes,19035.127999999997
ORD101085,2024-02-07,CUST2021,Premium,Groceries,2,2134,2688.84,37.0,No,Non-Festival,UPI,5,2.9,No,1693.9692
ORD101086,2024-04-06,CUST9536,Regular,Home Decor,4,6151,18206.96,26.0,No,Non-Festival,Wallet,3,2.8,No,13473.150399999999
ORD101087,2024-10-15,CUST6791,Premium,Groceries,3,4544,13359.36,2.0,No,Non-Festival,UPI,4,4.5,No,13092.1728
ORD101088,2024-09-10,CUST3420,New,Electronics,1,7626,7626.0,0.0,No,Non-Festival,Wallet,7,2.6,No,7626.0
ORD101089,2024-07-14,CUST9936,Regular,Beauty,3,6534,10781.1,45.0,No,Non-Festival,UPI,1,4.1,No,5929.6050000000005
ORD101090,2024-03-26,CUST1575,Regular,Beauty,4,2822,9143.28,19.0,Yes,,Wallet,2,3.3,No,7406.056800000001
ORD101091,2024-11-17,CUST6354,Regular,Groceries,5,9248,43465.6,6.0,No,Non-Festival,UPI,2,4.3,No,40857.664
ORD101092,2024-01-10,CUST5419,Regular,Beauty,2,5765,6918.0,40.0,No,Non-Festival,COD,2,2.8,No,4150.8
ORD101093,2024-01-05,CUST5768,Regular,Home Decor,4,1725,6900.0,0.0,No,Non-Festival,Credit Card,1,3.3,No,6900.0
ORD101094,2024-05-02,CUST7926,Premium,Beauty,4,1616,5882.24,9.0,No,Non-Festival,Credit Card,7,2.5,No,5352.8384
ORD101095,2024-11-25,CUST8927,Premium,Groceries,3,1994,3349.9200000000005,44.0,No,Non-Festival,COD,1,3.1,No,1875.9552000000006
ORD101096,2024-12-18,CUST4601,Regular,Home Decor,5,2920,12994.0,11.0,No,Non-Festival,COD,2,3.7,No,11564.66
ORD101097,2024-04-27,CUST7459,New,Home Decor,2,7026,13630.44,3.0,No,Non-Festival,UPI,2,2.9,No,13221.5268
ORD101098,2024-10-20,CUST8482,Regular,Beauty,5,6995,32876.5,6.0,Yes,Diwali,UPI,2,4.0,No,30903.91
ORD101099,2024-06-07,CUST4775,Regular,Groceries,5,3876,17635.8,9.0,No,Non-Festival,Wallet,5,2.8,No,16048.578
ORD101100,2024-10-29,CUST7213,Premium,Beauty,5,5276,20840.2,21.0,Yes,Diwali,Wallet,1,4.4,No,16463.758
ORD101101,2024-08-15,CUST8557,Premium,Electronics,1,6569,4992.4400000000005,24.0,Yes,Independence Day,Credit Card,2,4.8,Yes,3794.2544000000003
ORD101102,2024-12-30,CUST5270,Premium,Electronics,5,8744,31478.4,28.0,Yes,Christmas/New Year,Credit Card,4,3.5,No,22664.448
ORD101103,2024-08-03,CUST3046,New,Home Decor,4,9819,24351.12,38.0,No,Non-Festival,UPI,2,3.8,No,15097.694399999998
ORD101104,2024-07-02,CUST8840,Premium,Beauty,1,6026,5182.36,14.0,No,Non-Festival,UPI,7,3.7,No,4456.8296
ORD101105,2024-01-15,CUST1457,New,Electronics,1,2392,1961.44,18.0,No,Non-Festival,COD,1,4.5,No,1608.3808000000001
ORD101106,2024-06-05,CUST7288,Regular,Fashion,5,3736,11581.6,38.0,No,Non-Festival,UPI,4,5.0,Yes,7180.592000000001
ORD101107,2024-05-15,CUST7785,Premium,Electronics,4,7499,16497.800000000003,45.0,No,Non-Festival,Wallet,7,4.3,No,9073.790000000003
ORD101108,2024-09-17,CUST1546,New,Beauty,2,9508,10458.8,45.0,No,Non-Festival,COD,6,3.0,No,5752.34
ORD101109,2024-06-05,CUST2823,Premium,Beauty,5,2520,10458.0,17.0,No,Non-Festival,UPI,6,4.2,No,8680.14
ORD101110,2024-02-16,CUST9260,Regular,Electronics,1,8071,4761.89,41.0,No,Non-Festival,Wallet,6,4.0,No,2809.5151000000005
ORD101111,2024-11-19,CUST2022,Premium,Beauty,2,733,1436.68,2.0,No,Non-Festival,Wallet,7,3.0,No,1407.9464
ORD101112,2024-11-27,CUST8138,Premium,Beauty,2,9609,18257.1,5.0,No,Non-Festival,Credit Card,1,3.1,No,17344.245
ORD101113,2024-06-21,CUST6221,Regular,Fashion,1,5551,4385.29,21.0,No,Non-Festival,COD,1,4.1,No,3464.3791
ORD101114,2024-05-09,CUST4041,New,Home Decor,2,2179,2614.8,40.0,No,Non-Festival,Credit Card,7,4.5,No,1568.88
ORD101115,2024-04-04,CUST8905,Regular,Beauty,4,2276,5007.200000000001,45.0,No,Non-Festival,COD,1,4.4,No,2753.9600000000005
ORD101116,2024-04-24,CUST9277,Regular,Groceries,4,8923,24984.4,30.0,No,Non-Festival,COD,3,4.0,No,17489.079999999998
ORD101117,2024-08-30,CUST3094,New,Home Decor,5,4435,17740.0,20.0,Yes,Raksha Bandhan,Credit Card,7,4.8,No,14192.0
ORD101118,2024-10-18,CUST3765,Regular,Home Decor,5,6441,29950.65,7.0,No,Non-Festival,Credit Card,4,4.3,No,27854.1045
ORD101119,2024-10-08,CUST8816,Regular,Groceries,2,4314,8628.0,0.0,No,Non-Festival,UPI,5,3.9,No,8628.0
ORD101120,2024-10-25,CUST6601,Premium,Electronics,1,2784,2728.32,2.0,Yes,Diwali,COD,5,4.5,No,2673.7536
ORD101121,2024-10-09,CUST3821,Premium,Fashion,4,9940,28627.2,28.0,No,Non-Festival,UPI,3,3.2,No,20611.584
ORD101122,2024-03-09,CUST7788,Regular,Beauty,3,1688,4810.8,5.0,No,Non-Festival,,1,3.8,No,4570.26
ORD101123,2024-05-27,CUST1458,New,Electronics,5,3859,13120.6,32.0,No,Non-Festival,Wallet,5,4.9,No,8922.008
ORD101124,2024-01-11,CUST7619,Premium,Groceries,4,6602,21918.64,17.0,No,Non-Festival,UPI,4,4.9,No,18192.4712
ORD101125,2024-09-10,CUST5058,Premium,Fashion,2,8247,9731.46,41.0,No,Non-Festival,Credit Card,7,4.7,No,5741.5614000000005
ORD101126,2024-11-25,CUST2406,Premium,Fashion,4,427,888.1600000000001,48.0,No,Non-Festival,Wallet,2,3.0,No,461.8432000000001
ORD101127,2024-12-25,CUST2537,Premium,Fashion,4,4671,18684.0,0.0,Yes,Christmas/New Year,Credit Card,7,4.0,No,18684.0
ORD101128,2024-02-07,CUST5324,Regular,Groceries,2,5442,8598.36,21.0,No,Non-Festival,Wallet,4,3.8,No,6792.7044000000005
ORD101129,2024-05-13,CUST6028,Regular,Electronics,5,7823,27380.5,30.0,No,Non-Festival,Wallet,1,3.0,No,19166.35
ORD101130,2024-07-18,CUST2851,Premium,Beauty,5,4552,17752.8,22.0,No,Non-Festival,UPI,4,3.6,No,13847.184
ORD101131,2024-01-23,CUST4674,New,Fashion,3,5128,14307.12,7.0,Yes,Republic Day,Credit Card,6,3.7,No,13305.6216
ORD101132,2024-10-29,CUST6717,Regular,Fashion,3,7515,16232.4,28.0,Yes,Diwali,UPI,1,3.1,No,11687.328
ORD101133,2024-12-11,CUST5974,Premium,Electronics,5,898,2559.3,43.0,No,Non-Festival,Wallet,4,4.9,No,1458.8010000000002
ORD101134,2024-10-28,CUST9104,New,Fashion,5,637,1751.7500000000002,45.0,Yes,Diwali,COD,3,3.7,No,963.4625000000002
ORD101135,2024-12-28,CUST3982,Regular,Fashion,5,6019,24677.9,18.0,Yes,Christmas/New Year,COD,7,3.8,No,20235.878000000004
ORD101136,2024-08-05,CUST6867,Regular,Groceries,5,6380,16588.0,48.0,No,Non-Festival,Wallet,4,4.0,No,8625.76
ORD101137,2024-05-20,CUST1068,Regular,Home Decor,4,2353,8000.2,15.0,No,Non-Festival,Credit Card,7,4.7,No,6800.17
ORD101138,2024-04-13,CUST8906,Premium,Electronics,3,6238,15345.48,18.0,No,Non-Festival,Credit Card,6,3.8,No,12583.2936
ORD101139,2024-07-28,CUST9155,Regular,Electronics,2,6208,7946.24,36.0,No,Non-Festival,Credit Card,5,3.9,No,5085.5936
ORD101140,2024-04-20,CUST2493,Regular,Electronics,1,6575,5194.25,21.0,No,Non-Festival,COD,2,3.1,No,4103.4575
ORD101141,2024-04-13,CUST7757,Premium,Groceries,2,5336,8751.04,18.0,No,Non-Festival,UPI,3,4.0,No,7175.8528000000015
ORD101142,2024-11-11,CUST4024,Premium,Groceries,1,5478,5313.66,3.0,No,Non-Festival,Credit Card,4,3.5,No,5154.2501999999995
ORD101143,2024-06-19,CUST2860,Regular,Beauty,4,1159,4450.56,4.0,No,Non-Festival,UPI,1,4.1,No,4272.537600000001
ORD101144,2024-12-21,CUST6456,Regular,Groceries,3,8669,24966.72,4.0,Yes,Christmas/New Year,Credit Card,3,3.3,No,23968.0512
ORD101145,2024-11-19,CUST1011,Premium,Electronics,1,4420,3359.2,24.0,No,Non-Festival,Credit Card,5,4.3,No,2552.9919999999997
ORD101146,2024-05-12,CUST2143,New,Beauty,5,3956,15230.6,23.0,No,Non-Festival,Credit Card,2,4.0,No,11727.562
ORD101147,2024-10-19,CUST3775,New,Home Decor,4,7787,31148.0,0.0,No,Non-Festival,UPI,6,3.7,No,31148.0
ORD101148,2024-11-23,CUST1633,Premium,Fashion,1,9735,4964.85,49.0,No,Non-Festival,UPI,2,2.7,No,2532.0735000000004
ORD101149,2024-05-06,CUST9523,Regular,Fashion,5,4970,18140.5,27.0,No,Non-Festival,UPI,4,4.1,No,13242.565
ORD101150,2024-04-15,CUST7301,Regular,Beauty,4,9106,19668.960000000003,46.0,No,Non-Festival,Wallet,6,4.6,No,10621.238400000002
ORD101151,2024-04-01,CUST9517,Regular,Home Decor,1,9897,7917.6,20.0,No,Non-Festival,,5,2.9,Yes,6334.080000000001
ORD101152,2024-10-13,CUST8846,Regular,Fashion,5,4121,16896.100000000002,18.0,No,Non-Festival,Wallet,5,2.7,No,13854.802000000003
ORD101153,2024-02-20,CUST2935,Premium,Beauty,3,2914,6818.76,22.0,No,Non-Festival,COD,2,2.6,Yes,5318.6328
ORD101154,2024-01-29,CUST6938,Regular,Groceries,4,1547,5383.56,13.0,Yes,Republic Day,Wallet,2,2.6,No,4683.6972000000005
ORD101155,2024-10-22,CUST3798,Regular,Electronics,1,5208,4947.599999999999,5.0,Yes,Diwali,COD,5,4.6,No,4700.219999999999
ORD101156,2024-10-23,CUST3781,New,Home Decor,5,6285,21683.25,31.0,Yes,Diwali,UPI,7,4.3,No,14961.4425
ORD101157,2024-08-01,CUST5878,Regular,Fashion,3,8369,12804.57,49.0,No,Non-Festival,COD,2,3.0,No,6530.3306999999995
ORD101158,2024-09-23,CUST2920,Regular,Electronics,5,5068,17484.6,31.0,No,Non-Festival,Credit Card,1,4.8,No,12064.373999999998
ORD101159,2024-09-13,CUST3632,Regular,Beauty,3,4160,11606.4,7.0,No,Non-Festival,UPI,2,2.8,No,10793.952
ORD101160,2024-10-28,CUST3815,Premium,Fashion,1,2705,1731.2,36.0,Yes,Diwali,Wallet,1,3.4,No,1107.968
ORD101161,2024-04-10,CUST8575,Premium,Electronics,5,5296,20919.2,21.0,No,Non-Festival,Credit Card,6,3.6,No,16526.168
ORD101162,2024-12-11,CUST5809,Regular,Groceries,5,7575,35223.75,7.0,No,Non-Festival,Credit Card,2,2.7,No,32758.087499999998
ORD101163,2024-04-19,CUST4136,Premium,Home Decor,2,1937,2440.62,37.0,No,Non-Festival,UPI,3,3.4,No,1537.5906
ORD101164,2024-06-30,CUST6633,Premium,Beauty,4,1308,4761.12,9.0,No,Non-Festival,Credit Card,3,2.8,No,4332.6192
ORD101165,2024-11-08,CUST8016,New,Fashion,5,2879,14107.1,2.0,Yes,Diwali,UPI,7,4.5,No,13824.958
ORD101166,2024-01-01,CUST3333,New,Groceries,3,1237,3265.68,12.0,No,Non-Festival,COD,7,2.6,No,2873.7983999999997
ORD101167,2024-11-14,CUST9986,New,Home Decor,4,5960,14780.8,38.0,No,Non-Festival,UPI,6,2.5,Yes,9164.096
ORD101168,2024-02-24,CUST7250,Premium,Home Decor,1,9303,6605.13,29.0,No,Non-Festival,UPI,6,4.3,No,4689.6422999999995
ORD101169,2024-05-28,CUST6087,Regular,Groceries,4,2296,8908.48,3.0,No,Non-Festival,Wallet,7,4.5,No,8641.2256
ORD101170,2024-11-04,CUST8440,Regular,Fashion,2,558,624.96,44.0,Yes,Diwali,Credit Card,3,3.7,No,349.97760000000005
ORD101171,2024-05-16,CUST7832,Regular,Home Decor,1,6153,5845.349999999999,5.0,No,Non-Festival,Wallet,6,3.3,No,5553.0824999999995
ORD101172,2024-07-20,CUST2791,Premium,Beauty,5,1276,5423.0,15.0,No,Non-Festival,Wallet,1,3.1,Yes,4609.55
ORD101173,2024-11-08,CUST4512,New,Electronics,1,7436,5874.4400000000005,21.0,Yes,Diwali,Wallet,7,2.8,Yes,4640.807600000001
ORD101174,2024-04-26,CUST8288,Premium,Beauty,1,5871,4344.54,26.0,No,Non-Festival,Wallet,1,3.7,No,3214.9596
ORD101175,2024-06-02,CUST7903,Regular,Home Decor,2,6015,9624.0,20.0,No,Non-Festival,Wallet,4,3.7,No,7699.200000000001
ORD101176,2024-10-17,CUST5842,Premium,Electronics,3,5964,12882.24,28.0,No,Non-Festival,Credit Card,4,3.6,Yes,9275.2128
ORD101177,2024-03-03,CUST9550,New,Groceries,1,5174,5174.0,0.0,No,Non-Festival,Credit Card,2,4.4,No,5174.0
ORD101178,2024-08-31,CUST2372,Premium,Electronics,3,3727,7938.509999999999,29.0,Yes,Raksha Bandhan,Credit Card,1,2.7,No,5636.342099999999
ORD101179,2024-01-25,CUST5156,New,Electronics,4,2502,7706.16,23.0,Yes,Republic Day,Wallet,7,4.2,No,5933.7432
ORD101180,2024-03-30,CUST7778,New,Electronics,2,9996,17592.96,12.0,Yes,Holi,Credit Card,3,3.5,No,15481.8048
ORD101181,2024-03-15,CUST2727,New,Home Decor,5,1275,4526.25,29.0,No,Non-Festival,Wallet,3,3.1,No,3213.6375
ORD101182,2024-10-20,CUST7532,Premium,Fashion,1,4248,3186.0,25.0,Yes,Diwali,Credit Card,7,4.2,Yes,2389.5
ORD101183,2024-07-28,CUST4603,Premium,Home Decor,3,528,1061.28,33.0,No,Non-Festival,Credit Card,3,3.0,No,711.0575999999999
ORD101184,2024-12-12,CUST5005,Regular,Fashion,1,3677,2978.3700000000003,19.0,No,Non-Festival,Credit Card,2,3.8,No,2412.4797000000003
ORD101185,2024-01-17,CUST9330,Regular,Groceries,2,7324,13915.6,5.0,No,Non-Festival,Credit Card,1,5.0,No,13219.82
ORD101186,2024-05-07,CUST6396,Premium,Groceries,5,1202,3485.8000000000006,42.0,No,Non-Festival,UPI,6,4.7,No,2021.7640000000006
ORD101187,2024-12-29,CUST9139,Regular,Groceries,4,8968,18653.44,48.0,Yes,Christmas/New Year,Credit Card,2,4.2,No,9699.7888
ORD101188,2024-09-07,CUST5316,New,Groceries,4,8718,32082.24,8.0,No,Non-Festival,Credit Card,6,3.3,No,29515.6608
ORD101189,2024-06-27,CUST5399,Regular,Groceries,3,6586,12645.12,36.0,No,Non-Festival,UPI,5,3.8,No,8092.876800000001
ORD101190,2024-06-30,CUST3228,New,Beauty,4,9919,25392.64,36.0,No,Non-Festival,COD,5,2.8,No,16251.2896
ORD101191,2024-05-31,CUST5827,Regular,Home Decor,3,3021,7703.55,15.0,No,Non-Festival,COD,4,3.3,Yes,6548.0175
ORD101192,2024-01-25,CUST8273,Regular,Fashion,5,9857,47806.45,3.0,Yes,Republic Day,UPI,6,2.7,No,46372.256499999996
ORD101193,2024-06-28,CUST9340,New,Groceries,1,2580,1780.1999999999998,31.0,No,Non-Festival,COD,1,4.0,Yes,1228.3379999999997
ORD101194,2024-07-16,CUST2817,Regular,Beauty,2,8886,14395.320000000002,19.0,No,Non-Festival,Credit Card,6,4.6,No,11660.209200000001
ORD101195,2024-12-09,CUST7520,Regular,Beauty,5,9530,34308.0,28.0,No,Non-Festival,Wallet,6,4.5,No,24701.76
ORD101196,2024-06-09,CUST3042,Regular,Beauty,5,2616,9156.0,30.0,No,Non-Festival,Wallet,3,4.6,No,6409.2
ORD101197,2024-06-25,CUST1564,Premium,Home Decor,4,9748,21835.52,44.0,No,Non-Festival,Credit Card,1,2.9,Yes,12227.891200000002
ORD101198,2024-10-11,CUST1600,Regular,Groceries,4,9545,32071.2,16.0,No,Non-Festival,Credit Card,7,4.1,No,26939.808
ORD101199,2024-03-03,CUST7298,Premium,Beauty,2,3449,4138.8,40.0,No,Non-Festival,COD,6,4.9,No,2483.28
ORD101200,2024-05-29,CUST6109,Premium,Beauty,1,2342,1779.92,24.0,No,Non-Festival,UPI,6,4.5,No,1352.7392
ORD101201,2024-06-02,CUST6517,Premium,Groceries,5,3588,10046.4,44.0,No,Non-Festival,Wallet,6,2.5,No,5625.984
ORD101202,2024-06-04,CUST9854,Premium,Home Decor,4,9516,32354.4,15.0,No,Non-Festival,Credit Card,4,4.7,No,27501.24
ORD101203,2024-02-18,CUST9492,Premium,Beauty,5,5515,22335.75,19.0,No,Non-Festival,UPI,7,4.3,No,18091.9575
ORD101204,2024-12-02,CUST1783,Regular,Fashion,1,9193,5423.870000000001,41.0,No,Non-Festival,UPI,3,2.8,No,3200.0833000000007
ORD101205,2024-03-24,CUST5008,New,Electronics,3,407,1111.11,9.0,Yes,Holi,,2,3.3,No,1011.1101
ORD101206,2024-12-26,CUST8556,Regular,Electronics,1,8864,4697.92,47.0,Yes,Christmas/New Year,UPI,3,2.8,No,2489.8976000000002
ORD101207,2024-06-25,CUST4715,Premium,Electronics,5,1838,7168.2,22.0,No,Non-Festival,Wallet,6,4.3,No,5591.196
ORD101208,2024-05-27,CUST3014,Regular,Home Decor,5,5327,18111.8,32.0,No,Non-Festival,Wallet,6,2.5,No,12316.023999999998
ORD101209,2024-04-27,CUST3524,New,Beauty,2,8527,9891.320000000002,42.0,No,Non-Festival,UPI,7,3.7,No,5736.965600000001
ORD101210,2024-12-07,CUST1223,Regular,Electronics,5,4556,20046.4,12.0,No,Non-Festival,Credit Card,5,5.0,No,17640.832000000002
ORD101211,2024-03-03,CUST4433,Regular,Electronics,4,9562,29068.48,24.0,No,Non-Festival,UPI,2,4.6,No,22092.0448
ORD101212,2024-07-07,CUST4604,Premium,Groceries,2,8849,9025.98,49.0,No,Non-Festival,COD,6,4.0,No,4603.2498
ORD101213,2024-12-25,CUST4502,Premium,Beauty,5,6224,19916.8,36.0,Yes,Christmas/New Year,Credit Card,7,4.2,No,12746.752
ORD101214,2024-02-18,CUST5442,Regular,Beauty,1,7805,5073.25,35.0,No,Non-Festival,Credit Card,3,4.0,No,3297.6125
ORD101215,2024-11-22,CUST2846,Premium,Groceries,5,1636,6298.6,23.0,No,Non-Festival,Credit Card,7,4.5,No,4849.9220000000005
ORD101216,2024-09-13,CUST5310,Premium,Beauty,1,6575,6246.25,5.0,No,Non-Festival,Wallet,2,4.7,No,5933.9375
ORD101217,2024-08-11,CUST2109,New,Fashion,1,8898,7652.28,14.0,Yes,Independence Day,Credit Card,5,4.4,No,6580.9608
ORD101218,2024-05-20,CUST1641,Premium,Home Decor,5,6447,21597.45,33.0,No,Non-Festival,Credit Card,5,3.0,No,14470.2915
ORD101219,2024-08-02,CUST3613,Regular,Groceries,1,8837,8571.89,3.0,No,Non-Festival,Wallet,1,3.4,No,8314.7333
ORD101220,2024-07-29,CUST4333,Regular,Electronics,3,2981,7780.41,13.0,No,Non-Festival,Wallet,6,4.5,Yes,6768.9567
ORD101221,2024-11-13,CUST9972,New,Beauty,2,643,1247.42,3.0,No,Non-Festival,Wallet,7,4.6,No,1209.9974
ORD101222,2024-02-01,CUST1034,New,Fashion,5,317,1157.05,27.0,No,Non-Festival,Credit Card,5,4.1,No,844.6465
ORD101223,2024-06-06,CUST4445,Regular,Fashion,3,9932,21453.12,28.0,No,Non-Festival,Credit Card,5,4.3,No,15446.246399999998
ORD101224,2024-10-11,CUST4202,Regular,Home Decor,1,766,635.78,17.0,No,Non-Festival,Wallet,5,2.9,No,527.6973999999999
ORD101225,2024-10-31,CUST5085,Premium,Fashion,1,3802,3079.6200000000003,19.0,Yes,Diwali,Wallet,6,3.4,No,2494.4922000000006
ORD101226,2024-10-12,CUST9079,Regular,Beauty,2,2136,2264.1600000000003,47.0,No,Non-Festival,COD,7,3.8,No,1200.0048000000002
ORD101227,2024-05-23,CUST7978,Regular,Beauty,3,4383,7889.4,40.0,No,Non-Festival,Wallet,4,5.0,No,4733.639999999999
ORD101228,2024-01-19,CUST9111,Regular,Fashion,3,8126,16820.82,31.0,No,Non-Festival,UPI,7,4.5,No,11606.3658
ORD101229,2024-01-18,CUST4083,Regular,Beauty,5,4771,22185.15,7.0,No,Non-Festival,COD,7,3.0,No,20632.1895
ORD101230,2024-09-13,CUST7899,Regular,Beauty,1,6001,3480.5800000000004,42.0,No,Non-Festival,Wallet,7,3.4,No,2018.7364000000005
ORD101231,2024-03-18,CUST2118,Premium,Electronics,4,4590,10098.0,45.0,No,Non-Festival,Wallet,5,3.0,No,5553.900000000001
ORD101232,2024-06-23,CUST7124,Regular,Groceries,5,5015,13039.0,48.0,No,Non-Festival,Wallet,7,2.9,No,6780.280000000001
ORD101233,2024-07-12,CUST2529,Regular,Beauty,5,5700,25080.0,12.0,No,Non-Festival,Wallet,1,2.8,No,22070.4
ORD101234,2024-04-22,CUST4664,Regular,Beauty,5,5602,17086.1,39.0,No,Non-Festival,UPI,2,4.9,Yes,10422.520999999999
ORD101235,2024-04-23,CUST5298,Regular,Home Decor,2,7187,7905.700000000001,45.0,No,Non-Festival,Wallet,4,4.8,No,4348.135000000001
ORD101236,2024-08-09,CUST3494,Regular,Groceries,2,4981,5777.960000000001,42.0,No,Non-Festival,Credit Card,2,3.7,No,3351.216800000001
ORD101237,2024-06-14,CUST4147,Regular,Groceries,5,2886,13275.6,8.0,No,Non-Festival,,2,3.9,No,12213.552000000001
ORD101238,2024-11-14,CUST2808,Premium,Groceries,4,1403,3423.32,39.0,No,Non-Festival,Wallet,7,4.6,No,2088.2252
ORD101239,2024-05-11,CUST7969,Regular,Fashion,3,5256,8672.400000000001,45.0,No,Non-Festival,Credit Card,7,4.1,No,4769.8200000000015
ORD101240,2024-09-20,CUST1647,Regular,Electronics,3,7257,11756.34,46.0,No,Non-Festival,UPI,1,4.3,No,6348.4236
ORD101241,2024-02-24,CUST2552,Regular,Electronics,1,8797,5981.959999999999,32.0,No,Non-Festival,COD,7,4.5,Yes,4067.732799999999
ORD101242,2024-12-24,CUST8930,Premium,Home Decor,3,5913,15787.71,11.0,Yes,Christmas/New Year,Wallet,4,3.7,No,14051.061899999999
ORD101243,2024-05-10,CUST6416,New,Groceries,3,5383,10335.36,36.0,No,Non-Festival,COD,6,4.9,No,6614.630400000001
ORD101244,2024-10-14,CUST4778,Regular,Groceries,4,4414,13418.56,24.0,No,Non-Festival,Wallet,3,4.1,No,10198.105599999999
ORD101245,2024-09-22,CUST9199,New,Beauty,3,4279,7060.35,45.0,No,Non-Festival,UPI,5,4.1,Yes,3883.1925000000006
ORD101246,2024-12-31,CUST6995,Regular,Fashion,4,512,1556.48,24.0,Yes,Christmas/New Year,UPI,2,3.8,No,1182.9248
ORD101247,2024-06-10,CUST6530,New,Fashion,2,8554,14541.8,15.0,No,Non-Festival,COD,2,5.0,No,12360.529999999999
ORD101248,2024-03-27,CUST1201,Regular,Home Decor,4,1728,5875.2,15.0,Yes,Holi,COD,1,2.7,No,4993.92
ORD101249,2024-02-24,CUST2538,Premium,Electronics,2,5696,7063.04,38.0,No,Non-Festival,COD,6,5.0,No,4379.0848
ORD101250,2024-10-14,CUST2694,Premium,Groceries,4,9957,26286.48,34.0,No,Non-Festival,UPI,1,4.8,No,17349.0768
ORD101251,2024-06-26,CUST2228,Regular,Home Decor,5,4968,19375.2,22.0,No,Non-Festival,Credit Card,1,4.6,No,15112.656
ORD101252,2024-12-14,CUST4323,New,Fashion,2,7767,14446.62,7.0,No,Non-Festival,COD,4,4.2,No,13435.3566
ORD101253,2024-01-08,CUST5470,Premium,Fashion,2,598,657.8000000000001,45.0,No,Non-Festival,Wallet,7,4.0,No,361.7900000000001
ORD101254,2024-11-16,CUST2922,Regular,Fashion,3,6830,20080.2,2.0,No,Non-Festival,UPI,6,5.0,No,19678.596
ORD101255,2024-11-08,CUST9661,Regular,Groceries,2,1247,1920.38,23.0,Yes,Diwali,COD,7,4.9,No,1478.6926
ORD101256,2024-09-03,CUST2863,Regular,Groceries,4,2142,4969.4400000000005,42.0,No,Non-Festival,UPI,7,4.5,No,2882.2752000000005
ORD101257,2024-11-18,CUST6407,New,Groceries,5,439,1734.0500000000002,21.0,No,Non-Festival,COD,5,2.7,No,1369.8995000000002
ORD101258,2024-09-11,CUST1271,Premium,Beauty,5,6664,28988.4,13.0,No,Non-Festival,UPI,4,3.4,No,25219.908
ORD101259,2024-11-23,CUST6791,Regular,Electronics,3,871,2064.27,21.0,No,Non-Festival,UPI,1,4.7,No,1630.7733
ORD101260,2024-02-23,CUST1428,Premium,Fashion,4,2819,7554.919999999999,33.0,No,Non-Festival,COD,7,4.3,No,5061.796399999999
ORD101261,2024-09-05,CUST8682,New,Fashion,4,8119,21109.4,35.0,No,Non-Festival,Wallet,1,2.8,No,13721.11
ORD101262,2024-08-26,CUST9716,Premium,Beauty,1,2661,1862.7,30.0,Yes,Raksha Bandhan,UPI,6,3.4,No,1303.8899999999999
ORD101263,2024-08-16,CUST4224,Premium,Fashion,2,8793,14068.8,20.0,Yes,Independence Day,Wallet,6,2.5,No,11255.04
ORD101264,2024-03-07,CUST5043,Premium,Fashion,3,2306,6641.28,4.0,No,Non-Festival,Wallet,7,3.8,Yes,6375.6287999999995
ORD101265,2024-02-20,CUST3351,Regular,Groceries,5,4348,17826.800000000003,18.0,No,Non-Festival,UPI,2,4.4,No,14617.976000000004
ORD101266,2024-04-06,CUST2090,Regular,Groceries,1,1287,759.3300000000002,41.0,No,Non-Festival,UPI,4,3.6,No,448.0047000000001
ORD101267,2024-04-01,CUST5527,New,Electronics,4,6976,22323.2,20.0,No,Non-Festival,UPI,7,4.4,No,17858.56
ORD101268,2024-09-20,CUST7116,Regular,Fashion,2,9534,18877.32,1.0,No,Non-Festival,Wallet,4,4.8,No,18688.5468
ORD101269,2024-10-17,CUST4553,New,Home Decor,5,4581,22446.9,2.0,No,Non-Festival,UPI,6,3.2,No,21997.962
ORD101270,2024-04-05,CUST9937,Regular,Fashion,1,5324,2874.96,46.0,No,Non-Festival,UPI,5,3.2,No,1552.4784000000002
ORD101271,2024-03-28,CUST1647,Regular,Fashion,4,7759,22035.56,29.0,Yes,Holi,UPI,4,3.7,No,15645.2476
ORD101272,2024-03-18,CUST5889,New,Electronics,5,341,1142.35,33.0,No,Non-Festival,UPI,6,4.3,No,765.3744999999999
ORD101273,2024-10-14,CUST6318,Premium,Home Decor,5,596,2264.8,24.0,No,Non-Festival,COD,5,5.0,No,1721.248
ORD101274,2024-04-29,CUST7718,Regular,Fashion,4,5337,14089.679999999998,34.0,No,Non-Festival,UPI,3,2.9,No,9299.188799999998
ORD101275,2024-10-28,CUST7935,Premium,Home Decor,4,7481,21545.28,28.0,Yes,Diwali,Wallet,6,3.4,No,15512.601599999998
ORD101276,2024-06-13,CUST1719,Premium,Groceries,3,1755,4685.85,11.0,No,Non-Festival,Wallet,5,3.4,No,4170.4065
ORD101277,2024-06-30,CUST8119,Premium,Groceries,5,7254,28290.6,22.0,No,Non-Festival,Credit Card,1,4.3,No,22066.667999999998
ORD101278,2024-08-10,CUST3171,Regular,Home Decor,4,6094,17794.48,27.0,Yes,Independence Day,COD,3,4.7,No,12989.9704
ORD101279,2024-11-06,CUST8277,New,Fashion,1,1228,675.4000000000001,45.0,Yes,Diwali,COD,7,3.0,No,371.4700000000001
ORD101280,2024-01-07,CUST1473,New,Home Decor,2,5251,8821.68,16.0,No,Non-Festival,Credit Card,2,4.3,No,7410.2112
ORD101281,2024-11-25,CUST9161,Regular,Home Decor,3,870,2218.5,15.0,No,Non-Festival,Wallet,2,4.8,No,1885.725
ORD101282,2024-09-19,CUST6145,New,Groceries,4,4794,9971.52,48.0,No,Non-Festival,Wallet,2,2.8,No,5185.1904
ORD101283,2024-06-09,CUST4162,New,Home Decor,2,2055,3781.2,8.0,No,Non-Festival,UPI,1,4.1,No,3478.704
ORD101284,2024-05-30,CUST3104,Premium,Beauty,3,3629,10669.26,2.0,No,Non-Festival,Credit Card,7,3.0,No,10455.8748
ORD101285,2024-03-25,CUST5560,Premium,Beauty,5,5476,21630.2,21.0,Yes,Holi,Wallet,6,3.6,No,17087.858
ORD101286,2024-05-26,CUST2410,Regular,Groceries,2,7186,10060.4,30.0,No,Non-Festival,Credit Card,2,2.8,No,7042.28
ORD101287,2024-04-21,CUST7168,Regular,Fashion,3,4631,12086.91,13.0,No,Non-Festival,Credit Card,5,4.2,No,10515.6117
ORD101288,2024-02-05,CUST4420,Premium,Fashion,4,769,3014.48,2.0,No,Non-Festival,COD,6,3.5,No,2954.1904
ORD101289,2024-10-11,CUST1170,New,Groceries,4,6656,16773.12,37.0,No,Non-Festival,Wallet,1,3.9,No,10567.0656
ORD101290,2024-07-06,CUST1443,Premium,Fashion,3,1346,3149.6400000000003,22.0,No,Non-Festival,Wallet,4,3.8,Yes,2456.7192000000005
ORD101291,2024-03-22,CUST1187,Premium,Electronics,5,9256,37024.0,20.0,Yes,Holi,UPI,1,4.2,No,29619.2
ORD101292,2024-01-02,CUST4177,Regular,Beauty,3,6714,15509.34,23.0,No,Non-Festival,Wallet,7,4.7,No,11942.1918
ORD101293,2024-10-29,CUST1416,Regular,Electronics,1,5100,3518.9999999999995,31.0,Yes,Diwali,COD,1,3.2,No,2428.1099999999997
ORD101294,2024-07-15,CUST8429,Regular,Electronics,3,227,381.36,44.0,No,Non-Festival,Wallet,4,4.0,No,213.56160000000003
ORD101295,2024-01-11,CUST4847,Regular,Electronics,3,5549,15981.12,4.0,No,Non-Festival,UPI,7,3.9,No,15341.8752
ORD101296,2024-08-21,CUST4873,Premium,Groceries,4,1229,3342.88,25.0,No,Non-Festival,Wallet,5,3.3,No,2507.16
ORD101297,2024-07-13,CUST9360,Regular,Electronics,5,6816,19425.6,43.0,No,Non-Festival,Credit Card,3,3.7,No,11072.592
ORD101298,2024-04-28,CUST1535,Premium,Home Decor,3,2196,3557.5200000000004,46.0,No,Non-Festival,COD,4,2.6,No,1921.0608000000004
ORD101299,2024-01-20,CUST6588,Regular,Fashion,2,1541,2527.24,18.0,Yes,Republic Day,UPI,1,3.6,Yes,2072.3368
ORD101300,2024-09-17,CUST2979,Premium,Groceries,4,9640,25835.2,33.0,No,Non-Festival,UPI,2,3.2,No,17309.584
ORD101301,2024-10-19,CUST6050,Premium,Home Decor,4,2287,8965.039999999999,2.0,No,Non-Festival,Credit Card,4,4.7,No,8785.739199999998
ORD101302,2024-09-12,CUST4925,Regular,Home Decor,3,9072,16873.92,38.0,No,Non-Festival,COD,4,3.4,Yes,10461.830399999999
ORD101303,2024-08-09,CUST7611,Regular,Beauty,2,574,838.04,27.0,No,Non-Festival,Wallet,3,3.0,No,611.7692
ORD101304,2024-08-13,CUST3946,Regular,Beauty,3,3245,8761.5,10.0,Yes,Independence Day,COD,7,3.8,No,7885.35
ORD101305,2024-02-22,CUST1783,New,Home Decor,2,6475,11784.5,9.0,No,Non-Festival,COD,1,4.5,Yes,10723.895
ORD101306,2024-12-20,CUST9964,Regular,Beauty,4,6149,15003.56,39.0,Yes,Christmas/New Year,,2,3.4,No,9152.1716
ORD101307,2024-12-07,CUST2535,Premium,Fashion,2,1005,1989.9,1.0,No,Non-Festival,COD,2,4.6,No,1970.001
ORD101308,2024-12-29,CUST4431,New,Fashion,3,6552,10810.8,45.0,Yes,Christmas/New Year,COD,3,3.3,No,5945.9400000000005
ORD101309,2024-10-06,CUST7426,Premium,Beauty,1,6670,3735.2,44.0,No,Non-Festival,COD,6,4.3,No,2091.712
ORD101310,2024-03-21,CUST6389,Regular,Electronics,1,6846,4244.52,38.0,Yes,Holi,Credit Card,2,2.8,No,2631.6024
ORD101311,2024-07-20,CUST1843,New,Home Decor,2,478,707.4399999999999,26.0,No,Non-Festival,UPI,5,2.7,No,523.5056
ORD101312,2024-06-06,CUST3752,Regular,Fashion,3,1605,4429.8,8.0,No,Non-Festival,Credit Card,4,4.3,No,4075.416
ORD101313,2024-04-29,CUST8979,Regular,Beauty,5,9179,28454.9,38.0,No,Non-Festival,Wallet,4,3.4,No,17642.038
ORD101314,2024-02-28,CUST5053,New,Beauty,1,7350,7350.0,0.0,No,Non-Festival,UPI,2,3.5,Yes,7350.0
ORD101315,2024-08-02,CUST2800,Premium,Fashion,4,1532,4167.04,32.0,No,Non-Festival,UPI,2,3.9,Yes,2833.5872
ORD101316,2024-05-07,CUST8533,Regular,Fashion,3,8265,15620.85,37.0,No,Non-Festival,Wallet,2,5.0,No,9841.1355
ORD101317,2024-08-11,CUST8971,Regular,Electronics,3,3347,6827.879999999999,32.0,Yes,Independence Day,UPI,4,2.9,No,4642.958399999999
ORD101318,2024-07-27,CUST8706,Regular,Beauty,1,8192,4341.76,47.0,No,Non-Festival,Wallet,2,3.2,No,2301.1328000000003
ORD101319,2024-04-24,CUST6893,Premium,Beauty,5,3649,17880.1,2.0,No,Non-Festival,COD,5,4.1,No,17522.498
ORD101320,2024-07-27,CUST7831,Regular,Groceries,4,632,1744.32,31.0,No,Non-Festival,COD,5,4.3,No,1203.5808
ORD101321,2024-01-14,CUST4183,New,Electronics,5,8226,36194.4,12.0,No,Non-Festival,UPI,4,4.3,Yes,31851.072
ORD101322,2024-01-09,CUST1693,New,Fashion,4,1209,3868.8,20.0,No,Non-Festival,UPI,6,4.0,No,3095.0400000000004
ORD101323,2024-02-09,CUST5518,New,Fashion,1,7479,7254.63,3.0,No,Non-Festival,COD,1,4.0,No,7036.9911
ORD101324,2024-08-24,CUST8136,Regular,Home Decor,3,5391,13585.32,16.0,No,Non-Festival,COD,7,2.9,No,11411.6688
ORD101325,2024-10-07,CUST1836,Premium,Fashion,4,8708,20550.88,41.0,No,Non-Festival,Wallet,1,4.6,Yes,12125.019200000002
ORD101326,2024-12-24,CUST9372,New,Beauty,3,5507,16025.37,3.0,Yes,Christmas/New Year,UPI,1,2.5,No,15544.608900000001
ORD101327,2024-07-19,CUST7637,New,Fashion,2,4416,7153.92,19.0,No,Non-Festival,UPI,5,3.5,No,5794.675200000001
ORD101328,2024-09-02,CUST3002,Regular,Beauty,2,1565,2785.7,11.0,No,Non-Festival,Credit Card,7,3.0,No,2479.2729999999997
ORD101329,2024-10-04,CUST8145,Regular,Beauty,1,6996,5247.0,25.0,No,Non-Festival,COD,3,2.8,No,3935.25
ORD101330,2024-08-22,CUST3380,Regular,Electronics,1,9327,5223.120000000001,44.0,No,Non-Festival,COD,7,3.3,Yes,2924.9472000000005
ORD101331,2024-01-04,CUST2034,Premium,Fashion,1,3718,2416.7000000000003,35.0,No,Non-Festival,UPI,1,4.1,No,1570.8550000000002
ORD101332,2024-06-02,CUST1539,Premium,Electronics,2,2968,5045.599999999999,25.0,No,Non-Festival,Credit Card,3,3.8,No,3784.2
ORD101333,2024-01-29,CUST5209,New,Beauty,4,695,2613.2,6.0,Yes,Republic Day,Wallet,4,4.7,No,2456.408
ORD101334,2024-04-18,CUST9387,Regular,Fashion,5,3792,12892.8,32.0,No,Non-Festival,Wallet,7,4.0,No,8767.104
ORD101335,2024-04-07,CUST5751,Regular,Fashion,1,2432,1288.96,47.0,No,Non-Festival,COD,5,3.1,No,683.1488
ORD101336,2024-08-02,CUST3281,Regular,Electronics,5,8248,40827.6,1.0,No,Non-Festival,Credit Card,6,3.8,No,40419.324
ORD101337,2024-10-19,CUST4299,Regular,Electronics,5,3135,10658.999999999998,32.0,No,Non-Festival,Credit Card,1,3.1,No,7248.119999999998
ORD101338,2024-03-15,CUST1043,Regular,Beauty,2,6919,12039.06,13.0,No,Non-Festival,Wallet,5,2.9,No,10473.9822
ORD101339,2024-11-21,CUST6236,Premium,Beauty,4,4645,15049.8,19.0,No,Non-Festival,COD,4,4.9,No,12190.338
ORD101340,2024-05-25,CUST9993,Premium,Fashion,2,2567,3285.76,36.0,No,Non-Festival,UPI,5,3.7,No,2102.8864000000003
ORD101341,2024-05-07,CUST7405,Premium,Fashion,1,6755,4998.7,26.0,No,Non-Festival,Credit Card,2,4.1,No,3699.038
ORD101342,2024-12-06,CUST4296,Regular,Groceries,2,1105,1193.4,46.0,No,Non-Festival,UPI,1,4.7,Yes,644.436
ORD101343,2024-02-11,CUST2483,Regular,Groceries,2,8368,9874.240000000002,41.0,No,Non-Festival,COD,5,3.3,No,5825.801600000002
ORD101344,2024-12-21,CUST2688,Regular,Home Decor,2,8100,12960.0,20.0,Yes,Christmas/New Year,Wallet,6,4.5,No,10368.0
ORD101345,2024-02-10,CUST8123,New,Beauty,1,4797,4749.03,1.0,No,Non-Festival,Credit Card,5,4.5,No,4701.539699999999
ORD101346,2024-02-03,CUST4469,Regular,Home Decor,1,7853,4554.740000000001,42.0,No,Non-Festival,UPI,5,4.6,No,2641.7492000000007
ORD101347,2024-01-17,CUST5471,New,Home Decor,2,5209,8855.3,15.0,No,Non-Festival,Credit Card,4,3.0,No,7527.004999999999
ORD101348,2024-06-13,CUST9516,Regular,Electronics,2,7435,12193.4,18.0,No,Non-Festival,Credit Card,1,4.9,No,9998.588
ORD101349,2024-06-01,CUST7153,New,Electronics,5,9907,48048.95,3.0,No,Non-Festival,Credit Card,6,3.2,No,46607.481499999994
ORD101350,2024-03-16,CUST1691,New,Groceries,4,7408,26965.120000000003,9.0,No,Non-Festival,COD,1,4.4,No,24538.259200000004
ORD101351,2024-03-27,CUST9907,Regular,Home Decor,5,8158,32224.1,21.0,Yes,Holi,UPI,2,2.9,No,25457.039
ORD101352,2024-04-26,CUST8114,Premium,Groceries,4,5488,19537.28,11.0,No,Non-Festival,Credit Card,2,4.8,Yes,17388.1792
ORD101353,2024-12-27,CUST5131,Regular,Beauty,4,8013,31731.48,1.0,Yes,Christmas/New Year,UPI,7,3.6,No,31414.1652
ORD101354,2024-12-07,CUST6861,New,Fashion,2,6336,12545.28,1.0,No,Non-Festival,COD,5,4.2,No,12419.8272
ORD101355,2024-01-27,CUST6056,Regular,Electronics,5,8503,25509.0,40.0,Yes,Republic Day,Credit Card,1,4.6,No,15305.4
ORD101356,2024-11-08,CUST7704,Regular,Beauty,4,6806,15517.680000000002,43.0,Yes,Diwali,Credit Card,7,3.2,No,8845.077600000002
ORD101357,2024-10-13,CUST7676,Premium,Beauty,4,2502,6705.36,33.0,No,Non-Festival,Credit Card,7,3.5,Yes,4492.591199999999
ORD101358,2024-05-13,CUST1413,New,Electronics,1,7525,6245.75,17.0,No,Non-Festival,UPI,1,3.3,No,5183.9725
ORD101359,2024-08-06,CUST6186,Regular,Electronics,4,4595,15623.0,15.0,No,Non-Festival,UPI,5,3.2,No,13279.55
ORD101360,2024-06-16,CUST7305,Premium,Home Decor,2,4195,6879.8,18.0,No,Non-Festival,Credit Card,3,3.8,No,5641.436000000001
ORD101361,2024-04-07,CUST8701,Regular,Groceries,3,8698,14090.76,46.0,No,Non-Festival,UPI,1,3.9,No,7609.010400000001
ORD101362,2024-09-24,CUST2460,Regular,Beauty,1,8512,6469.12,24.0,No,Non-Festival,UPI,5,2.7,No,4916.5312
ORD101363,2024-08-24,CUST1313,Premium,Home Decor,3,7969,16973.969999999998,25.0,No,Non-Festival,Credit Card,5,4.2,No,12730.477499999997
ORD101364,2024-11-04,CUST1875,Regular,Home Decor,2,9669,10249.14,47.0,Yes,Diwali,Credit Card,7,3.6,Yes,5432.0442
ORD101365,2024-06-21,CUST2639,Regular,Beauty,3,1627,4636.95,5.0,No,Non-Festival,Wallet,3,4.7,No,4405.1025
ORD101366,2024-07-08,CUST9672,New,Beauty,4,5813,17206.48,26.0,No,Non-Festival,Wallet,2,4.7,No,12732.795199999999
ORD101367,2024-05-01,CUST7348,Regular,Fashion,3,3302,8519.16,14.0,No,Non-Festival,Credit Card,6,4.3,No,7326.4776
ORD101368,2024-02-15,CUST2579,Premium,Groceries,5,9577,33519.5,30.0,No,Non-Festival,COD,5,4.6,No,23463.649999999998
ORD101369,2024-03-04,CUST4998,Regular,Beauty,2,1655,1886.7000000000005,25.0,No,Non-Festival,Credit Card,1,4.8,No,1415.0250000000003
ORD101370,2024-05-09,CUST7964,Regular,Electronics,5,9571,37805.45,21.0,No,Non-Festival,Credit Card,2,3.9,Yes,29866.3055
ORD101371,2024-11-05,CUST5029,Regular,Fashion,3,1546,4127.82,11.0,Yes,Diwali,Credit Card,2,4.9,Yes,3673.7598
ORD101372,2024-12-28,CUST3588,Premium,Groceries,5,9020,41041.0,9.0,Yes,Christmas/New Year,Credit Card,2,4.9,No,37347.31
ORD101373,2024-07-11,CUST2768,Premium,Electronics,1,1414,1131.2,20.0,No,Non-Festival,Credit Card,5,2.8,No,904.96
ORD101374,2024-11-02,CUST2743,Regular,Electronics,3,2161,3500.82,46.0,Yes,Diwali,Credit Card,1,3.8,No,1890.4428000000003
ORD101375,2024-06-29,CUST2976,Regular,Groceries,5,3195,11182.5,30.0,No,Non-Festival,Credit Card,6,2.8,Yes,7827.749999999999
ORD101376,2024-10-18,CUST4887,New,Fashion,4,4812,12511.2,35.0,No,Non-Festival,Credit Card,3,4.2,No,8132.280000000001
ORD101377,2024-10-08,CUST9813,Regular,Electronics,3,9939,27133.47,9.0,No,Non-Festival,Wallet,4,4.4,No,24691.457700000003
ORD101378,2024-01-29,CUST2726,New,Home Decor,1,5890,4829.8,18.0,Yes,Republic Day,Wallet,4,4.7,No,3960.4360000000006
ORD101379,2024-05-28,CUST1973,Regular,Groceries,4,3058,9540.96,22.0,No,Non-Festival,Wallet,2,4.1,No,7441.948799999999
ORD101380,2024-09-23,CUST4660,Premium,Groceries,3,961,1585.65,45.0,No,Non-Festival,COD,7,3.6,Yes,872.1075000000001
ORD101381,2024-10-22,CUST9603,Regular,Beauty,4,5658,20595.12,9.0,Yes,Diwali,UPI,4,2.9,No,18741.5592
ORD101382,2024-01-11,CUST8282,New,Fashion,3,8247,12865.32,48.0,No,Non-Festival,COD,7,2.8,No,6689.9664
ORD101383,2024-06-12,CUST8139,Premium,Home Decor,3,5102,11326.44,26.0,No,Non-Festival,COD,4,3.7,No,8381.5656
ORD101384,2024-04-22,CUST6759,Regular,Home Decor,2,8305,9633.8,25.0,No,Non-Festival,Credit Card,5,4.6,No,7225.349999999999
ORD101385,2024-07-05,CUST6037,Regular,Beauty,5,1696,4324.8,49.0,No,Non-Festival,Wallet,3,4.4,No,2205.648
ORD101386,2024-10-21,CUST6915,Premium,Electronics,3,9635,28615.95,1.0,Yes,Diwali,Credit Card,4,4.7,No,28329.7905
ORD101387,2024-08-19,CUST2507,Premium,Electronics,1,4782,4303.8,10.0,Yes,,Credit Card,7,4.5,Yes,3873.42
ORD101388,2024-08-14,CUST5284,Regular,Home Decor,5,2243,10429.95,7.0,Yes,Independence Day,Wallet,6,3.0,No,9699.8535
ORD101389,2024-11-05,CUST8453,Regular,Fashion,2,3576,5864.64,18.0,Yes,Diwali,Credit Card,6,3.0,No,4809.004800000001
ORD101390,2024-04-07,CUST9135,New,Electronics,5,8908,37859.0,15.0,No,Non-Festival,UPI,3,3.6,No,32180.149999999998
ORD101391,2024-02-24,CUST4698,Regular,Groceries,5,1034,5014.9,3.0,No,Non-Festival,UPI,4,3.0,No,4864.4529999999995
ORD101392,2024-04-20,CUST3856,Premium,Beauty,3,823,2148.03,13.0,No,Non-Festival,COD,6,3.0,No,1868.7861000000003
ORD101393,2024-05-31,CUST8598,Regular,Fashion,1,1247,985.13,21.0,No,Non-Festival,Wallet,2,3.2,No,778.2527
ORD101394,2024-09-02,CUST8933,New,Electronics,3,1764,4445.28,16.0,No,Non-Festival,UPI,2,2.6,No,3734.0352
ORD101395,2024-03-09,CUST3982,New,Home Decor,1,4182,2425.5600000000004,42.0,No,Non-Festival,COD,6,3.9,No,1406.8248000000003
ORD101396,2024-11-07,CUST3057,New,Beauty,1,5640,4230.0,25.0,Yes,Diwali,Credit Card,3,3.5,Yes,3172.5
ORD101397,2024-10-15,CUST7917,Regular,Electronics,4,696,1837.44,34.0,No,Non-Festival,COD,7,3.1,No,1212.7104
ORD101398,2024-09-06,CUST5622,New,Home Decor,3,742,1446.9,35.0,No,Non-Festival,COD,3,2.8,No,940.4850000000001
ORD101399,2024-02-05,CUST2337,Regular,Electronics,2,1115,1248.8000000000002,44.0,No,Non-Festival,UPI,3,3.6,No,699.3280000000002
ORD101400,2024-08-26,CUST6754,Premium,Beauty,5,2001,5202.6,48.0,Yes,Raksha Bandhan,COD,3,4.0,No,2705.3520000000003
ORD101401,2024-05-27,CUST1690,Premium,Groceries,4,281,798.04,29.0,No,Non-Festival,Wallet,1,4.9,No,566.6084
ORD101402,2024-08-14,CUST6963,Regular,Groceries,2,1379,2206.4,20.0,Yes,Independence Day,Credit Card,2,3.1,Yes,1765.1200000000001
ORD101403,2024-08-31,CUST1263,New,Home Decor,3,8557,20793.51,19.0,Yes,Raksha Bandhan,Wallet,4,2.6,Yes,16842.7431
ORD101404,2024-12-02,CUST2146,Regular,Groceries,1,2271,1339.89,41.0,No,Non-Festival,Credit Card,1,4.3,No,790.5351000000002
ORD101405,2024-12-30,CUST9508,Premium,Beauty,3,9198,20695.5,25.0,Yes,Christmas/New Year,Wallet,3,3.1,No,15521.625
ORD101406,2024-07-19,CUST4187,Premium,Home Decor,3,7230,19304.1,11.0,No,Non-Festival,,4,3.7,No,17180.648999999998
ORD101407,2024-06-02,CUST4947,Premium,Electronics,4,531,1975.32,7.0,No,Non-Festival,Wallet,2,4.5,No,1837.0475999999999
ORD101408,2024-03-13,CUST2739,Regular,Fashion,2,7345,9695.4,34.0,No,Non-Festival,Credit Card,3,2.6,Yes,6398.963999999999
ORD101409,2024-07-19,CUST1325,Regular,Electronics,4,9926,28586.88,28.0,No,Non-Festival,,5,2.9,No,20582.5536
ORD101410,2024-10-22,CUST4030,New,Beauty,2,7179,8471.220000000001,41.0,Yes,Diwali,COD,3,3.8,No,4998.019800000001
ORD101411,2024-01-17,CUST5094,Regular,Home Decor,4,8572,32230.72,6.0,No,Non-Festival,COD,4,3.1,Yes,30296.8768
ORD101412,2024-05-08,CUST8408,Regular,Electronics,5,9708,44171.4,9.0,No,Non-Festival,COD,2,2.9,No,40195.974
ORD101413,2024-08-04,CUST2634,Regular,Home Decor,1,6312,3913.44,38.0,No,Non-Festival,COD,7,3.3,No,2426.3328
ORD101414,2024-03-01,CUST9681,Regular,Groceries,1,9498,4843.9800000000005,49.0,No,Non-Festival,Credit Card,3,4.4,No,2470.4298000000003
ORD101415,2024-04-13,CUST6316,New,Fashion,1,1789,1449.09,19.0,No,Non-Festival,Wallet,2,2.6,No,1173.7629
ORD101416,2024-02-11,CUST6589,Regular,Beauty,5,2686,9803.9,27.0,No,Non-Festival,Wallet,1,2.7,No,7156.847
ORD101417,2024-01-25,CUST5232,Premium,Electronics,5,6034,26247.9,13.0,Yes,Republic Day,UPI,5,3.9,No,22835.673000000003
ORD101418,2024-02-08,CUST4874,Regular,Fashion,1,2790,2483.1,11.0,No,Non-Festival,COD,6,3.8,No,2209.959
ORD101419,2024-10-17,CUST4771,Regular,Beauty,1,8879,8257.47,7.0,No,Non-Festival,COD,6,3.7,No,7679.4470999999985
ORD101420,2024-05-10,CUST6280,Regular,Beauty,2,9003,16925.64,6.0,No,Non-Festival,UPI,1,3.8,No,15910.101599999998
ORD101421,2024-08-16,CUST8622,Regular,Groceries,2,3620,6950.4,4.0,Yes,Independence Day,COD,6,4.4,No,6672.383999999999
ORD101422,2024-04-17,CUST7924,Regular,Home Decor,3,5408,16224.0,0.0,No,Non-Festival,UPI,5,3.9,No,16224.0
ORD101423,2024-06-20,CUST1504,Premium,Home Decor,4,9789,21144.24,46.0,No,Non-Festival,COD,7,3.6,Yes,11417.889600000002
ORD101424,2024-04-11,CUST2125,Regular,Fashion,2,7414,13641.76,8.0,No,Non-Festival,Wallet,1,2.7,Yes,12550.4192
ORD101425,2024-12-19,CUST9264,Regular,Groceries,2,1656,1887.84,43.0,No,Non-Festival,UPI,2,4.9,No,1076.0688
ORD101426,2024-01-12,CUST5282,Regular,Beauty,2,9729,16150.14,17.0,No,Non-Festival,Wallet,7,3.1,No,13404.616199999999
ORD101427,2024-10-01,CUST7115,Regular,Groceries,2,4697,5448.52,42.0,No,Non-Festival,COD,2,4.7,No,3160.141600000001
ORD101428,2024-04-10,CUST3379,New,Groceries,5,3067,9047.65,41.0,No,Non-Festival,Wallet,1,3.4,No,5338.1135
ORD101429,2024-02-13,CUST2198,Premium,Fashion,3,4783,13057.59,25.0,No,Non-Festival,Wallet,7,4.2,No,9793.192500000001
ORD101430,2024-10-31,CUST6648,Regular,Home Decor,2,5454,5563.08,49.0,Yes,Diwali,Credit Card,4,3.6,No,2837.1708
ORD101431,2024-01-17,CUST2538,Regular,Groceries,4,6545,26180.0,0.0,No,Non-Festival,COD,1,3.4,No,26180.0
ORD101432,2024-11-25,CUST5158,New,Groceries,2,6771,10969.02,19.0,No,Non-Festival,Credit Card,3,4.0,Yes,8884.906200000001
ORD101433,2024-02-26,CUST7147,Regular,Groceries,5,7283,21120.700000000004,42.0,No,Non-Festival,UPI,4,3.8,No,12250.006000000005
ORD101434,2024-11-06,CUST6248,New,Electronics,1,5498,3958.56,28.0,Yes,Diwali,Credit Card,2,3.1,No,2850.1632
ORD101435,2024-10-29,CUST4719,Regular,Groceries,1,278,275.22,1.0,Yes,Diwali,COD,1,3.3,No,272.4678
ORD101436,2024-01-12,CUST3600,New,Groceries,3,5852,13167.0,25.0,No,Non-Festival,Credit Card,7,2.6,No,9875.25
ORD101437,2024-11-13,CUST2736,New,Beauty,1,577,519.3000000000001,10.0,No,Non-Festival,Credit Card,4,3.0,No,467.37000000000006
ORD101438,2024-03-20,CUST7720,Premium,Electronics,2,364,553.28,24.0,Yes,Holi,COD,7,3.3,Yes,420.4928
ORD101439,2024-08-03,CUST3584,Regular,Groceries,5,8167,27359.45,33.0,No,Non-Festival,Wallet,3,4.9,No,18330.8315
ORD101440,2024-12-04,CUST9978,Regular,Groceries,3,6141,11053.8,40.0,No,Non-Festival,UPI,5,3.8,No,6632.28
ORD101441,2024-09-20,CUST1345,Regular,Fashion,2,8546,17092.0,0.0,No,Non-Festival,Credit Card,2,4.3,No,17092.0
ORD101442,2024-05-28,CUST7729,Regular,Fashion,1,1346,942.2,30.0,No,Non-Festival,COD,4,4.2,No,659.54
ORD101443,2024-03-21,CUST7127,Regular,Electronics,4,9455,23826.6,37.0,Yes,Holi,Credit Card,6,5.0,No,15010.758
ORD101444,2024-08-02,CUST6555,Regular,Beauty,2,2416,3817.28,21.0,No,Non-Festival,UPI,4,3.9,No,3015.6512000000002
ORD101445,2024-07-16,CUST8070,Premium,Electronics,4,5649,22370.04,1.0,No,Non-Festival,UPI,7,4.0,Yes,22146.3396
ORD101446,2024-07-18,CUST1571,Premium,Electronics,4,1663,3592.0800000000004,46.0,No,Non-Festival,UPI,6,3.3,No,1939.7232000000004
ORD101447,2024-01-25,CUST5506,Regular,Fashion,3,3670,11010.0,0.0,Yes,Republic Day,Credit Card,4,4.1,No,11010.0
ORD101448,2024-03-29,CUST4066,Regular,Fashion,5,1716,6606.6,23.0,Yes,Holi,Wallet,1,4.4,No,5087.082
ORD101449,2024-09-24,CUST1189,New,Beauty,1,4623,2357.73,25.0,No,Non-Festival,Wallet,2,2.8,Yes,1768.2975000000001
ORD101450,2024-05-22,CUST4323,Regular,Groceries,1,1726,1121.9,35.0,No,Non-Festival,Wallet,2,3.7,No,729.2350000000001
ORD101451,2024-02-28,CUST3345,Premium,Beauty,2,988,1106.5600000000002,44.0,No,Non-Festival,COD,1,3.6,No,619.6736000000002
ORD101452,2024-12-30,CUST7631,Regular,Groceries,1,6720,4368.0,25.0,Yes,Christmas/New Year,Wallet,1,2.8,No,3276.0
ORD101453,2024-01-26,CUST9220,Regular,Home Decor,3,7621,12346.02,46.0,Yes,Republic Day,Wallet,6,3.4,No,6666.850800000001
ORD101454,2024-02-16,CUST1397,Regular,Fashion,1,6777,4540.589999999999,33.0,No,Non-Festival,UPI,6,3.8,No,3042.195299999999
ORD101455,2024-10-14,CUST8052,Regular,Home Decor,2,2748,5056.320000000001,8.0,No,Non-Festival,COD,6,4.1,No,4651.814400000001
ORD101456,2024-09-22,CUST9607,New,Home Decor,1,7452,6632.28,11.0,No,Non-Festival,UPI,7,3.2,No,5902.7292
ORD101457,2024-01-16,CUST5347,Premium,Fashion,5,4808,13222.000000000002,45.0,No,Non-Festival,Credit Card,1,3.7,No,7272.100000000001
ORD101458,2024-07-17,CUST6078,Regular,Home Decor,4,8907,28858.68,19.0,No,Non-Festival,Credit Card,7,4.3,Yes,23375.5308
ORD101459,2024-10-08,CUST5701,New,Electronics,4,6840,26539.2,3.0,No,Non-Festival,UPI,7,3.6,No,25743.024
ORD101460,2024-03-26,CUST2186,Regular,Groceries,4,6945,23890.8,14.0,Yes,Holi,COD,3,4.9,No,20546.088
ORD101461,2024-09-06,CUST5832,New,Beauty,5,3262,15820.7,3.0,No,Non-Festival,Wallet,4,2.6,No,15346.079
ORD101462,2024-09-26,CUST8401,New,Fashion,3,5481,15785.28,4.0,No,Non-Festival,Wallet,3,3.2,No,15153.8688
ORD101463,2024-11-30,CUST2443,Regular,Electronics,2,4962,9030.84,9.0,No,Non-Festival,COD,2,2.8,No,8218.064400000001
ORD101464,2024-04-26,CUST9927,Regular,Beauty,5,9959,28383.15,43.0,No,Non-Festival,Wallet,1,3.9,No,16178.395500000002
ORD101465,2024-01-07,CUST3082,Regular,Beauty,2,9840,11217.6,43.0,No,Non-Festival,Wallet,4,2.9,No,6394.032000000001
ORD101466,2024-05-16,CUST4041,Premium,Beauty,3,1166,2133.78,39.0,No,Non-Festival,UPI,6,4.4,No,1301.6058
ORD101467,2024-06-24,CUST9787,Premium,Home Decor,5,6276,20397.0,35.0,No,Non-Festival,Credit Card,5,4.8,No,13258.050000000001
ORD101468,2024-11-23,CUST4269,New,Home Decor,1,5894,3890.04,34.0,No,Non-Festival,COD,7,3.0,No,2567.4264
ORD101469,2024-11-10,CUST8451,Premium,Home Decor,3,8755,26265.0,0.0,Yes,Diwali,COD,4,4.8,No,26265.0
ORD101470,2024-08-02,CUST7368,Regular,Home Decor,4,307,1019.24,17.0,No,Non-Festival,Wallet,5,4.1,No,845.9692
ORD101471,2024-03-22,CUST2393,Regular,Electronics,5,7381,25833.5,30.0,Yes,Holi,Wallet,4,3.0,No,18083.449999999997
ORD101472,2024-08-10,CUST5630,Premium,Home Decor,3,9014,14873.1,45.0,Yes,Independence Day,Credit Card,1,4.3,No,8180.205000000001
ORD101473,2024-04-12,CUST9776,Regular,Fashion,3,4616,7200.96,48.0,No,Non-Festival,COD,5,2.7,No,3744.4992
ORD101474,2024-09-29,CUST6744,Premium,Beauty,5,709,3367.75,5.0,No,Non-Festival,UPI,5,4.2,No,3199.3624999999997
ORD101475,2024-01-14,CUST6751,Regular,Electronics,4,7015,26657.0,5.0,No,Non-Festival,Credit Card,2,4.7,No,25324.149999999998
ORD101476,2024-06-07,CUST7817,Regular,Home Decor,4,9456,22316.160000000003,41.0,No,Non-Festival,UPI,4,4.9,No,13166.534400000004
ORD101477,2024-05-31,CUST6502,Regular,Beauty,3,4065,9999.9,18.0,No,Non-Festival,Credit Card,3,2.6,No,8199.918
ORD101478,2024-04-17,CUST5171,Premium,Electronics,2,8695,11999.1,31.0,No,Non-Festival,UPI,6,2.7,No,8279.378999999999
ORD101479,2024-07-06,CUST4960,Regular,Beauty,3,9360,16567.2,41.0,No,Non-Festival,,3,4.8,No,9774.648000000001
ORD101480,2024-10-27,CUST8091,Premium,Electronics,5,9830,34896.5,29.0,Yes,Diwali,UPI,2,4.5,No,24776.515
ORD101481,2024-04-07,CUST9341,Regular,Groceries,5,4071,15266.25,25.0,No,Non-Festival,COD,2,4.4,No,11449.6875
ORD101482,2024-05-10,CUST8825,Premium,Electronics,5,5713,27993.7,2.0,No,Non-Festival,Wallet,2,4.4,No,27433.826
ORD101483,2024-10-19,CUST5453,Premium,Home Decor,4,6708,18245.76,32.0,No,Non-Festival,COD,1,4.3,No,12407.116799999998
ORD101484,2024-06-19,CUST5173,Regular,Beauty,1,7364,3755.64,49.0,No,Non-Festival,UPI,1,4.0,No,1915.3763999999999
ORD101485,2024-07-01,CUST5612,Premium,Beauty,5,3700,12950.0,30.0,No,Non-Festival,Wallet,1,4.5,No,9065.0
ORD101486,2024-12-29,CUST4408,Regular,Beauty,5,2399,6477.3,46.0,Yes,Christmas/New Year,UPI,1,2.6,No,3497.742
ORD101487,2024-02-08,CUST9947,Regular,Fashion,2,4101,6643.620000000001,19.0,No,Non-Festival,Credit Card,2,4.4,No,5381.332200000001
ORD101488,2024-01-15,CUST2045,Regular,Fashion,2,7958,15438.52,3.0,No,Non-Festival,Wallet,2,4.0,Yes,14975.3644
ORD101489,2024-01-04,CUST9610,Premium,Home Decor,3,6270,12978.9,31.0,No,Non-Festival,COD,7,4.8,No,8955.440999999999
ORD101490,2024-12-14,CUST5205,New,Groceries,3,2470,6150.299999999999,17.0,No,Non-Festival,UPI,1,4.8,Yes,5104.748999999999
ORD101491,2024-07-28,CUST1903,Premium,Fashion,3,5585,15247.05,9.0,No,Non-Festival,Wallet,1,3.1,No,13874.8155
ORD101492,2024-06-09,CUST5466,Premium,Electronics,5,429,1694.5500000000002,21.0,No,Non-Festival,COD,5,4.5,No,1338.6945000000003
ORD101493,2024-01-16,CUST9668,Premium,Home Decor,2,2686,4512.48,16.0,No,Non-Festival,Credit Card,4,4.9,No,3790.4831999999997
ORD101494,2024-04-17,CUST1387,Regular,Groceries,3,8541,15117.570000000002,41.0,No,Non-Festival,UPI,5,3.2,No,8919.366300000002
ORD101495,2024-11-06,CUST2067,New,Electronics,2,1109,2151.46,3.0,Yes,Diwali,COD,4,4.6,Yes,2086.9162
ORD101496,2024-08-14,CUST4348,Regular,Beauty,5,1177,3766.4,36.0,Yes,Independence Day,Wallet,1,4.0,No,2410.496
ORD101497,2024-06-18,CUST3867,New,Fashion,5,834,3919.8,6.0,No,Non-Festival,Credit Card,1,3.5,No,3684.612
ORD101498,2024-02-03,CUST6909,Premium,Electronics,3,6189,17267.309999999998,7.0,No,Non-Festival,UPI,6,4.6,No,16058.598299999996
ORD101499,2024-09-07,CUST2906,Premium,Groceries,5,4917,24585.0,0.0,No,Non-Festival,COD,1,4.7,No,24585.0
ORD101500,2024-09-03,CUST5397,Premium,Home Decor,5,2390,11113.5,7.0,No,Non-Festival,Credit Card,5,3.2,Yes,10335.554999999998
ORD101501,2024-09-25,CUST5714,Regular,Electronics,2,5389,8837.960000000001,18.0,No,Non-Festival,Credit Card,2,4.5,No,7247.127200000002
ORD101502,2024-05-20,CUST1447,Premium,Home Decor,1,5139,4316.76,16.0,No,Non-Festival,COD,4,2.6,No,3626.0784
ORD101503,2024-09-30,CUST6635,Regular,Beauty,4,7281,17474.399999999998,40.0,No,Non-Festival,UPI,7,3.5,No,10484.639999999998
ORD101504,2024-04-05,CUST9480,Premium,Groceries,3,3674,5841.66,47.0,No,Non-Festival,COD,6,2.7,No,3096.0798
ORD101505,2024-08-14,CUST9671,Premium,Groceries,1,6895,6343.400000000001,8.0,Yes,Independence Day,Credit Card,5,3.2,No,5835.928000000001
ORD101506,2024-02-08,CUST4753,New,Fashion,3,7394,18854.7,15.0,No,Non-Festival,Credit Card,6,4.9,No,16026.495
ORD101507,2024-10-28,CUST8723,Premium,Groceries,1,2065,1156.4,44.0,Yes,Diwali,Wallet,1,4.3,No,647.5840000000001
ORD101508,2024-01-29,CUST7996,Regular,Electronics,5,498,1593.6,36.0,Yes,Republic Day,UPI,2,4.4,Yes,1019.904
ORD101509,2024-11-13,CUST8477,Regular,Electronics,3,2939,6524.58,26.0,No,Non-Festival,COD,7,2.8,No,4828.1892
ORD101510,2024-09-01,CUST2504,Premium,Electronics,1,6901,6831.99,1.0,No,Non-Festival,UPI,5,3.9,No,6763.670099999999
ORD101511,2024-08-23,CUST9796,Regular,Beauty,4,3925,10205.0,35.0,No,Non-Festival,UPI,4,3.5,No,6633.25
ORD101512,2024-07-03,CUST4672,Regular,Groceries,5,4740,21093.0,11.0,No,Non-Festival,Credit Card,6,4.3,No,18772.77
ORD101513,2024-09-28,CUST2035,New,Groceries,3,8489,12988.17,49.0,No,Non-Festival,Wallet,6,2.9,No,6623.9667
ORD101514,2024-08-23,CUST7072,Premium,Electronics,3,5014,9927.72,34.0,No,Non-Festival,COD,6,3.2,No,6552.295199999999
ORD101515,2024-08-26,CUST5858,Premium,Fashion,1,6334,4433.799999999999,30.0,Yes,Raksha Bandhan,COD,1,4.7,No,3103.6599999999994
ORD101516,2024-09-22,CUST1167,Regular,Fashion,3,3722,9156.12,18.0,No,Non-Festival,Wallet,4,2.9,Yes,7508.018400000001
ORD101517,2024-12-24,CUST5582,Premium,Groceries,5,4618,17317.5,25.0,Yes,Christmas/New Year,Wallet,6,4.1,No,12988.125
ORD101518,2024-12-05,CUST5145,Regular,Groceries,2,7018,9123.4,35.0,No,Non-Festival,Credit Card,1,3.3,No,5930.21
ORD101519,2024-03-05,CUST7727,Premium,Home Decor,1,8324,8074.28,3.0,No,Non-Festival,Credit Card,1,2.7,No,7832.0516
ORD101520,2024-06-25,CUST7184,Regular,Groceries,4,8362,17727.440000000002,47.0,No,Non-Festival,COD,3,3.1,No,9395.543200000002
ORD101521,2024-01-03,CUST9024,New,Electronics,3,5689,9898.86,42.0,No,Non-Festival,Wallet,4,4.7,Yes,5741.338800000001
ORD101522,2024-05-21,CUST1816,Regular,Beauty,5,6285,21997.5,30.0,No,Non-Festival,UPI,7,4.8,No,15398.249999999998
ORD101523,2024-06-06,CUST2911,Regular,Groceries,3,9237,24385.68,12.0,No,Non-Festival,UPI,2,3.5,No,21459.398400000002
ORD101524,2024-11-19,CUST7084,Premium,Groceries,4,4385,10173.2,42.0,No,Non-Festival,Wallet,1,4.1,No,5900.456000000001
ORD101525,2024-05-25,CUST2598,Premium,Electronics,5,4426,13720.6,38.0,No,Non-Festival,COD,2,3.8,No,8506.772
ORD101526,2024-10-19,CUST4119,Regular,Home Decor,4,8296,18251.2,45.0,No,Non-Festival,UPI,5,3.2,No,10038.160000000002
ORD101527,2024-06-01,CUST7445,Premium,Groceries,5,4081,19792.85,25.0,No,Non-Festival,UPI,1,3.4,Yes,14844.637499999999
ORD101528,2024-07-11,CUST9408,Regular,Fashion,2,7892,9628.24,39.0,No,Non-Festival,Wallet,6,3.8,No,5873.2264
ORD101529,2024-03-13,CUST4829,New,Fashion,5,9444,26915.4,43.0,No,Non-Festival,Credit Card,1,4.2,Yes,15341.778000000002
ORD101530,2024-10-31,CUST7726,New,Fashion,4,3815,13428.8,12.0,Yes,Diwali,UPI,6,3.4,No,11817.344
ORD101531,2024-12-09,CUST3558,Regular,Beauty,1,7005,4203.0,40.0,No,Non-Festival,Credit Card,1,4.2,No,2521.7999999999997
ORD101532,2024-05-19,CUST3499,New,Beauty,2,3357,6176.88,8.0,No,Non-Festival,UPI,6,4.9,No,5682.729600000001
ORD101533,2024-07-05,CUST7684,Regular,Groceries,3,2305,6845.85,1.0,No,Non-Festival,COD,2,2.6,No,6777.391500000001
ORD101534,2024-10-19,CUST5097,Regular,Groceries,2,5376,7096.319999999999,34.0,No,Non-Festival,Credit Card,3,2.9,No,4683.5711999999985
ORD101535,2024-03-01,CUST2223,New,Groceries,2,1193,2123.54,11.0,No,Non-Festival,COD,7,4.8,No,1889.9506
ORD101536,2024-07-16,CUST5026,Premium,Beauty,3,3296,8305.92,16.0,No,Non-Festival,Credit Card,4,2.7,No,6976.9728
ORD101537,2024-10-21,CUST2824,Regular,Groceries,5,389,1886.65,3.0,Yes,Diwali,Wallet,1,4.4,No,1830.0505
ORD101538,2024-11-14,CUST9854,Regular,Electronics,2,3098,5390.52,13.0,No,Non-Festival,Wallet,4,4.1,No,4689.7524
ORD101539,2024-10-28,CUST8565,Regular,Home Decor,2,6056,9689.6,20.0,Yes,Diwali,UPI,6,2.6,Yes,7751.68
ORD101540,2024-12-09,CUST8021,New,Fashion,1,4449,2669.4,40.0,No,Non-Festival,COD,4,3.8,No,1601.64
ORD101541,2024-01-11,CUST8945,Regular,Fashion,1,5588,5196.839999999999,7.0,No,Non-Festival,Credit Card,6,3.8,No,4833.061199999999
ORD101542,2024-03-02,CUST7875,Regular,Electronics,4,7246,19709.12,32.0,No,Non-Festival,COD,4,2.8,No,13402.201599999999
ORD101543,2024-11-28,CUST1730,Regular,Groceries,3,3611,6066.4800000000005,44.0,No,Non-Festival,COD,6,4.7,No,3397.228800000001
ORD101544,2024-08-13,CUST1198,Regular,Beauty,5,9438,34448.7,27.0,Yes,Independence Day,UPI,2,3.7,Yes,25147.550999999996
ORD101545,2024-06-01,CUST8776,Regular,Groceries,5,805,3944.5,2.0,No,Non-Festival,Wallet,6,3.1,No,3865.61
ORD101546,2024-07-17,CUST7963,Regular,Groceries,4,1566,5449.68,25.0,No,Non-Festival,Credit Card,4,2.9,No,4087.26
ORD101547,2024-02-21,CUST2212,Regular,Fashion,5,6682,27396.2,18.0,No,Non-Festival,UPI,5,4.6,No,22464.884000000002
ORD101548,2024-09-16,CUST8153,Regular,Fashion,5,9456,44916.0,5.0,No,Non-Festival,COD,7,3.8,No,42670.2
ORD101549,2024-02-28,CUST4457,New,Beauty,1,5995,3896.75,35.0,No,Non-Festival,Wallet,6,4.3,No,2532.8875000000003
ORD101550,2024-03-12,CUST1042,Regular,Fashion,5,717,2903.8500000000004,19.0,No,Non-Festival,Wallet,2,2.7,No,2352.1185000000005
ORD101551,2024-05-27,CUST1568,Premium,Groceries,5,5418,27090.0,0.0,No,Non-Festival,Credit Card,2,4.1,No,27090.0
ORD101552,2024-12-14,CUST5897,Premium,Electronics,4,4007,14585.48,9.0,No,Non-Festival,Wallet,5,4.7,No,13272.7868
ORD101553,2024-03-03,CUST5983,New,Beauty,4,5635,19835.2,12.0,No,Non-Festival,COD,3,4.4,Yes,17454.976000000002
ORD101554,2024-11-05,CUST9089,New,Electronics,2,2472,4400.16,11.0,Yes,Diwali,Wallet,3,2.8,No,3916.1423999999997
ORD101555,2024-08-30,CUST5219,Regular,Groceries,5,2508,11286.0,10.0,Yes,Raksha Bandhan,COD,6,4.9,No,10157.4
ORD101556,2024-12-31,CUST9833,Regular,Beauty,5,9494,30855.5,35.0,Yes,Christmas/New Year,Credit Card,1,2.7,Yes,20056.075
ORD101557,2024-11-25,CUST9909,Regular,Electronics,5,4992,20966.4,16.0,No,Non-Festival,COD,3,3.9,No,17611.776
ORD101558,2024-04-16,CUST8334,Regular,Beauty,1,1010,545.4000000000001,46.0,No,Non-Festival,Wallet,7,4.9,No,294.5160000000001
ORD101559,2024-08-13,CUST3619,Premium,Groceries,5,8468,30484.8,28.0,Yes,Independence Day,Wallet,1,4.6,No,21949.055999999997
ORD101560,2024-11-08,CUST1416,Premium,Beauty,1,2509,2458.82,2.0,Yes,Diwali,Credit Card,7,4.2,No,2409.6436000000003
ORD101561,2024-08-05,CUST1355,New,Groceries,2,8108,11675.52,28.0,No,Non-Festival,Credit Card,4,4.6,No,8406.3744
ORD101562,2024-08-28,CUST7909,Regular,Beauty,3,9417,25708.41,9.0,Yes,Raksha Bandhan,Wallet,1,4.2,No,23394.6531
ORD101563,2024-09-15,CUST7549,New,Beauty,5,4639,12757.250000000002,45.0,No,Non-Festival,Credit Card,3,2.6,No,7016.487500000002
ORD101564,2024-09-18,CUST7072,Regular,Fashion,4,6589,21611.92,18.0,No,Non-Festival,COD,1,3.4,No,17721.7744
ORD101565,2024-01-05,CUST4242,Regular,Groceries,4,3758,14581.04,3.0,No,Non-Festival,UPI,2,3.6,No,14143.6088
ORD101566,2024-09-17,CUST9645,Regular,Home Decor,5,8208,22572.000000000004,45.0,No,Non-Festival,COD,7,3.9,No,12414.600000000002
ORD101567,2024-02-23,CUST7739,Premium,Beauty,1,1045,658.35,37.0,No,Non-Festival,COD,3,3.1,No,414.76050000000004
ORD101568,2024-02-16,CUST3332,Regular,Electronics,4,9084,32339.04,11.0,No,Non-Festival,Credit Card,7,4.7,No,28781.745600000002
ORD101569,2024-08-02,CUST6315,New,Fashion,4,1532,4289.599999999999,30.0,No,Non-Festival,UPI,1,3.1,No,3002.7199999999993
ORD101570,2024-06-25,CUST6256,New,Fashion,2,6500,12870.0,1.0,No,Non-Festival,Wallet,3,4.1,No,12741.3
ORD101571,2024-01-09,CUST9607,New,Beauty,2,1474,1532.96,48.0,No,Non-Festival,Credit Card,7,4.7,No,797.1392000000001
ORD101572,2024-04-08,CUST6270,Regular,Home Decor,2,7366,14732.0,0.0,No,Non-Festival,COD,5,4.3,Yes,14732.0
ORD101573,2024-01-20,CUST4372,New,Fashion,4,9636,32376.96,16.0,Yes,Republic Day,UPI,3,2.8,No,27196.646399999998
ORD101574,2024-08-28,CUST9021,Premium,Groceries,4,537,1632.48,24.0,Yes,Raksha Bandhan,Credit Card,7,4.9,No,1240.6848
ORD101575,2024-03-01,CUST9968,Regular,Beauty,5,3494,16771.2,4.0,No,Non-Festival,COD,5,2.7,No,16100.352
ORD101576,2024-06-26,CUST8050,Regular,Beauty,5,536,1420.4,47.0,No,Non-Festival,COD,1,3.0,No,752.8120000000001
ORD101577,2024-12-03,CUST6396,Regular,Home Decor,1,2067,1798.29,13.0,No,Non-Festival,Wallet,5,2.8,No,1564.5122999999999
ORD101578,2024-03-02,CUST2466,Regular,Groceries,4,7114,25894.96,9.0,No,Non-Festival,Wallet,3,4.2,No,23564.4136
ORD101579,2024-05-24,CUST4630,Premium,Groceries,5,694,2776.0,20.0,No,Non-Festival,UPI,2,4.5,No,2220.8
ORD101580,2024-08-03,CUST3954,New,Home Decor,5,4842,18399.6,24.0,No,Non-Festival,COD,5,3.1,No,13983.696
ORD101581,2024-01-03,CUST1229,Regular,Electronics,2,4086,5393.52,34.0,No,Non-Festival,COD,3,4.9,No,3559.7232
ORD101582,2024-06-08,CUST9989,Premium,Groceries,2,8552,16761.92,2.0,No,Non-Festival,Wallet,2,2.8,No,16426.681599999996
ORD101583,2024-08-14,CUST1269,New,Electronics,2,2236,3711.76,17.0,Yes,Independence Day,COD,4,3.3,No,3080.7608
ORD101584,2024-09-25,CUST1011,Regular,Electronics,3,9899,15145.47,49.0,No,Non-Festival,Wallet,6,3.7,No,7724.1897
ORD101585,2024-04-29,CUST8535,New,Beauty,5,5283,17169.75,35.0,No,Non-Festival,COD,5,4.5,No,11160.3375
ORD101586,2024-03-29,CUST2541,Premium,Beauty,2,3760,4662.4,38.0,Yes,Holi,Wallet,5,3.4,Yes,2890.6879999999996
ORD101587,2024-11-24,CUST2673,Premium,Fashion,2,9767,13283.12,32.0,No,Non-Festival,Wallet,1,2.9,Yes,9032.5216
ORD101588,2024-03-08,CUST9445,Regular,Beauty,4,9945,21083.4,25.0,No,Non-Festival,UPI,4,3.7,No,15812.550000000001
ORD101589,2024-12-22,CUST2743,Premium,Groceries,2,2481,4168.08,16.0,Yes,Christmas/New Year,COD,1,3.7,No,3501.1872
ORD101590,2024-04-07,CUST2189,Regular,Groceries,4,1801,4394.44,39.0,No,Non-Festival,COD,1,2.5,No,2680.6083999999996
ORD101591,2024-09-23,CUST1273,Premium,Electronics,1,1499,1424.05,5.0,No,Non-Festival,Wallet,3,2.6,No,1352.8474999999999
ORD101592,2024-04-14,CUST5179,Regular,Groceries,2,9102,12196.679999999998,33.0,No,Non-Festival,COD,7,3.2,No,8171.775599999998
ORD101593,2024-11-18,CUST4810,New,Beauty,4,4367,13101.0,25.0,No,Non-Festival,Wallet,1,4.4,Yes,9825.75
ORD101594,2024-05-02,CUST3846,Regular,Beauty,2,2246,2650.28,41.0,No,Non-Festival,UPI,7,3.4,No,1563.6652000000004
ORD101595,2024-01-29,CUST4987,Regular,Beauty,1,3081,2156.7,30.0,Yes,Republic Day,UPI,5,3.0,No,1509.6899999999998
ORD101596,2024-05-16,CUST5040,Premium,Home Decor,2,5674,5900.96,48.0,No,Non-Festival,Wallet,1,2.8,No,3068.4992
ORD101597,2024-07-13,CUST7319,Regular,Groceries,4,2017,5889.639999999999,27.0,No,Non-Festival,Credit Card,2,3.2,No,4299.437199999999
ORD101598,2024-08-13,CUST9301,Premium,Fashion,1,2398,1558.7,35.0,Yes,Independence Day,UPI,5,3.7,No,1013.1550000000001
ORD101599,2024-11-27,CUST2378,New,Groceries,1,3532,3108.16,12.0,No,Non-Festival,COD,6,3.8,No,2735.1808
ORD101600,2024-06-18,CUST4899,Premium,Groceries,1,1303,1042.4,20.0,No,Non-Festival,Wallet,3,2.5,No,833.9200000000001
ORD101601,2024-01-09,CUST8095,Regular,Home Decor,3,3377,7598.25,25.0,No,Non-Festival,Wallet,1,2.8,No,5698.6875
ORD101602,2024-02-09,CUST4123,Premium,Groceries,4,5015,14042.0,30.0,No,Non-Festival,UPI,2,4.3,No,9829.4
ORD101603,2024-01-25,CUST9889,Premium,Electronics,3,2377,6061.349999999999,15.0,Yes,Republic Day,Wallet,6,3.7,No,5152.147499999999
ORD101604,2024-09-17,CUST6298,New,Beauty,1,1394,975.8,30.0,No,Non-Festival,UPI,7,3.6,No,683.06
ORD101605,2024-08-13,CUST7048,Regular,Beauty,3,4701,12410.64,12.0,Yes,Independence Day,Wallet,2,2.5,No,10921.3632
ORD101606,2024-05-03,CUST7491,Regular,Home Decor,2,6241,8862.22,29.0,No,Non-Festival,UPI,5,4.3,No,6292.176199999999
ORD101607,2024-02-07,CUST9580,Premium,Beauty,3,8927,18478.89,31.0,No,Non-Festival,COD,1,3.0,Yes,12750.434099999999
ORD101608,2024-11-23,CUST7638,Regular,Electronics,5,7260,34848.0,4.0,No,Non-Festival,Credit Card,2,2.7,No,33454.08
ORD101609,2024-09-07,CUST7396,Regular,Home Decor,1,9461,8420.29,11.0,No,Non-Festival,Credit Card,1,4.6,No,7494.058100000001
ORD101610,2024-06-24,CUST3270,Regular,Fashion,1,8524,5284.88,38.0,No,Non-Festival,Credit Card,5,3.7,No,3276.6256
ORD101611,2024-03-30,CUST3990,New,Beauty,4,463,1111.2,40.0,Yes,Holi,Credit Card,4,4.4,No,666.72
ORD101612,2024-02-06,CUST7480,New,Groceries,2,4662,5967.36,36.0,No,Non-Festival,UPI,2,4.6,No,3819.1104
ORD101613,2024-11-11,CUST9787,Premium,Electronics,4,7168,27811.84,3.0,No,Non-Festival,Wallet,3,4.9,No,26977.4848
ORD101614,2024-06-24,CUST5547,Regular,Electronics,3,2252,3986.04,41.0,No,Non-Festival,Credit Card,7,4.1,No,2351.7636
ORD101615,2024-10-10,CUST5068,Regular,Beauty,5,5146,13636.9,47.0,No,Non-Festival,Wallet,1,2.7,No,7227.557
ORD101616,2024-03-21,CUST6157,New,Fashion,5,6025,17472.500000000004,42.0,Yes,Holi,UPI,6,3.9,No,10134.050000000003
ORD101617,2024-04-23,CUST7713,New,Groceries,5,6244,22478.4,28.0,No,Non-Festival,UPI,5,3.8,Yes,16184.448
ORD101618,2024-02-09,CUST1977,New,Fashion,5,4289,12867.0,40.0,No,Non-Festival,Credit Card,5,2.6,No,7720.2
ORD101619,2024-10-27,CUST3503,Premium,Fashion,2,557,1069.44,4.0,Yes,Diwali,COD,6,3.3,No,1026.6624
ORD101620,2024-08-11,CUST1191,Regular,Beauty,3,5705,15403.5,10.0,Yes,Independence Day,Credit Card,3,3.5,No,13863.15
ORD101621,2024-11-13,CUST4514,New,Groceries,5,4620,16401.0,29.0,No,Non-Festival,Wallet,4,2.9,No,11644.71
ORD101622,2024-12-14,CUST7886,Regular,Beauty,1,9142,8410.640000000001,8.0,No,Non-Festival,Credit Card,1,2.5,No,7737.788800000001
ORD101623,2024-04-24,CUST3910,Regular,Beauty,3,3450,5382.0,48.0,No,Non-Festival,UPI,4,4.4,No,2798.64
ORD101624,2024-07-04,CUST9572,Premium,Electronics,2,6762,9872.52,27.0,No,Non-Festival,UPI,7,4.6,Yes,7206.9396
ORD101625,2024-11-18,CUST4553,Regular,Beauty,5,2458,9709.1,21.0,No,Non-Festival,Wallet,5,3.1,No,7670.189
ORD101626,2024-02-25,CUST5430,Regular,Home Decor,2,9302,16743.600000000002,10.0,No,Non-Festival,Wallet,2,2.5,No,15069.240000000002
ORD101627,2024-02-09,CUST7988,Regular,Groceries,5,4010,16040.0,20.0,No,Non-Festival,Wallet,4,4.7,Yes,12832.0
ORD101628,2024-12-19,CUST6106,Regular,Electronics,1,783,743.8499999999999,5.0,No,Non-Festival,Credit Card,2,2.8,No,706.6574999999999
ORD101629,2024-02-09,CUST7499,New,Groceries,3,3638,8185.5,25.0,No,Non-Festival,Credit Card,3,3.5,No,6139.125
ORD101630,2024-12-12,CUST9888,Regular,Electronics,1,8968,7622.8,15.0,No,Non-Festival,,5,3.4,No,6479.38
ORD101631,2024-08-24,CUST4794,Regular,Home Decor,5,6557,28522.95,13.0,No,Non-Festival,Wallet,2,2.9,No,24814.966500000002
ORD101632,2024-10-15,CUST2678,Regular,Beauty,4,9544,25196.16,34.0,No,Non-Festival,COD,1,4.0,No,16629.4656
ORD101633,2024-09-18,CUST2124,Regular,Electronics,3,6346,11232.420000000002,41.0,No,Non-Festival,COD,5,4.8,No,6627.127800000002
ORD101634,2024-08-03,CUST7005,Regular,Electronics,2,5190,6747.0,35.0,No,Non-Festival,UPI,3,3.8,No,4385.55
ORD101635,2024-05-26,CUST1404,Premium,Electronics,5,1983,7832.85,21.0,No,Non-Festival,COD,1,4.9,No,6187.9515
ORD101636,2024-12-01,CUST8909,Regular,Home Decor,1,1293,1280.07,1.0,No,Non-Festival,UPI,5,3.0,No,1267.2693
ORD101637,2024-06-16,CUST7100,Premium,Groceries,4,4732,16656.64,12.0,No,Non-Festival,Wallet,4,4.6,No,14657.8432
ORD101638,2024-04-01,CUST2521,New,Home Decor,5,5317,23926.5,10.0,No,Non-Festival,UPI,7,3.1,No,21533.850000000002
ORD101639,2024-12-18,CUST3194,Premium,Electronics,2,8138,14485.64,11.0,No,Non-Festival,Wallet,6,3.1,No,12892.2196
ORD101640,2024-02-28,CUST8569,Regular,Electronics,1,6946,4723.28,32.0,No,Non-Festival,Credit Card,5,2.8,No,3211.8303999999994
ORD101641,2024-02-28,CUST6508,Regular,Beauty,3,2333,5529.21,21.0,No,Non-Festival,COD,1,4.7,No,4368.0759
ORD101642,2024-10-30,CUST8703,New,Home Decor,4,8909,32785.12,25.0,Yes,Diwali,Wallet,2,4.3,No,24588.840000000004
ORD101643,2024-06-17,CUST7042,Premium,Home Decor,5,9133,26029.050000000003,43.0,No,Non-Festival,Credit Card,7,3.4,No,14836.558500000003
ORD101644,2024-09-25,CUST2835,New,Fashion,5,6320,29704.0,6.0,No,Non-Festival,Credit Card,2,3.4,No,27921.76
ORD101645,2024-12-28,CUST4693,New,Groceries,5,2677,11243.4,16.0,Yes,Christmas/New Year,Wallet,5,4.6,No,9444.456
ORD101646,2024-02-14,CUST1065,New,Fashion,5,5158,23468.9,9.0,No,Non-Festival,UPI,5,4.8,No,21356.699
ORD101647,2024-12-10,CUST2529,New,Fashion,1,6337,3992.31,37.0,No,Non-Festival,Wallet,3,4.0,No,2515.1553
ORD101648,2024-06-29,CUST4097,Premium,Groceries,3,3076,5721.36,38.0,No,Non-Festival,COD,4,3.5,No,3547.2432
ORD101649,2024-06-18,CUST3847,Regular,Beauty,2,242,266.20000000000005,45.0,No,Non-Festival,Credit Card,3,2.6,No,146.41000000000003
ORD101650,2024-12-21,CUST9461,New,Beauty,4,6029,18328.16,24.0,Yes,Christmas/New Year,UPI,6,2.8,No,13929.4016
ORD101651,2024-07-09,CUST7379,Premium,Groceries,5,3641,13471.7,26.0,No,Non-Festival,Wallet,3,2.9,No,9969.058
ORD101652,2024-06-03,CUST8759,Regular,Groceries,5,8795,31222.25,29.0,No,Non-Festival,Wallet,2,3.2,No,22167.7975
ORD101653,2024-07-06,CUST5672,Premium,Home Decor,3,9718,20699.34,29.0,No,Non-Festival,Credit Card,2,3.1,No,14696.5314
ORD101654,2024-01-07,CUST6542,Premium,Home Decor,3,6546,11390.04,42.0,No,Non-Festival,Wallet,1,3.9,No,6606.223200000001
ORD101655,2024-05-12,CUST8399,New,Home Decor,1,7049,4722.83,25.0,No,Non-Festival,COD,6,4.9,No,3542.1225
ORD101656,2024-08-22,CUST7396,Premium,Home Decor,1,6886,4682.48,32.0,No,Non-Festival,UPI,6,4.7,No,3184.0863999999992
ORD101657,2024-02-14,CUST2583,Regular,Electronics,1,2850,1966.5,31.0,No,Non-Festival,COD,3,3.8,No,1356.885
ORD101658,2024-11-09,CUST1105,New,Electronics,4,4545,10726.2,41.0,Yes,Diwali,Credit Card,7,2.5,No,6328.458000000001
ORD101659,2024-09-05,CUST3979,New,Beauty,1,1077,958.53,11.0,No,Non-Festival,UPI,1,2.7,Yes,853.0917
ORD101660,2024-01-31,CUST9890,Premium,Electronics,5,2086,6258.0,40.0,No,Non-Festival,Credit Card,5,4.7,No,3754.7999999999997
ORD101661,2024-01-23,CUST1419,Regular,Electronics,1,1503,1172.34,22.0,Yes,Republic Day,Credit Card,1,3.2,No,914.4252
ORD101662,2024-06-08,CUST2987,Regular,Home Decor,4,1940,5587.2,28.0,No,Non-Festival,COD,2,3.3,No,4022.7839999999997
ORD101663,2024-12-28,CUST6108,Premium,Home Decor,1,1312,760.96,42.0,Yes,Christmas/New Year,UPI,3,2.8,No,441.3568000000001
ORD101664,2024-06-06,CUST4250,Regular,Groceries,1,4076,4076.0,0.0,No,Non-Festival,Credit Card,2,3.1,No,4076.0
ORD101665,2024-02-08,CUST1086,Regular,Home Decor,5,6240,25272.0,19.0,No,Non-Festival,COD,5,3.1,Yes,20470.32
ORD101666,2024-03-22,CUST6174,Premium,Groceries,5,7652,34816.6,9.0,Yes,Holi,COD,4,3.5,No,31683.106
ORD101667,2024-12-21,CUST5945,Regular,Groceries,5,6318,25903.800000000003,18.0,Yes,Christmas/New Year,UPI,7,4.1,No,21241.116000000005
ORD101668,2024-09-14,CUST4153,Regular,Electronics,1,8639,6738.42,22.0,No,Non-Festival,Wallet,6,3.4,No,5255.9676
ORD101669,2024-07-24,CUST3341,Regular,Home Decor,5,6995,27980.0,20.0,No,Non-Festival,Wallet,3,3.6,No,22384.0
ORD101670,2024-03-17,CUST6318,Regular,Electronics,3,7244,12604.56,42.0,No,Non-Festival,Credit Card,2,3.0,Yes,7310.644800000001
ORD101671,2024-01-12,CUST9413,Premium,Home Decor,2,767,1012.4399999999998,34.0,No,Non-Festival,Wallet,4,2.6,No,668.2103999999998
ORD101672,2024-10-21,CUST5709,Regular,Electronics,2,6158,6527.4800000000005,47.0,Yes,Diwali,UPI,5,3.4,No,3459.5644
ORD101673,2024-08-11,CUST7396,Regular,Electronics,5,9580,33051.0,31.0,Yes,Independence Day,Wallet,4,2.7,No,22805.19
ORD101674,2024-01-13,CUST3775,Premium,Electronics,4,1553,5652.92,9.0,No,Non-Festival,UPI,2,3.2,No,5144.157200000001
ORD101675,2024-02-15,CUST7120,New,Beauty,5,5229,25883.55,1.0,No,Non-Festival,Credit Card,2,4.6,No,25624.7145
ORD101676,2024-06-03,CUST4960,Premium,Electronics,5,9372,30459.0,35.0,No,Non-Festival,Wallet,5,3.4,No,19798.350000000002
ORD101677,2024-04-22,CUST5471,Regular,Fashion,1,5165,2737.4500000000003,47.0,No,Non-Festival,UPI,5,3.0,No,1450.8485000000003
ORD101678,2024-08-20,CUST3962,Regular,Fashion,4,368,1398.4,5.0,Yes,Independence Day,UPI,4,4.8,No,1328.48
ORD101679,2024-01-17,CUST9929,New,Fashion,5,7912,22944.800000000003,42.0,No,Non-Festival,UPI,4,4.1,No,13307.984000000004
ORD101680,2024-12-25,CUST1917,Regular,Groceries,3,2871,7234.92,16.0,Yes,Christmas/New Year,COD,6,5.0,No,6077.3328
ORD101681,2024-08-10,CUST8246,Premium,Electronics,2,578,994.16,14.0,Yes,Independence Day,Credit Card,6,3.3,Yes,854.9775999999999
ORD101682,2024-12-19,CUST9807,Regular,Fashion,3,2132,4157.400000000001,35.0,No,Non-Festival,UPI,2,3.0,No,2702.3100000000004
ORD101683,2024-07-06,CUST6861,Regular,Groceries,3,393,907.83,23.0,No,Non-Festival,COD,5,3.2,No,699.0291000000001
ORD101684,2024-12-09,CUST4208,New,Fashion,3,8655,15838.65,39.0,No,Non-Festival,COD,1,4.5,Yes,9661.5765
ORD101685,2024-12-30,CUST6005,Premium,Home Decor,4,9863,28405.44,28.0,Yes,Christmas/New Year,UPI,5,2.9,No,20451.9168
ORD101686,2024-06-11,CUST2587,Premium,Beauty,4,4816,9824.64,49.0,No,Non-Festival,Credit Card,3,3.1,No,5010.5664
ORD101687,2024-11-21,CUST2674,Regular,Electronics,4,5214,18144.72,13.0,No,Non-Festival,Wallet,3,4.3,No,15785.906400000002
ORD101688,2024-03-14,CUST5245,Regular,Beauty,2,8078,15994.44,1.0,No,Non-Festival,COD,5,4.3,No,15834.4956
ORD101689,2024-08-20,CUST2410,Premium,Beauty,1,1500,795.0,47.0,Yes,Independence Day,UPI,4,4.9,No,421.35
ORD101690,2024-08-11,CUST1871,Premium,Home Decor,5,3400,13430.0,21.0,Yes,Independence Day,Credit Card,3,5.0,No,10609.7
ORD101691,2024-11-14,CUST6182,Regular,Home Decor,5,3573,9647.1,46.0,No,Non-Festival,Credit Card,7,4.2,No,5209.434
ORD101692,2024-02-29,CUST7757,Regular,Home Decor,1,8965,8516.75,5.0,No,Non-Festival,UPI,6,3.4,No,8090.912499999999
ORD101693,2024-11-30,CUST8472,Regular,Groceries,5,9929,45673.4,8.0,No,Non-Festival,COD,2,3.6,No,42019.528000000006
ORD101694,2024-08-09,CUST2320,New,Fashion,3,1583,4226.61,11.0,No,Non-Festival,Wallet,2,3.6,No,3761.6829
ORD101695,2024-02-06,CUST7889,Premium,Electronics,2,9772,11530.96,41.0,No,Non-Festival,Credit Card,7,3.5,No,6803.2664
ORD101696,2024-10-04,CUST8752,New,Home Decor,5,3737,11584.7,38.0,No,Non-Festival,Wallet,7,3.3,No,7182.514
ORD101697,2024-07-14,CUST5109,Regular,Electronics,2,8124,15598.08,4.0,No,Non-Festival,Credit Card,2,2.9,No,14974.156799999999
ORD101698,2024-12-17,CUST9964,New,Electronics,1,9915,6048.15,39.0,No,Non-Festival,Credit Card,6,3.4,Yes,3689.3714999999997
ORD101699,2024-08-29,CUST9162,Regular,Electronics,5,5191,14794.350000000002,43.0,Yes,Raksha Bandhan,Credit Card,5,4.9,Yes,8432.779500000002
ORD101700,2024-11-19,CUST2944,Premium,Home Decor,2,5402,10804.0,25.0,No,Non-Festival,COD,3,4.7,No,8103.0
ORD101701,2024-08-06,CUST2821,New,Home Decor,3,4132,11280.36,9.0,No,Non-Festival,COD,4,4.0,No,10265.127600000002
ORD101702,2024-07-10,CUST8793,Regular,Fashion,3,3822,10319.4,10.0,No,Non-Festival,UPI,6,3.0,No,9287.46
ORD101703,2024-01-17,CUST8141,Regular,Home Decor,1,9287,6872.38,26.0,No,Non-Festival,Wallet,6,4.7,No,5085.5612
ORD101704,2024-01-12,CUST1378,Regular,Home Decor,4,664,2071.6800000000003,22.0,No,Non-Festival,Wallet,2,3.3,No,1615.9104000000002
ORD101705,2024-07-11,CUST9990,Regular,Electronics,5,8180,33129.0,19.0,No,Non-Festival,UPI,7,3.9,No,26834.49
ORD101706,2024-01-22,CUST9356,Premium,Fashion,3,1810,5212.8,4.0,Yes,Republic Day,COD,6,4.8,No,5004.288
ORD101707,2024-04-29,CUST4356,Premium,Beauty,3,9004,23770.56,12.0,No,Non-Festival,Wallet,6,3.3,No,20918.092800000002
ORD101708,2024-07-28,CUST7582,Premium,Home Decor,1,804,410.04,49.0,No,Non-Festival,UPI,4,4.8,No,209.12040000000002
ORD101709,2024-11-01,CUST2098,Premium,Home Decor,3,8167,22295.91,9.0,Yes,Diwali,Credit Card,6,3.1,No,20289.2781
ORD101710,2024-09-26,CUST9827,Premium,Beauty,5,820,2132.0,48.0,No,Non-Festival,Wallet,2,4.8,Yes,1108.64
ORD101711,2024-07-10,CUST2593,Regular,Electronics,1,2802,1821.3,35.0,No,Non-Festival,COD,6,3.4,No,1183.845
ORD101712,2024-06-23,CUST2354,Regular,Fashion,2,6673,8007.599999999999,40.0,No,Non-Festival,Wallet,5,3.4,No,4804.5599999999995
ORD101713,2024-10-11,CUST7331,New,Electronics,1,4000,2040.0,49.0,No,Non-Festival,Credit Card,2,3.9,Yes,1040.4
ORD101714,2024-07-22,CUST5220,Regular,Groceries,5,7298,31016.5,15.0,No,Non-Festival,COD,5,3.4,No,26364.024999999998
ORD101715,2024-06-12,CUST7196,Premium,Home Decor,5,6738,31668.6,6.0,No,Non-Festival,COD,7,3.6,No,29768.483999999997
ORD101716,2024-09-07,CUST2707,Regular,Groceries,2,355,489.9,31.0,No,Non-Festival,UPI,3,3.8,No,338.03099999999995
ORD101717,2024-08-14,CUST8024,Premium,Home Decor,1,8360,6353.6,24.0,Yes,Independence Day,COD,7,3.7,No,4828.736000000001
ORD101718,2024-01-07,CUST4574,Premium,Groceries,5,6881,19610.85,43.0,No,Non-Festival,UPI,7,4.9,No,11178.184500000001
ORD101719,2024-01-29,CUST8576,Regular,Beauty,5,2915,10931.25,25.0,Yes,Republic Day,COD,3,3.2,No,8198.4375
ORD101720,2024-02-02,CUST3719,Regular,Home Decor,2,4539,5900.7,35.0,No,Non-Festival,Credit Card,4,3.2,No,3835.455
ORD101721,2024-05-13,CUST3869,Premium,Home Decor,4,8270,24148.4,27.0,No,Non-Festival,Credit Card,6,4.6,No,17628.332000000002
ORD101722,2024-03-19,CUST7965,Regular,Groceries,1,6890,3927.3000000000006,43.0,No,Non-Festival,Credit Card,2,3.5,No,2238.5610000000006
ORD101723,2024-02-27,CUST6773,Regular,Fashion,5,649,2888.05,11.0,No,Non-Festival,Credit Card,3,2.7,No,2570.3645
ORD101724,2024-01-26,CUST4167,Premium,Groceries,3,1269,2855.25,25.0,Yes,Republic Day,Credit Card,6,3.7,Yes,2141.4375
ORD101725,2024-08-13,CUST6075,Regular,Home Decor,2,4217,8180.98,3.0,Yes,Independence Day,Wallet,1,3.9,No,7935.5506
ORD101726,2024-10-11,CUST2579,New,Home Decor,4,3019,6883.320000000001,43.0,No,Non-Festival,Credit Card,1,4.0,No,3923.492400000001
ORD101727,2024-01-04,CUST4773,Premium,Fashion,4,2485,7753.2,22.0,No,Non-Festival,COD,4,3.1,No,6047.496
ORD101728,2024-04-08,CUST6049,Regular,Electronics,2,9582,11690.04,39.0,No,Non-Festival,UPI,6,4.9,No,7130.924400000001
ORD101729,2024-02-08,CUST3592,Premium,Fashion,4,1599,4924.92,23.0,No,Non-Festival,Wallet,7,4.3,No,3792.1884
ORD101730,2024-09-27,CUST4345,Premium,Electronics,5,2448,8568.0,30.0,No,Non-Festival,COD,3,4.3,No,5997.599999999999
ORD101731,2024-10-11,CUST6341,Regular,Home Decor,4,6575,18673.0,29.0,No,Non-Festival,Credit Card,5,4.7,No,13257.83
ORD101732,2024-06-05,CUST7969,Regular,Beauty,1,923,904.54,2.0,No,Non-Festival,Credit Card,6,2.6,No,886.4491999999999
ORD101733,2024-03-15,CUST2353,Regular,Beauty,3,9833,25074.15,15.0,No,Non-Festival,COD,1,4.0,No,21313.0275
ORD101734,2024-10-14,CUST9849,Regular,Groceries,5,5473,18334.55,33.0,No,Non-Festival,Wallet,6,4.5,Yes,12284.148499999998
ORD101735,2024-05-09,CUST9754,Regular,Fashion,2,7735,9746.1,37.0,No,Non-Festival,UPI,3,2.6,No,6140.043000000001
ORD101736,2024-06-23,CUST1842,Regular,Fashion,3,5020,10993.8,27.0,No,Non-Festival,UPI,5,4.4,No,8025.473999999999
ORD101737,2024-03-24,CUST8075,Regular,Beauty,5,286,743.6,25.0,Yes,Holi,UPI,2,5.0,No,557.7
ORD101738,2024-01-22,CUST2801,Premium,Electronics,3,7897,13503.87,43.0,Yes,Republic Day,UPI,7,4.0,No,7697.205900000002
ORD101739,2024-01-27,CUST1732,Premium,Fashion,4,7046,16910.399999999998,40.0,Yes,Republic Day,,6,3.6,No,10146.239999999998
ORD101740,2024-07-13,CUST6264,Premium,Electronics,2,4349,4609.9400000000005,47.0,No,Non-Festival,Wallet,3,3.6,No,2443.2682000000004
ORD101741,2024-12-02,CUST9786,Premium,Electronics,2,1951,3667.88,6.0,No,Non-Festival,Credit Card,2,4.2,Yes,3447.8071999999997
ORD101742,2024-08-23,CUST2171,New,Electronics,1,5361,4985.73,7.0,No,Non-Festival,Wallet,1,3.9,No,4636.728899999999
ORD101743,2024-04-01,CUST7439,Premium,Electronics,4,3620,13611.2,6.0,No,Non-Festival,UPI,2,4.5,No,12794.528
ORD101744,2024-01-21,CUST2183,Premium,Groceries,1,5037,3223.6800000000003,36.0,Yes,Republic Day,COD,1,3.6,Yes,2063.1552
ORD101745,2024-10-29,CUST8232,Regular,Groceries,1,2683,2522.02,6.0,Yes,Diwali,COD,4,3.5,No,2370.6987999999997
ORD101746,2024-12-22,CUST2924,New,Beauty,4,3412,6960.4800000000005,49.0,Yes,Christmas/New Year,Credit Card,4,4.4,No,3549.8448000000003
ORD101747,2024-03-24,CUST7594,Regular,Groceries,5,4122,17106.3,17.0,Yes,Holi,COD,1,4.1,No,14198.229
ORD101748,2024-09-18,CUST8822,Regular,Fashion,1,6510,3450.3,47.0,No,Non-Festival,Credit Card,5,4.4,No,1828.659
ORD101749,2024-05-26,CUST4096,Premium,Groceries,3,6242,11610.12,38.0,No,Non-Festival,Credit Card,4,4.7,No,7198.2744
ORD101750,2024-09-13,CUST7471,Regular,Fashion,5,8213,32852.0,20.0,No,Non-Festival,Wallet,7,3.2,No,26281.600000000002
ORD101751,2024-02-27,CUST3802,Regular,Fashion,4,9878,26473.04,33.0,No,Non-Festival,UPI,5,3.3,No,17736.9368
ORD101752,2024-01-15,CUST7274,Premium,Electronics,2,3727,3876.08,48.0,No,Non-Festival,UPI,5,3.8,No,2015.5616
ORD101753,2024-06-10,CUST4706,Premium,Beauty,5,8464,31316.8,26.0,No,Non-Festival,UPI,5,4.8,No,23174.432
ORD101754,2024-06-11,CUST1077,Premium,Electronics,1,9116,8477.88,7.0,No,Non-Festival,UPI,3,4.6,No,7884.428399999999
ORD101755,2024-11-15,CUST1368,New,Electronics,3,3954,7947.539999999999,33.0,No,Non-Festival,Wallet,6,3.7,No,5324.851799999999
ORD101756,2024-10-07,CUST8483,Regular,Groceries,4,8362,27761.84,17.0,No,Non-Festival,UPI,7,3.9,No,23042.3272
ORD101757,2024-10-06,CUST6402,Regular,Groceries,2,4565,5478.0,40.0,No,Non-Festival,UPI,3,4.3,No,3286.7999999999997
ORD101758,2024-01-12,CUST7443,Premium,Fashion,3,8610,22988.7,11.0,No,Non-Festival,COD,6,3.8,No,20459.943
ORD101759,2024-09-30,CUST4232,Regular,Groceries,2,746,1178.68,21.0,No,Non-Festival,UPI,6,2.7,No,931.1572000000001
ORD101760,2024-09-27,CUST7471,Premium,Groceries,4,3929,9586.76,39.0,No,Non-Festival,UPI,5,3.4,No,5847.9236
ORD101761,2024-07-26,CUST9414,Regular,Home Decor,5,7550,29822.5,21.0,No,Non-Festival,Credit Card,1,2.6,No,23559.775
ORD101762,2024-01-27,CUST3280,Regular,Fashion,1,6084,5658.12,7.0,Yes,Republic Day,Credit Card,6,4.2,No,5262.0516
ORD101763,2024-03-12,CUST8074,Premium,Fashion,4,2168,5116.4800000000005,41.0,No,Non-Festival,UPI,4,3.3,No,3018.723200000001
ORD101764,2024-02-29,CUST8706,Premium,Home Decor,3,4716,10328.04,27.0,No,Non-Festival,Credit Card,2,4.3,No,7539.4692000000005
ORD101765,2024-05-24,CUST9701,Premium,Fashion,5,1459,3720.45,49.0,No,Non-Festival,COD,3,3.6,No,1897.4295
ORD101766,2024-04-02,CUST2604,Regular,Beauty,2,7192,7767.360000000001,46.0,No,Non-Festival,COD,3,2.6,No,4194.374400000001
ORD101767,2024-11-04,CUST8362,Regular,Beauty,5,7956,27448.2,31.0,Yes,Diwali,COD,7,3.4,No,18939.257999999998
ORD101768,2024-01-08,CUST5146,Regular,Home Decor,5,3133,14098.5,10.0,No,Non-Festival,Wallet,2,3.0,No,12688.65
ORD101769,2024-03-19,CUST7107,Regular,Groceries,3,2709,6501.6,20.0,No,Non-Festival,COD,5,3.0,No,5201.280000000001
ORD101770,2024-01-27,CUST3516,Regular,Beauty,1,1762,1321.5,25.0,Yes,Republic Day,UPI,7,3.4,No,991.125
ORD101771,2024-06-22,CUST3094,Regular,Home Decor,5,8275,35996.25,13.0,No,Non-Festival,COD,7,4.9,No,31316.7375
ORD101772,2024-02-19,CUST5888,Premium,Beauty,5,3869,16636.7,14.0,No,Non-Festival,COD,6,4.9,No,14307.562
ORD101773,2024-07-17,CUST3146,Regular,Electronics,1,2681,2332.47,13.0,No,Non-Festival,COD,7,4.5,No,2029.2488999999998
ORD101774,2024-12-14,CUST4328,Premium,Home Decor,1,7398,6584.22,11.0,No,Non-Festival,COD,2,3.1,No,5859.955800000001
ORD101775,2024-06-29,CUST9784,New,Fashion,2,404,525.2,35.0,No,Non-Festival,Credit Card,5,4.4,Yes,341.38000000000005
ORD101776,2024-01-24,CUST1999,Regular,Beauty,2,941,1844.36,2.0,Yes,Republic Day,COD,7,2.5,No,1807.4727999999998
ORD101777,2024-11-11,CUST2742,Regular,Fashion,1,7249,4131.93,43.0,No,Non-Festival,COD,3,2.6,No,2355.2001000000005
ORD101778,2024-02-15,CUST5577,Regular,Home Decor,4,4463,16780.879999999997,6.0,No,Non-Festival,Credit Card,7,4.6,No,15774.027199999997
ORD101779,2024-01-15,CUST6520,Premium,Beauty,1,8037,4982.94,38.0,No,Non-Festival,Credit Card,2,3.9,No,3089.4228
ORD101780,2024-06-01,CUST7951,Regular,Fashion,2,4937,5430.700000000001,45.0,No,Non-Festival,Wallet,6,3.4,No,2986.8850000000007
ORD101781,2024-08-09,CUST2302,Regular,Groceries,3,1305,3915.0,0.0,No,Non-Festival,UPI,1,4.4,No,3915.0
ORD101782,2024-07-24,CUST1832,Premium,Groceries,3,7030,13075.8,38.0,No,Non-Festival,Wallet,4,2.8,No,8106.995999999999
ORD101783,2024-09-29,CUST3452,Regular,Electronics,5,4397,16708.6,24.0,No,Non-Festival,Credit Card,4,3.2,No,12698.535999999998
ORD101784,2024-08-23,CUST3034,Premium,Home Decor,3,288,604.8,30.0,No,Non-Festival,Credit Card,4,4.3,No,423.35999999999996
ORD101785,2024-12-05,CUST2256,Premium,Fashion,2,6688,10567.04,21.0,No,Non-Festival,Credit Card,2,3.0,No,8347.9616
ORD101786,2024-08-15,CUST5250,Premium,Electronics,3,3581,9776.13,9.0,Yes,Independence Day,Wallet,7,4.0,No,8896.2783
ORD101787,2024-01-09,CUST1690,Regular,Home Decor,4,3385,11238.2,17.0,No,Non-Festival,COD,7,3.6,No,9327.706
ORD101788,2024-06-14,CUST4652,New,Groceries,1,6879,6053.52,12.0,No,Non-Festival,UPI,6,3.0,No,5327.0976
ORD101789,2024-11-14,CUST2192,Premium,Fashion,1,6506,6050.58,7.0,No,Non-Festival,UPI,5,4.7,Yes,5627.0394
ORD101790,2024-08-01,CUST6073,Regular,Beauty,2,1064,1957.76,8.0,No,Non-Festival,COD,6,3.8,No,1801.1392
ORD101791,2024-04-26,CUST5282,Regular,Groceries,5,8446,36317.8,14.0,No,Non-Festival,UPI,6,4.0,No,31233.308
ORD101792,2024-12-09,CUST2139,Regular,Beauty,1,4871,4530.03,7.0,No,Non-Festival,COD,7,3.1,No,4212.9279
ORD101793,2024-03-12,CUST1788,New,Beauty,3,757,1544.2799999999995,32.0,No,Non-Festival,Wallet,7,3.4,No,1050.1103999999996
ORD101794,2024-03-04,CUST7313,New,Fashion,4,9384,24773.76,34.0,No,Non-Festival,Credit Card,3,2.6,No,16350.681599999996
ORD101795,2024-07-23,CUST5963,Premium,Fashion,5,4491,18413.1,18.0,No,Non-Festival,COD,4,3.7,No,15098.742
ORD101796,2024-07-27,CUST8600,New,Beauty,5,647,2296.85,29.0,No,Non-Festival,COD,2,3.4,No,1630.7634999999998
ORD101797,2024-03-12,CUST2697,Regular,Electronics,5,2021,9296.6,8.0,No,Non-Festival,Credit Card,4,3.3,No,8552.872000000001
ORD101798,2024-10-03,CUST5912,Regular,Beauty,1,4019,3295.5800000000004,18.0,No,Non-Festival,Credit Card,6,4.7,No,2702.3756000000003
ORD101799,2024-09-30,CUST6891,New,Beauty,5,291,785.7,46.0,No,Non-Festival,UPI,5,4.3,No,424.2780000000001
ORD101800,2024-11-15,CUST1829,Premium,Fashion,2,807,887.7,45.0,No,Non-Festival,COD,7,3.6,No,488.23500000000007
ORD101801,2024-12-03,CUST6767,Regular,Home Decor,3,9643,21696.75,25.0,No,Non-Festival,Credit Card,1,3.0,No,16272.5625
ORD101802,2024-12-31,CUST4211,Premium,Groceries,4,485,1940.0,0.0,Yes,Christmas/New Year,UPI,7,4.9,No,1940.0
ORD101803,2024-04-04,CUST4446,New,Fashion,3,3121,9175.74,2.0,No,Non-Festival,Wallet,1,2.7,No,8992.225199999999
ORD101804,2024-06-14,CUST1434,Premium,Electronics,2,301,403.34,33.0,No,Non-Festival,COD,7,2.8,No,270.23779999999994
ORD101805,2024-02-01,CUST7625,New,Groceries,2,4035,6133.2,24.0,No,Non-Festival,Wallet,6,3.2,No,4661.232
ORD101806,2024-01-11,CUST5110,Premium,Fashion,3,8369,17825.969999999998,29.0,No,Non-Festival,Credit Card,3,4.9,No,12656.438699999997
ORD101807,2024-10-27,CUST7497,Regular,Fashion,1,4435,4435.0,0.0,Yes,Diwali,Credit Card,1,3.2,No,4435.0
ORD101808,2024-08-04,CUST5459,New,Home Decor,2,7709,12796.94,17.0,No,Non-Festival,COD,1,3.7,No,10621.4602
ORD101809,2024-10-15,CUST5534,Regular,Electronics,5,6916,23514.4,32.0,No,Non-Festival,Wallet,7,4.4,No,15989.792
ORD101810,2024-04-11,CUST3553,New,Electronics,4,734,2701.12,8.0,No,Non-Festival,Credit Card,2,3.8,No,2485.0304
ORD101811,2024-09-23,CUST7597,Regular,Fashion,4,6866,25816.16,6.0,No,Non-Festival,COD,7,4.0,Yes,24267.1904
ORD101812,2024-08-01,CUST1556,Premium,Home Decor,2,8407,11937.94,29.0,No,Non-Festival,COD,2,3.8,No,8475.9374
ORD101813,2024-06-27,CUST2929,Regular,Fashion,5,8952,39388.8,12.0,No,Non-Festival,COD,3,5.0,No,34662.144
ORD101814,2024-03-28,CUST7947,Regular,Beauty,3,3125,7875.0,16.0,Yes,Holi,Credit Card,6,2.6,No,6615.0
ORD101815,2024-02-10,CUST9432,Regular,Beauty,4,1109,3903.68,12.0,No,Non-Festival,Credit Card,7,4.6,No,3435.2383999999997
ORD101816,2024-03-16,CUST2746,New,Home Decor,5,9805,43142.0,12.0,No,Non-Festival,COD,3,3.2,Yes,37964.96
ORD101817,2024-02-15,CUST9603,New,Fashion,5,5208,15363.600000000002,41.0,No,Non-Festival,UPI,6,4.5,No,9064.524000000003
ORD101818,2024-06-08,CUST4815,Regular,Home Decor,1,318,200.34,37.0,No,Non-Festival,COD,2,2.9,No,126.2142
ORD101819,2024-03-20,CUST8077,New,Fashion,2,3313,4240.64,36.0,Yes,Holi,COD,7,3.4,No,2714.0096000000003
ORD101820,2024-11-05,CUST6688,New,Fashion,5,6353,28906.15,9.0,Yes,Diwali,COD,1,2.6,No,26304.596500000003
ORD101821,2024-03-26,CUST1376,Premium,Beauty,3,1691,4413.51,13.0,Yes,Holi,UPI,6,3.0,Yes,3839.7537
ORD101822,2024-04-01,CUST1901,Regular,Groceries,4,2296,5326.72,42.0,No,Non-Festival,Wallet,5,4.0,No,3089.4976000000006
ORD101823,2024-05-27,CUST6714,New,Electronics,1,8144,7818.24,4.0,No,Non-Festival,Credit Card,1,4.4,No,7505.510399999999
ORD101824,2024-06-09,CUST6221,Premium,Electronics,3,2454,4785.3,35.0,No,Non-Festival,Credit Card,1,4.8,No,3110.445
ORD101825,2024-07-20,CUST9118,New,Home Decor,4,8905,23509.2,34.0,No,Non-Festival,Wallet,5,2.8,No,15516.071999999998
ORD101826,2024-08-29,CUST3041,New,Electronics,2,6303,6933.3,45.0,Yes,Raksha Bandhan,COD,3,2.9,No,3813.3150000000005
ORD101827,2024-12-18,CUST6381,New,Beauty,3,1433,2407.44,44.0,No,Non-Festival,COD,2,4.8,No,1348.1664
ORD101828,2024-01-02,CUST6747,Premium,Groceries,4,5458,17028.96,22.0,No,Non-Festival,Credit Card,3,4.4,No,13282.5888
ORD101829,2024-08-12,CUST3534,Regular,Fashion,1,9871,9476.16,4.0,Yes,Independence Day,COD,3,3.8,No,9097.113599999999
ORD101830,2024-10-15,CUST9240,Regular,Fashion,4,5831,13294.680000000002,43.0,No,Non-Festival,Wallet,7,3.7,Yes,7577.967600000002
ORD101831,2024-08-20,CUST7774,Regular,Beauty,5,3549,12953.85,27.0,Yes,Independence Day,Credit Card,7,2.9,No,9456.3105
ORD101832,2024-03-17,CUST9358,Regular,Electronics,1,9932,7746.96,22.0,No,Non-Festival,UPI,3,3.4,No,6042.6288
ORD101833,2024-04-25,CUST6371,Premium,Fashion,3,329,582.33,41.0,No,Non-Festival,COD,2,3.4,No,343.57470000000006
ORD101834,2024-06-02,CUST7472,Premium,Electronics,2,3916,5247.44,33.0,No,Non-Festival,Wallet,3,4.1,No,3515.7847999999994
ORD101835,2024-04-12,CUST1887,New,Beauty,1,6954,4867.799999999999,30.0,No,Non-Festival,Credit Card,7,4.0,Yes,3407.459999999999
ORD101836,2024-07-12,CUST3253,Regular,Fashion,1,3943,3706.42,6.0,No,Non-Festival,Credit Card,3,2.6,No,3484.0348
ORD101837,2024-06-14,CUST3331,Premium,Home Decor,1,1971,1852.74,6.0,No,Non-Festival,UPI,4,4.6,No,1741.5756
ORD101838,2024-12-24,CUST3612,Regular,Groceries,4,4654,18057.52,3.0,Yes,Christmas/New Year,,1,4.8,No,17515.7944
ORD101839,2024-03-30,CUST1719,Regular,Electronics,5,6970,19864.500000000004,43.0,Yes,Holi,UPI,7,4.5,No,11322.765000000003
ORD101840,2024-06-22,CUST9996,Regular,Electronics,2,7450,10281.0,31.0,No,Non-Festival,Wallet,4,2.9,No,7093.889999999999
ORD101841,2024-05-01,CUST3396,Premium,Electronics,2,5473,7990.58,27.0,No,Non-Festival,Credit Card,2,2.9,No,5833.1233999999995
ORD101842,2024-05-22,CUST1039,Regular,Electronics,5,8897,43150.45,3.0,No,Non-Festival,Credit Card,6,4.3,No,41855.936499999996
ORD101843,2024-04-15,CUST4530,Premium,Beauty,4,5828,14453.44,38.0,No,Non-Festival,UPI,6,3.6,Yes,8961.1328
ORD101844,2024-10-31,CUST1941,Regular,Beauty,4,5113,11453.12,44.0,Yes,Diwali,UPI,5,4.4,No,6413.747200000001
ORD101845,2024-12-25,CUST9800,New,Beauty,5,9230,42919.5,7.0,Yes,Christmas/New Year,UPI,6,2.7,No,39915.134999999995
ORD101846,2024-11-12,CUST2797,New,Beauty,5,4918,21393.3,13.0,No,Non-Festival,COD,5,4.3,No,18612.171
ORD101847,2024-05-02,CUST6922,New,Fashion,3,2876,6125.88,29.0,No,Non-Festival,Credit Card,6,3.6,No,4349.3748
ORD101848,2024-01-09,CUST7481,New,Beauty,4,296,1160.32,2.0,No,Non-Festival,COD,4,2.6,No,1137.1136
ORD101849,2024-09-18,CUST6692,New,Fashion,1,2163,2141.37,1.0,No,Non-Festival,Wallet,4,3.9,No,2119.9563
ORD101850,2024-03-13,CUST4738,New,Home Decor,2,5601,10193.82,9.0,No,Non-Festival,COD,4,4.2,No,9276.3762
ORD101851,2024-12-24,CUST3182,Premium,Beauty,4,7967,30274.6,5.0,Yes,Christmas/New Year,UPI,1,3.8,No,28760.87
ORD101852,2024-08-10,CUST1711,Regular,Home Decor,5,798,3750.6,6.0,Yes,Independence Day,Wallet,2,2.8,No,3525.564
ORD101853,2024-02-10,CUST9301,Regular,Beauty,1,4163,3538.55,15.0,No,Non-Festival,Wallet,7,4.5,No,3007.7675
ORD101854,2024-07-22,CUST6889,Regular,Home Decor,3,8820,25137.0,5.0,No,Non-Festival,COD,6,3.3,No,23880.149999999998
ORD101855,2024-09-20,CUST4166,Premium,Groceries,3,7493,19107.15,15.0,No,Non-Festival,COD,6,4.8,No,16241.077500000001
ORD101856,2024-11-23,CUST7027,Premium,Home Decor,1,1524,1127.76,26.0,No,Non-Festival,UPI,6,4.8,Yes,834.5423999999999
ORD101857,2024-06-26,CUST8238,New,Fashion,1,8311,7396.79,11.0,No,Non-Festival,UPI,3,3.0,No,6583.1431
ORD101858,2024-12-13,CUST1584,New,Electronics,5,1967,7769.650000000001,21.0,No,Non-Festival,Wallet,4,3.7,No,6138.023500000001
ORD101859,2024-11-13,CUST8466,Regular,Home Decor,5,5364,23065.2,14.0,No,Non-Festival,UPI,1,2.8,No,19836.072
ORD101860,2024-03-24,CUST2110,Premium,Electronics,2,9908,15654.64,21.0,Yes,,Credit Card,5,4.2,No,12367.1656
ORD101861,2024-11-13,CUST5893,New,Groceries,2,1539,2031.48,34.0,No,Non-Festival,Credit Card,7,4.6,No,1340.7767999999999
ORD101862,2024-04-20,CUST2876,Regular,Groceries,3,9368,14895.12,47.0,No,Non-Festival,Wallet,7,4.1,No,7894.413600000001
ORD101863,2024-09-07,CUST6159,Premium,Fashion,1,6666,3399.66,25.0,No,Non-Festival,COD,5,3.2,No,2549.745
ORD101864,2024-01-07,CUST6290,Regular,Fashion,3,9976,25738.08,14.0,No,Non-Festival,COD,5,2.7,No,22134.7488
ORD101865,2024-03-24,CUST1619,Premium,Home Decor,5,5663,22085.7,22.0,Yes,Holi,Credit Card,4,2.7,No,17226.846
ORD101866,2024-07-26,CUST5899,Regular,Beauty,4,5690,14338.8,37.0,No,Non-Festival,COD,5,4.0,Yes,9033.444
ORD101867,2024-11-09,CUST3727,New,Groceries,5,4261,11078.6,48.0,Yes,Diwali,UPI,5,4.9,No,5760.872
ORD101868,2024-01-22,CUST3201,Premium,Electronics,4,7804,30903.84,1.0,Yes,Republic Day,Credit Card,5,4.2,No,30594.8016
ORD101869,2024-01-03,CUST8565,Regular,Beauty,1,1470,1455.3,1.0,No,Non-Festival,Wallet,3,4.3,No,1440.7469999999998
ORD101870,2024-05-06,CUST2401,Regular,Groceries,1,418,217.36,48.0,No,Non-Festival,COD,5,3.3,No,113.02720000000001
ORD101871,2024-10-23,CUST1682,Regular,Home Decor,1,733,601.0600000000001,18.0,Yes,Diwali,Wallet,1,4.0,No,492.8692000000001
ORD101872,2024-07-06,CUST4658,New,Groceries,2,8151,15649.92,4.0,No,Non-Festival,Wallet,4,3.3,Yes,15023.9232
ORD101873,2024-12-27,CUST7041,Premium,Fashion,2,9887,19180.78,3.0,Yes,Christmas/New Year,COD,6,4.8,No,18605.3566
ORD101874,2024-01-14,CUST5429,Regular,Electronics,4,9765,28513.8,27.0,No,Non-Festival,COD,3,2.8,No,20815.074
ORD101875,2024-01-12,CUST2164,Regular,Electronics,3,4023,10017.27,17.0,No,Non-Festival,Credit Card,3,4.1,No,8314.3341
ORD101876,2024-03-27,CUST8891,Premium,Fashion,3,264,483.12,39.0,Yes,Holi,Credit Card,4,4.3,No,294.7032
ORD101877,2024-01-12,CUST3856,Premium,Beauty,4,4541,10898.4,40.0,No,Non-Festival,Wallet,5,4.2,No,6539.04
ORD101878,2024-01-25,CUST1919,Premium,Fashion,2,5282,5387.64,49.0,Yes,Republic Day,Wallet,6,3.1,No,2747.6964000000003
ORD101879,2024-10-27,CUST8201,Regular,Electronics,5,3185,11147.5,30.0,Yes,Diwali,Credit Card,6,3.7,No,7803.249999999999
ORD101880,2024-08-30,CUST4000,Premium,Home Decor,4,5794,18309.04,21.0,Yes,Raksha Bandhan,Wallet,5,4.2,No,14464.1416
ORD101881,2024-05-01,CUST6276,Premium,Beauty,3,4113,11105.1,10.0,No,Non-Festival,UPI,2,4.8,No,9994.59
ORD101882,2024-05-26,CUST7013,New,Groceries,4,9440,20012.8,47.0,No,Non-Festival,COD,5,3.7,No,10606.784
ORD101883,2024-02-24,CUST6008,New,Home Decor,4,8217,27937.8,15.0,No,Non-Festival,COD,7,3.8,No,23747.129999999997
ORD101884,2024-08-25,CUST1278,Premium,Beauty,1,4455,4321.349999999999,3.0,Yes,Raksha Bandhan,UPI,6,3.5,No,4191.709499999999
ORD101885,2024-12-21,CUST3315,Premium,Electronics,2,1204,1926.4,20.0,Yes,Christmas/New Year,Credit Card,1,3.9,No,1541.1200000000001
ORD101886,2024-06-21,CUST1156,Regular,Electronics,1,2322,1393.2,40.0,No,Non-Festival,Credit Card,5,4.9,No,835.92
ORD101887,2024-08-08,CUST5684,New,Home Decor,2,6896,7723.52,44.0,No,Non-Festival,Wallet,4,4.1,No,4325.171200000001
ORD101888,2024-04-28,CUST5122,Regular,Beauty,4,4181,12710.24,24.0,No,Non-Festival,Wallet,5,2.9,No,9659.7824
ORD101889,2024-11-04,CUST5277,Regular,Groceries,2,671,1087.02,19.0,Yes,Diwali,Credit Card,4,4.6,No,880.4862
ORD101890,2024-07-01,CUST8319,Regular,Groceries,3,3605,10057.95,7.0,No,Non-Festival,Wallet,3,3.0,No,9353.8935
ORD101891,2024-10-14,CUST9321,New,Fashion,1,508,294.64000000000004,42.0,No,Non-Festival,UPI,2,2.6,No,170.89120000000005
ORD101892,2024-11-02,CUST6262,Regular,Home Decor,4,7895,29053.6,8.0,Yes,Diwali,COD,3,2.8,No,26729.311999999998
ORD101893,2024-10-26,CUST1523,Regular,Beauty,3,7907,19688.43,17.0,Yes,Diwali,UPI,4,4.5,No,16341.3969
ORD101894,2024-03-22,CUST2160,Regular,Home Decor,2,3247,4545.799999999999,30.0,Yes,Holi,COD,7,4.8,No,3182.0599999999995
ORD101895,2024-07-29,CUST9102,Regular,Groceries,2,2217,2926.44,34.0,No,Non-Festival,COD,2,3.2,No,1931.4503999999997
ORD101896,2024-05-29,CUST9935,Regular,Beauty,3,5081,10822.53,29.0,No,Non-Festival,Wallet,3,3.7,Yes,7683.9963
ORD101897,2024-02-06,CUST7098,New,Electronics,2,1678,2785.48,17.0,No,Non-Festival,Wallet,5,4.0,No,2311.9483999999998
ORD101898,2024-12-17,CUST9518,New,Electronics,1,4397,3605.54,18.0,No,Non-Festival,COD,6,3.5,Yes,2956.5428
ORD101899,2024-11-07,CUST4250,Regular,Beauty,5,7921,23763.0,40.0,Yes,Diwali,Wallet,7,2.7,No,14257.8
ORD101900,2024-12-26,CUST8714,New,Home Decor,2,5070,7807.8,23.0,Yes,Christmas/New Year,UPI,6,2.6,No,6012.006
ORD101901,2024-02-28,CUST5410,Premium,Home Decor,4,3659,7464.360000000001,49.0,No,Non-Festival,,7,3.6,No,3806.8236
ORD101902,2024-05-10,CUST1730,Regular,Electronics,2,9623,15204.34,21.0,No,Non-Festival,Wallet,5,4.5,No,12011.428600000001
ORD101903,2024-07-20,CUST7655,Premium,Electronics,4,5634,11944.08,25.0,No,Non-Festival,Wallet,7,2.7,No,8958.06
ORD101904,2024-08-30,CUST7763,New,Groceries,2,771,1341.54,13.0,Yes,Raksha Bandhan,Wallet,2,3.0,Yes,1167.1398
ORD101905,2024-02-04,CUST1979,Regular,Beauty,2,3789,6213.96,18.0,No,Non-Festival,Credit Card,3,3.2,No,5095.4472000000005
ORD101906,2024-04-02,CUST2623,Regular,Home Decor,4,8539,24592.32,28.0,No,Non-Festival,UPI,1,3.9,No,17706.4704
ORD101907,2024-07-25,CUST5353,New,Groceries,1,6118,4833.22,21.0,No,Non-Festival,COD,1,2.6,Yes,3818.2438
ORD101908,2024-12-18,CUST2716,Premium,Home Decor,5,796,2825.8,29.0,No,Non-Festival,UPI,1,4.7,No,2006.318
ORD101909,2024-11-27,CUST1060,Regular,Electronics,5,5273,22673.9,14.0,No,Non-Festival,Wallet,3,3.7,No,19499.554
ORD101910,2024-10-31,CUST9684,Premium,Beauty,1,1270,1016.0,20.0,Yes,Diwali,Credit Card,6,3.7,No,812.8000000000001
ORD101911,2024-12-15,CUST7855,Premium,Fashion,2,4450,6675.0,25.0,No,Non-Festival,UPI,3,3.3,No,5006.25
ORD101912,2024-07-31,CUST6574,New,Beauty,5,4525,14706.25,35.0,No,Non-Festival,Wallet,7,3.0,No,9559.0625
ORD101913,2024-06-07,CUST4663,Premium,Fashion,1,3571,3178.19,11.0,No,Non-Festival,Wallet,3,3.4,No,2828.5891
ORD101914,2024-01-24,CUST3793,Regular,Groceries,1,357,335.58,6.0,Yes,Republic Day,COD,4,4.8,No,315.44519999999994
ORD101915,2024-10-19,CUST4959,Premium,Fashion,5,9314,41913.0,10.0,No,Non-Festival,Credit Card,6,2.7,No,37721.700000000004
ORD101916,2024-01-04,CUST2653,Premium,Fashion,4,3518,8724.64,38.0,No,Non-Festival,COD,1,2.7,No,5409.2768
ORD101917,2024-08-07,CUST8614,Regular,Groceries,3,6911,16793.73,19.0,No,Non-Festival,UPI,1,2.8,No,13602.9213
ORD101918,2024-12-29,CUST9095,Premium,Beauty,4,7421,19591.44,34.0,Yes,Christmas/New Year,COD,1,4.4,Yes,12930.350399999998
ORD101919,2024-01-20,CUST7418,New,Groceries,2,9638,18697.72,3.0,Yes,Republic Day,UPI,6,2.6,No,18136.7884
ORD101920,2024-05-31,CUST9589,Regular,Electronics,4,9157,36261.72,1.0,No,Non-Festival,Wallet,4,3.8,No,35899.1028
ORD101921,2024-02-19,CUST8530,Premium,Electronics,3,2812,6833.160000000001,19.0,No,Non-Festival,Credit Card,4,3.6,Yes,5534.859600000001
ORD101922,2024-06-25,CUST2132,Regular,Fashion,3,4762,7714.44,46.0,No,Non-Festival,Credit Card,7,3.8,Yes,4165.7976
ORD101923,2024-04-05,CUST3479,Regular,Groceries,1,643,520.83,19.0,No,Non-Festival,Wallet,7,2.5,Yes,421.87230000000005
ORD101924,2024-04-14,CUST9683,Regular,Groceries,2,6173,10987.94,11.0,No,Non-Festival,Credit Card,3,3.7,No,9779.2666
ORD101925,2024-09-06,CUST4365,Regular,Groceries,1,1104,927.36,16.0,No,Non-Festival,COD,6,3.0,No,778.9824
ORD101926,2024-04-26,CUST3312,New,Beauty,4,3110,10325.2,17.0,No,Non-Festival,UPI,7,2.7,No,8569.916000000001
ORD101927,2024-12-19,CUST3051,Regular,Home Decor,4,2001,4882.44,39.0,No,Non-Festival,UPI,6,3.8,No,2978.2884
ORD101928,2024-08-15,CUST3522,Premium,Home Decor,5,1125,4331.25,23.0,Yes,Independence Day,UPI,1,4.4,No,3335.0625
ORD101929,2024-03-06,CUST5503,Regular,Home Decor,1,8051,7487.429999999999,7.0,No,Non-Festival,COD,1,4.8,No,6963.309899999999
ORD101930,2024-11-30,CUST2152,New,Beauty,1,6130,3923.2,36.0,No,Non-Festival,UPI,6,4.8,No,2510.848
ORD101931,2024-09-18,CUST3923,Premium,Groceries,1,9143,5485.8,40.0,No,Non-Festival,Credit Card,5,3.5,No,3291.48
ORD101932,2024-10-21,CUST4595,Premium,Home Decor,1,9626,6834.46,29.0,Yes,Diwali,UPI,6,4.3,No,4852.4666
ORD101933,2024-08-30,CUST4252,Regular,Groceries,3,3122,7586.460000000001,19.0,Yes,Raksha Bandhan,COD,7,4.2,No,6145.032600000001
ORD101934,2024-07-04,CUST7487,Regular,Fashion,5,9054,35310.6,22.0,No,Non-Festival,Credit Card,5,3.5,No,27542.268
ORD101935,2024-09-02,CUST1351,Regular,Home Decor,2,7755,9926.4,36.0,No,Non-Festival,Wallet,5,2.7,No,6352.896
ORD101936,2024-05-04,CUST9828,New,Fashion,2,9976,18156.32,9.0,No,Non-Festival,Credit Card,4,3.5,No,16522.2512
ORD101937,2024-09-24,CUST8287,Regular,Beauty,2,1119,1521.84,32.0,No,Non-Festival,COD,7,5.0,No,1034.8511999999998
ORD101938,2024-05-10,CUST7696,Premium,Electronics,3,5204,12021.24,23.0,No,Non-Festival,Credit Card,3,3.9,No,9256.3548
ORD101939,2024-08-24,CUST5721,Premium,Beauty,5,4419,14361.75,35.0,No,Non-Festival,UPI,2,3.4,No,9335.1375
ORD101940,2024-01-18,CUST9122,Regular,Beauty,5,8459,35950.75,15.0,No,Non-Festival,COD,1,4.4,No,30558.1375
ORD101941,2024-02-09,CUST2092,Premium,Beauty,3,4770,7298.1,49.0,No,Non-Festival,Wallet,7,4.2,No,3722.0310000000004
ORD101942,2024-01-21,CUST7703,Premium,Home Decor,1,4653,3396.69,27.0,Yes,Republic Day,,5,3.9,No,2479.5837
ORD101943,2024-08-12,CUST6676,Premium,Fashion,4,5775,20559.0,11.0,Yes,Independence Day,COD,1,4.1,No,18297.510000000002
ORD101944,2024-12-20,CUST8701,Regular,Home Decor,1,2153,1743.93,19.0,Yes,Christmas/New Year,COD,1,4.0,No,1412.5833000000002
ORD101945,2024-10-08,CUST6083,Regular,Electronics,2,2768,2989.44,46.0,No,Non-Festival,Wallet,1,4.9,Yes,1614.2976
ORD101946,2024-01-08,CUST4218,Regular,Beauty,1,8145,6760.349999999999,17.0,No,Non-Festival,Wallet,6,3.8,No,5611.090499999999
ORD101947,2024-04-09,CUST4218,New,Groceries,3,3908,7503.360000000001,36.0,No,Non-Festival,COD,3,4.0,No,4802.1504
ORD101948,2024-08-27,CUST7405,Premium,Electronics,2,5128,7692.0,25.0,Yes,Raksha Bandhan,Wallet,1,3.7,No,5769.0
ORD101949,2024-03-27,CUST4177,Regular,Fashion,4,3599,7917.800000000001,45.0,Yes,Holi,Wallet,7,4.0,Yes,4354.790000000001
ORD101950,2024-10-24,CUST3829,New,Electronics,2,9745,18320.6,6.0,Yes,Diwali,UPI,3,4.7,No,17221.363999999998
ORD101951,2024-01-14,CUST3266,Regular,Home Decor,1,6770,3926.6,42.0,No,Non-Festival,COD,2,3.3,No,2277.4280000000003
ORD101952,2024-11-29,CUST3098,New,Groceries,5,642,1733.4,46.0,No,Non-Festival,Credit Card,2,3.7,No,936.0360000000001
ORD101953,2024-01-02,CUST3883,New,Home Decor,5,800,3200.0,20.0,No,Non-Festival,UPI,4,3.6,No,2560.0
ORD101954,2024-10-19,CUST9292,New,Beauty,5,4782,13867.8,42.0,No,Non-Festival,COD,1,3.5,No,8043.3240000000005
ORD101955,2024-11-20,CUST6506,New,Beauty,2,2986,4120.679999999999,31.0,No,Non-Festival,COD,5,3.8,No,2843.2691999999993
ORD101956,2024-02-10,CUST3887,Regular,Electronics,5,2895,13606.5,6.0,No,Non-Festival,UPI,4,3.1,Yes,12790.109999999999
ORD101957,2024-11-13,CUST1005,Regular,Beauty,3,2252,5269.68,22.0,No,Non-Festival,Wallet,6,3.7,No,4110.3504
ORD101958,2024-11-11,CUST3840,Premium,Beauty,4,831,2692.44,19.0,No,Non-Festival,Credit Card,7,4.8,No,2180.8764
ORD101959,2024-04-20,CUST5324,Regular,Fashion,5,3642,14750.1,19.0,No,Non-Festival,Credit Card,7,2.9,No,11947.581000000002
ORD101960,2024-01-14,CUST9263,Regular,Fashion,3,1954,4044.78,31.0,No,Non-Festival,COD,4,2.5,No,2790.8982
ORD101961,2024-08-18,CUST2635,Premium,Home Decor,3,7220,16245.0,25.0,Yes,Independence Day,COD,2,3.2,No,12183.75
ORD101962,2024-03-24,CUST6918,Regular,Home Decor,2,9970,12961.0,35.0,Yes,Holi,Credit Card,5,4.8,No,8424.65
ORD101963,2024-05-09,CUST1426,New,Fashion,2,225,346.5,23.0,No,Non-Festival,COD,1,2.7,No,266.805
ORD101964,2024-08-18,CUST3235,New,Electronics,4,8146,32584.0,0.0,Yes,Independence Day,Credit Card,1,2.8,No,32584.0
ORD101965,2024-11-21,CUST4155,New,Fashion,4,7497,21891.24,25.0,No,Non-Festival,Wallet,2,3.3,No,16418.43
ORD101966,2024-05-24,CUST7212,Premium,Home Decor,1,6753,5064.75,25.0,No,Non-Festival,Credit Card,6,4.4,No,3798.5625
ORD101967,2024-12-10,CUST3708,New,Groceries,4,5959,15970.12,33.0,No,Non-Festival,Credit Card,3,4.4,No,10699.980399999999
ORD101968,2024-01-28,CUST8315,New,Beauty,2,7955,11932.5,25.0,Yes,Republic Day,Credit Card,2,2.7,No,8949.375
ORD101969,2024-03-06,CUST7104,Premium,Groceries,3,1329,2591.55,35.0,No,Non-Festival,COD,5,4.8,No,1684.5075000000002
ORD101970,2024-06-11,CUST5127,Regular,Groceries,1,5196,4988.16,4.0,No,Non-Festival,Wallet,3,3.1,No,4788.6336
ORD101971,2024-08-16,CUST5008,New,Beauty,4,4345,17206.2,1.0,Yes,Independence Day,UPI,5,3.2,No,17034.138
ORD101972,2024-09-17,CUST4508,New,Fashion,3,5841,12090.87,31.0,No,Non-Festival,UPI,1,3.5,No,8342.7003
ORD101973,2024-06-12,CUST8895,Regular,Electronics,2,8833,11836.22,33.0,No,Non-Festival,Credit Card,3,4.1,No,7930.267399999999
ORD101974,2024-10-27,CUST9730,Regular,Groceries,5,6097,15547.35,49.0,Yes,Diwali,COD,5,3.8,No,7929.1485
ORD101975,2024-10-29,CUST5064,Premium,Electronics,1,7569,5373.99,29.0,Yes,Diwali,UPI,7,4.8,No,3815.5328999999997
ORD101976,2024-10-13,CUST1862,Regular,Home Decor,3,4095,9459.45,23.0,No,Non-Festival,UPI,1,3.9,No,7283.776500000001
ORD101977,2024-01-10,CUST6103,New,Groceries,2,4997,7295.62,27.0,No,Non-Festival,Credit Card,5,3.8,Yes,5325.8026
ORD101978,2024-07-13,CUST3329,New,Home Decor,2,2028,2230.8,45.0,No,Non-Festival,Credit Card,3,2.7,No,1226.9400000000003
ORD101979,2024-04-27,CUST7327,Regular,Fashion,1,9927,9728.46,2.0,No,Non-Festival,COD,1,4.6,No,9533.8908
ORD101980,2024-09-26,CUST4075,Premium,Groceries,1,759,387.09,49.0,No,Non-Festival,UPI,5,3.0,No,197.4159
ORD101981,2024-03-20,CUST2803,Regular,Home Decor,4,9565,34816.6,9.0,Yes,Holi,Credit Card,4,3.4,No,31683.106
ORD101982,2024-04-02,CUST3032,Premium,Home Decor,4,9476,36008.8,5.0,No,Non-Festival,Wallet,3,3.3,No,34208.36
ORD101983,2024-09-22,CUST1509,Regular,Fashion,1,4114,2756.38,33.0,No,Non-Festival,Wallet,3,3.3,No,1846.7746
ORD101984,2024-11-27,CUST1738,Premium,Electronics,1,8630,6041.0,30.0,No,Non-Festival,Wallet,3,4.8,No,4228.7
ORD101985,2024-12-15,CUST4756,Regular,Electronics,3,8250,14355.000000000002,42.0,No,Non-Festival,Credit Card,6,3.6,No,8325.900000000001
ORD101986,2024-12-26,CUST1087,Regular,Groceries,4,9863,20120.52,49.0,Yes,Christmas/New Year,COD,1,3.2,No,10261.4652
ORD101987,2024-09-13,CUST3375,Regular,Fashion,2,7100,7810.000000000001,45.0,No,Non-Festival,Wallet,3,3.2,No,4295.500000000001
ORD101988,2024-05-12,CUST6791,Regular,Groceries,4,5787,20370.24,12.0,No,Non-Festival,Wallet,5,4.5,No,17925.8112
ORD101989,2024-10-02,CUST8264,Premium,Electronics,4,5612,13917.76,38.0,No,Non-Festival,Wallet,7,3.8,No,8629.0112
ORD101990,2024-09-20,CUST9716,Regular,Fashion,1,4812,3897.72,19.0,No,Non-Festival,Credit Card,4,3.6,No,3157.1532
ORD101991,2024-06-19,CUST3176,Premium,Beauty,1,3883,2679.27,31.0,No,Non-Festival,Credit Card,5,4.8,No,1848.6962999999998
ORD101992,2024-01-01,CUST6929,New,Fashion,4,8596,31289.44,9.0,No,Non-Festival,Credit Card,5,4.8,No,28473.3904
ORD101993,2024-11-08,CUST2547,New,Fashion,5,7547,28301.25,25.0,Yes,Diwali,Wallet,3,4.4,No,21225.9375
ORD101994,2024-03-04,CUST5959,New,Beauty,5,3800,15580.000000000002,18.0,No,Non-Festival,Credit Card,4,3.8,No,12775.600000000002
ORD101995,2024-10-10,CUST4482,New,Home Decor,4,6843,19707.84,28.0,No,Non-Festival,Credit Card,4,2.8,No,14189.6448
ORD101996,2024-04-30,CUST5316,Regular,Home Decor,5,1413,6217.2,12.0,No,Non-Festival,COD,7,4.3,No,5471.1359999999995
ORD101997,2024-04-16,CUST7423,Regular,Home Decor,4,7547,20225.96,33.0,No,Non-Festival,Credit Card,4,4.5,No,13551.393199999999
ORD101998,2024-06-23,CUST3988,Premium,Electronics,1,3291,2665.71,19.0,No,Non-Festival,UPI,4,4.6,Yes,2159.2251
ORD101999,2024-07-22,CUST9034,New,Fashion,1,1582,901.74,43.0,No,Non-Festival,Credit Card,2,4.0,No,513.9918
ORD102000,2024-06-13,CUST3508,New,Beauty,1,3880,2366.8,39.0,No,Non-Festival,Credit Card,7,4.0,No,1443.748
ORD102001,2024-10-31,CUST4984,Regular,Electronics,2,8398,13940.679999999998,17.0,Yes,Diwali,UPI,7,4.3,No,11570.764399999998
ORD102002,2024-04-29,CUST7464,Regular,Beauty,1,3698,2477.66,33.0,No,Non-Festival,UPI,4,4.7,No,1660.0321999999996
ORD102003,2024-02-13,CUST1929,Regular,Electronics,1,8687,4604.110000000001,25.0,No,Non-Festival,Credit Card,3,2.6,No,3453.0825000000004
ORD102004,2024-11-07,CUST9736,Premium,Electronics,4,5706,21226.32,7.0,Yes,Diwali,COD,6,3.9,No,19740.4776
ORD102005,2024-06-04,CUST7389,Premium,Electronics,5,8655,36783.75,15.0,No,Non-Festival,Wallet,4,3.4,Yes,31266.1875
ORD102006,2024-07-25,CUST1479,Regular,Beauty,5,2337,7127.849999999999,39.0,No,Non-Festival,UPI,5,4.6,No,4347.9884999999995
ORD102007,2024-04-17,CUST8830,Regular,Groceries,1,7855,6126.900000000001,22.0,No,Non-Festival,COD,2,2.8,No,4778.982000000001
ORD102008,2024-09-07,CUST8136,Premium,Electronics,1,8324,5743.56,31.0,No,Non-Festival,Credit Card,5,4.8,Yes,3963.0564
ORD102009,2024-11-29,CUST8656,Premium,Home Decor,1,5148,4530.24,12.0,No,Non-Festival,Credit Card,3,2.8,No,3986.6112
ORD102010,2024-05-09,CUST9171,Regular,Fashion,4,4065,12195.0,25.0,No,Non-Festival,UPI,3,2.7,No,9146.25
ORD102011,2024-10-19,CUST2507,New,Groceries,4,5660,14263.2,37.0,No,Non-Festival,UPI,7,3.4,No,8985.816
ORD102012,2024-01-20,CUST5697,Premium,Groceries,4,5648,22592.0,0.0,Yes,Republic Day,COD,6,5.0,No,22592.0
ORD102013,2024-10-08,CUST6081,New,Beauty,5,4696,23245.2,1.0,No,Non-Festival,Credit Card,6,4.1,No,23012.748
ORD102014,2024-10-11,CUST8969,New,Groceries,2,4652,5768.48,38.0,No,Non-Festival,UPI,4,2.6,No,3576.4575999999997
ORD102015,2024-01-01,CUST8942,Regular,Beauty,5,7098,31231.2,12.0,No,Non-Festival,UPI,7,3.1,No,27483.456000000002
ORD102016,2024-04-28,CUST7949,Regular,Beauty,4,2746,8128.16,26.0,No,Non-Festival,Wallet,6,2.9,Yes,6014.8384
ORD102017,2024-02-04,CUST9791,Premium,Home Decor,3,5129,14925.39,3.0,No,Non-Festival,UPI,3,2.5,No,14477.628299999998
ORD102018,2024-07-16,CUST5736,Regular,Electronics,2,8510,10212.0,40.0,No,Non-Festival,COD,2,3.8,Yes,6127.2
ORD102019,2024-09-01,CUST9826,New,Groceries,1,7414,6005.34,19.0,No,Non-Festival,Credit Card,7,3.5,No,4864.325400000001
ORD102020,2024-02-28,CUST8176,Premium,Electronics,5,2595,12715.5,2.0,No,Non-Festival,UPI,6,4.0,No,12461.19
ORD102021,2024-11-20,CUST7157,New,Electronics,2,7871,12278.76,22.0,No,Non-Festival,Wallet,5,3.0,Yes,9577.4328
ORD102022,2024-06-09,CUST1842,Regular,Electronics,3,5714,16970.579999999998,1.0,No,Non-Festival,UPI,3,4.6,No,16800.8742
ORD102023,2024-06-27,CUST6405,Regular,Beauty,2,1902,3233.4,15.0,No,Non-Festival,UPI,6,3.5,No,2748.39
ORD102024,2024-07-24,CUST2307,Premium,Electronics,5,8921,40590.55,9.0,No,Non-Festival,Credit Card,6,3.7,No,36937.4005
ORD102025,2024-01-12,CUST9185,Regular,Groceries,4,3874,11312.08,27.0,No,Non-Festival,Wallet,3,4.3,No,8257.8184
ORD102026,2024-10-02,CUST1951,Premium,Beauty,1,8694,4955.580000000001,43.0,No,Non-Festival,COD,2,2.9,No,2824.6806000000006
ORD102027,2024-06-29,CUST2849,New,Groceries,4,4451,14777.32,17.0,No,Non-Festival,COD,1,3.2,No,12265.175599999999
ORD102028,2024-08-29,CUST7202,Regular,Beauty,4,213,843.48,25.0,Yes,Raksha Bandhan,Credit Card,1,2.9,Yes,632.61
ORD102029,2024-08-03,CUST8031,Premium,Fashion,5,7387,32133.45,13.0,No,Non-Festival,COD,2,4.4,No,27956.1015
ORD102030,2024-09-07,CUST6488,Regular,Fashion,4,3003,6846.840000000001,43.0,No,Non-Festival,COD,3,2.7,No,3902.698800000001
ORD102031,2024-10-25,CUST9020,Regular,Fashion,4,1088,3525.1200000000003,19.0,Yes,Diwali,UPI,2,3.7,Yes,2855.3472000000006
ORD102032,2024-05-05,CUST1107,New,Fashion,5,9588,29243.4,39.0,No,Non-Festival,COD,2,4.4,No,17838.474000000002
ORD102033,2024-08-04,CUST3026,New,Beauty,5,4740,18486.0,22.0,No,Non-Festival,Wallet,1,3.8,No,14419.08
ORD102034,2024-11-01,CUST9625,Premium,Electronics,3,8290,23377.8,6.0,Yes,Diwali,UPI,4,3.8,No,21975.131999999998
ORD102035,2024-10-11,CUST5028,New,Home Decor,4,2369,5306.56,44.0,No,Non-Festival,COD,6,2.7,No,2971.6736000000005
ORD102036,2024-07-03,CUST1237,Premium,Home Decor,2,3851,4159.08,46.0,No,Non-Festival,Wallet,3,4.5,No,2245.9032
ORD102037,2024-02-08,CUST3679,Regular,Fashion,1,8217,7148.79,13.0,No,Non-Festival,UPI,5,4.0,No,6219.4473
ORD102038,2024-08-10,CUST1342,Regular,Electronics,1,8440,5401.6,36.0,Yes,Independence Day,Wallet,2,4.2,No,3457.0240000000003
ORD102039,2024-07-02,CUST1495,New,Groceries,5,380,1766.9999999999998,7.0,No,Non-Festival,Credit Card,7,4.4,No,1643.3099999999997
ORD102040,2024-06-26,CUST3514,Regular,Electronics,5,4078,10398.9,49.0,No,Non-Festival,Credit Card,1,3.9,No,5303.439
ORD102041,2024-10-20,CUST3214,Premium,Groceries,3,9809,28249.92,4.0,Yes,Diwali,COD,4,3.8,No,27119.923199999997
ORD102042,2024-12-05,CUST8844,Premium,Home Decor,4,3664,11431.68,22.0,No,Non-Festival,Wallet,7,4.2,No,8916.7104
ORD102043,2024-05-30,CUST4645,Premium,Electronics,5,729,2187.0,40.0,No,Non-Festival,UPI,3,4.8,No,1312.2
ORD102044,2024-05-05,CUST8980,Regular,Electronics,5,5971,27168.05,9.0,No,Non-Festival,Wallet,7,4.1,No,24722.9255
ORD102045,2024-10-27,CUST3056,Regular,Home Decor,1,4879,2537.08,48.0,Yes,Diwali,Wallet,2,4.5,Yes,1319.2816
ORD102046,2024-11-03,CUST6727,Regular,Electronics,4,8140,24094.4,26.0,Yes,Diwali,Credit Card,1,3.7,No,17829.856
ORD102047,2024-12-01,CUST9638,Premium,Groceries,3,1486,2942.28,34.0,No,Non-Festival,Credit Card,2,4.0,No,1941.9047999999998
ORD102048,2024-08-21,CUST9218,Premium,Electronics,5,2390,11950.0,25.0,No,Non-Festival,COD,5,3.0,Yes,8962.5
ORD102049,2024-01-08,CUST7290,Premium,Groceries,5,9098,42760.6,6.0,No,Non-Festival,Wallet,7,3.7,No,40194.964
ORD102050,2024-12-06,CUST3946,Premium,Fashion,5,8685,23449.5,46.0,No,Non-Festival,Wallet,3,2.9,No,12662.730000000001
ORD102051,2024-05-08,CUST5275,Regular,Electronics,1,1761,1637.7299999999998,7.0,No,Non-Festival,UPI,6,3.7,No,1523.0888999999997
ORD102052,2024-09-20,CUST5521,New,Groceries,5,5828,26226.0,10.0,No,Non-Festival,UPI,3,2.7,No,23603.4
ORD102053,2024-06-05,CUST3498,Premium,Home Decor,5,2811,9416.85,33.0,No,Non-Festival,Credit Card,3,3.9,No,6309.2895
ORD102054,2024-12-17,CUST6253,Regular,Fashion,1,6760,4934.8,27.0,No,Non-Festival,Wallet,3,3.2,No,3602.404
ORD102055,2024-12-23,CUST9190,Regular,Electronics,5,860,2880.9999999999995,33.0,Yes,Christmas/New Year,COD,1,4.6,No,1930.2699999999995
ORD102056,2024-01-05,CUST5583,New,Groceries,4,3378,7836.960000000001,42.0,No,Non-Festival,Credit Card,5,3.4,No,4545.436800000001
ORD102057,2024-03-26,CUST1526,New,Electronics,4,3589,11628.36,19.0,Yes,Holi,Wallet,2,4.8,No,9418.9716
ORD102058,2024-06-23,CUST9375,Regular,Groceries,1,3263,2381.99,27.0,No,Non-Festival,Credit Card,1,3.7,No,1738.8526999999997
ORD102059,2024-10-16,CUST3505,Premium,Electronics,4,6601,13730.08,48.0,No,Non-Festival,COD,7,4.6,No,7139.6416
ORD102060,2024-07-11,CUST5600,Regular,Fashion,3,8327,14738.790000000005,41.0,No,Non-Festival,Wallet,4,3.2,No,8695.886100000003
ORD102061,2024-11-06,CUST4403,Regular,Fashion,5,3040,9728.0,36.0,Yes,Diwali,COD,3,3.6,No,6225.92
ORD102062,2024-04-28,CUST7943,Premium,Electronics,3,6509,19136.46,2.0,No,Non-Festival,Wallet,3,4.1,No,18753.730799999998
ORD102063,2024-08-05,CUST9858,Premium,Electronics,4,7392,27202.56,8.0,No,Non-Festival,Wallet,2,3.1,No,25026.3552
ORD102064,2024-04-23,CUST5248,Premium,Beauty,1,6254,4940.66,21.0,No,Non-Festival,COD,3,4.1,No,3903.1214
ORD102065,2024-05-24,CUST5854,Regular,Electronics,1,6346,4822.96,24.0,No,Non-Festival,UPI,3,3.2,No,3665.4496
ORD102066,2024-01-26,CUST5181,Regular,Electronics,3,6761,20080.17,1.0,Yes,Republic Day,COD,2,3.7,No,19879.3683
ORD102067,2024-05-15,CUST6463,Regular,Fashion,4,8760,27331.2,22.0,No,Non-Festival,COD,5,2.6,No,21318.336000000003
ORD102068,2024-10-29,CUST1589,Regular,Electronics,5,738,3099.6,16.0,Yes,Diwali,Credit Card,1,2.7,Yes,2603.6639999999998
ORD102069,2024-08-19,CUST2260,Regular,Home Decor,4,3127,9506.08,24.0,Yes,Independence Day,COD,5,3.1,No,7224.6208
ORD102070,2024-03-16,CUST9121,Regular,Electronics,4,2593,9231.08,11.0,No,Non-Festival,COD,2,4.5,No,8215.6612
ORD102071,2024-11-23,CUST1809,Regular,Beauty,1,9122,6750.28,26.0,No,Non-Festival,Credit Card,6,4.2,No,4995.2072
ORD102072,2024-12-10,CUST3658,Regular,Groceries,2,1096,1775.5200000000002,19.0,No,Non-Festival,UPI,7,4.7,No,1438.1712000000002
ORD102073,2024-10-28,CUST5273,Premium,Fashion,5,7067,32508.2,8.0,Yes,Diwali,COD,7,4.8,No,29907.544
ORD102074,2024-10-15,CUST4924,Regular,Home Decor,5,6545,25525.5,22.0,No,Non-Festival,Credit Card,6,3.4,No,19909.89
ORD102075,2024-01-01,CUST9244,Regular,Groceries,1,2568,1669.2,35.0,No,Non-Festival,UPI,6,3.4,No,1084.98
ORD102076,2024-05-26,CUST2717,Premium,Home Decor,4,4759,13896.28,27.0,No,Non-Festival,UPI,3,3.8,Yes,10144.2844
ORD102077,2024-10-13,CUST1119,Regular,Fashion,1,7947,4052.97,25.0,No,Non-Festival,COD,7,3.6,No,3039.7275
ORD102078,2024-05-21,CUST3783,Premium,Beauty,4,2580,5469.6,47.0,No,Non-Festival,UPI,3,4.6,No,2898.8880000000004
ORD102079,2024-02-22,CUST8336,Regular,Fashion,2,214,308.16,28.0,No,Non-Festival,COD,5,3.8,No,221.8752
ORD102080,2024-10-30,CUST8633,Regular,Home Decor,2,9745,11499.100000000002,41.0,Yes,Diwali,UPI,4,3.6,No,6784.469000000002
ORD102081,2024-03-09,CUST3491,Regular,Home Decor,3,3335,6903.45,31.0,No,Non-Festival,UPI,1,3.8,No,4763.380499999999
ORD102082,2024-12-26,CUST6655,Regular,Fashion,4,2477,8818.12,11.0,Yes,Christmas/New Year,UPI,3,2.8,No,7848.126800000001
ORD102083,2024-03-30,CUST6711,Premium,Electronics,1,8402,5965.42,29.0,Yes,Holi,COD,2,3.8,Yes,4235.4482
ORD102084,2024-08-07,CUST5353,New,Fashion,1,1856,1670.4,10.0,No,Non-Festival,UPI,5,3.3,Yes,1503.3600000000001
ORD102085,2024-07-10,CUST9375,Regular,Beauty,1,9639,6168.96,36.0,No,Non-Festival,Wallet,7,3.1,No,3948.1344
ORD102086,2024-03-03,CUST8579,Regular,Fashion,3,1860,4519.8,19.0,No,Non-Festival,Credit Card,1,2.9,No,3661.0380000000005
ORD102087,2024-03-13,CUST4657,Premium,Groceries,5,1963,8833.5,10.0,No,Non-Festival,Credit Card,6,3.5,No,7950.150000000001
ORD102088,2024-06-09,CUST2123,Regular,Electronics,1,8933,4734.490000000001,47.0,No,Non-Festival,Wallet,4,3.9,Yes,2509.2797000000005
ORD102089,2024-06-17,CUST8286,New,Groceries,2,1729,1867.32,46.0,No,Non-Festival,UPI,6,4.6,No,1008.3528
ORD102090,2024-03-29,CUST1167,Regular,Fashion,1,8065,5080.95,37.0,Yes,Holi,Wallet,6,4.6,No,3200.9984999999997
ORD102091,2024-06-24,CUST8740,New,Electronics,1,6038,3381.28,44.0,No,Non-Festival,COD,7,4.6,No,1893.5168000000003
ORD102092,2024-09-25,CUST4993,Regular,Groceries,1,7110,6043.5,15.0,No,Non-Festival,Credit Card,3,3.9,No,5136.974999999999
ORD102093,2024-03-13,CUST3344,Regular,Groceries,5,9572,31587.599999999995,34.0,No,Non-Festival,UPI,5,3.9,No,20847.815999999995
ORD102094,2024-09-01,CUST8703,New,Electronics,1,2817,1436.67,49.0,No,Non-Festival,Credit Card,3,4.8,No,732.7017000000001
ORD102095,2024-03-17,CUST4522,Premium,Electronics,5,2954,14770.0,0.0,No,Non-Festival,Wallet,7,3.2,No,14770.0
ORD102096,2024-06-07,CUST8581,Premium,Home Decor,5,9320,35416.0,24.0,No,Non-Festival,Wallet,7,2.9,No,26916.16
ORD102097,2024-11-19,CUST5005,Premium,Electronics,3,8301,12949.56,48.0,No,Non-Festival,Credit Card,5,2.7,No,6733.7712
ORD102098,2024-04-07,CUST6385,Premium,Fashion,2,1626,2406.48,26.0,No,Non-Festival,Credit Card,4,4.7,No,1780.7952
ORD102099,2024-04-11,CUST3461,Regular,Beauty,1,8267,5704.23,31.0,No,Non-Festival,Credit Card,7,3.4,No,3935.9186999999993
ORD102100,2024-05-11,CUST8683,Premium,Home Decor,1,5408,5137.599999999999,5.0,No,Non-Festival,Credit Card,2,3.7,No,4880.719999999999
ORD102101,2024-04-11,CUST6377,Regular,Electronics,1,6422,3853.2,40.0,No,Non-Festival,Wallet,7,4.5,No,2311.9199999999996
ORD102102,2024-01-19,CUST5176,New,Beauty,5,8008,26026.0,35.0,No,Non-Festival,UPI,7,3.4,No,16916.9
ORD102103,2024-03-22,CUST8872,New,Home Decor,4,2261,5607.28,38.0,Yes,Holi,Credit Card,2,4.7,No,3476.5135999999998
ORD102104,2024-10-05,CUST4940,Regular,Fashion,2,2763,4310.28,22.0,No,Non-Festival,UPI,1,3.3,No,3362.0184
ORD102105,2024-12-04,CUST8524,Regular,Beauty,1,3003,2162.16,28.0,No,Non-Festival,Credit Card,7,4.3,No,1556.7551999999998
ORD102106,2024-12-30,CUST6610,Regular,Electronics,4,6409,18201.56,29.0,Yes,Christmas/New Year,COD,3,4.2,No,12923.107600000001
ORD102107,2024-11-26,CUST6971,Regular,Electronics,4,2493,7877.88,21.0,No,Non-Festival,UPI,3,3.0,No,6223.5252
ORD102108,2024-05-08,CUST9220,New,Fashion,4,1825,6570.0,10.0,No,Non-Festival,COD,3,2.8,No,5913.0
ORD102109,2024-12-09,CUST2456,Regular,Home Decor,2,6009,9013.5,25.0,No,Non-Festival,Wallet,2,2.8,No,6760.125
ORD102110,2024-11-05,CUST8857,Regular,Beauty,4,771,2405.52,22.0,Yes,Diwali,COD,7,4.1,No,1876.3056000000001
ORD102111,2024-03-29,CUST7969,New,Fashion,1,7599,7447.019999999999,2.0,Yes,Holi,Wallet,1,2.5,No,7298.079599999998
ORD102112,2024-07-31,CUST6102,New,Home Decor,1,2600,1378.0,47.0,No,Non-Festival,Credit Card,2,4.2,No,730.34
ORD102113,2024-05-22,CUST9607,Premium,Groceries,3,8774,25005.9,5.0,No,Non-Festival,Wallet,6,4.5,No,23755.605
ORD102114,2024-03-05,CUST8155,Premium,Groceries,5,6029,28336.3,6.0,No,Non-Festival,Credit Card,5,3.3,No,26636.122
ORD102115,2024-03-16,CUST1232,Premium,Home Decor,4,1283,2925.24,43.0,No,Non-Festival,Credit Card,3,4.4,No,1667.3868
ORD102116,2024-07-17,CUST2544,New,Electronics,5,2149,6661.9,38.0,No,Non-Festival,Credit Card,7,3.8,No,4130.378
ORD102117,2024-05-22,CUST9966,Premium,Electronics,5,5730,22633.5,21.0,No,Non-Festival,Wallet,7,4.9,No,17880.465
ORD102118,2024-11-11,CUST2763,Premium,Groceries,5,5402,14315.3,47.0,No,Non-Festival,Credit Card,5,3.1,No,7587.109
ORD102119,2024-04-02,CUST1495,Regular,Electronics,5,5630,14356.5,49.0,No,Non-Festival,COD,6,3.7,No,7321.8150000000005
ORD102120,2024-10-31,CUST7901,Regular,Electronics,5,3697,10906.15,41.0,Yes,Diwali,COD,4,5.0,No,6434.628500000001
ORD102121,2024-08-11,CUST8040,Premium,Home Decor,1,5696,3873.28,32.0,Yes,Independence Day,Credit Card,7,4.8,No,2633.8304
ORD102122,2024-10-17,CUST9263,New,Home Decor,2,5130,6258.599999999999,39.0,No,Non-Festival,Credit Card,5,4.1,No,3817.7459999999996
ORD102123,2024-04-11,CUST3284,New,Electronics,4,3594,14088.48,2.0,No,Non-Festival,UPI,5,3.4,No,13806.7104
ORD102124,2024-09-23,CUST5269,New,Home Decor,4,9595,27249.8,29.0,No,Non-Festival,Wallet,7,4.3,No,19347.358
ORD102125,2024-12-20,CUST1327,Premium,Beauty,1,973,515.69,47.0,Yes,Christmas/New Year,UPI,5,3.7,Yes,273.31570000000005
ORD102126,2024-04-19,CUST5129,Premium,Groceries,1,7993,6154.610000000001,23.0,No,Non-Festival,COD,7,2.8,No,4739.0497000000005
ORD102127,2024-11-25,CUST7732,New,Beauty,5,2797,13705.3,2.0,No,Non-Festival,Wallet,7,4.5,No,13431.194
ORD102128,2024-09-21,CUST1994,Premium,Beauty,2,9795,19394.1,1.0,No,Non-Festival,COD,7,4.7,Yes,19200.159
ORD102129,2024-01-03,CUST2964,Regular,Electronics,4,8181,18652.68,43.0,No,Non-Festival,Wallet,2,3.5,No,10632.027600000001
ORD102130,2024-03-25,CUST6351,Regular,Electronics,3,3261,5967.63,39.0,Yes,Holi,Wallet,5,4.2,No,3640.2543
ORD102131,2024-10-08,CUST7064,New,Beauty,1,3525,2890.5,18.0,No,Non-Festival,Wallet,6,2.6,No,2370.21
ORD102132,2024-11-23,CUST6710,Regular,Beauty,3,1603,3702.93,23.0,No,Non-Festival,COD,3,3.0,No,2851.2561
ORD102133,2024-10-30,CUST3096,New,Fashion,4,3520,7180.8,49.0,Yes,Diwali,Credit Card,1,3.9,No,3662.208
ORD102134,2024-04-26,CUST5476,Regular,Fashion,1,7439,6025.59,19.0,No,Non-Festival,COD,4,3.8,No,4880.727900000001
ORD102135,2024-08-08,CUST9808,Premium,Groceries,4,6849,14793.84,46.0,No,Non-Festival,Wallet,3,4.9,No,7988.673600000001
ORD102136,2024-06-02,CUST8554,Premium,Beauty,1,7620,3962.4,48.0,No,Non-Festival,COD,1,4.6,No,2060.4480000000003
ORD102137,2024-06-01,CUST2740,Premium,Home Decor,4,7339,14971.56,49.0,No,Non-Festival,COD,3,4.1,No,7635.4956
ORD102138,2024-01-12,CUST4446,Regular,Fashion,3,1069,2244.9,30.0,No,Non-Festival,UPI,5,5.0,No,1571.43
ORD102139,2024-05-12,CUST9151,New,Electronics,2,6642,6774.84,49.0,No,Non-Festival,Wallet,4,3.1,No,3455.1684
ORD102140,2024-10-30,CUST4227,Premium,Beauty,1,9475,5685.0,40.0,Yes,Diwali,COD,7,4.8,No,3411.0
ORD102141,2024-10-19,CUST1119,Regular,Home Decor,3,1173,2463.3,30.0,No,Non-Festival,Wallet,3,3.3,No,1724.31
ORD102142,2024-10-26,CUST5346,Premium,Home Decor,4,9617,24619.52,36.0,Yes,Diwali,COD,4,4.0,No,15756.4928
ORD102143,2024-08-15,CUST2849,Regular,Home Decor,3,1388,2415.1200000000003,25.0,Yes,Independence Day,UPI,2,3.6,No,1811.3400000000001
ORD102144,2024-09-27,CUST4045,Regular,Electronics,1,5347,3849.84,28.0,No,Non-Festival,,2,3.6,No,2771.8848
ORD102145,2024-02-12,CUST6208,Regular,Fashion,3,3643,10601.13,3.0,No,Non-Festival,Credit Card,5,4.4,No,10283.096099999999
ORD102146,2024-12-08,CUST7176,New,Home Decor,4,5884,21417.76,9.0,No,Non-Festival,Wallet,5,3.4,No,19490.1616
ORD102147,2024-11-21,CUST8207,Premium,Fashion,5,1521,4943.25,35.0,No,Non-Festival,UPI,2,3.8,No,3213.1125
ORD102148,2024-10-28,CUST8722,Premium,Groceries,2,2223,2934.36,34.0,Yes,Diwali,COD,3,3.0,No,1936.6775999999998
ORD102149,2024-12-29,CUST7306,Regular,Electronics,2,6940,7356.400000000001,47.0,Yes,Christmas/New Year,UPI,7,4.4,No,3898.8920000000003
ORD102150,2024-01-21,CUST4567,Regular,Fashion,5,5668,22672.0,20.0,Yes,Republic Day,COD,1,3.9,No,18137.600000000002
ORD102151,2024-04-16,CUST7216,New,Fashion,1,638,370.04,42.0,No,Non-Festival,Wallet,1,3.1,No,214.62320000000003
ORD102152,2024-12-01,CUST4728,Premium,Home Decor,3,364,655.1999999999999,40.0,No,Non-Festival,COD,7,3.2,No,393.11999999999995
ORD102153,2024-10-29,CUST6433,New,Home Decor,3,5878,17634.0,0.0,Yes,Diwali,UPI,2,3.2,No,17634.0
ORD102154,2024-04-26,CUST6905,Regular,Electronics,5,8035,23703.250000000004,41.0,No,Non-Festival,Credit Card,1,4.2,No,13984.917500000003
ORD102155,2024-05-03,CUST6712,Regular,Fashion,5,3537,15739.65,11.0,No,Non-Festival,UPI,3,4.0,No,14008.2885
ORD102156,2024-10-07,CUST7826,New,Beauty,4,3550,10934.0,23.0,No,Non-Festival,Credit Card,1,4.6,No,8419.18
ORD102157,2024-10-18,CUST6823,Premium,Home Decor,4,1187,4700.52,1.0,No,Non-Festival,Credit Card,6,3.9,Yes,4653.514800000001
ORD102158,2024-07-21,CUST2440,Regular,Home Decor,2,2729,2947.32,46.0,No,Non-Festival,Wallet,1,3.3,No,1591.5528000000002
ORD102159,2024-02-20,CUST3834,Regular,Groceries,1,4812,3897.72,19.0,No,Non-Festival,UPI,7,4.9,No,3157.1532
ORD102160,2024-09-27,CUST9747,New,Electronics,1,4045,3438.25,15.0,No,Non-Festival,COD,6,4.7,No,2922.5125
ORD102161,2024-11-19,CUST7851,Regular,Fashion,5,5956,19952.6,33.0,No,Non-Festival,Credit Card,7,3.2,No,13368.241999999998
ORD102162,2024-10-03,CUST6475,Premium,Fashion,2,8305,14616.8,12.0,No,Non-Festival,UPI,2,4.8,No,12862.784
ORD102163,2024-05-20,CUST3279,Regular,Fashion,2,1526,2533.16,17.0,No,Non-Festival,Wallet,4,4.3,No,2102.5227999999997
ORD102164,2024-10-01,CUST8660,Regular,Home Decor,4,8419,24246.72,28.0,No,Non-Festival,COD,4,3.5,No,17457.6384
ORD102165,2024-10-16,CUST1438,New,Electronics,3,7124,12395.760000000002,42.0,No,Non-Festival,COD,3,3.7,No,7189.5408000000025
ORD102166,2024-11-29,CUST5341,Regular,Fashion,1,4793,4169.91,13.0,No,Non-Festival,COD,4,3.6,No,3627.8217
ORD102167,2024-02-21,CUST4466,Premium,Beauty,2,6862,9744.04,29.0,No,Non-Festival,UPI,5,4.5,No,6918.2684
ORD102168,2024-01-27,CUST5288,New,Groceries,4,393,1037.52,34.0,Yes,Republic Day,UPI,2,3.8,No,684.7631999999999
ORD102169,2024-06-05,CUST5789,Regular,Groceries,4,8983,33057.44,8.0,No,Non-Festival,COD,6,2.6,No,30412.844800000003
ORD102170,2024-08-26,CUST8598,Regular,Fashion,4,2689,6883.84,36.0,Yes,Raksha Bandhan,Wallet,6,3.7,No,4405.6576000000005
ORD102171,2024-06-04,CUST7598,Premium,Home Decor,3,6601,10891.65,45.0,No,Non-Festival,COD,4,3.2,No,5990.4075
ORD102172,2024-10-17,CUST2245,Regular,Groceries,2,8504,10544.96,38.0,No,Non-Festival,COD,1,3.9,No,6537.8751999999995
ORD102173,2024-05-15,CUST8909,Regular,Groceries,5,9709,43205.05,11.0,No,Non-Festival,Wallet,4,4.9,No,38452.4945
ORD102174,2024-05-23,CUST7047,Regular,Groceries,5,1937,7748.0,20.0,No,Non-Festival,Wallet,2,4.2,No,6198.400000000001
ORD102175,2024-04-15,CUST4388,Premium,Groceries,4,2261,7506.519999999999,17.0,No,Non-Festival,Wallet,1,4.9,No,6230.4115999999985
ORD102176,2024-06-06,CUST3439,Premium,Fashion,4,6483,23338.8,10.0,No,Non-Festival,COD,1,4.3,No,21004.92
ORD102177,2024-05-25,CUST1294,Premium,Electronics,3,9786,21724.92,26.0,No,Non-Festival,Wallet,6,2.7,No,16076.440799999998
ORD102178,2024-01-02,CUST9977,Regular,Electronics,4,7040,21683.2,23.0,No,Non-Festival,UPI,7,4.7,No,16696.064000000002
ORD102179,2024-03-17,CUST8913,Premium,Home Decor,2,3759,4510.8,40.0,No,Non-Festival,Wallet,2,3.0,No,2706.48
ORD102180,2024-05-11,CUST5903,New,Beauty,4,5661,13133.520000000002,42.0,No,Non-Festival,COD,3,4.7,No,7617.441600000002
ORD102181,2024-03-30,CUST4348,Premium,Electronics,4,7799,15909.96,49.0,Yes,Holi,Credit Card,3,4.4,No,8114.0796
ORD102182,2024-12-10,CUST4092,Premium,Beauty,2,4083,5471.219999999999,33.0,No,Non-Festival,Credit Card,2,4.6,No,3665.717399999999
ORD102183,2024-12-15,CUST2968,Premium,Electronics,1,3451,2795.3100000000004,19.0,No,Non-Festival,UPI,6,3.1,No,2264.2011000000007
ORD102184,2024-09-19,CUST4513,New,Electronics,5,5253,23113.2,12.0,No,Non-Festival,Credit Card,7,3.8,No,20339.616
ORD102185,2024-12-16,CUST7010,New,Home Decor,4,3214,6942.240000000001,46.0,No,Non-Festival,Credit Card,2,4.0,No,3748.8096000000005
ORD102186,2024-04-17,CUST1856,Regular,Groceries,2,1328,2470.08,7.0,No,Non-Festival,Credit Card,2,2.7,No,2297.1744
ORD102187,2024-03-14,CUST7765,Regular,Home Decor,5,7065,22608.0,36.0,No,Non-Festival,UPI,1,4.7,Yes,14469.12
ORD102188,2024-02-08,CUST4801,Regular,Electronics,3,6672,19215.36,4.0,No,Non-Festival,Credit Card,7,4.7,No,18446.7456
ORD102189,2024-06-07,CUST2613,Regular,Groceries,1,7616,7159.04,6.0,No,Non-Festival,COD,1,3.9,No,6729.4976
ORD102190,2024-03-11,CUST3140,Regular,Groceries,4,1896,4322.88,25.0,No,Non-Festival,Credit Card,2,3.6,No,3242.16
ORD102191,2024-11-07,CUST7967,New,Groceries,1,8524,7586.36,11.0,Yes,Diwali,Wallet,6,3.5,No,6751.8604
ORD102192,2024-08-28,CUST8199,Regular,Beauty,4,7607,18256.8,40.0,Yes,Raksha Bandhan,Credit Card,1,4.0,No,10954.08
ORD102193,2024-10-24,CUST1449,Premium,Electronics,4,7445,28886.6,3.0,Yes,Diwali,Credit Card,5,4.6,No,28020.001999999997
ORD102194,2024-02-05,CUST3709,Premium,Fashion,4,4865,11870.6,39.0,No,Non-Festival,COD,2,3.9,No,7241.066
ORD102195,2024-03-24,CUST2462,Regular,Home Decor,1,4420,3624.4,18.0,Yes,Holi,UPI,7,2.8,No,2972.0080000000003
ORD102196,2024-09-19,CUST6150,New,Beauty,3,7774,23322.0,25.0,No,Non-Festival,UPI,1,3.3,No,17491.5
ORD102197,2024-11-05,CUST5754,New,Home Decor,2,6370,7389.200000000001,42.0,Yes,Diwali,Credit Card,3,4.2,No,4285.736000000001
ORD102198,2024-06-20,CUST7576,Regular,Fashion,2,511,899.36,25.0,No,Non-Festival,COD,2,4.1,No,674.52
ORD102199,2024-06-21,CUST8211,Regular,Groceries,3,5634,8620.02,49.0,No,Non-Festival,Credit Card,7,3.8,No,4396.2102
ORD102200,2024-12-27,CUST5492,Regular,Fashion,3,601,1063.7700000000002,41.0,Yes,Christmas/New Year,,7,3.1,No,627.6243000000002
ORD102201,2024-02-16,CUST9550,Premium,Home Decor,4,5754,12888.96,44.0,No,Non-Festival,UPI,2,3.2,Yes,7217.8176
ORD102202,2024-05-20,CUST9342,Regular,Fashion,4,1796,5459.84,24.0,No,Non-Festival,Wallet,2,3.7,No,4149.4784
ORD102203,2024-04-27,CUST6568,Premium,Electronics,2,321,365.94000000000005,43.0,No,Non-Festival,Wallet,4,3.5,No,208.58580000000006
ORD102204,2024-10-03,CUST5931,New,Fashion,4,950,2128.0,44.0,No,Non-Festival,COD,2,3.3,No,1191.68
ORD102205,2024-08-01,CUST5871,Regular,Electronics,4,305,817.3999999999999,33.0,No,Non-Festival,COD,3,3.8,No,547.6579999999999
ORD102206,2024-08-07,CUST3549,New,Fashion,3,7134,14125.319999999998,34.0,No,Non-Festival,UPI,1,3.8,No,9322.711199999998
ORD102207,2024-01-26,CUST1790,Regular,Electronics,1,9451,7938.84,16.0,Yes,Republic Day,UPI,2,3.8,No,6668.6256
ORD102208,2024-01-09,CUST9491,New,Electronics,5,3438,12892.5,25.0,No,Non-Festival,UPI,6,3.6,No,9669.375
ORD102209,2024-09-27,CUST4180,Regular,Fashion,5,1444,5776.0,20.0,No,Non-Festival,Credit Card,5,4.2,No,4620.8
ORD102210,2024-01-10,CUST6071,Premium,Beauty,4,8467,30142.52,11.0,No,Non-Festival,Wallet,6,2.9,No,26826.842800000002
ORD102211,2024-04-30,CUST9502,Regular,Groceries,4,7065,24021.0,15.0,No,Non-Festival,Wallet,6,4.9,No,20417.85
ORD102212,2024-05-04,CUST5630,New,Groceries,5,9401,38074.05,19.0,No,Non-Festival,UPI,1,2.8,No,30839.980500000005
ORD102213,2024-06-18,CUST8585,Premium,Groceries,3,3482,9505.86,9.0,No,Non-Festival,UPI,3,4.3,No,8650.332600000002
ORD102214,2024-03-12,CUST4632,Regular,Electronics,5,2475,9652.5,22.0,No,Non-Festival,Wallet,4,4.3,Yes,7528.95
ORD102215,2024-05-31,CUST5274,Premium,Groceries,5,4008,10821.6,46.0,No,Non-Festival,,7,2.8,No,5843.664000000001
ORD102216,2024-07-26,CUST7656,Regular,Electronics,5,8844,31396.2,29.0,No,Non-Festival,UPI,3,5.0,No,22291.302
ORD102217,2024-02-18,CUST3881,Premium,Beauty,4,965,3589.8,7.0,No,Non-Festival,UPI,6,3.8,No,3338.514
ORD102218,2024-06-02,CUST5871,New,Fashion,4,4782,18362.88,25.0,No,Non-Festival,COD,4,3.4,No,13772.16
ORD102219,2024-12-12,CUST9546,Regular,Fashion,5,2915,12971.75,11.0,No,Non-Festival,UPI,1,3.6,No,11544.8575
ORD102220,2024-10-19,CUST7214,Regular,Electronics,4,1697,4004.920000000001,41.0,No,Non-Festival,Wallet,7,3.8,No,2362.9028000000008
ORD102221,2024-03-08,CUST2772,Regular,Electronics,5,3038,13215.3,13.0,No,Non-Festival,Wallet,4,2.6,No,11497.311
ORD102222,2024-02-19,CUST2599,Premium,Beauty,3,6236,16650.12,11.0,No,Non-Festival,COD,1,3.9,No,14818.6068
ORD102223,2024-05-31,CUST1205,Regular,Groceries,4,5266,16219.28,23.0,No,Non-Festival,Wallet,7,3.0,No,12488.8456
ORD102224,2024-01-19,CUST7356,Regular,Beauty,1,689,385.84,44.0,No,Non-Festival,COD,3,3.9,No,216.0704
ORD102225,2024-04-09,CUST7374,Regular,Fashion,4,6574,22088.64,16.0,No,Non-Festival,COD,6,4.1,No,18554.457599999998
ORD102226,2024-02-29,CUST7087,Regular,Fashion,3,2135,6405.0,0.0,No,Non-Festival,Wallet,3,2.6,No,6405.0
ORD102227,2024-06-15,CUST4109,New,Groceries,3,2949,5219.7300000000005,41.0,No,Non-Festival,COD,4,2.7,No,3079.640700000001
ORD102228,2024-07-20,CUST9615,Regular,Fashion,4,9495,24307.2,36.0,No,Non-Festival,Wallet,7,2.7,No,15556.608
ORD102229,2024-12-10,CUST1934,Premium,Electronics,2,8012,14421.6,10.0,No,Non-Festival,COD,5,4.6,No,12979.44
ORD102230,2024-05-25,CUST2365,Premium,Fashion,5,9991,29473.450000000004,41.0,No,Non-Festival,COD,6,4.8,No,17389.335500000005
ORD102231,2024-06-12,CUST3124,Premium,Home Decor,5,7664,36404.0,5.0,No,Non-Festival,COD,6,3.6,No,34583.799999999996
ORD102232,2024-08-29,CUST7355,Regular,Groceries,3,7977,20580.66,14.0,Yes,Raksha Bandhan,Wallet,3,4.7,No,17699.3676
ORD102233,2024-03-09,CUST7941,Premium,Groceries,4,8617,20680.8,40.0,No,Non-Festival,UPI,4,3.7,No,12408.48
ORD102234,2024-06-23,CUST1095,New,Groceries,2,6486,7912.92,39.0,No,Non-Festival,Credit Card,2,3.5,No,4826.8812
ORD102235,2024-02-18,CUST3816,Regular,Home Decor,1,4349,3392.2200000000003,22.0,No,Non-Festival,UPI,1,3.8,Yes,2645.9316000000003
ORD102236,2024-04-17,CUST7299,Regular,Beauty,5,6048,23587.2,22.0,No,Non-Festival,COD,2,4.5,No,18398.016
ORD102237,2024-08-13,CUST7736,Regular,Electronics,2,7856,9898.56,37.0,Yes,Independence Day,Wallet,7,3.1,No,6236.092799999999
ORD102238,2024-06-09,CUST5614,Regular,Groceries,5,2545,8016.75,37.0,No,Non-Festival,COD,2,3.3,No,5050.5525
ORD102239,2024-04-28,CUST2300,Regular,Fashion,4,5749,11957.92,48.0,No,Non-Festival,UPI,2,4.6,No,6218.1184
ORD102240,2024-05-28,CUST5904,Premium,Electronics,5,6880,30616.0,11.0,No,Non-Festival,Credit Card,4,4.8,No,27248.24
ORD102241,2024-05-29,CUST5557,Regular,Fashion,1,8970,8431.8,6.0,No,Non-Festival,UPI,3,2.8,No,7925.891999999999
ORD102242,2024-10-19,CUST7766,Premium,Electronics,4,1898,4858.88,36.0,No,Non-Festival,Wallet,6,4.3,No,3109.6832
ORD102243,2024-05-22,CUST1104,Premium,Electronics,3,7184,18319.2,15.0,No,Non-Festival,Wallet,2,2.5,No,15571.32
ORD102244,2024-06-08,CUST2471,Regular,Fashion,2,6237,7858.62,25.0,No,Non-Festival,UPI,7,3.1,No,5893.965
ORD102245,2024-01-11,CUST3926,Premium,Fashion,5,5456,16640.8,39.0,No,Non-Festival,UPI,4,2.7,No,10150.887999999999
ORD102246,2024-05-17,CUST1089,Regular,Electronics,4,6751,17822.64,34.0,No,Non-Festival,Credit Card,3,3.8,No,11762.942399999998
ORD102247,2024-03-18,CUST5395,New,Groceries,4,478,1166.32,39.0,No,Non-Festival,COD,1,3.4,No,711.4552
ORD102248,2024-03-17,CUST2780,Regular,Fashion,5,1668,6004.8,28.0,No,Non-Festival,Wallet,3,2.8,No,4323.456
ORD102249,2024-09-10,CUST3942,Premium,Home Decor,3,9332,17357.52,38.0,No,Non-Festival,Wallet,3,3.8,No,10761.662400000001
ORD102250,2024-09-14,CUST6223,New,Home Decor,5,2518,10575.6,16.0,No,Non-Festival,Credit Card,2,3.8,No,8883.504
ORD102251,2024-11-15,CUST3281,Regular,Electronics,3,4736,10656.0,25.0,No,Non-Festival,Wallet,7,3.2,No,7992.0
ORD102252,2024-10-17,CUST6375,Regular,Beauty,5,5547,22465.35,19.0,No,Non-Festival,Wallet,4,2.6,No,18196.9335
ORD102253,2024-09-19,CUST1254,Premium,Electronics,4,6139,13505.8,45.0,No,Non-Festival,UPI,6,4.6,No,7428.1900000000005
ORD102254,2024-03-25,CUST4714,Regular,Electronics,1,1983,1507.08,24.0,Yes,Holi,,7,3.5,No,1145.3808
ORD102255,2024-05-25,CUST2212,New,Groceries,1,6830,4302.9,37.0,No,Non-Festival,Credit Card,5,4.4,No,2710.8269999999998
ORD102256,2024-11-18,CUST4359,New,Groceries,4,3426,8496.48,38.0,No,Non-Festival,Wallet,1,3.6,No,5267.817599999999
ORD102257,2024-02-11,CUST6523,Regular,Beauty,1,9377,6001.28,36.0,No,Non-Festival,Credit Card,4,2.7,Yes,3840.8192
ORD102258,2024-05-04,CUST7007,Regular,Beauty,3,3019,7426.740000000001,18.0,No,Non-Festival,COD,6,3.5,No,6089.926800000001
ORD102259,2024-06-15,CUST8866,Regular,Beauty,4,4170,13344.0,20.0,No,Non-Festival,COD,2,4.7,No,10675.2
ORD102260,2024-08-28,CUST1474,Regular,Beauty,3,624,1291.6799999999998,31.0,Yes,Raksha Bandhan,Credit Card,4,2.5,No,891.2591999999999
ORD102261,2024-10-06,CUST9225,Premium,Beauty,4,2305,6730.599999999999,27.0,No,Non-Festival,Wallet,6,4.7,Yes,4913.338
ORD102262,2024-07-06,CUST6549,Premium,Electronics,3,2670,4966.2,38.0,No,Non-Festival,COD,5,4.1,No,3079.044
ORD102263,2024-10-28,CUST7519,Regular,Electronics,3,6094,10969.2,40.0,Yes,Diwali,Wallet,1,5.0,No,6581.52
ORD102264,2024-01-19,CUST1207,Regular,Home Decor,1,3994,3554.66,11.0,No,Non-Festival,UPI,7,4.8,No,3163.6474
ORD102265,2024-03-08,CUST8421,Regular,Home Decor,4,3091,6676.56,46.0,No,Non-Festival,Credit Card,3,4.7,No,3605.3424000000005
ORD102266,2024-08-05,CUST4611,Regular,Fashion,5,3347,14392.1,14.0,No,Non-Festival,COD,6,2.6,No,12377.206
ORD102267,2024-04-11,CUST8233,New,Electronics,1,4251,3103.23,27.0,No,Non-Festival,Wallet,1,3.2,No,2265.3579
ORD102268,2024-02-11,CUST4216,Regular,Beauty,3,3851,9242.4,20.0,No,Non-Festival,UPI,7,3.4,No,7393.92
ORD102269,2024-10-14,CUST8203,New,Fashion,3,8101,20657.55,15.0,No,Non-Festival,Credit Card,5,4.2,No,17558.9175
ORD102270,2024-06-15,CUST2199,Premium,Groceries,5,1374,5358.6,22.0,No,Non-Festival,COD,1,4.1,Yes,4179.7080000000005
ORD102271,2024-04-18,CUST1135,Premium,Electronics,5,3149,11808.75,25.0,No,Non-Festival,UPI,6,2.9,No,8856.5625
ORD102272,2024-02-05,CUST7065,Regular,Home Decor,3,8828,22776.24,14.0,No,Non-Festival,Credit Card,1,4.3,No,19587.5664
ORD102273,2024-08-19,CUST6484,Premium,Electronics,5,6316,20211.2,36.0,Yes,Independence Day,COD,2,2.9,Yes,12935.168000000001
ORD102274,2024-08-16,CUST4575,Premium,Electronics,2,434,772.52,11.0,Yes,Independence Day,Wallet,3,3.6,No,687.5427999999999
ORD102275,2024-12-18,CUST4256,Premium,Electronics,1,8112,7868.639999999999,3.0,No,Non-Festival,UPI,5,3.9,No,7632.580799999999
ORD102276,2024-06-12,CUST8328,Regular,Electronics,4,4970,13120.8,34.0,No,Non-Festival,UPI,2,4.7,No,8659.728
ORD102277,2024-03-13,CUST8601,Regular,Groceries,5,5328,18648.0,30.0,No,Non-Festival,Wallet,1,4.1,No,13053.599999999999
ORD102278,2024-05-15,CUST3392,Premium,Home Decor,5,5056,18707.2,26.0,No,Non-Festival,,1,3.8,No,13843.328
ORD102279,2024-12-18,CUST9043,Regular,Electronics,2,8359,11535.419999999998,31.0,No,Non-Festival,UPI,7,5.0,No,7959.439799999998
ORD102280,2024-03-10,CUST7650,Regular,Groceries,4,2674,7273.28,32.0,No,Non-Festival,Credit Card,4,3.8,No,4945.8304
ORD102281,2024-07-14,CUST9452,New,Fashion,2,426,749.76,12.0,No,Non-Festival,Wallet,2,2.6,Yes,659.7888
ORD102282,2024-09-25,CUST5534,Regular,Electronics,4,6360,16281.6,36.0,No,Non-Festival,UPI,5,2.6,No,10420.224
ORD102283,2024-02-18,CUST2323,Regular,Groceries,1,5001,2850.57,43.0,No,Non-Festival,Wallet,5,4.6,No,1624.8249000000003
ORD102284,2024-11-11,CUST3650,Regular,Beauty,5,5557,27507.15,1.0,No,Non-Festival,Credit Card,7,3.7,Yes,27232.0785
ORD102285,2024-05-09,CUST2595,Premium,Fashion,1,7748,4881.24,37.0,No,Non-Festival,Credit Card,5,3.4,No,3075.1812
ORD102286,2024-01-05,CUST6684,Regular,Home Decor,4,4195,10739.2,36.0,No,Non-Festival,Wallet,6,3.2,Yes,6873.088000000001
ORD102287,2024-01-27,CUST5671,Premium,Electronics,5,1610,4105.5,49.0,Yes,Republic Day,Wallet,6,3.2,No,2093.805
ORD102288,2024-06-08,CUST8300,Regular,Electronics,2,4964,9530.88,4.0,No,Non-Festival,COD,6,2.7,No,9149.644799999998
ORD102289,2024-05-28,CUST4676,Regular,Groceries,3,1537,3827.13,17.0,No,Non-Festival,Credit Card,5,3.3,No,3176.5179
ORD102290,2024-09-20,CUST8017,Premium,Home Decor,2,5620,5957.200000000001,47.0,No,Non-Festival,UPI,1,4.1,No,3157.3160000000007
ORD102291,2024-08-17,CUST2719,Regular,Beauty,3,317,798.8399999999999,16.0,Yes,Independence Day,Credit Card,6,3.5,No,671.0255999999999
ORD102292,2024-07-18,CUST1540,New,Fashion,2,2068,4094.64,1.0,No,Non-Festival,Credit Card,1,4.9,No,4053.6936
ORD102293,2024-02-19,CUST2810,Regular,Home Decor,4,2297,4777.76,48.0,No,Non-Festival,COD,7,4.2,No,2484.4352000000003
ORD102294,2024-03-07,CUST5312,Regular,Electronics,1,2013,1187.67,41.0,No,Non-Festival,,2,4.7,Yes,700.7253000000002
ORD102295,2024-10-26,CUST3923,Regular,Groceries,3,9979,19758.42,34.0,Yes,Diwali,Credit Card,3,2.8,No,13040.557199999997
ORD102296,2024-02-27,CUST8920,Regular,Beauty,4,8934,31090.32,13.0,No,Non-Festival,COD,7,3.6,No,27048.5784
ORD102297,2024-09-15,CUST5012,New,Groceries,1,2574,2290.86,11.0,No,Non-Festival,Wallet,5,2.6,No,2038.8654000000001
ORD102298,2024-12-07,CUST6124,New,Fashion,1,1726,1173.6799999999998,32.0,No,Non-Festival,Credit Card,1,4.7,Yes,798.1023999999998
ORD102299,2024-11-21,CUST4331,Regular,Home Decor,5,7287,34248.9,6.0,No,Non-Festival,COD,2,2.9,Yes,32193.966
ORD102300,2024-05-09,CUST4548,Premium,Groceries,5,9661,29949.1,38.0,No,Non-Festival,Credit Card,5,4.5,No,18568.442
ORD102301,2024-08-02,CUST8160,Premium,Groceries,5,8993,25180.4,44.0,No,Non-Festival,UPI,3,4.8,No,14101.024000000001
ORD102302,2024-06-20,CUST2453,Regular,Electronics,3,3814,10526.64,8.0,No,Non-Festival,Wallet,5,3.6,No,9684.5088
ORD102303,2024-09-14,CUST5342,Regular,Groceries,3,2349,6765.12,4.0,No,Non-Festival,Wallet,6,3.5,No,6494.5152
ORD102304,2024-04-11,CUST2211,New,Beauty,1,3501,3395.97,3.0,No,Non-Festival,Credit Card,4,4.0,No,3294.0908999999997
ORD102305,2024-07-27,CUST7871,New,Home Decor,3,8779,18172.53,31.0,No,Non-Festival,COD,5,4.4,No,12539.045699999999
ORD102306,2024-10-17,CUST2544,New,Fashion,1,3880,3724.8,25.0,No,Non-Festival,COD,4,4.1,No,2793.6000000000004
ORD102307,2024-12-19,CUST1267,Premium,Groceries,4,9994,22786.320000000003,43.0,No,Non-Festival,UPI,3,2.5,No,12988.202400000004
ORD102308,2024-10-12,CUST5430,Premium,Beauty,2,3482,6476.52,7.0,No,Non-Festival,UPI,4,4.5,No,6023.1636
ORD102309,2024-04-25,CUST6356,Regular,Fashion,1,2896,2548.48,12.0,No,Non-Festival,COD,3,2.9,No,2242.6624
ORD102310,2024-09-20,CUST2778,Regular,Beauty,1,4351,4220.47,3.0,No,Non-Festival,Wallet,2,3.6,No,4093.8559
ORD102311,2024-05-29,CUST2354,Regular,Groceries,4,1505,5418.0,10.0,No,Non-Festival,UPI,4,3.2,No,4876.2
ORD102312,2024-10-26,CUST5261,Premium,Groceries,5,916,3938.8,14.0,Yes,Diwali,Credit Card,6,4.8,No,3387.368
ORD102313,2024-02-05,CUST4260,Premium,Home Decor,5,6045,16623.75,45.0,No,Non-Festival,Credit Card,5,3.8,No,9143.0625
ORD102314,2024-11-28,CUST3427,New,Electronics,5,5958,24725.7,17.0,No,Non-Festival,Wallet,5,3.8,No,20522.331
ORD102315,2024-10-13,CUST1684,New,Beauty,1,3855,3122.55,19.0,No,Non-Festival,Wallet,2,2.7,No,2529.2655000000004
ORD102316,2024-10-29,CUST2825,New,Electronics,1,6559,6559.0,0.0,Yes,Diwali,UPI,7,4.7,No,6559.0
ORD102317,2024-11-06,CUST7722,New,Electronics,3,8705,26115.0,0.0,Yes,Diwali,Credit Card,1,3.1,No,26115.0
ORD102318,2024-07-26,CUST2847,Regular,Fashion,3,2480,6696.0,10.0,No,Non-Festival,Wallet,6,3.5,No,6026.400000000001
ORD102319,2024-04-15,CUST1109,Premium,Fashion,2,2822,4063.68,28.0,No,Non-Festival,Credit Card,6,5.0,No,2925.8495999999996
ORD102320,2024-06-06,CUST4203,Premium,Beauty,2,9279,13361.76,28.0,No,Non-Festival,UPI,3,2.8,No,9620.4672
ORD102321,2024-04-30,CUST8491,Regular,Electronics,3,4542,10492.02,23.0,No,Non-Festival,Wallet,6,4.3,No,8078.8554
ORD102322,2024-02-24,CUST5425,New,Home Decor,1,2689,2178.09,19.0,No,Non-Festival,COD,1,3.2,No,1764.2529000000002
ORD102323,2024-01-12,CUST7349,New,Electronics,4,2122,6026.48,29.0,No,Non-Festival,,1,3.5,No,4278.800799999999
ORD102324,2024-05-24,CUST2289,Regular,Fashion,3,6478,12243.42,37.0,No,Non-Festival,Wallet,2,3.5,No,7713.3546
ORD102325,2024-05-15,CUST4041,Regular,Electronics,1,8315,7982.4,4.0,No,Non-Festival,UPI,2,4.8,No,7663.103999999999
ORD102326,2024-01-03,CUST8800,Premium,Groceries,3,8249,13858.320000000002,44.0,No,Non-Festival,COD,7,2.5,No,7760.659200000002
ORD102327,2024-05-23,CUST6469,Premium,Groceries,5,4229,19241.95,9.0,No,Non-Festival,Wallet,7,3.4,No,17510.1745
ORD102328,2024-01-30,CUST1010,New,Home Decor,3,3263,9299.55,5.0,Yes,Republic Day,Credit Card,4,4.6,No,8834.572499999998
ORD102329,2024-08-24,CUST3203,Regular,Beauty,5,8552,41477.2,3.0,No,Non-Festival,Credit Card,6,4.8,No,40232.884
ORD102330,2024-10-05,CUST2002,Regular,Electronics,1,9875,9578.75,3.0,No,Non-Festival,UPI,4,3.3,No,9291.387499999999
ORD102331,2024-12-13,CUST1163,Regular,Groceries,5,4092,19232.4,6.0,No,Non-Festival,Credit Card,4,3.1,No,18078.456000000002
ORD102332,2024-04-24,CUST3006,Regular,Beauty,3,1937,3079.8300000000004,47.0,No,Non-Festival,COD,4,3.7,Yes,1632.3099000000002
ORD102333,2024-04-13,CUST5446,Regular,Groceries,5,4420,15027.999999999998,32.0,No,Non-Festival,UPI,4,4.4,No,10219.039999999997
ORD102334,2024-04-27,CUST5016,New,Beauty,4,7280,26790.4,8.0,No,Non-Festival,UPI,5,2.9,No,24647.168
ORD102335,2024-01-05,CUST1996,Regular,Beauty,5,9762,36607.5,25.0,No,Non-Festival,Wallet,7,4.5,No,27455.625
ORD102336,2024-12-25,CUST2927,Regular,Groceries,5,3595,9706.5,46.0,Yes,Christmas/New Year,UPI,2,3.8,No,5241.51
ORD102337,2024-09-04,CUST7727,Regular,Fashion,2,2654,3184.8,40.0,No,Non-Festival,Wallet,3,3.8,No,1910.88
ORD102338,2024-12-29,CUST9650,Regular,Beauty,4,5157,16502.4,20.0,Yes,Christmas/New Year,UPI,7,4.2,Yes,13201.920000000002
ORD102339,2024-11-16,CUST1544,New,Electronics,1,2487,1964.73,21.0,No,Non-Festival,Wallet,3,4.1,No,1552.1367
ORD102340,2024-04-30,CUST7235,Premium,Groceries,5,9628,32735.2,32.0,No,Non-Festival,Wallet,3,4.1,No,22259.935999999998
ORD102341,2024-10-12,CUST6715,Premium,Fashion,4,8350,22712.0,32.0,No,Non-Festival,Wallet,3,4.4,No,15444.159999999998
ORD102342,2024-05-28,CUST8212,Regular,Groceries,1,6492,3440.76,47.0,No,Non-Festival,COD,3,3.0,No,1823.6028000000001
ORD102343,2024-03-24,CUST2618,Regular,Home Decor,4,9598,36856.32,4.0,Yes,Holi,Wallet,5,4.2,No,35382.0672
ORD102344,2024-08-18,CUST2373,Regular,Electronics,2,8896,14233.6,20.0,Yes,Independence Day,COD,7,4.7,No,11386.880000000001
ORD102345,2024-10-14,CUST4068,Regular,Home Decor,1,9795,7248.3,26.0,No,Non-Festival,Wallet,2,3.8,No,5363.742
ORD102346,2024-06-09,CUST2806,New,Beauty,1,3933,2359.8,40.0,No,Non-Festival,Wallet,6,3.7,No,1415.88
ORD102347,2024-09-28,CUST6771,Regular,Beauty,5,9092,45460.0,0.0,No,Non-Festival,COD,4,4.5,No,45460.0
ORD102348,2024-02-07,CUST8019,Premium,Home Decor,3,5313,13548.15,15.0,No,Non-Festival,COD,4,2.9,Yes,11515.9275
ORD102349,2024-08-13,CUST9292,Regular,Home Decor,1,3205,2115.3,34.0,Yes,Independence Day,COD,7,3.4,No,1396.098
ORD102350,2024-05-21,CUST7499,Premium,Beauty,1,4990,3243.5,35.0,No,Non-Festival,COD,4,4.6,No,2108.275
ORD102351,2024-10-18,CUST4973,New,Fashion,2,210,239.40000000000003,43.0,No,Non-Festival,Wallet,7,3.7,No,136.45800000000003
ORD102352,2024-05-30,CUST7714,Premium,Electronics,2,5421,7480.98,31.0,No,Non-Festival,Wallet,2,4.6,No,5161.8762
ORD102353,2024-04-23,CUST3842,Premium,Groceries,2,3877,5582.88,28.0,No,Non-Festival,UPI,7,3.1,Yes,4019.6736
ORD102354,2024-08-24,CUST3996,New,Home Decor,5,9364,29028.4,38.0,No,Non-Festival,UPI,2,3.5,No,17997.608
ORD102355,2024-03-06,CUST4690,Premium,Electronics,1,7534,4068.36,46.0,No,Non-Festival,Wallet,6,4.6,No,2196.9144
ORD102356,2024-12-26,CUST2255,Regular,Groceries,2,5364,8367.84,22.0,Yes,Christmas/New Year,UPI,5,2.9,No,6526.9152
ORD102357,2024-12-06,CUST9894,Regular,Groceries,2,9233,15880.76,14.0,No,Non-Festival,COD,5,4.7,No,13657.4536
ORD102358,2024-09-14,CUST4425,Premium,Home Decor,4,7060,21180.0,25.0,No,Non-Festival,UPI,6,3.3,No,15885.0
ORD102359,2024-09-05,CUST6807,Premium,Fashion,4,8305,21260.8,36.0,No,Non-Festival,COD,4,4.9,No,13606.912
ORD102360,2024-11-26,CUST9082,Regular,Fashion,2,484,735.6800000000001,24.0,No,Non-Festival,Wallet,7,4.6,No,559.1168
ORD102361,2024-11-18,CUST1619,Regular,Electronics,5,6743,33377.85,1.0,No,Non-Festival,UPI,6,3.6,No,33044.0715
ORD102362,2024-06-28,CUST3873,New,Electronics,3,5770,15405.9,11.0,No,Non-Festival,COD,2,4.4,No,13711.251
ORD102363,2024-07-08,CUST5810,Regular,Beauty,4,5931,19453.68,18.0,No,Non-Festival,Wallet,4,3.9,Yes,15952.017600000001
ORD102364,2024-06-02,CUST6504,Regular,Fashion,4,7811,21558.36,31.0,No,Non-Festival,Wallet,7,4.6,No,14875.268399999999
ORD102365,2024-07-14,CUST8027,Regular,Electronics,1,2635,2055.3,22.0,No,Non-Festival,COD,5,3.8,No,1603.1340000000002
ORD102366,2024-11-06,CUST4397,New,Beauty,1,7723,7414.08,4.0,Yes,Diwali,COD,6,5.0,No,7117.516799999999
ORD102367,2024-09-18,CUST6449,Regular,Groceries,2,1229,1868.08,24.0,No,Non-Festival,Wallet,4,2.8,No,1419.7408
ORD102368,2024-05-22,CUST4028,Premium,Electronics,1,6784,4477.44,34.0,No,Non-Festival,Credit Card,5,4.2,No,2955.1103999999996
ORD102369,2024-12-07,CUST2354,Regular,Beauty,1,8291,5969.52,28.0,No,Non-Festival,Credit Card,7,3.1,No,4298.0544
ORD102370,2024-11-11,CUST7756,Premium,Fashion,3,4651,8790.39,37.0,No,Non-Festival,COD,1,3.0,No,5537.945699999999
ORD102371,2024-04-10,CUST7080,New,Groceries,5,3166,8864.800000000001,44.0,No,Non-Festival,UPI,7,3.5,No,4964.288000000001
ORD102372,2024-08-31,CUST7053,Regular,Electronics,2,7955,12887.1,19.0,Yes,Raksha Bandhan,COD,3,3.4,Yes,10438.551000000001
ORD102373,2024-01-12,CUST8133,Premium,Fashion,3,753,1219.86,46.0,No,Non-Festival,Wallet,1,2.6,No,658.7244
ORD102374,2024-08-26,CUST5864,Regular,Groceries,2,467,607.1,35.0,Yes,Raksha Bandhan,COD,6,3.6,No,394.615
ORD102375,2024-02-18,CUST5386,Regular,Home Decor,5,7335,34474.5,6.0,No,Non-Festival,Credit Card,4,4.9,No,32406.03
ORD102376,2024-02-11,CUST7010,New,Fashion,2,1440,2275.2000000000003,21.0,No,Non-Festival,COD,4,3.7,No,1797.4080000000004
ORD102377,2024-06-14,CUST3651,Regular,Home Decor,1,4359,3617.97,17.0,No,Non-Festival,Credit Card,2,3.3,No,3002.9150999999997
ORD102378,2024-03-22,CUST6482,Premium,Electronics,5,2689,10756.0,20.0,Yes,Holi,UPI,3,4.9,No,8604.800000000001
ORD102379,2024-10-17,CUST1746,Regular,Beauty,3,8058,19097.46,21.0,No,Non-Festival,UPI,5,3.8,No,15086.9934
ORD102380,2024-06-06,CUST2375,Regular,Electronics,3,5594,10404.84,38.0,No,Non-Festival,UPI,4,3.2,No,6451.0008
ORD102381,2024-08-03,CUST1313,Regular,Fashion,4,8861,31545.16,11.0,No,Non-Festival,COD,5,4.5,No,28075.1924
ORD102382,2024-06-06,CUST3924,Premium,Home Decor,3,3487,9414.9,10.0,No,Non-Festival,Credit Card,5,3.1,No,8473.41
ORD102383,2024-05-13,CUST7702,Regular,Home Decor,4,2219,7899.64,11.0,No,Non-Festival,COD,5,3.1,No,7030.6796
ORD102384,2024-03-07,CUST7989,Premium,Groceries,1,9981,7485.75,25.0,No,Non-Festival,UPI,7,3.3,No,5614.3125
ORD102385,2024-12-01,CUST3351,Regular,Electronics,3,5513,11742.69,29.0,No,Non-Festival,COD,1,3.5,No,8337.3099
ORD102386,2024-01-07,CUST8632,Regular,Electronics,5,4517,19423.1,14.0,No,Non-Festival,Credit Card,5,4.0,Yes,16703.865999999998
ORD102387,2024-01-14,CUST1983,Premium,Fashion,4,6024,22409.28,7.0,No,Non-Festival,Wallet,2,3.8,No,20840.6304
ORD102388,2024-03-13,CUST5787,New,Home Decor,3,9811,17071.140000000003,42.0,No,Non-Festival,Credit Card,7,4.4,No,9901.261200000003
ORD102389,2024-06-11,CUST3644,Regular,Fashion,1,9272,7695.759999999999,17.0,No,Non-Festival,UPI,1,4.3,No,6387.480799999999
ORD102390,2024-03-06,CUST2226,Premium,Fashion,5,1038,4722.900000000001,9.0,No,Non-Festival,UPI,1,2.6,No,4297.839000000001
ORD102391,2024-12-12,CUST5517,Regular,Home Decor,5,9143,42514.95,7.0,No,Non-Festival,UPI,4,2.8,No,39538.90349999999
ORD102392,2024-05-09,CUST4983,Premium,Fashion,1,8661,5456.43,37.0,No,Non-Festival,COD,3,3.0,No,3437.5509
ORD102393,2024-07-24,CUST5633,New,Home Decor,3,5027,9953.46,34.0,No,Non-Festival,Credit Card,3,4.0,No,6569.283599999999
ORD102394,2024-10-02,CUST7789,New,Fashion,2,7187,11642.94,19.0,No,Non-Festival,COD,6,4.7,No,9430.781400000002
ORD102395,2024-09-12,CUST5137,Premium,Beauty,3,3703,9887.01,11.0,No,Non-Festival,UPI,4,3.3,No,8799.438900000001
ORD102396,2024-09-22,CUST2921,Regular,Fashion,4,8024,16689.920000000002,48.0,No,Non-Festival,Credit Card,3,4.9,No,8678.7584
ORD102397,2024-01-25,CUST9248,New,Fashion,4,2275,8918.0,2.0,Yes,Republic Day,Wallet,5,2.9,Yes,8739.64
ORD102398,2024-10-07,CUST2408,Premium,Beauty,3,1512,3674.16,19.0,No,Non-Festival,UPI,2,4.8,No,2976.0696000000003
ORD102399,2024-09-09,CUST2119,Regular,Electronics,4,2484,5067.36,49.0,No,Non-Festival,Credit Card,5,4.5,No,2584.3536
ORD102400,2024-11-05,CUST4270,Regular,Home Decor,2,8775,15619.5,11.0,Yes,Diwali,Credit Card,3,3.5,No,13901.355
ORD102401,2024-10-15,CUST6760,New,Groceries,2,3008,4632.32,23.0,No,Non-Festival,UPI,3,3.0,No,3566.8864
ORD102402,2024-06-12,CUST5591,New,Beauty,5,9195,39078.75,15.0,No,Non-Festival,,7,3.5,No,33216.9375
ORD102403,2024-04-04,CUST3580,Regular,Electronics,4,9488,34536.32,9.0,No,Non-Festival,Credit Card,2,3.0,No,31428.0512
ORD102404,2024-09-26,CUST8303,Premium,Fashion,3,6721,16533.66,18.0,No,Non-Festival,Credit Card,1,3.9,Yes,13557.601200000001
ORD102405,2024-11-16,CUST4182,New,Electronics,5,6555,19665.0,25.0,No,Non-Festival,Wallet,1,3.9,No,14748.75
ORD102406,2024-04-19,CUST2943,Regular,Beauty,2,3919,6819.06,13.0,No,Non-Festival,UPI,2,4.4,No,5932.582200000001
ORD102407,2024-12-01,CUST7767,Regular,Fashion,5,4971,21623.85,13.0,No,Non-Festival,Credit Card,7,3.8,No,18812.749499999998
ORD102408,2024-11-05,CUST6298,Premium,Electronics,1,2896,2287.84,21.0,Yes,Diwali,UPI,1,3.4,No,1807.3936
ORD102409,2024-08-25,CUST2657,Regular,Groceries,4,5996,23264.48,3.0,Yes,Raksha Bandhan,COD,7,4.8,No,22566.545599999998
ORD102410,2024-01-25,CUST1714,Regular,Home Decor,3,1008,1632.96,46.0,Yes,Republic Day,COD,3,2.7,Yes,881.7984000000001
ORD102411,2024-05-20,CUST8753,Premium,Home Decor,2,3493,4680.62,33.0,No,Non-Festival,Wallet,1,4.5,No,3136.0153999999998
ORD102412,2024-04-26,CUST8745,New,Beauty,5,9697,40242.55,17.0,No,Non-Festival,UPI,3,3.5,No,33401.3165
ORD102413,2024-01-25,CUST4560,Premium,Fashion,3,3659,7354.589999999999,33.0,Yes,Republic Day,Credit Card,4,3.0,No,4927.575299999999
ORD102414,2024-03-19,CUST3585,Premium,Fashion,4,2619,8695.08,17.0,No,Non-Festival,Wallet,5,2.8,No,7216.916399999999
ORD102415,2024-03-08,CUST4693,Regular,Home Decor,3,4424,8095.92,39.0,No,Non-Festival,COD,1,3.1,Yes,4938.5112
ORD102416,2024-06-21,CUST1645,Regular,Electronics,4,7771,21758.8,30.0,No,Non-Festival,UPI,4,2.8,No,15231.159999999998
ORD102417,2024-01-12,CUST7939,Premium,Fashion,4,6563,15488.680000000002,41.0,No,Non-Festival,Wallet,6,3.6,No,9138.321200000002
ORD102418,2024-10-14,CUST9220,Regular,Groceries,4,9588,31065.120000000003,19.0,No,Non-Festival,Wallet,1,3.4,No,25162.747200000005
ORD102419,2024-05-07,CUST3438,New,Groceries,5,4767,15492.75,35.0,No,Non-Festival,UPI,4,3.4,No,10070.2875
ORD102420,2024-04-05,CUST9485,Regular,Fashion,4,3724,8788.640000000001,41.0,No,Non-Festival,,2,2.9,No,5185.297600000002
ORD102421,2024-04-01,CUST6134,Regular,Fashion,3,6951,18976.23,9.0,No,Non-Festival,Credit Card,4,4.1,No,17268.3693
ORD102422,2024-05-20,CUST7463,Regular,Home Decor,1,9917,9718.66,2.0,No,Non-Festival,Credit Card,3,4.0,No,9524.2868
ORD102423,2024-01-31,CUST7736,New,Beauty,3,6437,15448.8,20.0,No,Non-Festival,UPI,2,5.0,No,12359.04
ORD102424,2024-11-29,CUST6528,Regular,Home Decor,5,9991,32470.75,35.0,No,Non-Festival,COD,7,2.9,No,21105.9875
ORD102425,2024-01-20,CUST3461,Regular,Beauty,4,9436,34347.04,25.0,Yes,Republic Day,Wallet,2,4.6,No,25760.28
ORD102426,2024-05-25,CUST2964,Regular,Groceries,1,5519,5187.86,6.0,No,Non-Festival,UPI,3,2.6,No,4876.5884
ORD102427,2024-11-11,CUST8215,New,Beauty,5,2067,8164.650000000001,21.0,No,Non-Festival,Credit Card,1,2.7,No,6450.0735
ORD102428,2024-06-08,CUST6459,Regular,Home Decor,2,1575,2457.0,22.0,No,Non-Festival,Credit Card,2,4.1,No,1916.46
ORD102429,2024-12-14,CUST1531,Regular,Fashion,2,8330,14827.4,11.0,No,Non-Festival,Wallet,1,3.5,No,13196.386
ORD102430,2024-02-12,CUST1456,Regular,Beauty,2,5601,6945.24,38.0,No,Non-Festival,Wallet,5,3.1,No,4306.0488
ORD102431,2024-09-10,CUST4460,Premium,Home Decor,1,9003,7922.64,12.0,No,Non-Festival,Wallet,7,2.5,No,6971.9232
ORD102432,2024-05-09,CUST1301,Regular,Groceries,3,7192,13161.36,39.0,No,Non-Festival,Wallet,4,4.2,No,8028.4296
ORD102433,2024-02-29,CUST9552,Regular,Beauty,1,3516,3094.08,12.0,No,Non-Festival,Wallet,7,3.6,No,2722.7904
ORD102434,2024-05-30,CUST7192,Regular,Groceries,1,1798,1222.64,32.0,No,Non-Festival,UPI,4,2.9,No,831.3952
ORD102435,2024-10-13,CUST5605,Premium,Groceries,1,5149,3604.3,30.0,No,Non-Festival,Credit Card,3,4.9,No,2523.0099999999998
ORD102436,2024-01-05,CUST3904,Premium,Electronics,2,6772,7178.320000000001,47.0,No,Non-Festival,Credit Card,3,3.4,No,3804.5096000000003
ORD102437,2024-09-22,CUST9590,Premium,Beauty,3,838,1835.22,27.0,No,Non-Festival,UPI,6,3.3,No,1339.7105999999999
ORD102438,2024-12-10,CUST7327,New,Home Decor,1,4366,3580.1200000000003,18.0,No,Non-Festival,COD,4,3.8,No,2935.6984000000007
ORD102439,2024-05-09,CUST9170,New,Beauty,3,845,2028.0,20.0,No,Non-Festival,Credit Card,5,3.2,No,1622.4
ORD102440,2024-09-23,CUST3154,Regular,Beauty,4,6084,16791.84,25.0,No,Non-Festival,COD,3,3.2,No,12593.880000000001
ORD102441,2024-06-26,CUST9218,Premium,Groceries,1,6868,5151.0,25.0,No,Non-Festival,COD,5,4.9,No,3863.25
ORD102442,2024-09-09,CUST6665,Premium,Groceries,1,289,254.32,12.0,No,Non-Festival,COD,6,3.2,No,223.8016
ORD102443,2024-02-25,CUST9514,New,Groceries,1,9215,6634.8,28.0,No,Non-Festival,COD,3,4.0,No,4777.056
ORD102444,2024-03-23,CUST7466,Regular,Groceries,4,750,2820.0,6.0,Yes,Holi,Credit Card,2,2.6,No,2650.7999999999997
ORD102445,2024-04-08,CUST8514,Premium,Home Decor,4,8451,18254.16,46.0,No,Non-Festival,Credit Card,6,2.9,No,9857.2464
ORD102446,2024-05-28,CUST6402,Regular,Fashion,2,5424,8136.0,25.0,No,Non-Festival,UPI,1,2.6,No,6102.0
ORD102447,2024-11-24,CUST6964,New,Electronics,5,5781,27459.75,5.0,No,Non-Festival,Credit Card,4,3.8,No,26086.762499999997
ORD102448,2024-06-04,CUST9771,Regular,Groceries,3,4378,9062.46,31.0,No,Non-Festival,UPI,1,3.7,No,6253.097399999999
ORD102449,2024-07-08,CUST7993,Regular,Groceries,5,9635,31313.75,35.0,No,Non-Festival,COD,6,3.3,No,20353.9375
ORD102450,2024-09-19,CUST6351,Regular,Electronics,1,3679,2869.62,22.0,No,Non-Festival,UPI,4,4.3,No,2238.3036
ORD102451,2024-03-20,CUST2380,Regular,Groceries,1,9337,8403.300000000001,10.0,Yes,Holi,UPI,6,4.1,No,7562.970000000001
ORD102452,2024-09-08,CUST8677,Premium,Fashion,2,6291,10065.6,20.0,No,Non-Festival,Credit Card,3,4.0,No,8052.4800000000005
ORD102453,2024-04-06,CUST5665,Regular,Beauty,5,2833,11615.3,18.0,No,Non-Festival,UPI,1,3.3,No,9524.546
ORD102454,2024-09-16,CUST6932,Regular,Electronics,1,6990,4683.299999999999,33.0,No,Non-Festival,COD,6,3.3,No,3137.8109999999992
ORD102455,2024-09-16,CUST2052,New,Home Decor,5,3701,9622.6,48.0,No,Non-Festival,Credit Card,6,4.7,No,5003.752
ORD102456,2024-04-12,CUST4339,Regular,Electronics,2,1089,1176.12,46.0,No,Non-Festival,Credit Card,5,3.9,No,635.1048
ORD102457,2024-02-09,CUST7383,Premium,Fashion,5,8965,22860.75,49.0,No,Non-Festival,Credit Card,6,3.2,No,11658.9825
ORD102458,2024-09-29,CUST6306,Regular,Home Decor,3,8904,15225.840000000002,43.0,No,Non-Festival,Wallet,3,3.9,No,8678.728800000003
ORD102459,2024-04-10,CUST9851,Regular,Beauty,2,7446,9828.72,34.0,No,Non-Festival,COD,6,3.2,No,6486.9551999999985
ORD102460,2024-12-24,CUST7279,New,Groceries,5,4360,11336.0,48.0,Yes,Christmas/New Year,UPI,2,3.0,No,5894.72
ORD102461,2024-11-03,CUST7315,Premium,Electronics,1,4251,2975.7,30.0,Yes,Diwali,Wallet,1,3.2,No,2082.99
ORD102462,2024-08-08,CUST5936,Regular,Home Decor,4,2430,5346.0,45.0,No,Non-Festival,Credit Card,1,4.1,No,2940.3
ORD102463,2024-11-03,CUST6463,New,Electronics,4,5385,15508.8,28.0,Yes,Diwali,Wallet,7,3.8,No,11166.336
ORD102464,2024-05-03,CUST7908,New,Beauty,2,7575,14392.5,5.0,No,Non-Festival,Wallet,2,2.9,No,13672.875
ORD102465,2024-08-18,CUST4956,New,Electronics,4,6397,16632.2,35.0,Yes,Independence Day,UPI,4,4.8,No,10810.93
ORD102466,2024-06-26,CUST4168,Regular,Home Decor,3,2483,5214.299999999999,30.0,No,Non-Festival,COD,3,3.7,No,3650.0099999999993
ORD102467,2024-03-03,CUST6651,Regular,Fashion,2,5184,7153.919999999999,31.0,No,Non-Festival,Wallet,2,4.5,No,4936.204799999999
ORD102468,2024-04-25,CUST4398,Premium,Home Decor,1,811,494.71,39.0,No,Non-Festival,COD,6,3.3,No,301.7731
ORD102469,2024-07-09,CUST6851,Premium,Electronics,1,8829,7151.490000000001,19.0,No,Non-Festival,COD,5,4.9,No,5792.706900000001
ORD102470,2024-03-02,CUST9877,Regular,Beauty,2,9851,15564.58,21.0,No,Non-Festival,Credit Card,3,4.4,No,12296.0182
ORD102471,2024-09-12,CUST6637,Premium,Groceries,4,7037,27585.04,2.0,No,Non-Festival,Credit Card,2,3.6,No,27033.339200000002
ORD102472,2024-01-07,CUST8087,Regular,Groceries,4,7306,27178.32,7.0,No,Non-Festival,UPI,2,4.8,No,25275.8376
ORD102473,2024-06-03,CUST7129,Regular,Beauty,1,7475,4186.0,44.0,No,Non-Festival,UPI,1,4.3,No,2344.1600000000003
ORD102474,2024-04-01,CUST8195,Regular,Electronics,3,8915,21930.9,18.0,No,Non-Festival,Wallet,1,3.6,No,17983.338000000003
ORD102475,2024-01-14,CUST3458,Premium,Beauty,4,3777,10575.6,30.0,No,Non-Festival,Credit Card,1,4.9,No,7402.92
ORD102476,2024-08-16,CUST5790,Regular,Electronics,3,6686,13840.02,31.0,Yes,Independence Day,COD,7,3.2,Yes,9549.6138
ORD102477,2024-03-26,CUST4249,New,Home Decor,4,2461,8465.84,14.0,Yes,Holi,COD,3,3.1,No,7280.6224
ORD102478,2024-05-12,CUST1706,Premium,Fashion,2,1223,1516.52,38.0,No,Non-Festival,Wallet,6,4.7,No,940.2424
ORD102479,2024-07-01,CUST4019,Premium,Electronics,5,9971,34898.5,30.0,No,Non-Festival,Credit Card,4,4.3,No,24428.949999999997
ORD102480,2024-03-02,CUST8187,New,Groceries,1,8713,8538.74,2.0,No,Non-Festival,UPI,3,3.4,No,8367.965199999999
ORD102481,2024-08-06,CUST7777,Premium,Groceries,2,7435,10260.3,31.0,No,Non-Festival,Wallet,1,3.1,No,7079.606999999999
ORD102482,2024-09-02,CUST3055,New,Fashion,4,3957,14403.48,9.0,No,Non-Festival,COD,1,2.9,No,13107.1668
ORD102483,2024-08-17,CUST4161,Regular,Electronics,1,8268,6035.639999999999,27.0,Yes,Independence Day,Credit Card,3,3.3,No,4406.017199999999
ORD102484,2024-03-19,CUST3014,Regular,Fashion,5,8841,32711.7,26.0,No,Non-Festival,UPI,6,2.8,No,24206.658
ORD102485,2024-05-28,CUST5770,Regular,Home Decor,5,1484,3932.6,47.0,No,Non-Festival,UPI,6,2.9,No,2084.2780000000002
ORD102486,2024-05-17,CUST5408,Regular,Fashion,4,1860,4092.000000000001,45.0,No,Non-Festival,COD,2,4.4,No,2250.600000000001
ORD102487,2024-11-09,CUST3074,New,Home Decor,1,5553,3387.33,39.0,Yes,Diwali,COD,2,2.7,No,2066.2713
ORD102488,2024-03-05,CUST5331,Regular,Groceries,4,1103,2558.9600000000005,42.0,No,Non-Festival,COD,1,3.6,No,1484.1968000000004
ORD102489,2024-01-13,CUST7626,Premium,Home Decor,5,9569,33491.5,30.0,No,Non-Festival,COD,7,3.5,No,23444.05
ORD102490,2024-07-31,CUST6916,Premium,Electronics,2,8721,11686.14,33.0,No,Non-Festival,UPI,1,4.9,No,7829.713799999999
ORD102491,2024-08-29,CUST9333,Premium,Electronics,2,9028,17333.76,4.0,Yes,Raksha Bandhan,Credit Card,4,3.7,Yes,16640.4096
ORD102492,2024-07-31,CUST3269,Regular,Electronics,3,6210,16767.0,10.0,No,Non-Festival,UPI,6,2.9,No,15090.300000000001
ORD102493,2024-06-29,CUST4864,Premium,Electronics,5,612,2876.4,6.0,No,Non-Festival,COD,2,2.7,No,2703.816
ORD102494,2024-12-03,CUST7143,Regular,Beauty,5,6839,31801.35,7.0,No,Non-Festival,Credit Card,4,4.3,No,29575.255499999996
ORD102495,2024-06-21,CUST7221,Regular,Home Decor,4,4033,13550.88,16.0,No,Non-Festival,UPI,1,2.9,No,11382.739199999998
ORD102496,2024-06-08,CUST6050,Premium,Electronics,3,2615,4471.650000000001,43.0,No,Non-Festival,Credit Card,6,4.8,No,2548.8405000000007
ORD102497,2024-06-12,CUST9029,Premium,Fashion,3,2786,4262.58,49.0,No,Non-Festival,UPI,1,3.9,No,2173.9158
ORD102498,2024-07-06,CUST7956,Regular,Fashion,1,5771,3578.02,38.0,No,Non-Festival,Credit Card,4,3.5,No,2218.3724
ORD102499,2024-07-09,CUST1613,New,Beauty,4,9956,23894.4,40.0,No,Non-Festival,UPI,4,4.2,Yes,14336.640000000001
ORD102500,2024-11-03,CUST4933,Regular,Home Decor,2,8872,15437.28,13.0,Yes,Diwali,UPI,1,3.0,No,13430.4336
ORD102501,2024-09-12,CUST6702,Regular,Home Decor,1,6757,5202.89,23.0,No,Non-Festival,Wallet,5,3.5,No,4006.2253000000005
ORD102502,2024-07-01,CUST4044,Regular,Home Decor,3,6480,13802.4,29.0,No,Non-Festival,COD,1,2.6,No,9799.704
ORD102503,2024-04-26,CUST6599,Premium,Beauty,2,3082,3143.64,49.0,No,Non-Festival,Wallet,2,4.7,No,1603.2564
ORD102504,2024-10-08,CUST2828,Premium,Home Decor,5,2719,11691.7,14.0,No,Non-Festival,,6,3.6,No,10054.862000000001
ORD102505,2024-07-14,CUST1021,Regular,Home Decor,4,4600,17848.0,3.0,No,Non-Festival,COD,6,4.4,No,17312.56
ORD102506,2024-02-03,CUST2555,Regular,Electronics,3,9046,23881.44,12.0,No,Non-Festival,UPI,7,4.8,No,21015.6672
ORD102507,2024-02-21,CUST8455,Premium,Home Decor,5,380,1824.0,4.0,No,Non-Festival,,1,4.1,No,1751.04
ORD102508,2024-04-21,CUST2355,Regular,Electronics,3,4325,9082.5,30.0,No,Non-Festival,Credit Card,3,3.4,No,6357.75
ORD102509,2024-09-08,CUST5994,Regular,Electronics,2,3219,5729.82,11.0,No,Non-Festival,Credit Card,1,4.0,No,5099.5398
ORD102510,2024-03-22,CUST2810,Premium,Home Decor,1,964,684.4399999999999,29.0,Yes,Holi,,5,3.4,No,485.95239999999995
ORD102511,2024-08-19,CUST7481,Regular,Fashion,2,4335,4508.400000000001,48.0,Yes,Independence Day,Wallet,2,3.9,No,2344.3680000000004
ORD102512,2024-08-14,CUST9487,New,Groceries,4,5238,19066.32,9.0,Yes,Independence Day,Wallet,1,3.6,No,17350.3512
ORD102513,2024-08-20,CUST8369,Regular,Fashion,4,6999,19877.16,29.0,Yes,Independence Day,UPI,4,2.9,No,14112.783599999999
ORD102514,2024-08-08,CUST5731,Premium,Home Decor,3,3590,8077.5,25.0,No,Non-Festival,COD,7,4.5,Yes,6058.125
ORD102515,2024-02-11,CUST4160,Regular,Home Decor,2,1264,1440.9600000000005,43.0,No,Non-Festival,Credit Card,2,3.7,No,821.3472000000004
ORD102516,2024-01-21,CUST6581,New,Fashion,1,2656,2523.2,5.0,Yes,Republic Day,Wallet,2,3.0,No,2397.0399999999995
ORD102517,2024-02-11,CUST6958,Regular,Home Decor,4,5881,17407.76,26.0,No,Non-Festival,UPI,5,4.7,No,12881.7424
ORD102518,2024-04-22,CUST3209,Premium,Electronics,1,1546,1252.26,19.0,No,Non-Festival,COD,6,4.6,No,1014.3306
ORD102519,2024-04-14,CUST2263,Premium,Beauty,5,7197,26269.05,27.0,No,Non-Festival,Wallet,4,3.9,No,19176.406499999997
ORD102520,2024-07-10,CUST9794,Regular,Home Decor,3,9574,23264.820000000003,19.0,No,Non-Festival,Wallet,3,4.9,No,18844.504200000003
ORD102521,2024-01-17,CUST4935,Regular,Home Decor,1,4332,3855.48,11.0,No,Non-Festival,Credit Card,1,4.8,No,3431.3772
ORD102522,2024-04-29,CUST6430,Premium,Fashion,3,2653,4457.040000000001,44.0,No,Non-Festival,Wallet,3,4.7,No,2495.942400000001
ORD102523,2024-05-08,CUST4362,New,Electronics,5,738,2952.0,20.0,No,Non-Festival,Credit Card,6,2.8,No,2361.6
ORD102524,2024-05-09,CUST6518,Regular,Fashion,1,2503,1777.13,29.0,No,Non-Festival,Wallet,4,3.2,No,1261.7623
ORD102525,2024-02-29,CUST4688,Regular,Fashion,1,6621,3442.92,48.0,No,Non-Festival,UPI,7,3.5,No,1790.3184
ORD102526,2024-02-17,CUST5711,New,Home Decor,5,448,2038.4,9.0,No,Non-Festival,UPI,7,4.6,No,1854.9440000000002
ORD102527,2024-01-29,CUST8890,Regular,Electronics,2,9432,18109.44,4.0,Yes,Republic Day,UPI,2,4.7,No,17385.0624
ORD102528,2024-04-06,CUST3620,New,Home Decor,1,1591,1018.24,36.0,No,Non-Festival,COD,5,4.4,No,651.6736
ORD102529,2024-01-10,CUST3709,Premium,Home Decor,1,2372,2205.96,7.0,No,Non-Festival,COD,5,3.7,No,2051.5427999999997
ORD102530,2024-08-29,CUST9852,Premium,Home Decor,4,1535,4359.4,29.0,Yes,Raksha Bandhan,UPI,2,2.9,No,3095.1739999999995
ORD102531,2024-11-09,CUST7432,Regular,Home Decor,2,2459,4131.12,16.0,Yes,Diwali,UPI,5,2.6,No,3470.1407999999997
ORD102532,2024-08-19,CUST8995,Regular,Beauty,1,6815,6678.7,2.0,Yes,Independence Day,UPI,3,4.2,No,6545.125999999999
ORD102533,2024-10-03,CUST7597,Premium,Groceries,5,5734,22936.0,20.0,No,Non-Festival,Credit Card,6,5.0,No,18348.8
ORD102534,2024-10-10,CUST3749,New,Electronics,3,8891,22672.05,15.0,No,Non-Festival,UPI,2,3.4,No,19271.2425
ORD102535,2024-07-21,CUST2375,New,Beauty,5,1010,3484.4999999999995,31.0,No,Non-Festival,COD,1,3.9,No,2404.3049999999994
ORD102536,2024-09-03,CUST7848,Regular,Groceries,2,5184,7672.32,26.0,No,Non-Festival,Credit Card,1,4.5,No,5677.516799999999
ORD102537,2024-10-16,CUST2508,Regular,Groceries,4,7548,28682.4,5.0,No,Non-Festival,UPI,4,3.0,No,27248.28
ORD102538,2024-09-20,CUST4525,Regular,Groceries,4,7756,18304.160000000003,41.0,No,Non-Festival,COD,6,4.6,No,10799.454400000004
ORD102539,2024-08-01,CUST3239,New,Beauty,4,3913,13304.2,15.0,No,Non-Festival,Credit Card,6,4.1,Yes,11308.57
ORD102540,2024-07-18,CUST9378,Regular,Electronics,5,3904,10931.2,44.0,No,Non-Festival,Credit Card,2,3.9,No,6121.472000000001
ORD102541,2024-03-19,CUST4883,Regular,Fashion,3,1410,4145.4,2.0,No,Non-Festival,COD,6,4.4,No,4062.4919999999997
ORD102542,2024-12-08,CUST4451,Regular,Groceries,3,3945,7219.349999999999,39.0,No,Non-Festival,COD,3,3.1,No,4403.8035
ORD102543,2024-12-09,CUST5708,Regular,Fashion,1,7991,6472.71,19.0,No,Non-Festival,Credit Card,7,4.0,No,5242.895100000001
ORD102544,2024-06-21,CUST7251,New,Fashion,3,1691,3094.53,39.0,No,Non-Festival,COD,6,3.1,No,1887.6633000000002
ORD102545,2024-03-09,CUST7130,Premium,Home Decor,3,7501,21152.82,6.0,No,Non-Festival,Credit Card,2,2.9,No,19883.6508
ORD102546,2024-03-27,CUST6665,Regular,Fashion,1,6660,5994.0,10.0,Yes,Holi,Credit Card,2,4.1,No,5394.6
ORD102547,2024-04-10,CUST7373,Regular,Home Decor,5,3248,11692.8,28.0,No,Non-Festival,Credit Card,3,3.2,Yes,8418.815999999999
ORD102548,2024-01-08,CUST7708,Regular,Electronics,5,5119,25083.1,2.0,No,Non-Festival,Credit Card,5,4.3,No,24581.438
ORD102549,2024-11-28,CUST4057,Regular,Electronics,2,3134,5014.400000000001,20.0,No,Non-Festival,UPI,3,3.8,No,4011.5200000000004
ORD102550,2024-07-18,CUST4669,Regular,Home Decor,5,6310,21769.5,31.0,No,Non-Festival,COD,2,4.2,No,15020.954999999998
ORD102551,2024-03-27,CUST6624,Premium,Electronics,4,2017,5728.28,29.0,Yes,Holi,UPI,2,4.7,No,4067.0788
ORD102552,2024-02-12,CUST4890,Regular,Groceries,4,6813,16896.24,38.0,No,Non-Festival,UPI,2,2.8,Yes,10475.668800000001
ORD102553,2024-04-18,CUST5716,Regular,Electronics,2,4519,8134.2,10.0,No,Non-Festival,UPI,2,2.7,No,7320.78
ORD102554,2024-05-31,CUST3364,Regular,Home Decor,3,1475,3717.0,16.0,No,Non-Festival,UPI,4,3.5,No,3122.2799999999997
ORD102555,2024-01-17,CUST6396,Premium,Groceries,2,7431,11295.12,24.0,No,Non-Festival,Credit Card,7,4.3,No,8584.291200000001
ORD102556,2024-05-12,CUST9053,Premium,Fashion,1,3077,1569.27,49.0,No,Non-Festival,Credit Card,5,4.7,No,800.3277
ORD102557,2024-05-27,CUST9104,Premium,Fashion,2,4214,6405.28,24.0,No,Non-Festival,Credit Card,2,2.6,No,4868.0127999999995
ORD102558,2024-10-03,CUST6886,Premium,Fashion,2,4287,7888.08,8.0,No,Non-Festival,Wallet,4,4.5,No,7257.033600000001
ORD102559,2024-08-19,CUST8482,Premium,Home Decor,4,1347,3017.28,44.0,Yes,Independence Day,Credit Card,6,2.7,No,1689.6768000000002
ORD102560,2024-11-09,CUST6737,Regular,Fashion,1,437,314.64,28.0,Yes,Diwali,UPI,2,4.0,No,226.5408
ORD102561,2024-12-31,CUST9107,New,Electronics,1,2322,1996.92,14.0,Yes,Christmas/New Year,Wallet,5,3.4,No,1717.3512
ORD102562,2024-08-15,CUST6173,Regular,Fashion,2,7809,12806.76,18.0,Yes,Independence Day,Wallet,7,2.5,Yes,10501.5432
ORD102563,2024-05-18,CUST5455,Regular,Beauty,1,4795,4123.7,14.0,No,Non-Festival,Wallet,5,2.7,No,3546.3819999999996
ORD102564,2024-07-29,CUST8070,Premium,Beauty,1,9937,6160.94,38.0,No,Non-Festival,Credit Card,3,3.4,No,3819.7827999999995
ORD102565,2024-01-28,CUST6914,Regular,Fashion,5,4183,13803.899999999998,34.0,Yes,Republic Day,UPI,4,4.9,No,9110.573999999997
ORD102566,2024-02-20,CUST9771,New,Fashion,1,8334,5083.74,39.0,No,Non-Festival,Credit Card,6,2.9,No,3101.0813999999996
ORD102567,2024-09-17,CUST2944,Regular,Beauty,3,5806,15327.84,12.0,No,Non-Festival,COD,5,3.2,No,13488.4992
ORD102568,2024-09-17,CUST3835,New,Fashion,1,9378,7971.3,15.0,No,Non-Festival,Wallet,1,5.0,No,6775.605
ORD102569,2024-12-15,CUST1413,New,Groceries,4,1823,7146.16,2.0,No,Non-Festival,COD,2,3.7,No,7003.2368
ORD102570,2024-12-17,CUST5140,New,Beauty,5,7426,25991.0,30.0,No,Non-Festival,Wallet,5,3.2,No,18193.699999999997
ORD102571,2024-01-08,CUST1117,New,Home Decor,4,922,3688.0,0.0,No,Non-Festival,Wallet,6,4.0,Yes,3688.0
ORD102572,2024-11-15,CUST3347,New,Beauty,4,1295,3418.8,34.0,No,Non-Festival,COD,6,3.6,No,2256.408
ORD102573,2024-05-17,CUST8916,Premium,Electronics,3,4027,10268.85,15.0,No,Non-Festival,COD,7,4.6,No,8728.522500000001
ORD102574,2024-02-07,CUST7423,Regular,Groceries,5,4485,22425.0,0.0,No,Non-Festival,Credit Card,4,2.5,No,22425.0
ORD102575,2024-04-20,CUST4049,Regular,Home Decor,2,1195,1218.9,49.0,No,Non-Festival,,4,5.0,No,621.639
ORD102576,2024-08-07,CUST7269,Premium,Fashion,1,5881,5116.47,13.0,No,Non-Festival,COD,4,2.7,Yes,4451.3289
ORD102577,2024-12-02,CUST8656,New,Electronics,3,4861,13708.02,6.0,No,Non-Festival,UPI,3,3.8,No,12885.5388
ORD102578,2024-08-10,CUST2909,Premium,Electronics,3,1192,2789.28,22.0,Yes,Independence Day,COD,6,4.2,Yes,2175.6384000000003
ORD102579,2024-05-15,CUST7009,New,Groceries,2,2983,3937.56,34.0,No,Non-Festival,Credit Card,2,3.9,No,2598.7895999999996
ORD102580,2024-09-12,CUST5344,New,Home Decor,3,8547,18461.52,28.0,No,Non-Festival,Wallet,1,3.3,No,13292.2944
ORD102581,2024-12-25,CUST6045,Regular,Electronics,2,5882,9293.56,21.0,Yes,Christmas/New Year,Wallet,4,4.6,No,7341.9124
ORD102582,2024-11-24,CUST4623,Regular,Home Decor,2,6161,10473.7,15.0,No,Non-Festival,UPI,2,3.6,No,8902.645
ORD102583,2024-02-18,CUST1311,Regular,Home Decor,2,4968,7153.92,28.0,No,Non-Festival,Credit Card,4,3.3,No,5150.8224
ORD102584,2024-10-18,CUST4243,Regular,Electronics,3,5960,16986.0,5.0,No,Non-Festival,Wallet,4,4.4,No,16136.699999999999
ORD102585,2024-11-19,CUST7302,Premium,Home Decor,2,5404,8970.64,17.0,No,Non-Festival,UPI,6,2.9,No,7445.631199999999
ORD102586,2024-03-18,CUST7889,New,Groceries,3,7752,16744.32,28.0,No,Non-Festival,Wallet,1,3.0,No,12055.910399999999
ORD102587,2024-04-14,CUST2128,Premium,Electronics,5,8446,32094.8,24.0,No,Non-Festival,Credit Card,2,3.1,No,24392.048
ORD102588,2024-06-17,CUST3154,Regular,Groceries,2,284,318.08000000000004,44.0,No,Non-Festival,COD,4,3.6,No,178.12480000000005
ORD102589,2024-08-04,CUST4888,Regular,Groceries,3,6176,18342.72,1.0,No,Non-Festival,UPI,6,2.6,No,18159.2928
ORD102590,2024-04-28,CUST6739,Regular,Home Decor,3,8347,14273.37,43.0,No,Non-Festival,COD,3,5.0,No,8135.8209000000015
ORD102591,2024-07-08,CUST8388,Premium,Home Decor,3,7284,15077.88,31.0,No,Non-Festival,Credit Card,4,4.0,No,10403.737199999998
ORD102592,2024-09-11,CUST5714,Regular,Electronics,1,2979,1936.35,35.0,No,Non-Festival,Credit Card,6,4.9,No,1258.6275
ORD102593,2024-09-22,CUST6209,Regular,Fashion,1,6255,4315.95,31.0,No,Non-Festival,Wallet,2,4.5,No,2978.0054999999998
ORD102594,2024-05-28,CUST2239,Regular,Electronics,2,2869,3442.8,40.0,No,Non-Festival,Wallet,5,2.8,No,2065.68
ORD102595,2024-06-12,CUST4498,Regular,Groceries,5,1208,4892.400000000001,19.0,No,Non-Festival,UPI,4,3.0,No,3962.8440000000005
ORD102596,2024-05-19,CUST7086,New,Home Decor,2,2564,3281.92,36.0,No,Non-Festival,Wallet,3,2.6,No,2100.4288
ORD102597,2024-12-12,CUST5151,Regular,Groceries,4,3886,9170.96,41.0,No,Non-Festival,Wallet,3,4.6,No,5410.8664
ORD102598,2024-09-14,CUST7868,Regular,Beauty,4,6968,17559.36,37.0,No,Non-Festival,Credit Card,4,4.0,No,11062.3968
ORD102599,2024-09-25,CUST5603,Regular,Beauty,5,2399,8156.599999999999,32.0,No,Non-Festival,Credit Card,2,3.0,No,5546.487999999999
ORD102600,2024-06-29,CUST9815,Regular,Groceries,5,9751,46804.8,4.0,No,Non-Festival,UPI,7,4.9,No,44932.608
ORD102601,2024-06-08,CUST4542,Premium,Fashion,5,1109,5267.75,5.0,No,Non-Festival,COD,4,4.3,No,5004.3625
ORD102602,2024-12-16,CUST9500,Premium,Fashion,1,3639,2874.81,21.0,No,Non-Festival,UPI,3,4.3,No,2271.0999
ORD102603,2024-10-14,CUST1357,Regular,Electronics,1,6082,4865.6,20.0,No,Non-Festival,Credit Card,4,3.2,No,3892.4800000000005
ORD102604,2024-10-14,CUST4125,Premium,Electronics,4,3113,10210.64,18.0,No,Non-Festival,Credit Card,3,3.3,Yes,8372.7248
ORD102605,2024-08-13,CUST8671,Regular,Electronics,5,4895,14195.500000000002,42.0,Yes,Independence Day,UPI,5,4.2,No,8233.390000000001
ORD102606,2024-01-11,CUST5112,Premium,Home Decor,3,1206,3111.48,14.0,No,Non-Festival,UPI,4,4.0,No,2675.8728
ORD102607,2024-01-10,CUST9944,Regular,Fashion,4,7314,19601.52,33.0,No,Non-Festival,COD,1,4.1,No,13133.018399999999
ORD102608,2024-09-27,CUST7742,Regular,Groceries,5,1343,3626.1,46.0,No,Non-Festival,Credit Card,4,4.7,No,1958.094
ORD102609,2024-09-29,CUST5075,Premium,Beauty,3,7752,21860.64,6.0,No,Non-Festival,Wallet,3,2.9,Yes,20549.0016
ORD102610,2024-07-01,CUST2757,New,Fashion,5,1424,5980.8,16.0,No,Non-Festival,Credit Card,7,2.8,No,5023.872
ORD102611,2024-06-01,CUST2329,Premium,Fashion,2,4695,5352.3,43.0,No,Non-Festival,Wallet,2,3.9,No,3050.8110000000006
ORD102612,2024-11-10,CUST4486,Regular,Fashion,3,8459,14464.89,43.0,Yes,Diwali,Wallet,3,3.8,No,8244.9873
ORD102613,2024-11-29,CUST9162,Regular,Electronics,2,9406,18059.52,4.0,No,Non-Festival,Wallet,5,3.5,No,17337.1392
ORD102614,2024-05-03,CUST8552,New,Home Decor,1,381,236.22,38.0,No,Non-Festival,COD,2,4.8,No,146.4564
ORD102615,2024-04-23,CUST4368,Regular,Groceries,4,6532,25866.72,1.0,No,Non-Festival,UPI,1,3.9,No,25608.0528
ORD102616,2024-10-04,CUST1567,Regular,Electronics,5,5146,19040.2,26.0,No,Non-Festival,Wallet,1,3.9,No,14089.748
ORD102617,2024-07-31,CUST1326,Regular,Home Decor,4,7650,17136.0,44.0,No,Non-Festival,UPI,5,3.4,No,9596.160000000002
ORD102618,2024-06-20,CUST8826,Regular,Fashion,5,3145,12108.25,23.0,No,Non-Festival,Wallet,5,3.4,No,9323.3525
ORD102619,2024-10-14,CUST4051,Regular,Home Decor,2,9046,10855.2,40.0,No,Non-Festival,COD,5,5.0,No,6513.12
ORD102620,2024-06-22,CUST3146,Regular,Electronics,3,3886,6295.320000000001,46.0,No,Non-Festival,Wallet,6,4.1,No,3399.4728000000005
ORD102621,2024-04-22,CUST1289,Regular,Fashion,3,2488,5448.72,27.0,No,Non-Festival,UPI,5,4.6,No,3977.5656
ORD102622,2024-05-01,CUST3129,New,Electronics,5,3031,8183.700000000001,46.0,No,Non-Festival,COD,4,3.6,No,4419.198
ORD102623,2024-02-01,CUST4463,Regular,Groceries,2,9113,18226.0,0.0,No,Non-Festival,UPI,3,3.0,No,18226.0
ORD102624,2024-08-09,CUST9423,Regular,Fashion,5,3448,13792.0,20.0,No,Non-Festival,UPI,6,3.3,No,11033.6
ORD102625,2024-04-28,CUST7236,Premium,Home Decor,5,9592,35010.8,27.0,No,Non-Festival,UPI,4,3.4,No,25557.884000000002
ORD102626,2024-02-08,CUST3010,Premium,Electronics,5,8701,42634.9,2.0,No,Non-Festival,Wallet,7,3.9,No,41782.202
ORD102627,2024-09-24,CUST5540,Regular,Beauty,3,1225,2609.25,29.0,No,Non-Festival,COD,2,2.9,No,1852.5674999999999
ORD102628,2024-08-20,CUST4916,New,Home Decor,5,4612,23060.0,0.0,Yes,Independence Day,COD,7,3.5,No,23060.0
ORD102629,2024-01-18,CUST2304,Regular,Home Decor,3,6102,10251.36,44.0,No,Non-Festival,COD,1,2.8,No,5740.761600000001
ORD102630,2024-05-28,CUST8061,New,Fashion,1,9924,5358.96,46.0,No,Non-Festival,Credit Card,7,3.7,No,2893.8384
ORD102631,2024-05-28,CUST1001,Regular,Home Decor,2,3843,4304.160000000001,44.0,No,Non-Festival,Credit Card,1,4.9,Yes,2410.3296000000005
ORD102632,2024-05-05,CUST2878,Regular,Electronics,1,8759,7269.969999999999,17.0,No,Non-Festival,COD,2,3.3,No,6034.075099999999
ORD102633,2024-10-28,CUST9816,New,Beauty,5,4850,12610.0,48.0,Yes,Diwali,Wallet,1,2.6,No,6557.2
ORD102634,2024-12-25,CUST6256,Premium,Groceries,3,1449,2955.96,32.0,Yes,Christmas/New Year,Credit Card,7,4.0,No,2010.0528
ORD102635,2024-08-25,CUST6676,Regular,Beauty,2,3183,5474.76,14.0,Yes,Raksha Bandhan,,5,4.1,No,4708.2936
ORD102636,2024-05-14,CUST5441,Regular,Electronics,4,4775,14707.0,23.0,No,Non-Festival,Wallet,5,3.7,No,11324.39
ORD102637,2024-05-30,CUST7931,Regular,Fashion,2,7647,9941.1,35.0,No,Non-Festival,Credit Card,6,3.5,No,6461.715
ORD102638,2024-08-23,CUST9629,Premium,Electronics,2,9331,12503.54,33.0,No,Non-Festival,UPI,5,4.7,No,8377.371799999999
ORD102639,2024-08-11,CUST5275,Regular,Home Decor,5,4309,16158.75,25.0,Yes,Independence Day,UPI,2,4.8,Yes,12119.0625
ORD102640,2024-07-21,CUST1712,Regular,Fashion,1,4223,2576.03,39.0,No,Non-Festival,UPI,3,4.2,No,1571.3783
ORD102641,2024-09-12,CUST3058,Regular,Groceries,1,8169,6453.51,21.0,No,Non-Festival,Credit Card,2,3.8,No,5098.272900000001
ORD102642,2024-03-26,CUST7413,Premium,Groceries,4,789,2682.6,15.0,Yes,Holi,Wallet,7,2.7,No,2280.21
ORD102643,2024-05-29,CUST7792,New,Electronics,5,1982,6045.099999999999,39.0,No,Non-Festival,Credit Card,3,3.3,No,3687.5109999999995
ORD102644,2024-08-22,CUST1816,Premium,Home Decor,2,4768,5626.240000000001,41.0,No,Non-Festival,COD,1,3.2,No,3319.481600000001
ORD102645,2024-12-10,CUST7940,Regular,Groceries,1,9599,8159.15,15.0,No,Non-Festival,Wallet,6,2.6,No,6935.277499999999
ORD102646,2024-01-22,CUST1800,New,Beauty,1,4612,4427.52,4.0,Yes,Republic Day,Credit Card,7,4.6,No,4250.4192
ORD102647,2024-12-13,CUST4893,Premium,Fashion,3,9238,26328.3,5.0,No,Non-Festival,Wallet,1,4.7,No,25011.885
ORD102648,2024-10-11,CUST7857,New,Beauty,2,4880,5758.400000000001,41.0,No,Non-Festival,Credit Card,1,4.8,No,3397.4560000000006
ORD102649,2024-09-25,CUST9384,Regular,Groceries,5,9190,35381.5,23.0,No,Non-Festival,COD,3,4.4,No,27243.755
ORD102650,2024-09-14,CUST5985,Regular,Groceries,1,670,475.7,29.0,No,Non-Festival,COD,1,4.3,No,337.74699999999996
ORD102651,2024-01-29,CUST1402,Premium,Electronics,5,5027,16086.4,36.0,Yes,Republic Day,,2,3.7,Yes,10295.296
ORD102652,2024-07-31,CUST2082,Regular,Electronics,2,5267,7268.459999999999,31.0,No,Non-Festival,UPI,7,4.6,No,5015.237399999999
ORD102653,2024-10-09,CUST9303,Premium,Fashion,2,3194,5238.160000000001,18.0,No,Non-Festival,COD,3,3.8,No,4295.291200000001
ORD102654,2024-02-19,CUST1849,New,Electronics,1,3329,1864.24,44.0,No,Non-Festival,UPI,5,2.6,No,1043.9744
ORD102655,2024-04-04,CUST2748,New,Home Decor,4,6367,18591.64,25.0,No,Non-Festival,Wallet,7,4.0,No,13943.73
ORD102656,2024-03-28,CUST8805,New,Fashion,5,1513,4085.1,46.0,Yes,Holi,Wallet,3,3.5,No,2205.954
ORD102657,2024-02-13,CUST1879,Premium,Home Decor,5,6746,31368.9,7.0,No,Non-Festival,Wallet,7,3.8,No,29173.077
ORD102658,2024-10-04,CUST1441,Regular,Electronics,3,9439,16423.86,42.0,No,Non-Festival,Credit Card,2,3.6,No,9525.838800000001
ORD102659,2024-06-19,CUST8154,Regular,Fashion,2,9479,18958.0,0.0,No,Non-Festival,Credit Card,6,3.7,No,18958.0
ORD102660,2024-07-07,CUST1590,Regular,Groceries,2,8134,15779.96,3.0,No,Non-Festival,UPI,2,2.8,No,15306.561199999998
ORD102661,2024-12-18,CUST2088,Premium,Beauty,1,5558,4390.820000000001,21.0,No,Non-Festival,UPI,2,2.5,No,3468.7478000000006
ORD102662,2024-07-02,CUST9909,Regular,Groceries,1,482,380.78,21.0,No,Non-Festival,UPI,1,3.4,No,300.8162
ORD102663,2024-01-03,CUST2315,Regular,Home Decor,1,7809,5544.389999999999,29.0,No,Non-Festival,Credit Card,7,3.1,No,3936.516899999999
ORD102664,2024-07-09,CUST8466,Premium,Groceries,3,1598,3547.56,26.0,No,Non-Festival,Credit Card,6,3.1,No,2625.1944
ORD102665,2024-04-27,CUST4112,Premium,Groceries,4,2933,8681.68,26.0,No,Non-Festival,Wallet,5,4.8,No,6424.4432
ORD102666,2024-01-19,CUST4781,New,Beauty,1,4267,3754.96,12.0,No,Non-Festival,COD,6,4.5,No,3304.3648
ORD102667,2024-01-23,CUST5240,Premium,Beauty,1,2557,1585.34,38.0,Yes,Republic Day,COD,5,2.5,No,982.9108
ORD102668,2024-01-30,CUST6170,Premium,Groceries,1,3438,2544.12,26.0,Yes,Republic Day,Credit Card,4,2.5,No,1882.6488
ORD102669,2024-10-21,CUST9835,Premium,Beauty,3,8189,15231.54,38.0,Yes,Diwali,COD,6,4.4,No,9443.5548
ORD102670,2024-04-17,CUST2327,New,Groceries,5,7410,23341.5,37.0,No,Non-Festival,Wallet,6,5.0,No,14705.145
ORD102671,2024-10-07,CUST7367,Premium,Fashion,4,987,3671.64,7.0,No,Non-Festival,COD,7,3.7,No,3414.6251999999995
ORD102672,2024-05-07,CUST5483,New,Groceries,5,8434,37531.3,11.0,No,Non-Festival,UPI,2,3.6,No,33402.857
ORD102673,2024-08-16,CUST3836,New,Electronics,2,5984,9215.36,23.0,Yes,Independence Day,Wallet,6,3.2,No,7095.827200000001
ORD102674,2024-04-20,CUST7865,New,Beauty,2,4843,8039.379999999999,17.0,No,Non-Festival,Credit Card,1,4.2,No,6672.685399999999
ORD102675,2024-05-15,CUST9871,Regular,Beauty,1,4521,3888.06,14.0,No,Non-Festival,UPI,7,3.7,No,3343.7316
ORD102676,2024-12-27,CUST9582,Regular,Home Decor,5,4928,20944.0,15.0,Yes,Christmas/New Year,Credit Card,3,2.9,No,17802.399999999998
ORD102677,2024-07-04,CUST4159,Regular,Home Decor,3,5840,11913.6,32.0,No,Non-Festival,Credit Card,1,3.7,No,8101.248
ORD102678,2024-05-23,CUST4821,Regular,Electronics,4,3610,13140.4,9.0,No,Non-Festival,UPI,2,3.4,No,11957.764
ORD102679,2024-03-12,CUST3004,Regular,Beauty,5,1558,4206.6,46.0,No,Non-Festival,Wallet,1,4.7,Yes,2271.5640000000003
ORD102680,2024-05-08,CUST8341,Regular,Beauty,5,9596,36944.6,23.0,No,Non-Festival,Credit Card,6,4.4,No,28447.342
ORD102681,2024-12-29,CUST2306,Regular,Home Decor,4,737,1650.88,44.0,Yes,Christmas/New Year,UPI,2,4.3,No,924.4928000000001
ORD102682,2024-09-17,CUST4674,Premium,Home Decor,5,4068,16678.800000000003,18.0,No,Non-Festival,UPI,7,3.3,No,13676.616000000004
ORD102683,2024-01-03,CUST5791,Premium,Groceries,5,4776,17671.2,26.0,No,Non-Festival,Credit Card,6,2.8,No,13076.688
ORD102684,2024-04-13,CUST1171,Regular,Beauty,4,4725,10584.000000000002,44.0,No,Non-Festival,Credit Card,3,4.7,No,5927.040000000002
ORD102685,2024-08-11,CUST2831,Premium,Beauty,3,3783,6809.4,40.0,Yes,Independence Day,Wallet,3,3.4,No,4085.6399999999994
ORD102686,2024-11-15,CUST3976,Premium,Groceries,4,8098,22674.4,30.0,No,Non-Festival,UPI,5,4.0,No,15872.08
ORD102687,2024-12-27,CUST5242,Premium,Beauty,1,1550,1240.0,20.0,Yes,Christmas/New Year,COD,6,4.0,No,992.0
ORD102688,2024-12-19,CUST4203,New,Electronics,1,9336,7935.599999999999,15.0,No,Non-Festival,COD,4,4.8,No,6745.259999999999
ORD102689,2024-01-10,CUST3759,Regular,Home Decor,1,4056,3163.6800000000003,22.0,No,Non-Festival,Credit Card,1,2.9,No,2467.6704000000004
ORD102690,2024-10-28,CUST8429,Regular,Home Decor,1,2825,2457.75,13.0,Yes,Diwali,Credit Card,4,4.4,No,2138.2425
ORD102691,2024-08-18,CUST4787,Regular,Home Decor,2,4507,7030.92,22.0,Yes,Independence Day,Wallet,1,3.7,No,5484.1176000000005
ORD102692,2024-08-06,CUST9127,Regular,Fashion,3,9242,16635.6,40.0,No,Non-Festival,COD,5,2.9,No,9981.359999999999
ORD102693,2024-03-06,CUST4253,Premium,Electronics,2,3125,5187.5,17.0,No,Non-Festival,Credit Card,5,4.6,No,4305.625
ORD102694,2024-04-21,CUST4077,Regular,Electronics,5,9387,30507.75,35.0,No,Non-Festival,Credit Card,3,4.6,No,19830.037500000002
ORD102695,2024-01-13,CUST2271,Regular,Groceries,5,6914,30767.3,11.0,No,Non-Festival,COD,7,2.6,No,27382.897
ORD102696,2024-03-26,CUST8575,Regular,Fashion,4,7397,18936.32,36.0,Yes,Holi,Credit Card,7,4.3,No,12119.2448
ORD102697,2024-08-21,CUST5049,Regular,Beauty,1,6206,5585.400000000001,10.0,No,Non-Festival,COD,3,2.9,No,5026.860000000001
ORD102698,2024-03-30,CUST8062,Premium,Electronics,4,8741,33565.44,4.0,Yes,Holi,COD,6,4.0,No,32222.8224
ORD102699,2024-11-09,CUST4698,Premium,Fashion,5,1737,6948.0,20.0,Yes,Diwali,Wallet,3,4.1,No,5558.400000000001
ORD102700,2024-02-23,CUST1235,Regular,Fashion,1,2928,2020.32,31.0,No,Non-Festival,COD,6,4.2,No,1394.0207999999998
ORD102701,2024-01-12,CUST3392,Regular,Electronics,3,7581,16374.96,28.0,No,Non-Festival,Credit Card,1,2.8,No,11789.971199999998
ORD102702,2024-07-27,CUST4833,Regular,Groceries,5,4546,21366.2,6.0,No,Non-Festival,UPI,6,4.0,Yes,20084.228
ORD102703,2024-01-14,CUST2389,Regular,Fashion,4,2566,6671.6,35.0,No,Non-Festival,UPI,7,2.7,No,4336.54
ORD102704,2024-04-30,CUST7618,New,Home Decor,4,7228,17636.32,39.0,No,Non-Festival,UPI,4,4.4,No,10758.1552
ORD102705,2024-01-20,CUST1356,Regular,Fashion,5,7068,26151.6,26.0,Yes,Republic Day,Wallet,7,2.7,No,19352.183999999997
ORD102706,2024-03-15,CUST2770,Premium,Beauty,2,4075,7742.5,5.0,No,Non-Festival,Credit Card,4,4.4,Yes,7355.375
ORD102707,2024-08-30,CUST5163,New,Electronics,3,6241,11795.49,37.0,Yes,Raksha Bandhan,Wallet,3,4.7,Yes,7431.1587
ORD102708,2024-08-10,CUST7041,Regular,Beauty,5,3801,18434.85,3.0,Yes,Independence Day,Wallet,5,3.2,No,17881.8045
ORD102709,2024-03-10,CUST3575,Regular,Groceries,5,4374,12028.500000000002,45.0,No,Non-Festival,Wallet,4,4.4,No,6615.675000000001
ORD102710,2024-11-07,CUST9713,New,Home Decor,4,1123,2964.72,34.0,Yes,Diwali,Credit Card,5,3.5,No,1956.7151999999996
ORD102711,2024-07-29,CUST3368,New,Electronics,1,818,744.38,9.0,No,Non-Festival,Credit Card,3,4.5,No,677.3858
ORD102712,2024-04-10,CUST2652,Regular,Fashion,1,4600,2898.0,37.0,No,Non-Festival,Credit Card,1,4.2,No,1825.74
ORD102713,2024-07-04,CUST3563,Premium,Home Decor,1,6542,3336.42,49.0,No,Non-Festival,UPI,6,3.2,No,1701.5742
ORD102714,2024-05-11,CUST1438,New,Fashion,4,3503,9948.52,29.0,No,Non-Festival,COD,2,3.0,No,7063.4492
ORD102715,2024-04-20,CUST6141,Regular,Groceries,1,9439,5569.010000000001,41.0,No,Non-Festival,Credit Card,4,4.8,No,3285.715900000001
ORD102716,2024-05-11,CUST5194,New,Electronics,5,5780,26588.0,8.0,No,Non-Festival,Credit Card,6,4.6,No,24460.960000000003
ORD102717,2024-01-20,CUST8810,Regular,Groceries,2,7800,13260.0,15.0,Yes,Republic Day,Wallet,6,4.1,No,11271.0
ORD102718,2024-01-24,CUST1663,Premium,Groceries,2,8322,16144.68,3.0,Yes,Republic Day,Credit Card,3,3.4,Yes,15660.3396
ORD102719,2024-08-14,CUST3704,New,Groceries,2,282,423.0,25.0,Yes,Independence Day,COD,3,3.8,No,317.25
ORD102720,2024-06-02,CUST2963,New,Groceries,1,292,210.24,28.0,No,Non-Festival,UPI,6,3.9,No,151.3728
ORD102721,2024-10-19,CUST3367,Regular,Fashion,2,6960,10161.6,27.0,No,Non-Festival,Credit Card,4,2.7,No,7417.968
ORD102722,2024-08-17,CUST8475,Regular,Beauty,1,7575,6817.5,10.0,Yes,Independence Day,UPI,2,4.9,No,6135.75
ORD102723,2024-11-05,CUST9441,Premium,Fashion,5,8037,29335.05,27.0,Yes,Diwali,Credit Card,7,2.7,No,21414.586499999998
ORD102724,2024-12-24,CUST3149,Premium,Home Decor,5,6924,19733.4,43.0,Yes,Christmas/New Year,UPI,1,4.3,No,11248.038000000002
ORD102725,2024-07-20,CUST3061,Premium,Groceries,4,3248,8964.48,31.0,No,Non-Festival,Credit Card,4,3.7,No,6185.4911999999995
ORD102726,2024-02-07,CUST2966,New,Home Decor,4,1667,5134.36,23.0,No,Non-Festival,Wallet,6,4.4,No,3953.4572
ORD102727,2024-09-16,CUST1478,New,Fashion,3,5689,10069.53,41.0,No,Non-Festival,UPI,1,3.2,Yes,5941.022700000001
ORD102728,2024-07-06,CUST3941,Regular,Groceries,5,2898,8983.8,38.0,No,Non-Festival,Wallet,3,3.5,No,5569.955999999999
ORD102729,2024-02-26,CUST8416,Regular,Fashion,1,9183,8632.019999999999,6.0,No,Non-Festival,Wallet,6,3.8,No,8114.098799999998
ORD102730,2024-01-20,CUST2186,Regular,Groceries,3,675,1680.75,17.0,Yes,Republic Day,Credit Card,6,2.8,No,1395.0225
ORD102731,2024-09-29,CUST8829,Premium,Fashion,5,8895,43585.5,2.0,No,Non-Festival,Wallet,4,4.6,No,42713.79
ORD102732,2024-04-28,CUST6719,Premium,Electronics,1,430,245.1,43.0,No,Non-Festival,Wallet,1,5.0,No,139.70700000000002
ORD102733,2024-03-11,CUST4364,Premium,Beauty,5,7221,19857.75,45.0,No,Non-Festival,Credit Card,5,3.5,No,10921.7625
ORD102734,2024-01-04,CUST9799,Regular,Beauty,5,9978,40410.9,19.0,No,Non-Festival,Wallet,5,3.4,No,32732.829
ORD102735,2024-08-08,CUST9958,Regular,Groceries,1,7033,4712.11,33.0,No,Non-Festival,UPI,5,4.0,No,3157.1136999999994
ORD102736,2024-01-14,CUST2871,Regular,Electronics,5,2456,8718.8,29.0,No,Non-Festival,UPI,6,4.2,No,6190.347999999999
ORD102737,2024-01-03,CUST8245,Premium,Home Decor,5,4170,19182.0,8.0,No,Non-Festival,COD,7,4.7,No,17647.440000000002
ORD102738,2024-08-03,CUST1541,Regular,Electronics,5,5038,22922.9,9.0,No,Non-Festival,COD,1,3.4,No,20859.839000000004
ORD102739,2024-08-16,CUST1475,Regular,Groceries,4,583,2215.4,5.0,Yes,Independence Day,COD,5,4.4,No,2104.63
ORD102740,2024-12-01,CUST9036,Regular,Electronics,2,960,1612.8,16.0,No,Non-Festival,COD,3,3.1,No,1354.752
ORD102741,2024-07-04,CUST8001,Premium,Home Decor,5,5443,23404.9,14.0,No,Non-Festival,Wallet,6,4.2,No,20128.214
ORD102742,2024-02-24,CUST5866,Regular,Groceries,1,4152,2823.36,32.0,No,Non-Festival,UPI,7,3.7,No,1919.8847999999998
ORD102743,2024-09-10,CUST1882,New,Beauty,5,1142,5024.8,12.0,No,Non-Festival,COD,7,4.2,No,4421.8240000000005
ORD102744,2024-01-24,CUST7870,Premium,Electronics,4,2895,6832.200000000001,41.0,Yes,Republic Day,Wallet,1,3.4,No,4030.998000000001
ORD102745,2024-06-10,CUST1684,Premium,Beauty,4,1496,3410.880000000001,43.0,No,Non-Festival,Credit Card,7,3.2,No,1944.2016000000008
ORD102746,2024-06-06,CUST4880,Premium,Beauty,5,2347,9270.65,21.0,No,Non-Festival,UPI,3,3.7,No,7323.8135
ORD102747,2024-03-22,CUST2383,Regular,Fashion,3,7074,18038.7,15.0,Yes,Holi,Credit Card,2,4.7,Yes,15332.895
ORD102748,2024-06-07,CUST4058,Regular,Home Decor,2,4596,6158.639999999999,25.0,No,Non-Festival,COD,1,4.2,No,4618.98
ORD102749,2024-07-06,CUST8656,New,Electronics,1,808,791.84,2.0,No,Non-Festival,COD,5,4.0,No,776.0032
ORD102750,2024-02-29,CUST8612,Premium,Beauty,1,1081,1005.33,7.0,No,Non-Festival,COD,5,4.3,No,934.9569
ORD102751,2024-10-31,CUST7429,New,Beauty,1,7516,6087.96,19.0,Yes,Diwali,UPI,6,4.3,No,4931.247600000001
ORD102752,2024-11-14,CUST4723,Premium,Home Decor,1,5091,2749.1400000000003,46.0,No,Non-Festival,Credit Card,2,3.2,No,1484.5356000000004
ORD102753,2024-12-31,CUST1774,Regular,Beauty,4,6680,20574.4,23.0,Yes,Christmas/New Year,Credit Card,6,3.1,Yes,15842.288000000002
ORD102754,2024-07-29,CUST4019,Regular,Beauty,2,7705,12790.3,17.0,No,Non-Festival,UPI,4,3.8,No,10615.948999999999
ORD102755,2024-05-31,CUST4962,Premium,Beauty,5,2194,8556.6,22.0,No,Non-Festival,COD,2,2.9,Yes,6674.148
ORD102756,2024-04-18,CUST5169,Regular,Beauty,5,1523,7615.0,0.0,No,Non-Festival,COD,5,3.7,Yes,7615.0
ORD102757,2024-03-16,CUST2375,Regular,Fashion,3,7968,23664.96,1.0,No,Non-Festival,Wallet,5,4.2,No,23428.3104
ORD102758,2024-01-30,CUST5736,New,Fashion,5,1211,5812.8,4.0,Yes,Republic Day,UPI,4,2.5,No,5580.288
ORD102759,2024-11-09,CUST6914,Regular,Groceries,2,7103,11790.98,17.0,Yes,Diwali,Credit Card,7,2.8,No,9786.5134
ORD102760,2024-04-26,CUST7437,Regular,Electronics,5,888,3774.0,15.0,No,Non-Festival,Wallet,2,4.9,No,3207.9
ORD102761,2024-12-21,CUST7372,New,Home Decor,4,4268,15535.52,9.0,Yes,Christmas/New Year,Credit Card,3,4.8,No,14137.3232
ORD102762,2024-07-10,CUST7646,New,Groceries,5,9634,34682.4,28.0,No,Non-Festival,Credit Card,2,3.5,No,24971.328
ORD102763,2024-01-19,CUST7339,Regular,Fashion,1,3647,2407.0199999999995,34.0,No,Non-Festival,Wallet,3,4.0,Yes,1588.6331999999995
ORD102764,2024-06-21,CUST8091,New,Fashion,1,8097,6153.72,24.0,No,Non-Festival,Credit Card,5,2.9,No,4676.827200000001
ORD102765,2024-08-15,CUST7355,New,Fashion,1,7455,4398.450000000001,41.0,Yes,Independence Day,Wallet,5,3.3,No,2595.0855000000006
ORD102766,2024-12-15,CUST9129,Regular,Groceries,1,8275,6371.75,23.0,No,Non-Festival,Wallet,2,4.5,No,4906.2475
ORD102767,2024-07-01,CUST8882,Regular,Fashion,4,8832,31088.64,12.0,No,Non-Festival,Wallet,5,4.6,No,27358.0032
ORD102768,2024-04-22,CUST2089,Regular,Groceries,4,9616,30771.2,20.0,No,Non-Festival,COD,6,3.5,No,24616.960000000003
ORD102769,2024-07-01,CUST7659,Premium,Fashion,4,2662,6282.320000000001,25.0,No,Non-Festival,COD,7,3.3,No,4711.740000000001
ORD102770,2024-05-25,CUST9234,Regular,Beauty,5,5323,15436.700000000004,42.0,No,Non-Festival,UPI,6,4.2,No,8953.286000000004
ORD102771,2024-11-14,CUST4336,New,Beauty,1,4378,2714.36,38.0,No,Non-Festival,UPI,7,4.3,No,1682.9032
ORD102772,2024-04-25,CUST6455,Premium,Electronics,3,6349,12761.489999999998,33.0,No,Non-Festival,Wallet,7,5.0,No,8550.198299999998
ORD102773,2024-04-22,CUST9167,Premium,Fashion,3,1952,4801.92,18.0,No,Non-Festival,UPI,6,4.2,No,3937.5744000000004
ORD102774,2024-09-07,CUST4280,New,Electronics,1,4829,3525.17,27.0,No,Non-Festival,COD,4,3.1,No,2573.3741
ORD102775,2024-09-07,CUST9125,New,Groceries,2,6116,9051.68,26.0,No,Non-Festival,COD,1,2.6,No,6698.2432
ORD102776,2024-10-29,CUST9956,Regular,Electronics,5,4746,12102.3,49.0,Yes,Diwali,Wallet,3,3.1,No,6172.173
ORD102777,2024-11-08,CUST5554,Regular,Fashion,3,3559,8007.75,25.0,Yes,Diwali,COD,5,3.1,No,6005.8125
ORD102778,2024-04-27,CUST8111,Premium,Groceries,4,5213,18766.8,10.0,No,Non-Festival,,7,2.7,No,16890.12
ORD102779,2024-10-27,CUST2173,Regular,Groceries,2,7804,8116.16,48.0,Yes,Diwali,UPI,7,3.6,No,4220.4032
ORD102780,2024-06-09,CUST1665,Regular,Beauty,4,4214,11124.96,34.0,No,Non-Festival,COD,3,3.2,No,7342.473599999998
ORD102781,2024-07-16,CUST2411,Premium,Groceries,2,1099,1780.38,19.0,No,Non-Festival,Wallet,7,4.8,No,1442.1078000000002
ORD102782,2024-09-16,CUST1858,New,Groceries,2,1389,2472.42,11.0,No,Non-Festival,Wallet,2,3.5,No,2200.4538000000002
ORD102783,2024-05-27,CUST3187,Regular,Electronics,5,852,3109.8,27.0,No,Non-Festival,Credit Card,4,4.7,No,2270.154
ORD102784,2024-08-27,CUST1125,Premium,Groceries,4,8196,32456.16,1.0,Yes,Raksha Bandhan,Wallet,3,3.3,No,32131.5984
ORD102785,2024-02-16,CUST9200,Regular,Home Decor,4,1182,4728.0,0.0,No,Non-Festival,Wallet,5,4.6,No,4728.0
ORD102786,2024-07-16,CUST2705,Premium,Beauty,3,775,2139.0,8.0,No,Non-Festival,COD,1,3.6,No,1967.88
ORD102787,2024-02-16,CUST7629,Regular,Beauty,1,8724,6891.96,21.0,No,Non-Festival,Credit Card,6,2.6,No,5444.6484
ORD102788,2024-03-18,CUST6164,New,Groceries,1,4507,2749.27,39.0,No,Non-Festival,Credit Card,4,3.7,No,1677.0547
ORD102789,2024-05-03,CUST8276,Regular,Electronics,3,8680,19269.6,26.0,No,Non-Festival,Credit Card,7,3.1,No,14259.503999999999
ORD102790,2024-03-15,CUST8721,Premium,Beauty,2,6953,12793.52,8.0,No,Non-Festival,COD,2,3.3,No,11770.038400000001
ORD102791,2024-12-24,CUST3766,Regular,Beauty,3,7940,22390.8,6.0,Yes,Christmas/New Year,UPI,5,4.2,No,21047.352
ORD102792,2024-05-16,CUST4219,Regular,Home Decor,3,1255,2447.25,35.0,No,Non-Festival,Wallet,4,3.8,No,1590.7125
ORD102793,2024-03-30,CUST7202,Regular,Groceries,4,6226,13199.12,47.0,Yes,Holi,Credit Card,7,4.7,Yes,6995.533600000001
ORD102794,2024-11-20,CUST1530,Regular,Beauty,3,4569,8635.41,37.0,No,Non-Festival,Credit Card,5,4.8,No,5440.3083
ORD102795,2024-03-01,CUST4536,Regular,Beauty,2,1524,1554.48,49.0,No,Non-Festival,COD,2,4.2,No,792.7848
ORD102796,2024-05-17,CUST9146,Regular,Beauty,1,3795,3757.05,1.0,No,Non-Festival,COD,2,4.7,No,3719.4795000000004
ORD102797,2024-02-19,CUST8227,Premium,Beauty,5,4027,11678.3,42.0,No,Non-Festival,Credit Card,1,3.0,No,6773.414000000001
ORD102798,2024-09-15,CUST8316,Premium,Electronics,3,2523,7266.24,4.0,No,Non-Festival,UPI,7,2.7,No,6975.590399999999
ORD102799,2024-04-16,CUST1642,Regular,Fashion,3,2082,5246.639999999999,16.0,No,Non-Festival,COD,7,3.3,No,4407.177599999999
ORD102800,2024-04-22,CUST7046,Premium,Home Decor,4,1353,3463.6800000000003,36.0,No,Non-Festival,Credit Card,4,3.3,No,2216.7552
ORD102801,2024-12-15,CUST3589,Regular,Electronics,4,3570,9424.8,34.0,No,Non-Festival,UPI,1,4.2,No,6220.367999999999
ORD102802,2024-09-10,CUST2482,Premium,Home Decor,3,8488,23681.52,7.0,No,Non-Festival,COD,1,4.6,No,22023.813599999998
ORD102803,2024-04-27,CUST2192,Regular,Beauty,3,476,828.2400000000001,42.0,No,Non-Festival,UPI,7,3.2,No,480.37920000000014
ORD102804,2024-07-16,CUST1543,Premium,Home Decor,2,5604,10983.84,2.0,No,Non-Festival,Credit Card,1,3.6,No,10764.163199999999
ORD102805,2024-12-02,CUST3891,Regular,Groceries,1,5492,5382.16,2.0,No,Non-Festival,UPI,6,3.8,No,5274.516799999999
ORD102806,2024-12-30,CUST4855,New,Groceries,1,8723,8723.0,0.0,Yes,Christmas/New Year,Credit Card,7,3.5,No,8723.0
ORD102807,2024-02-20,CUST5213,Regular,Fashion,5,4398,16932.3,23.0,No,Non-Festival,COD,3,3.0,No,13037.871
ORD102808,2024-09-01,CUST7612,Regular,Fashion,1,3896,2181.76,44.0,No,Non-Festival,Wallet,2,3.5,No,1221.7856000000002
ORD102809,2024-02-04,CUST4399,Regular,Home Decor,5,3402,12077.1,29.0,No,Non-Festival,Wallet,1,3.2,No,8574.741
ORD102810,2024-10-28,CUST7776,New,Electronics,4,2286,5394.960000000001,41.0,Yes,Diwali,Credit Card,3,4.5,No,3183.026400000001
ORD102811,2024-03-09,CUST6850,Premium,Electronics,5,506,1897.5,25.0,No,Non-Festival,Wallet,3,2.5,No,1423.125
ORD102812,2024-12-14,CUST4421,Premium,Beauty,5,1083,3411.45,37.0,No,Non-Festival,Credit Card,3,3.3,No,2149.2135
ORD102813,2024-11-15,CUST7650,New,Electronics,1,6863,3980.54,42.0,No,Non-Festival,Wallet,1,4.9,No,2308.7132
ORD102814,2024-02-18,CUST3277,New,Fashion,3,6389,11691.87,39.0,No,Non-Festival,Wallet,3,4.2,Yes,7132.0407000000005
ORD102815,2024-03-14,CUST9602,Premium,Electronics,4,4489,10414.48,42.0,No,Non-Festival,COD,1,4.4,No,6040.3984
ORD102816,2024-07-10,CUST3962,Regular,Beauty,2,3789,4774.14,37.0,No,Non-Festival,Credit Card,4,4.6,No,3007.7082
ORD102817,2024-09-17,CUST9777,New,Groceries,5,3841,10946.85,43.0,No,Non-Festival,UPI,2,3.4,No,6239.704500000001
ORD102818,2024-12-21,CUST6533,Regular,Electronics,5,7536,19216.8,49.0,Yes,Christmas/New Year,COD,5,2.7,No,9800.568
ORD102819,2024-03-10,CUST9083,Premium,Electronics,5,5308,26009.2,2.0,No,Non-Festival,UPI,1,3.5,No,25489.016
ORD102820,2024-03-30,CUST6914,Premium,Fashion,3,2362,6235.68,12.0,Yes,Holi,COD,2,4.1,No,5487.3984
ORD102821,2024-09-16,CUST2239,Premium,Home Decor,2,6909,8981.7,35.0,No,Non-Festival,Credit Card,1,3.4,No,5838.1050000000005
ORD102822,2024-05-05,CUST4776,Premium,Groceries,1,5367,3220.2,40.0,No,Non-Festival,UPI,6,3.6,No,1932.12
ORD102823,2024-08-18,CUST6648,Premium,Home Decor,4,3341,7082.92,47.0,Yes,Independence Day,COD,4,4.6,No,3753.9476000000004
ORD102824,2024-10-21,CUST5963,New,Beauty,3,6331,16903.77,11.0,Yes,Diwali,Wallet,7,2.6,No,15044.355300000001
ORD102825,2024-05-08,CUST1949,Regular,Beauty,2,4803,7780.860000000001,19.0,No,Non-Festival,UPI,2,3.3,No,6302.496600000001
ORD102826,2024-10-06,CUST6632,Regular,Home Decor,4,354,877.92,38.0,No,Non-Festival,COD,2,3.7,No,544.3104
ORD102827,2024-11-08,CUST8579,Premium,Fashion,1,3830,2183.1000000000004,43.0,Yes,Diwali,COD,3,3.2,No,1244.3670000000004
ORD102828,2024-04-09,CUST5720,New,Fashion,4,8852,32929.439999999995,7.0,No,Non-Festival,UPI,7,3.6,No,30624.379199999992
ORD102829,2024-11-21,CUST8880,Regular,Fashion,5,1596,4309.200000000001,46.0,No,Non-Festival,Wallet,1,3.5,No,2326.9680000000008
ORD102830,2024-10-23,CUST8324,Regular,Groceries,5,9182,45450.9,1.0,Yes,Diwali,UPI,1,4.8,No,44996.391
ORD102831,2024-06-30,CUST4959,Regular,Beauty,3,6997,18891.9,10.0,No,Non-Festival,UPI,5,3.7,No,17002.710000000003
ORD102832,2024-06-22,CUST6807,Regular,Beauty,4,6794,21740.800000000003,20.0,No,Non-Festival,UPI,3,3.7,No,17392.640000000003
ORD102833,2024-11-11,CUST7345,New,Beauty,5,3909,12508.8,36.0,No,Non-Festival,COD,7,3.1,No,8005.632
ORD102834,2024-12-29,CUST7269,Premium,Groceries,3,2067,5890.95,5.0,Yes,Christmas/New Year,Wallet,3,2.6,No,5596.402499999999
ORD102835,2024-07-06,CUST5429,Premium,Beauty,3,776,1908.96,18.0,No,Non-Festival,UPI,5,3.2,No,1565.3472000000002
ORD102836,2024-02-26,CUST4321,Premium,Home Decor,3,7463,15896.19,29.0,No,Non-Festival,UPI,3,2.6,No,11286.294899999999
ORD102837,2024-01-31,CUST6462,Premium,Electronics,1,3964,2180.2000000000003,45.0,No,Non-Festival,UPI,3,4.6,No,1199.1100000000004
ORD102838,2024-03-24,CUST7222,Regular,Groceries,5,8753,27134.3,38.0,Yes,Holi,UPI,4,3.0,No,16823.266
ORD102839,2024-05-31,CUST9777,Regular,Electronics,5,656,1869.6,43.0,No,Non-Festival,UPI,6,4.8,No,1065.672
ORD102840,2024-02-05,CUST6952,Regular,Home Decor,2,3761,3911.44,48.0,No,Non-Festival,UPI,2,4.7,No,2033.9488000000001
ORD102841,2024-07-31,CUST7451,Regular,Fashion,1,3310,2151.5,35.0,No,Non-Festival,Wallet,7,4.2,No,1398.4750000000001
ORD102842,2024-12-29,CUST5425,Regular,Fashion,5,3729,15102.45,19.0,Yes,Christmas/New Year,,5,4.7,No,12232.984500000002
ORD102843,2024-04-15,CUST8884,Regular,Fashion,5,5107,23236.85,9.0,No,Non-Festival,Wallet,4,4.7,No,21145.533499999998
ORD102844,2024-12-07,CUST8149,Regular,Groceries,2,5168,7958.72,23.0,No,Non-Festival,Credit Card,6,3.8,No,6128.214400000001
ORD102845,2024-08-07,CUST7519,Regular,Fashion,4,8741,23775.52,32.0,No,Non-Festival,Credit Card,4,3.8,No,16167.353599999999
ORD102846,2024-06-11,CUST7222,Premium,Groceries,4,4747,13671.36,28.0,No,Non-Festival,COD,4,4.9,No,9843.3792
ORD102847,2024-08-07,CUST6937,Regular,Groceries,1,4283,3040.93,29.0,No,Non-Festival,Wallet,3,4.5,No,2159.0602999999996
ORD102848,2024-09-26,CUST7505,New,Electronics,3,308,600.6,35.0,No,Non-Festival,Wallet,6,2.8,No,390.39000000000004
ORD102849,2024-04-29,CUST7000,Regular,Fashion,2,7951,8905.12,44.0,No,Non-Festival,Wallet,6,3.5,No,4986.867200000001
ORD102850,2024-12-01,CUST7223,Premium,Beauty,2,1431,2718.9,5.0,No,Non-Festival,UPI,5,3.8,No,2582.955
ORD102851,2024-06-30,CUST5148,New,Fashion,5,776,2095.2000000000003,46.0,No,Non-Festival,UPI,3,3.8,No,1131.4080000000001
ORD102852,2024-04-15,CUST5148,New,Fashion,5,440,1914.0,13.0,No,Non-Festival,COD,3,3.4,No,1665.18
ORD102853,2024-08-04,CUST4101,New,Fashion,2,7766,15221.36,2.0,No,Non-Festival,Wallet,4,3.8,No,14916.9328
ORD102854,2024-07-23,CUST8507,Regular,Beauty,3,6009,13880.79,23.0,No,Non-Festival,UPI,1,2.7,No,10688.2083
ORD102855,2024-03-10,CUST2805,Regular,Beauty,4,6921,22700.88,18.0,No,Non-Festival,Wallet,5,4.1,No,18614.7216
ORD102856,2024-02-13,CUST7037,Regular,Groceries,1,570,359.1,37.0,No,Non-Festival,Wallet,5,3.7,No,226.233
ORD102857,2024-11-24,CUST9306,Regular,Beauty,4,6254,16760.719999999998,33.0,No,Non-Festival,UPI,4,4.5,No,11229.682399999998
ORD102858,2024-10-27,CUST6893,Regular,Groceries,1,297,273.24,8.0,Yes,Diwali,UPI,4,4.2,No,251.38080000000002
ORD102859,2024-08-15,CUST2411,New,Electronics,3,5806,12366.78,29.0,Yes,Independence Day,Credit Card,7,2.8,No,8780.4138
ORD102860,2024-07-02,CUST7780,Premium,Groceries,2,8356,11531.28,31.0,No,Non-Festival,UPI,2,3.4,No,7956.5832
ORD102861,2024-04-16,CUST6506,Premium,Fashion,3,9887,26101.68,12.0,No,Non-Festival,Credit Card,4,4.3,No,22969.4784
ORD102862,2024-03-24,CUST8672,New,Home Decor,2,2655,4407.3,17.0,Yes,Holi,UPI,3,3.3,No,3658.059
ORD102863,2024-12-03,CUST3296,Premium,Home Decor,5,3646,10391.1,43.0,No,Non-Festival,Wallet,7,3.9,No,5922.927000000001
ORD102864,2024-09-06,CUST1542,Premium,Fashion,1,9797,7739.63,21.0,No,Non-Festival,UPI,4,4.9,No,6114.3077
ORD102865,2024-12-28,CUST9722,Premium,Groceries,5,5011,24303.35,3.0,Yes,Christmas/New Year,COD,5,2.7,No,23574.249499999998
ORD102866,2024-01-21,CUST4544,Regular,Fashion,2,8027,12522.12,22.0,Yes,Republic Day,Wallet,1,3.0,Yes,9767.253600000002
ORD102867,2024-07-14,CUST6837,Regular,Beauty,1,2891,2717.54,6.0,No,Non-Festival,COD,1,3.7,No,2554.4876
ORD102868,2024-06-26,CUST2515,New,Groceries,1,1172,668.0400000000001,43.0,No,Non-Festival,Wallet,3,4.3,No,380.78280000000007
ORD102869,2024-01-07,CUST1148,New,Fashion,5,9904,44568.0,10.0,No,Non-Festival,UPI,1,3.3,No,40111.200000000004
ORD102870,2024-03-10,CUST3445,New,Beauty,1,8006,4963.72,38.0,No,Non-Festival,UPI,4,2.8,No,3077.5064
ORD102871,2024-05-06,CUST3238,Regular,Beauty,2,3123,3685.14,41.0,No,Non-Festival,UPI,1,3.3,No,2174.2326000000003
ORD102872,2024-06-08,CUST6869,New,Groceries,2,5201,6241.2,40.0,No,Non-Festival,Credit Card,4,4.1,No,3744.72
ORD102873,2024-09-04,CUST3516,Regular,Electronics,5,1008,3376.8,33.0,No,Non-Festival,UPI,6,4.5,No,2262.4559999999997
ORD102874,2024-07-21,CUST3374,Regular,Electronics,3,7676,22106.88,4.0,No,Non-Festival,COD,2,4.9,No,21222.6048
ORD102875,2024-05-27,CUST8512,Regular,Beauty,2,6163,7272.340000000001,41.0,No,Non-Festival,Credit Card,5,4.4,No,4290.6806000000015
ORD102876,2024-05-22,CUST7788,Regular,Electronics,2,6135,9325.2,24.0,No,Non-Festival,UPI,6,3.7,No,7087.152000000001
ORD102877,2024-07-17,CUST1573,Regular,Beauty,1,4430,3233.9,27.0,No,Non-Festival,Credit Card,3,3.2,No,2360.747
ORD102878,2024-06-02,CUST6087,Regular,Electronics,1,527,458.49,13.0,No,Non-Festival,Credit Card,2,4.8,No,398.8863
ORD102879,2024-05-21,CUST1316,Regular,Beauty,2,882,1305.36,26.0,No,Non-Festival,Wallet,1,3.8,No,965.9663999999999
ORD102880,2024-11-08,CUST6547,Regular,Beauty,5,323,1372.75,15.0,Yes,Diwali,,3,4.2,No,1166.8374999999999
ORD102881,2024-06-13,CUST2919,Premium,Beauty,3,953,2115.66,26.0,No,Non-Festival,Credit Card,7,3.7,No,1565.5883999999999
ORD102882,2024-11-09,CUST8591,Premium,Beauty,1,8314,8230.86,1.0,Yes,Diwali,Wallet,4,3.1,Yes,8148.5514
ORD102883,2024-01-21,CUST8657,Regular,Home Decor,1,1806,1480.92,18.0,Yes,Republic Day,UPI,2,3.9,No,1214.3544000000002
ORD102884,2024-03-22,CUST4763,Regular,Electronics,3,6725,15736.5,22.0,Yes,Holi,COD,5,4.6,No,12274.470000000001
ORD102885,2024-03-09,CUST1670,Premium,Beauty,1,3778,2266.8,40.0,No,Non-Festival,Credit Card,5,3.5,No,1360.0800000000002
ORD102886,2024-05-10,CUST7656,Premium,Fashion,5,4866,21167.1,13.0,No,Non-Festival,COD,2,4.2,No,18415.377
ORD102887,2024-03-27,CUST7566,Regular,Groceries,1,7408,4000.32,46.0,Yes,Holi,Credit Card,2,2.6,No,2160.1728000000003
ORD102888,2024-08-05,CUST2488,Premium,Fashion,1,9860,7395.0,25.0,No,Non-Festival,COD,2,4.8,No,5546.25
ORD102889,2024-10-31,CUST7699,New,Fashion,2,3045,5663.7,7.0,Yes,Diwali,Wallet,1,4.9,No,5267.240999999999
ORD102890,2024-12-10,CUST5146,Regular,Home Decor,5,3138,11610.6,26.0,No,Non-Festival,Credit Card,6,3.5,No,8591.844000000001
ORD102891,2024-12-06,CUST8238,Regular,Electronics,5,6519,17601.300000000003,46.0,No,Non-Festival,Credit Card,6,3.7,Yes,9504.702000000003
ORD102892,2024-06-09,CUST8958,Regular,Home Decor,2,2627,3204.94,39.0,No,Non-Festival,UPI,6,2.9,No,1955.0134
ORD102893,2024-06-26,CUST2733,Premium,Electronics,4,8556,24983.52,27.0,No,Non-Festival,UPI,5,3.0,No,18237.9696
ORD102894,2024-04-26,CUST8297,Regular,Beauty,3,9901,28811.91,3.0,No,Non-Festival,Credit Card,7,4.0,No,27947.5527
ORD102895,2024-07-14,CUST6543,Regular,Home Decor,5,8356,26321.4,37.0,No,Non-Festival,Wallet,5,4.1,Yes,16582.482
ORD102896,2024-11-22,CUST4558,Regular,Groceries,4,7107,25585.2,10.0,No,Non-Festival,COD,1,3.4,No,23026.68
ORD102897,2024-03-26,CUST5140,New,Electronics,3,7932,13563.72,43.0,Yes,Holi,UPI,3,3.4,No,7731.3204000000005
ORD102898,2024-10-15,CUST7576,Premium,Home Decor,5,6086,23431.1,23.0,No,Non-Festival,UPI,5,3.8,No,18041.947
ORD102899,2024-03-21,CUST4372,Premium,Groceries,1,9592,7002.16,27.0,Yes,Holi,UPI,3,4.8,No,5111.5768
ORD102900,2024-05-31,CUST8706,New,Fashion,5,5368,16104.0,40.0,No,Non-Festival,UPI,7,2.9,No,9662.4
ORD102901,2024-03-01,CUST2043,Regular,Beauty,3,3481,8667.689999999999,17.0,No,Non-Festival,Wallet,3,3.9,No,7194.1826999999985
ORD102902,2024-03-01,CUST1977,New,Beauty,4,9010,18740.8,48.0,No,Non-Festival,Credit Card,3,2.6,No,9745.216
ORD102903,2024-12-19,CUST7015,Premium,Fashion,1,2912,2329.6,20.0,No,Non-Festival,COD,5,3.6,No,1863.68
ORD102904,2024-01-28,CUST2686,Regular,Home Decor,3,5154,11596.5,25.0,Yes,Republic Day,UPI,4,3.5,No,8697.375
ORD102905,2024-02-12,CUST9519,New,Fashion,3,3923,11533.62,2.0,No,Non-Festival,Wallet,3,2.9,No,11302.947600000001
ORD102906,2024-06-17,CUST8037,New,Groceries,5,1886,8298.4,25.0,No,Non-Festival,Wallet,6,2.9,No,6223.799999999999
ORD102907,2024-03-26,CUST1561,New,Electronics,2,7640,9626.4,37.0,Yes,Holi,UPI,7,3.6,No,6064.632
ORD102908,2024-06-25,CUST6609,Regular,Home Decor,2,1806,2636.76,27.0,No,Non-Festival,COD,7,2.8,No,1924.8348
ORD102909,2024-01-17,CUST2600,New,Electronics,1,9745,8478.15,13.0,No,Non-Festival,UPI,4,3.2,No,7375.9905
ORD102910,2024-04-07,CUST5481,New,Fashion,3,4439,13317.0,0.0,No,Non-Festival,Wallet,1,2.7,No,13317.0
ORD102911,2024-07-16,CUST9217,Regular,Beauty,4,9010,26309.2,27.0,No,Non-Festival,COD,6,3.2,Yes,19205.716
ORD102912,2024-04-07,CUST9620,Regular,Electronics,1,5303,3446.9500000000003,35.0,No,Non-Festival,Wallet,7,3.8,No,2240.5175000000004
ORD102913,2024-03-05,CUST4427,Regular,Electronics,1,8745,4459.95,49.0,No,Non-Festival,Credit Card,4,4.4,Yes,2274.5745
ORD102914,2024-11-25,CUST4600,New,Beauty,5,480,2160.0,10.0,No,Non-Festival,Wallet,4,4.6,Yes,1944.0
ORD102915,2024-12-06,CUST2121,Premium,Electronics,4,5132,11906.240000000002,42.0,No,Non-Festival,UPI,2,3.3,No,6905.619200000002
ORD102916,2024-01-05,CUST7424,Regular,Electronics,3,3750,6862.5,39.0,No,Non-Festival,COD,3,4.8,No,4186.125
ORD102917,2024-01-02,CUST1309,Regular,Beauty,3,2159,6282.69,3.0,No,Non-Festival,UPI,5,3.1,No,6094.2092999999995
ORD102918,2024-01-22,CUST4612,Regular,Beauty,3,589,1183.89,25.0,Yes,Republic Day,Credit Card,2,2.7,No,887.9175
ORD102919,2024-04-21,CUST8091,Premium,Fashion,1,5383,5383.0,0.0,No,Non-Festival,COD,6,4.8,No,5383.0
ORD102920,2024-02-26,CUST9617,Regular,Fashion,5,4067,18504.85,9.0,No,Non-Festival,COD,4,3.8,No,16839.4135
ORD102921,2024-03-06,CUST7501,New,Electronics,1,4560,3830.4,16.0,No,Non-Festival,COD,1,3.4,No,3217.536
ORD102922,2024-11-25,CUST8545,Premium,Home Decor,2,2253,4235.639999999999,6.0,No,Non-Festival,Wallet,5,4.7,No,3981.501599999999
ORD102923,2024-04-07,CUST6257,Premium,Fashion,2,5208,6457.92,38.0,No,Non-Festival,UPI,1,4.4,No,4003.9104
ORD102924,2024-05-23,CUST3701,Regular,Fashion,3,8559,22595.76,12.0,No,Non-Festival,COD,4,4.6,No,19884.268799999998
ORD102925,2024-05-04,CUST9698,Regular,Home Decor,5,6516,25738.2,21.0,No,Non-Festival,COD,1,3.2,No,20333.178
ORD102926,2024-06-15,CUST3485,Regular,Home Decor,3,2366,7098.0,0.0,No,Non-Festival,COD,2,4.7,No,7098.0
ORD102927,2024-03-26,CUST1659,Regular,Beauty,3,8306,18190.14,27.0,Yes,Holi,Credit Card,1,4.1,No,13278.8022
ORD102928,2024-03-16,CUST8244,Regular,Fashion,1,6472,4400.96,32.0,No,Non-Festival,COD,2,4.3,No,2992.6528
ORD102929,2024-12-09,CUST4093,New,Groceries,3,386,1019.04,12.0,No,Non-Festival,Wallet,3,3.3,No,896.7552
ORD102930,2024-10-20,CUST2412,Regular,Groceries,3,5382,16146.0,0.0,Yes,,Wallet,7,3.1,No,16146.0
ORD102931,2024-02-28,CUST3482,Regular,Electronics,5,9689,30520.35,37.0,No,Non-Festival,COD,5,3.5,No,19227.820499999998
ORD102932,2024-05-17,CUST8137,Regular,Fashion,5,2845,10811.0,24.0,No,Non-Festival,Wallet,1,3.9,No,8216.36
ORD102933,2024-04-08,CUST5829,Regular,Groceries,5,1416,4177.200000000001,41.0,No,Non-Festival,Wallet,2,4.2,No,2464.5480000000007
ORD102934,2024-07-10,CUST7860,New,Fashion,3,4827,11584.8,20.0,No,Non-Festival,COD,4,3.7,No,9267.84
ORD102935,2024-08-30,CUST3270,Regular,Fashion,5,1405,4777.0,32.0,Yes,Raksha Bandhan,Wallet,6,4.2,No,3248.3599999999997
ORD102936,2024-11-14,CUST6162,Regular,Groceries,5,6903,22089.6,36.0,No,Non-Festival,Credit Card,7,4.3,No,14137.344
ORD102937,2024-02-18,CUST5969,Premium,Fashion,4,427,1144.36,33.0,No,Non-Festival,COD,4,4.2,No,766.7211999999998
ORD102938,2024-02-01,CUST8935,Regular,Home Decor,4,2813,11026.96,2.0,No,Non-Festival,UPI,2,3.1,No,10806.420799999998
ORD102939,2024-10-03,CUST7112,Regular,Electronics,2,2336,3317.12,29.0,No,Non-Festival,Wallet,5,3.6,Yes,2355.1551999999997
ORD102940,2024-01-20,CUST1590,Regular,Beauty,1,7511,7360.78,2.0,Yes,Republic Day,COD,3,4.4,No,7213.564399999999
ORD102941,2024-06-02,CUST6307,Regular,Groceries,1,7158,5941.139999999999,17.0,No,Non-Festival,UPI,3,4.7,No,4931.146199999999
ORD102942,2024-03-08,CUST3981,Regular,Beauty,5,449,1751.1,22.0,No,Non-Festival,Credit Card,5,3.8,No,1365.858
ORD102943,2024-12-31,CUST7814,Regular,Electronics,2,2472,4597.92,7.0,Yes,Christmas/New Year,,6,5.0,No,4276.0656
ORD102944,2024-08-01,CUST8096,New,Home Decor,2,6238,11477.92,8.0,No,Non-Festival,COD,1,2.9,Yes,10559.6864
ORD102945,2024-05-22,CUST4785,Regular,Home Decor,4,3218,12743.28,1.0,No,Non-Festival,COD,2,3.1,No,12615.8472
ORD102946,2024-08-19,CUST5636,Premium,Home Decor,2,2415,4781.7,1.0,Yes,Independence Day,Credit Card,3,3.7,No,4733.883
ORD102947,2024-07-31,CUST5948,Premium,Home Decor,3,2357,5232.54,26.0,No,Non-Festival,Credit Card,5,3.8,Yes,3872.0796
ORD102948,2024-03-19,CUST2020,Premium,Groceries,5,1996,5289.400000000001,47.0,No,Non-Festival,Credit Card,3,3.6,No,2803.3820000000005
ORD102949,2024-08-01,CUST9505,Regular,Groceries,3,3444,6405.84,38.0,No,Non-Festival,UPI,3,3.6,Yes,3971.6208
ORD102950,2024-04-25,CUST6281,Regular,Fashion,1,8246,5359.900000000001,35.0,No,Non-Festival,UPI,1,3.7,No,3483.9350000000004
ORD102951,2024-04-01,CUST5668,Premium,Fashion,4,496,1904.64,4.0,No,Non-Festival,COD,3,3.3,No,1828.4544
ORD102952,2024-09-26,CUST4296,Premium,Electronics,3,2127,6381.0,0.0,No,Non-Festival,UPI,2,2.8,No,6381.0
ORD102953,2024-06-16,CUST2875,Premium,Fashion,5,2456,9701.2,21.0,No,Non-Festival,Wallet,5,4.9,No,7663.948000000001
ORD102954,2024-02-27,CUST3621,Regular,Electronics,3,7621,20805.33,9.0,No,Non-Festival,Credit Card,6,4.5,No,18932.850300000002
ORD102955,2024-10-10,CUST3209,New,Electronics,3,5401,9073.68,44.0,No,Non-Festival,COD,6,3.8,No,5081.260800000001
ORD102956,2024-01-26,CUST7772,Regular,Electronics,2,1657,2551.78,23.0,Yes,Republic Day,UPI,6,3.4,No,1964.8706000000002
ORD102957,2024-03-06,CUST5389,Regular,Home Decor,4,3746,12886.24,14.0,No,Non-Festival,COD,1,3.5,No,11082.1664
ORD102958,2024-09-04,CUST5504,Regular,Beauty,1,7561,5141.48,32.0,No,Non-Festival,UPI,6,4.8,No,3496.2063999999996
ORD102959,2024-09-10,CUST1553,Regular,Beauty,5,3864,9853.2,49.0,No,Non-Festival,COD,1,4.9,No,5025.1320000000005
ORD102960,2024-02-13,CUST2644,Regular,Groceries,5,9981,38925.9,22.0,No,Non-Festival,Credit Card,6,4.9,No,30362.202
ORD102961,2024-04-06,CUST1881,Premium,Electronics,1,7854,6832.98,13.0,No,Non-Festival,Credit Card,5,4.1,No,5944.692599999999
ORD102962,2024-02-11,CUST2979,New,Home Decor,5,295,1224.25,17.0,No,Non-Festival,Credit Card,2,3.1,No,1016.1274999999999
ORD102963,2024-08-14,CUST6647,New,Fashion,2,4132,6280.64,24.0,Yes,Independence Day,UPI,7,4.0,Yes,4773.2864
ORD102964,2024-09-18,CUST2322,Regular,Fashion,3,9751,23109.870000000003,21.0,No,Non-Festival,COD,6,4.0,No,18256.797300000002
ORD102965,2024-06-15,CUST2268,Premium,Groceries,2,7112,8107.680000000001,43.0,No,Non-Festival,COD,3,4.8,No,4621.377600000002
ORD102966,2024-10-05,CUST2658,Regular,Groceries,2,6340,7227.6,43.0,No,Non-Festival,COD,3,3.3,No,4119.732000000001
ORD102967,2024-03-29,CUST2899,Regular,Electronics,2,1939,2481.92,36.0,Yes,Holi,Wallet,6,3.0,No,1588.4288000000001
ORD102968,2024-06-26,CUST5527,Regular,Electronics,1,1552,1458.88,6.0,No,Non-Festival,UPI,2,3.2,Yes,1371.3472
ORD102969,2024-07-15,CUST2055,Regular,Fashion,4,5124,15372.0,25.0,No,Non-Festival,Credit Card,7,3.1,No,11529.0
ORD102970,2024-11-02,CUST5653,Regular,Fashion,1,5957,4586.89,23.0,Yes,Diwali,Credit Card,4,4.1,Yes,3531.9053000000004
ORD102971,2024-09-23,CUST8536,Regular,Fashion,1,1742,1532.96,12.0,No,Non-Festival,COD,5,4.5,No,1349.0048
ORD102972,2024-09-24,CUST6277,Premium,Fashion,2,5444,6532.8,40.0,No,Non-Festival,COD,2,3.4,No,3919.68
ORD102973,2024-03-14,CUST5230,New,Beauty,4,1030,3914.0,5.0,No,Non-Festival,Wallet,3,2.9,No,3718.2999999999997
ORD102974,2024-01-08,CUST4777,Regular,Electronics,1,1805,1444.0,20.0,No,Non-Festival,UPI,5,3.4,No,1155.2
ORD102975,2024-10-23,CUST4881,New,Electronics,4,4845,18217.2,6.0,Yes,Diwali,COD,6,3.9,No,17124.168
ORD102976,2024-06-12,CUST9717,Premium,Fashion,2,8137,13507.42,17.0,No,Non-Festival,COD,5,4.2,No,11211.158599999999
ORD102977,2024-03-25,CUST3776,Premium,Home Decor,1,7052,6064.72,14.0,Yes,Holi,UPI,3,3.9,No,5215.6592
ORD102978,2024-03-12,CUST9027,Premium,Fashion,4,6716,24983.52,7.0,No,Non-Festival,COD,2,3.8,No,23234.6736
ORD102979,2024-02-24,CUST2318,Regular,Groceries,5,421,1789.25,15.0,No,Non-Festival,Credit Card,4,4.8,No,1520.8625
ORD102980,2024-02-16,CUST2404,New,Home Decor,1,4151,2158.52,48.0,No,Non-Festival,UPI,5,3.6,No,1122.4304
ORD102981,2024-08-25,CUST2506,Premium,Groceries,1,8922,8743.56,2.0,Yes,Raksha Bandhan,Credit Card,6,3.6,No,8568.6888
ORD102982,2024-04-13,CUST5474,New,Home Decor,1,6693,3748.08,44.0,No,Non-Festival,Wallet,5,4.9,No,2098.9248000000002
ORD102983,2024-07-28,CUST5644,Premium,Groceries,4,9773,35964.64,8.0,No,Non-Festival,COD,5,4.7,Yes,33087.4688
ORD102984,2024-02-11,CUST4795,New,Fashion,3,4317,6993.540000000001,46.0,No,Non-Festival,COD,6,4.5,No,3776.5116000000007
ORD102985,2024-11-11,CUST8639,Premium,Fashion,1,5608,4206.0,25.0,No,Non-Festival,UPI,6,3.0,No,3154.5
ORD102986,2024-09-24,CUST3937,Regular,Home Decor,5,953,3573.75,25.0,No,Non-Festival,Wallet,6,4.6,No,2680.3125
ORD102987,2024-09-19,CUST7491,Regular,Groceries,5,1388,4927.4,29.0,No,Non-Festival,UPI,7,3.6,No,3498.4539999999997
ORD102988,2024-12-01,CUST9035,Regular,Beauty,2,7308,10815.84,26.0,No,Non-Festival,Wallet,2,3.0,No,8003.7216
ORD102989,2024-12-30,CUST2634,Regular,Home Decor,3,7687,19601.85,15.0,Yes,Christmas/New Year,UPI,5,5.0,No,16661.5725
ORD102990,2024-09-15,CUST3867,Regular,Home Decor,3,8800,13992.0,47.0,No,Non-Festival,UPI,6,2.9,Yes,7415.76
ORD102991,2024-10-09,CUST5302,New,Electronics,4,996,3864.48,3.0,No,Non-Festival,COD,3,4.8,No,3748.5456
ORD102992,2024-04-23,CUST6048,Premium,Home Decor,2,5345,8765.800000000001,18.0,No,Non-Festival,COD,3,2.5,No,7187.956000000001
ORD102993,2024-12-28,CUST4422,New,Beauty,4,6877,18430.36,33.0,Yes,Christmas/New Year,Wallet,6,3.6,No,12348.341199999999
ORD102994,2024-02-09,CUST7312,New,Fashion,2,1060,2014.0,5.0,No,Non-Festival,Credit Card,1,2.6,No,1913.3
ORD102995,2024-08-07,CUST1512,Premium,Groceries,3,4371,7343.280000000001,44.0,No,Non-Festival,Credit Card,7,4.8,No,4112.236800000001
ORD102996,2024-05-08,CUST6049,New,Electronics,4,8375,28810.0,14.0,No,Non-Festival,UPI,5,2.8,No,24776.6
ORD102997,2024-01-08,CUST9279,Premium,Groceries,2,565,1028.3,9.0,No,Non-Festival,COD,7,4.2,No,935.753
ORD102998,2024-04-10,CUST8556,New,Fashion,3,1714,3033.78,41.0,No,Non-Festival,UPI,4,4.1,No,1789.9302000000005
ORD102999,2024-06-24,CUST9561,Regular,Home Decor,3,5136,10015.2,35.0,No,Non-Festival,Wallet,7,4.4,No,6509.880000000001
ORD103000,2024-04-16,CUST7693,Regular,Beauty,1,3134,1723.7,45.0,No,Non-Festival,UPI,1,4.4,No,948.0350000000001
ORD103001,2024-04-10,CUST3511,Regular,Electronics,4,9975,24339.0,39.0,No,Non-Festival,UPI,5,2.6,No,14846.789999999999
ORD103002,2024-09-16,CUST8404,Premium,Beauty,1,698,663.1,5.0,No,Non-Festival,UPI,7,3.5,No,629.9449999999999
ORD103003,2024-12-31,CUST1931,Premium,Beauty,3,1569,2682.99,43.0,Yes,Christmas/New Year,Wallet,5,3.3,No,1529.3043
ORD103004,2024-09-02,CUST3175,Regular,Beauty,4,9643,23528.92,39.0,No,Non-Festival,Wallet,6,4.9,No,14352.641199999998
ORD103005,2024-10-01,CUST4417,Regular,Beauty,4,9090,34542.0,5.0,No,Non-Festival,UPI,2,4.4,No,32814.9
ORD103006,2024-02-01,CUST3603,New,Fashion,5,8316,35758.8,14.0,No,Non-Festival,COD,7,4.3,No,30752.568000000003
ORD103007,2024-05-16,CUST5849,Premium,Beauty,2,8523,12273.12,28.0,No,Non-Festival,Wallet,2,3.6,No,8836.6464
ORD103008,2024-01-12,CUST2536,Regular,Beauty,5,5564,21143.2,24.0,No,Non-Festival,Credit Card,3,4.7,No,16068.832
ORD103009,2024-10-28,CUST8182,Premium,Fashion,5,290,1189.0,18.0,Yes,Diwali,UPI,1,2.5,No,974.98
ORD103010,2024-01-16,CUST8923,Premium,Groceries,3,671,1751.31,25.0,No,Non-Festival,COD,1,3.1,No,1313.4825
ORD103011,2024-05-08,CUST2147,New,Fashion,2,6284,12316.64,2.0,No,Non-Festival,Wallet,6,3.8,No,12070.3072
ORD103012,2024-03-03,CUST2302,Regular,Home Decor,5,9657,24625.35,49.0,No,Non-Festival,UPI,1,3.8,No,12558.9285
ORD103013,2024-04-18,CUST6655,Regular,Fashion,5,4682,13811.9,41.0,No,Non-Festival,COD,6,3.8,No,8149.021000000001
ORD103014,2024-01-21,CUST6226,Regular,Groceries,4,5326,11717.2,45.0,Yes,Republic Day,Credit Card,3,3.5,No,6444.460000000001
ORD103015,2024-06-06,CUST8239,Regular,Home Decor,3,1311,3421.71,13.0,No,Non-Festival,Wallet,4,2.9,No,2976.8877
ORD103016,2024-09-25,CUST2655,New,Home Decor,5,797,2470.7,38.0,No,Non-Festival,Wallet,4,2.9,No,1531.8339999999998
ORD103017,2024-06-10,CUST4811,Regular,Electronics,2,9299,11530.76,38.0,No,Non-Festival,Credit Card,6,3.2,No,7149.0712
ORD103018,2024-09-16,CUST6798,New,Beauty,1,7818,6254.400000000001,20.0,No,Non-Festival,Wallet,4,3.7,No,5003.52
ORD103019,2024-04-11,CUST4724,Regular,Home Decor,1,1554,1398.6,10.0,No,Non-Festival,COD,6,4.6,No,1258.74
ORD103020,2024-08-10,CUST4151,New,Home Decor,3,8077,12357.81,49.0,Yes,Independence Day,Wallet,1,3.6,Yes,6302.4830999999995
ORD103021,2024-02-28,CUST8963,Regular,Groceries,1,2589,2355.99,9.0,No,Non-Festival,UPI,5,4.7,No,2143.9509
ORD103022,2024-09-03,CUST3775,New,Home Decor,4,4275,14706.0,14.0,No,Non-Festival,Credit Card,1,2.8,No,12647.16
ORD103023,2024-05-07,CUST4969,New,Groceries,4,663,1882.92,29.0,No,Non-Festival,UPI,6,3.2,No,1336.8732
ORD103024,2024-10-09,CUST1752,New,Beauty,2,1272,1450.0800000000002,43.0,No,Non-Festival,Wallet,5,2.7,No,826.5456000000001
ORD103025,2024-11-20,CUST4499,Regular,Electronics,3,5646,14227.92,16.0,No,Non-Festival,UPI,7,3.8,No,11951.4528
ORD103026,2024-01-25,CUST1034,Regular,Electronics,3,673,1453.6799999999998,28.0,Yes,Republic Day,COD,2,2.7,No,1046.6495999999997
ORD103027,2024-05-10,CUST5574,Premium,Beauty,1,5183,4353.72,16.0,No,Non-Festival,UPI,6,4.5,No,3657.1248
ORD103028,2024-12-18,CUST5211,Regular,Beauty,5,1138,3869.2,32.0,No,Non-Festival,COD,6,2.6,No,2631.0559999999996
ORD103029,2024-07-14,CUST4988,Regular,Fashion,5,1510,4756.5,37.0,No,Non-Festival,COD,3,3.7,No,2996.595
ORD103030,2024-10-07,CUST6236,Regular,Home Decor,5,7391,29564.0,20.0,No,Non-Festival,COD,7,3.6,Yes,23651.2
ORD103031,2024-06-02,CUST2253,Premium,Home Decor,2,2540,2743.2000000000003,46.0,No,Non-Festival,Credit Card,4,3.0,No,1481.3280000000002
ORD103032,2024-05-12,CUST4101,Premium,Home Decor,3,3720,9709.2,13.0,No,Non-Festival,UPI,1,4.0,No,8447.004
ORD103033,2024-08-14,CUST4677,Regular,Groceries,1,4256,3872.96,9.0,Yes,Independence Day,COD,1,3.5,No,3524.3936000000003
ORD103034,2024-07-07,CUST9816,Regular,Fashion,2,1286,1517.4800000000002,41.0,No,Non-Festival,COD,2,3.0,No,895.3132000000003
ORD103035,2024-09-21,CUST2108,Regular,Home Decor,4,7897,24638.64,22.0,No,Non-Festival,UPI,5,4.6,No,19218.1392
ORD103036,2024-05-13,CUST8862,Premium,Groceries,4,7304,18113.92,38.0,No,Non-Festival,Wallet,4,4.2,No,11230.630399999998
ORD103037,2024-07-29,CUST8352,Regular,Groceries,4,6932,17191.36,38.0,No,Non-Festival,Credit Card,3,2.5,No,10658.6432
ORD103038,2024-02-29,CUST5081,Regular,Electronics,3,459,1197.99,13.0,No,Non-Festival,COD,5,3.8,No,1042.2513
ORD103039,2024-12-29,CUST1007,New,Groceries,4,1856,4008.96,46.0,Yes,Christmas/New Year,Wallet,5,3.2,No,2164.8384
ORD103040,2024-12-29,CUST2573,New,Beauty,5,6490,25635.5,21.0,Yes,Christmas/New Year,Wallet,6,4.8,No,20252.045000000002
ORD103041,2024-07-31,CUST9047,New,Groceries,4,6113,14671.2,40.0,No,Non-Festival,Wallet,4,4.3,No,8802.72
ORD103042,2024-08-03,CUST9720,New,Beauty,2,8173,11932.58,27.0,No,Non-Festival,COD,3,4.0,No,8710.7834
ORD103043,2024-08-13,CUST7674,Regular,Beauty,4,791,1708.5600000000002,46.0,Yes,Independence Day,COD,7,2.7,No,922.6224000000002
ORD103044,2024-05-10,CUST6133,Premium,Electronics,5,6067,27908.2,8.0,No,Non-Festival,COD,7,4.8,No,25675.544
ORD103045,2024-03-16,CUST5038,Regular,Electronics,4,9824,30650.88,22.0,No,Non-Festival,UPI,4,2.9,No,23907.686400000002
ORD103046,2024-10-12,CUST2394,Premium,Groceries,1,5777,5430.38,6.0,No,Non-Festival,COD,4,3.6,Yes,5104.5572
ORD103047,2024-10-03,CUST2327,Regular,Electronics,5,428,1647.8,23.0,No,Non-Festival,Credit Card,1,4.2,No,1268.806
ORD103048,2024-06-04,CUST1578,Premium,Electronics,3,9760,16982.4,42.0,No,Non-Festival,UPI,3,3.7,No,9849.792000000001
ORD103049,2024-09-04,CUST3349,Premium,Home Decor,4,1824,4669.4400000000005,36.0,No,Non-Festival,Credit Card,5,4.7,No,2988.4416000000006
ORD103050,2024-08-05,CUST3476,Regular,Groceries,2,7290,13413.6,8.0,No,Non-Festival,Wallet,4,4.6,No,12340.512
ORD103051,2024-07-08,CUST6489,Premium,Groceries,4,4179,10531.08,37.0,No,Non-Festival,UPI,2,2.8,No,6634.5804
ORD103052,2024-06-11,CUST1851,Regular,Groceries,2,939,1765.32,6.0,No,Non-Festival,UPI,3,4.0,No,1659.4008
ORD103053,2024-06-28,CUST8451,Regular,Electronics,1,6721,5242.38,22.0,No,Non-Festival,UPI,2,2.6,No,4089.0564000000004
ORD103054,2024-02-03,CUST5881,Regular,Electronics,3,3374,7692.72,24.0,No,Non-Festival,Credit Card,5,4.3,No,5846.4672
ORD103055,2024-02-10,CUST3427,Regular,Beauty,5,5249,14434.750000000002,45.0,No,Non-Festival,Credit Card,3,4.3,No,7939.112500000002
ORD103056,2024-11-02,CUST2891,Regular,Fashion,5,2847,11245.65,25.0,Yes,Diwali,Wallet,1,3.4,No,8434.2375
ORD103057,2024-12-03,CUST2420,New,Fashion,3,6636,11546.64,42.0,No,Non-Festival,COD,3,4.5,Yes,6697.051200000001
ORD103058,2024-11-09,CUST1643,Regular,Fashion,1,5586,5250.84,6.0,Yes,Diwali,Credit Card,5,4.1,Yes,4935.7896
ORD103059,2024-03-15,CUST8040,Regular,Home Decor,1,4771,4532.45,5.0,No,Non-Festival,Wallet,1,3.8,No,4305.827499999999
ORD103060,2024-10-05,CUST7413,Regular,Electronics,4,6794,17664.4,35.0,No,Non-Festival,COD,5,3.6,Yes,11481.86
ORD103061,2024-06-24,CUST2879,Premium,Beauty,1,7680,4224.0,45.0,No,Non-Festival,UPI,6,2.8,No,2323.2000000000003
ORD103062,2024-05-29,CUST6241,Premium,Beauty,4,1385,4376.6,21.0,No,Non-Festival,COD,3,3.8,No,3457.5140000000006
ORD103063,2024-09-29,CUST2688,Premium,Fashion,2,789,1041.4799999999998,34.0,No,Non-Festival,Credit Card,5,2.9,No,687.3767999999998
ORD103064,2024-11-20,CUST4262,Premium,Home Decor,3,4417,6890.52,48.0,No,Non-Festival,Wallet,3,4.1,No,3583.0704000000005
ORD103065,2024-04-17,CUST5433,New,Home Decor,2,7848,8475.84,46.0,No,Non-Festival,UPI,1,4.0,No,4576.953600000001
ORD103066,2024-05-18,CUST6456,New,Fashion,2,1335,1815.6,32.0,No,Non-Festival,UPI,3,3.2,No,1234.6079999999997
ORD103067,2024-12-15,CUST1250,Premium,Fashion,2,3620,5792.0,20.0,No,Non-Festival,COD,5,3.1,No,4633.6
ORD103068,2024-09-27,CUST9458,Regular,Electronics,2,201,361.8,10.0,No,Non-Festival,COD,5,3.7,No,325.62
ORD103069,2024-12-12,CUST7356,Premium,Home Decor,5,1091,4800.4,12.0,No,Non-Festival,Credit Card,6,3.8,No,4224.352
ORD103070,2024-10-15,CUST7575,Premium,Beauty,1,8082,7920.36,2.0,No,Non-Festival,UPI,7,4.5,No,7761.952799999999
ORD103071,2024-07-30,CUST8286,Premium,Fashion,3,8262,21811.68,12.0,No,Non-Festival,COD,6,3.3,No,19194.2784
ORD103072,2024-09-28,CUST9615,New,Electronics,3,3753,5742.09,49.0,No,Non-Festival,UPI,5,3.5,Yes,2928.4659
ORD103073,2024-03-06,CUST4911,Premium,Beauty,2,6269,7522.799999999999,40.0,No,Non-Festival,Wallet,2,3.4,No,4513.679999999999
ORD103074,2024-09-04,CUST2011,New,Home Decor,3,9363,18819.63,33.0,No,Non-Festival,Wallet,2,3.5,No,12609.1521
ORD103075,2024-06-04,CUST3155,Regular,Fashion,4,7157,20898.44,27.0,No,Non-Festival,Credit Card,2,3.9,No,15255.8612
ORD103076,2024-02-16,CUST6653,Regular,Fashion,3,4404,8059.32,39.0,No,Non-Festival,UPI,4,3.9,No,4916.1852
ORD103077,2024-07-19,CUST9601,Regular,Electronics,2,8671,11619.14,33.0,No,Non-Festival,COD,6,3.4,No,7784.823799999999
ORD103078,2024-05-27,CUST5649,New,Electronics,3,5984,12386.88,31.0,No,Non-Festival,Wallet,3,4.0,No,8546.947199999999
ORD103079,2024-05-03,CUST7854,New,Home Decor,1,1898,1480.44,22.0,No,Non-Festival,Wallet,2,4.0,No,1154.7432000000001
ORD103080,2024-01-01,CUST7601,Premium,Fashion,2,3084,4749.36,23.0,No,Non-Festival,Credit Card,5,3.8,No,3657.0072
ORD103081,2024-09-03,CUST6313,Premium,Electronics,5,3779,18895.0,0.0,No,Non-Festival,Wallet,5,3.6,No,18895.0
ORD103082,2024-12-08,CUST2022,Premium,Fashion,1,7395,5694.150000000001,23.0,No,Non-Festival,Credit Card,2,2.7,No,4384.495500000001
ORD103083,2024-05-07,CUST8263,New,Home Decor,3,2451,7205.94,2.0,No,Non-Festival,UPI,6,3.9,No,7061.821199999999
ORD103084,2024-07-09,CUST9397,New,Fashion,5,4840,20328.0,16.0,No,Non-Festival,COD,2,4.3,No,17075.52
ORD103085,2024-03-07,CUST7059,Premium,Beauty,1,2556,2402.64,6.0,No,Non-Festival,UPI,5,3.0,No,2258.4815999999996
ORD103086,2024-01-04,CUST7963,Premium,Fashion,4,3614,13154.96,9.0,No,Non-Festival,UPI,2,4.4,Yes,11971.0136
ORD103087,2024-10-29,CUST1886,Regular,Groceries,1,9400,7708.000000000001,18.0,Yes,Diwali,UPI,7,4.0,No,6320.560000000001
ORD103088,2024-10-20,CUST1284,Premium,Groceries,5,5908,22745.8,23.0,Yes,Diwali,COD,6,3.1,No,17514.266
ORD103089,2024-05-22,CUST9397,Regular,Home Decor,4,2278,8383.04,8.0,No,Non-Festival,UPI,4,2.9,No,7712.396800000001
ORD103090,2024-07-09,CUST8070,Regular,Home Decor,3,4395,6724.35,49.0,No,Non-Festival,UPI,4,3.1,No,3429.4185
ORD103091,2024-01-21,CUST7860,New,Home Decor,2,2914,5012.08,14.0,Yes,Republic Day,Credit Card,7,4.4,No,4310.3888
ORD103092,2024-08-14,CUST1423,Premium,Beauty,3,7147,11149.32,48.0,Yes,Independence Day,Credit Card,6,3.1,No,5797.6464
ORD103093,2024-11-08,CUST1696,New,Beauty,2,1538,2430.04,21.0,Yes,Diwali,Credit Card,4,4.2,Yes,1919.7316
ORD103094,2024-04-26,CUST2953,Regular,Fashion,2,3889,6533.52,16.0,No,Non-Festival,COD,1,3.9,No,5488.1568
ORD103095,2024-10-28,CUST8528,Regular,Electronics,5,6814,27937.4,18.0,Yes,Diwali,Wallet,4,3.9,No,22908.668
ORD103096,2024-05-21,CUST3356,Regular,Groceries,4,941,3462.88,8.0,No,Non-Festival,Wallet,5,3.8,No,3185.8496000000005
ORD103097,2024-02-08,CUST1506,Regular,Groceries,4,933,2351.16,37.0,No,Non-Festival,UPI,6,4.7,No,1481.2307999999998
ORD103098,2024-12-20,CUST1923,Regular,Groceries,1,8039,6591.9800000000005,18.0,Yes,Christmas/New Year,Wallet,7,3.8,No,5405.423600000001
ORD103099,2024-09-08,CUST5090,Regular,Fashion,3,2006,5596.74,7.0,No,Non-Festival,UPI,1,2.7,No,5204.968199999999
ORD103100,2024-11-28,CUST3723,Regular,Fashion,5,1953,9276.75,5.0,No,Non-Festival,Credit Card,5,2.9,No,8812.9125
ORD103101,2024-07-25,CUST1705,Regular,Home Decor,3,7558,11790.48,48.0,No,Non-Festival,UPI,5,4.9,Yes,6131.0496
ORD103102,2024-07-28,CUST3821,Regular,Electronics,1,6057,3815.91,37.0,No,Non-Festival,COD,6,2.8,No,2404.0233
ORD103103,2024-04-24,CUST4765,Premium,Home Decor,1,1224,685.44,44.0,No,Non-Festival,Wallet,6,4.6,No,383.8464000000001
ORD103104,2024-08-12,CUST2912,Regular,Fashion,5,9874,39496.0,20.0,Yes,Independence Day,UPI,2,3.9,No,31596.800000000003
ORD103105,2024-05-13,CUST7525,Premium,Beauty,1,5964,4294.08,28.0,No,Non-Festival,Credit Card,7,2.8,No,3091.7376
ORD103106,2024-09-07,CUST5813,Premium,Home Decor,5,5409,18120.15,33.0,No,Non-Festival,COD,6,4.8,Yes,12140.5005
ORD103107,2024-08-06,CUST2728,Regular,Fashion,1,3754,3341.06,11.0,No,Non-Festival,,3,4.8,No,2973.5434
ORD103108,2024-03-31,CUST8167,New,Fashion,4,6416,15911.68,38.0,No,Non-Festival,UPI,4,4.0,No,9865.2416
ORD103109,2024-12-19,CUST2339,Premium,Beauty,5,5018,17312.1,31.0,No,Non-Festival,UPI,6,3.5,No,11945.348999999998
ORD103110,2024-02-15,CUST1472,Premium,Beauty,4,4766,18110.8,5.0,No,Non-Festival,COD,3,4.0,No,17205.26
ORD103111,2024-02-07,CUST8416,Regular,Beauty,4,5525,18564.0,16.0,No,Non-Festival,UPI,3,4.1,No,15593.76
ORD103112,2024-05-21,CUST6942,Premium,Electronics,5,7094,24474.3,31.0,No,Non-Festival,Credit Card,2,4.1,No,16887.267
ORD103113,2024-04-09,CUST1429,New,Fashion,3,7282,20316.78,7.0,No,Non-Festival,Credit Card,3,4.3,No,18894.605399999997
ORD103114,2024-11-23,CUST7972,Regular,Beauty,2,3568,4495.68,37.0,No,Non-Festival,Credit Card,4,2.7,No,2832.2784
ORD103115,2024-07-08,CUST2750,Regular,Electronics,1,2829,2036.88,25.0,No,Non-Festival,Credit Card,1,2.8,No,1527.66
ORD103116,2024-02-04,CUST3808,Regular,Groceries,1,7142,4999.4,30.0,No,Non-Festival,COD,5,3.8,No,3499.5799999999995
ORD103117,2024-05-26,CUST5384,Premium,Groceries,3,8920,21943.2,18.0,No,Non-Festival,Credit Card,4,3.4,No,17993.424000000003
ORD103118,2024-01-30,CUST3922,Regular,Groceries,2,4432,8154.88,8.0,Yes,Republic Day,Credit Card,2,4.1,No,7502.489600000001
ORD103119,2024-11-29,CUST7836,Premium,Fashion,3,6861,15025.59,27.0,No,Non-Festival,Wallet,1,2.9,No,10968.680699999999
ORD103120,2024-03-24,CUST2231,Regular,Electronics,2,8077,8561.62,47.0,Yes,Holi,Credit Card,2,3.9,No,4537.658600000001
ORD103121,2024-10-07,CUST4579,New,Electronics,5,9863,25150.65,25.0,No,Non-Festival,COD,7,3.0,No,18862.987500000003
ORD103122,2024-12-09,CUST6256,Regular,Groceries,5,6475,20072.5,38.0,No,Non-Festival,Wallet,4,3.4,No,12444.95
ORD103123,2024-09-26,CUST8338,Regular,Home Decor,4,9759,23811.96,39.0,No,Non-Festival,Wallet,5,4.8,No,14525.2956
ORD103124,2024-06-02,CUST6507,Premium,Groceries,4,1919,5373.2,30.0,No,Non-Festival,COD,3,4.7,No,3761.24
ORD103125,2024-04-11,CUST3679,Regular,Fashion,5,9433,38675.3,18.0,No,Non-Festival,Wallet,6,4.9,No,31713.746000000006
ORD103126,2024-08-02,CUST3461,Regular,Groceries,4,3687,10028.64,32.0,No,Non-Festival,UPI,6,4.0,No,6819.475199999999
ORD103127,2024-05-29,CUST2667,Regular,Groceries,5,8375,31406.25,25.0,No,Non-Festival,Credit Card,3,3.8,No,23554.6875
ORD103128,2024-03-23,CUST6585,Premium,Electronics,3,6044,10153.92,44.0,Yes,Holi,UPI,2,4.6,No,5686.195200000001
ORD103129,2024-04-19,CUST4407,New,Groceries,1,8951,8951.0,0.0,No,Non-Festival,COD,1,2.7,No,8951.0
ORD103130,2024-10-01,CUST3243,New,Beauty,5,9956,44802.0,10.0,No,Non-Festival,UPI,6,4.9,No,40321.8
ORD103131,2024-07-19,CUST8505,Regular,Beauty,5,6675,33041.25,1.0,No,Non-Festival,COD,5,3.7,No,32710.8375
ORD103132,2024-10-10,CUST9534,Regular,Home Decor,5,6069,20027.7,34.0,No,Non-Festival,UPI,2,4.2,Yes,13218.282
ORD103133,2024-06-21,CUST8545,Premium,Fashion,4,6662,23450.24,12.0,No,Non-Festival,Credit Card,5,4.3,No,20636.2112
ORD103134,2024-11-22,CUST9215,Premium,Fashion,4,2000,4960.0,38.0,No,Non-Festival,COD,6,4.1,No,3075.2
ORD103135,2024-07-24,CUST2731,Regular,Electronics,4,5275,14136.999999999998,33.0,No,Non-Festival,COD,2,4.7,No,9471.789999999997
ORD103136,2024-03-03,CUST6648,Regular,Fashion,4,4462,11958.159999999998,33.0,No,Non-Festival,COD,7,3.2,No,8011.967199999998
ORD103137,2024-03-13,CUST7942,Regular,Home Decor,3,346,685.0799999999999,34.0,No,Non-Festival,Wallet,7,3.8,No,452.1527999999999
ORD103138,2024-09-07,CUST7442,Premium,Beauty,5,4028,13896.6,31.0,No,Non-Festival,Credit Card,1,3.6,No,9588.653999999999
ORD103139,2024-05-03,CUST3925,Regular,Electronics,3,2317,3892.56,44.0,No,Non-Festival,Wallet,7,4.3,No,2179.8336000000004
ORD103140,2024-04-30,CUST1206,New,Beauty,4,5647,20103.32,11.0,No,Non-Festival,Wallet,4,3.5,No,17891.9548
ORD103141,2024-10-01,CUST7594,Regular,Home Decor,3,5214,10636.56,32.0,No,Non-Festival,Credit Card,3,4.7,No,7232.860799999999
ORD103142,2024-04-29,CUST4792,Regular,Electronics,5,6147,25510.05,17.0,No,Non-Festival,COD,5,3.7,No,21173.3415
ORD103143,2024-11-12,CUST6490,Regular,Groceries,5,518,2486.4,4.0,No,Non-Festival,Wallet,7,3.8,No,2386.944
ORD103144,2024-06-12,CUST5301,Regular,Fashion,4,5949,19512.72,18.0,No,Non-Festival,Wallet,5,3.7,No,16000.430400000003
ORD103145,2024-10-12,CUST1924,Regular,Home Decor,5,454,1589.0,30.0,No,Non-Festival,COD,1,4.1,No,1112.3
ORD103146,2024-09-21,CUST2513,Regular,Electronics,3,9728,21596.16,26.0,No,Non-Festival,Credit Card,5,3.8,Yes,15981.1584
ORD103147,2024-11-15,CUST4821,Regular,Beauty,2,5257,6203.260000000001,41.0,No,Non-Festival,Credit Card,4,4.8,No,3659.923400000001
ORD103148,2024-06-09,CUST4491,Regular,Electronics,5,8726,27486.9,37.0,No,Non-Festival,Credit Card,4,2.8,No,17316.747
ORD103149,2024-11-03,CUST3682,Regular,Groceries,3,4593,7027.29,49.0,Yes,Diwali,Wallet,1,2.5,No,3583.9179
ORD103150,2024-03-29,CUST4412,New,Home Decor,3,1244,3209.52,14.0,Yes,Holi,Credit Card,2,3.8,No,2760.1872
ORD103151,2024-05-21,CUST5258,Premium,Electronics,3,1991,3285.15,45.0,No,Non-Festival,Credit Card,2,4.4,No,1806.8325000000002
ORD103152,2024-07-21,CUST2874,Premium,Home Decor,5,2719,7205.35,47.0,No,Non-Festival,Wallet,5,4.1,No,3818.8355000000006
ORD103153,2024-11-04,CUST3252,Regular,Home Decor,2,1161,2252.34,3.0,Yes,Diwali,Credit Card,7,4.9,Yes,2184.7698
ORD103154,2024-08-14,CUST4559,Regular,Beauty,4,3949,12952.72,18.0,Yes,Independence Day,UPI,5,3.0,No,10621.2304
ORD103155,2024-11-29,CUST2270,Regular,Fashion,4,4765,15248.0,20.0,No,Non-Festival,Credit Card,1,4.2,No,12198.400000000001
ORD103156,2024-08-09,CUST4683,Premium,Groceries,5,7716,23533.8,39.0,No,Non-Festival,Credit Card,7,4.5,No,14355.617999999999
ORD103157,2024-02-10,CUST2659,Regular,Electronics,5,3014,15070.0,0.0,No,Non-Festival,COD,4,4.8,Yes,15070.0
ORD103158,2024-07-14,CUST2079,Regular,Fashion,1,789,639.09,19.0,No,Non-Festival,Wallet,1,3.8,No,517.6629
ORD103159,2024-03-08,CUST2069,Premium,Beauty,2,2188,3457.04,21.0,No,Non-Festival,COD,2,3.4,No,2731.0616
ORD103160,2024-09-20,CUST4189,Regular,Fashion,3,4065,10731.6,12.0,No,Non-Festival,UPI,4,4.9,No,9443.808
ORD103161,2024-01-02,CUST7018,Regular,Home Decor,3,3189,5740.2,40.0,No,Non-Festival,Credit Card,5,4.5,No,3444.12
ORD103162,2024-12-26,CUST5072,Regular,Home Decor,4,5865,23460.0,0.0,Yes,Christmas/New Year,COD,2,3.7,No,23460.0
ORD103163,2024-05-04,CUST4838,Premium,Groceries,5,4741,20386.3,14.0,No,Non-Festival,COD,7,4.1,No,17532.218
ORD103164,2024-04-19,CUST5119,Premium,Electronics,2,2160,3715.2,14.0,No,Non-Festival,UPI,7,3.2,No,3195.0719999999997
ORD103165,2024-03-26,CUST5781,Regular,Electronics,4,9046,31480.08,13.0,Yes,Holi,Credit Card,3,4.0,No,27387.6696
ORD103166,2024-04-29,CUST7898,Regular,Beauty,2,1278,2453.76,4.0,No,Non-Festival,COD,2,3.9,No,2355.6096000000002
ORD103167,2024-05-06,CUST3470,Premium,Groceries,5,3274,8512.4,48.0,No,Non-Festival,Credit Card,4,2.6,Yes,4426.448
ORD103168,2024-09-11,CUST9194,Regular,Electronics,3,9747,27778.95,5.0,No,Non-Festival,UPI,4,4.7,Yes,26390.0025
ORD103169,2024-07-01,CUST6291,Premium,Home Decor,1,5229,3137.4,40.0,No,Non-Festival,UPI,1,3.7,No,1882.44
ORD103170,2024-01-16,CUST1102,Premium,Groceries,2,9850,13790.0,30.0,No,Non-Festival,Credit Card,4,3.7,No,9653.0
ORD103171,2024-03-02,CUST2116,Regular,Fashion,3,7586,17068.5,25.0,No,Non-Festival,UPI,3,3.2,No,12801.375
ORD103172,2024-06-06,CUST1756,Regular,Groceries,2,4956,7533.12,24.0,No,Non-Festival,Wallet,3,3.0,No,5725.1712
ORD103173,2024-09-24,CUST2277,Premium,Groceries,2,6575,6838.0,48.0,No,Non-Festival,COD,7,3.2,No,3555.76
ORD103174,2024-02-04,CUST3709,Regular,Electronics,2,4895,6069.8,38.0,No,Non-Festival,Wallet,4,4.1,No,3763.2760000000003
ORD103175,2024-09-23,CUST2122,Regular,Beauty,5,1119,3412.95,39.0,No,Non-Festival,Wallet,5,2.7,No,2081.8995
ORD103176,2024-03-04,CUST2743,Premium,Beauty,4,1958,6735.52,14.0,No,Non-Festival,UPI,4,3.3,Yes,5792.5472
ORD103177,2024-02-19,CUST6344,Regular,Electronics,2,2031,3858.9,5.0,No,Non-Festival,UPI,5,4.9,No,3665.955
ORD103178,2024-09-11,CUST6427,Regular,Electronics,5,9563,47815.0,0.0,No,Non-Festival,Credit Card,4,3.2,No,47815.0
ORD103179,2024-05-28,CUST4843,Regular,Electronics,1,3478,2086.8,40.0,No,Non-Festival,Wallet,2,4.9,Yes,1252.0800000000002
ORD103180,2024-11-20,CUST2453,Premium,Beauty,4,559,2101.84,6.0,No,Non-Festival,COD,4,2.8,No,1975.7296000000001
ORD103181,2024-10-30,CUST5280,Regular,Electronics,5,7786,37762.1,3.0,Yes,Diwali,Credit Card,2,3.8,No,36629.237
ORD103182,2024-10-02,CUST1479,New,Fashion,1,4010,4010.0,0.0,No,Non-Festival,Credit Card,5,3.6,No,4010.0
ORD103183,2024-12-22,CUST9268,Premium,Fashion,4,1640,3936.0,40.0,Yes,Christmas/New Year,Credit Card,4,3.0,No,2361.6
ORD103184,2024-06-20,CUST2266,Regular,Home Decor,5,1919,9499.05,1.0,No,Non-Festival,UPI,5,4.5,No,9404.0595
ORD103185,2024-07-19,CUST1993,Regular,Fashion,1,5872,3112.1600000000003,47.0,No,Non-Festival,UPI,7,2.5,Yes,1649.4448000000002
ORD103186,2024-11-19,CUST8072,Regular,Groceries,5,755,2529.2499999999995,33.0,No,Non-Festival,Credit Card,3,3.4,No,1694.5974999999996
ORD103187,2024-02-04,CUST8980,Premium,Home Decor,1,9625,6352.499999999999,34.0,No,Non-Festival,UPI,6,4.0,No,4192.649999999999
ORD103188,2024-08-03,CUST4643,New,Fashion,2,2497,2746.7000000000003,45.0,No,Non-Festival,UPI,7,3.1,Yes,1510.6850000000002
ORD103189,2024-03-05,CUST9175,Premium,Groceries,2,1735,3053.6,12.0,No,Non-Festival,Credit Card,1,3.3,Yes,2687.168
ORD103190,2024-01-08,CUST1834,Regular,Fashion,4,6482,21779.52,16.0,No,Non-Festival,COD,5,2.7,No,18294.7968
ORD103191,2024-10-27,CUST2293,Premium,Groceries,1,5285,4809.35,9.0,Yes,Diwali,COD,2,4.6,No,4376.508500000001
ORD103192,2024-12-08,CUST7099,Regular,Electronics,2,9301,18229.96,2.0,No,Non-Festival,UPI,1,3.6,No,17865.3608
ORD103193,2024-11-27,CUST4696,Premium,Groceries,4,2161,8384.68,3.0,No,Non-Festival,COD,6,2.9,No,8133.1396
ORD103194,2024-03-16,CUST5188,Premium,Electronics,3,8342,19019.76,24.0,No,Non-Festival,COD,7,3.0,Yes,14455.0176
ORD103195,2024-06-22,CUST3354,Regular,Groceries,2,8403,10755.84,36.0,No,Non-Festival,,4,3.2,No,6883.7376
ORD103196,2024-02-16,CUST5517,Regular,Groceries,2,1179,1367.64,42.0,No,Non-Festival,COD,2,3.1,No,793.2312000000002
ORD103197,2024-01-15,CUST5278,Premium,Fashion,5,472,1486.8,37.0,No,Non-Festival,UPI,1,3.8,No,936.684
ORD103198,2024-12-26,CUST4281,Premium,Groceries,3,7457,16107.12,28.0,Yes,Christmas/New Year,Wallet,7,4.8,No,11597.126400000001
ORD103199,2024-05-26,CUST9429,Regular,Fashion,1,5344,5344.0,0.0,No,Non-Festival,Credit Card,1,3.0,Yes,5344.0
ORD103200,2024-01-26,CUST3809,Regular,Groceries,4,4833,13725.72,29.0,Yes,Republic Day,COD,5,3.6,No,9745.261199999999
ORD103201,2024-11-03,CUST8714,Premium,Beauty,3,8310,15456.6,38.0,Yes,Diwali,Credit Card,7,4.2,No,9583.092
ORD103202,2024-04-02,CUST5157,Regular,Home Decor,1,1888,1718.0800000000002,9.0,No,Non-Festival,Credit Card,4,3.0,No,1563.4528000000003
ORD103203,2024-08-19,CUST2556,Regular,Fashion,2,1795,2584.8,28.0,Yes,Independence Day,UPI,4,2.9,No,1861.056
ORD103204,2024-01-21,CUST3744,Regular,Fashion,4,3442,7847.760000000001,43.0,Yes,Republic Day,COD,4,2.9,No,4473.223200000001
ORD103205,2024-11-02,CUST3096,Regular,Electronics,4,4883,13477.079999999998,31.0,Yes,Diwali,COD,5,4.7,No,9299.185199999998
ORD103206,2024-02-07,CUST6557,Premium,Beauty,3,7814,13361.940000000002,43.0,No,Non-Festival,Wallet,5,4.3,No,7616.305800000002
ORD103207,2024-10-02,CUST7096,New,Electronics,5,6039,30195.0,0.0,No,Non-Festival,COD,4,3.3,No,30195.0
ORD103208,2024-06-05,CUST3514,Premium,Beauty,1,5986,3591.6,40.0,No,Non-Festival,COD,7,4.8,No,2154.96
ORD103209,2024-06-27,CUST5694,Regular,Beauty,3,5329,13429.08,16.0,No,Non-Festival,UPI,1,4.9,No,11280.4272
ORD103210,2024-05-11,CUST8044,Premium,Groceries,5,9593,42688.85,11.0,No,Non-Festival,Credit Card,6,3.5,No,37993.0765
ORD103211,2024-11-06,CUST9963,Regular,Electronics,5,3045,15072.75,1.0,Yes,Diwali,Wallet,4,3.8,Yes,14922.0225
ORD103212,2024-12-13,CUST6116,Regular,Home Decor,5,8648,39780.8,8.0,No,Non-Festival,COD,5,3.4,No,36598.336
ORD103213,2024-01-28,CUST7145,New,Beauty,4,6338,22563.28,11.0,Yes,Republic Day,COD,4,3.1,No,20081.319199999998
ORD103214,2024-09-16,CUST9531,Regular,Beauty,1,509,386.84,24.0,No,Non-Festival,Wallet,5,4.5,No,293.9984
ORD103215,2024-03-16,CUST8205,New,Fashion,1,5534,3597.1,35.0,No,Non-Festival,UPI,4,4.1,No,2338.1150000000002
ORD103216,2024-03-07,CUST1493,Regular,Groceries,3,7397,12648.87,43.0,No,Non-Festival,COD,7,3.4,No,7209.855900000001
ORD103217,2024-12-07,CUST5299,Premium,Home Decor,2,9480,9669.6,49.0,No,Non-Festival,COD,6,2.5,Yes,4931.496
ORD103218,2024-07-12,CUST8921,Regular,Beauty,3,1376,2724.48,34.0,No,Non-Festival,Wallet,1,4.4,No,1798.1567999999997
ORD103219,2024-06-10,CUST1085,Regular,Fashion,1,6383,5042.570000000001,21.0,No,Non-Festival,Credit Card,7,3.7,No,3983.6303000000007
ORD103220,2024-12-12,CUST1359,Regular,Electronics,4,3297,8967.839999999998,32.0,No,Non-Festival,COD,1,2.7,Yes,6098.131199999998
ORD103221,2024-12-26,CUST1889,New,Beauty,3,1924,2943.7200000000003,49.0,Yes,Christmas/New Year,COD,5,2.8,No,1501.2972000000002
ORD103222,2024-09-13,CUST5983,Premium,Fashion,2,2828,4524.8,25.0,No,Non-Festival,Credit Card,5,3.8,No,3393.6000000000004
ORD103223,2024-03-12,CUST7253,New,Electronics,3,6344,11609.52,39.0,No,Non-Festival,COD,2,3.9,No,7081.8072
ORD103224,2024-03-27,CUST9607,Premium,Groceries,5,1550,6122.5,21.0,Yes,Holi,Credit Card,3,3.1,No,4836.775000000001
ORD103225,2024-09-18,CUST2778,New,Electronics,2,7925,11570.5,27.0,No,Non-Festival,UPI,2,2.8,No,8446.465
ORD103226,2024-08-01,CUST4416,Regular,Beauty,5,819,3972.15,25.0,No,Non-Festival,Credit Card,5,4.7,No,2979.1125
ORD103227,2024-06-01,CUST6211,Regular,Home Decor,4,2748,8244.0,25.0,No,Non-Festival,Credit Card,6,2.8,No,6183.0
ORD103228,2024-07-28,CUST6254,Premium,Electronics,1,9770,7620.6,22.0,No,Non-Festival,COD,5,2.7,No,5944.068
ORD103229,2024-03-01,CUST7625,Premium,Home Decor,3,5443,8654.37,47.0,No,Non-Festival,COD,4,4.0,No,4586.816100000001
ORD103230,2024-09-24,CUST6295,Premium,Home Decor,3,1177,1836.12,48.0,No,Non-Festival,Wallet,2,3.1,No,954.7823999999999
ORD103231,2024-09-18,CUST4538,Regular,Electronics,5,5743,22397.7,22.0,No,Non-Festival,COD,3,4.1,No,17470.206000000002
ORD103232,2024-08-05,CUST9927,Regular,Groceries,5,9929,29787.0,40.0,No,Non-Festival,COD,2,3.7,No,17872.2
ORD103233,2024-10-09,CUST4007,New,Electronics,1,6053,5629.29,7.0,No,Non-Festival,Credit Card,7,3.0,No,5235.239699999999
ORD103234,2024-05-15,CUST2029,Premium,Fashion,3,3972,8222.039999999999,31.0,No,Non-Festival,UPI,1,2.7,No,5673.207599999999
ORD103235,2024-12-27,CUST6200,Regular,Home Decor,1,2733,1694.46,38.0,Yes,Christmas/New Year,COD,7,2.7,No,1050.5652
ORD103236,2024-04-02,CUST4266,Premium,Beauty,5,8869,25276.65,43.0,No,Non-Festival,Credit Card,1,4.0,No,14407.690500000002
ORD103237,2024-04-18,CUST5579,New,Home Decor,5,2094,10470.0,0.0,No,Non-Festival,Wallet,2,4.4,No,10470.0
ORD103238,2024-08-28,CUST5694,Regular,Beauty,2,5551,7882.419999999999,29.0,Yes,Raksha Bandhan,Wallet,6,4.2,No,5596.5181999999995
ORD103239,2024-12-20,CUST5528,New,Fashion,5,2240,8176.0,27.0,Yes,Christmas/New Year,UPI,7,4.0,No,5968.48
ORD103240,2024-05-21,CUST6094,New,Fashion,5,1765,7413.0,16.0,No,Non-Festival,UPI,2,3.0,No,6226.92
ORD103241,2024-10-17,CUST7456,New,Fashion,1,4325,3373.5,22.0,No,Non-Festival,UPI,6,4.7,Yes,2631.33
ORD103242,2024-08-24,CUST7890,New,Electronics,2,4468,5629.68,37.0,No,Non-Festival,Credit Card,5,4.1,No,3546.6984
ORD103243,2024-12-05,CUST3218,Premium,Home Decor,2,3039,4680.06,23.0,No,Non-Festival,COD,6,4.2,No,3603.6462000000006
ORD103244,2024-11-07,CUST3652,Regular,Beauty,3,667,1580.79,21.0,Yes,Diwali,Credit Card,4,3.1,No,1248.8241
ORD103245,2024-06-25,CUST2865,Regular,Fashion,4,3588,13777.92,4.0,No,Non-Festival,Wallet,1,3.2,No,13226.8032
ORD103246,2024-05-20,CUST6038,Regular,Fashion,3,8376,19097.28,24.0,No,Non-Festival,Wallet,3,4.8,No,14513.932799999999
ORD103247,2024-07-07,CUST8962,Regular,Beauty,3,6740,19006.8,6.0,No,Non-Festival,COD,4,3.7,Yes,17866.392
ORD103248,2024-02-18,CUST8677,Regular,Home Decor,3,7447,17649.39,21.0,No,Non-Festival,UPI,6,3.9,No,13943.0181
ORD103249,2024-10-28,CUST6926,Regular,Home Decor,2,2943,3355.0200000000004,43.0,Yes,Diwali,,7,2.8,No,1912.3614000000005
ORD103250,2024-07-08,CUST7363,Regular,Beauty,1,5842,3738.88,36.0,No,Non-Festival,UPI,2,3.5,No,2392.8832
ORD103251,2024-05-15,CUST2056,Regular,Groceries,5,9811,32866.85,33.0,No,Non-Festival,Credit Card,7,4.7,No,22020.789499999995
ORD103252,2024-02-12,CUST7459,New,Home Decor,2,1226,1593.8,35.0,No,Non-Festival,UPI,7,4.8,No,1035.97
ORD103253,2024-12-18,CUST1806,Regular,Beauty,5,4831,12560.6,48.0,No,Non-Festival,Credit Card,1,4.3,No,6531.512000000001
ORD103254,2024-03-30,CUST3528,Premium,Beauty,5,8992,27425.6,39.0,Yes,Holi,COD,2,3.9,No,16729.615999999998
ORD103255,2024-10-21,CUST4573,Premium,Fashion,4,3792,12286.08,19.0,Yes,Diwali,UPI,7,3.8,No,9951.7248
ORD103256,2024-12-06,CUST9605,Regular,Beauty,3,1187,2279.04,36.0,No,Non-Festival,COD,1,4.7,No,1458.5856
ORD103257,2024-09-01,CUST2749,New,Electronics,4,8997,30229.92,16.0,No,Non-Festival,UPI,3,4.6,No,25393.1328
ORD103258,2024-07-10,CUST9090,Premium,Fashion,3,7438,21644.58,3.0,No,Non-Festival,Wallet,4,4.7,Yes,20995.2426
ORD103259,2024-11-13,CUST4761,Regular,Fashion,2,2947,3005.94,49.0,No,Non-Festival,COD,3,3.6,No,1533.0294000000001
ORD103260,2024-04-15,CUST4324,Regular,Home Decor,5,8530,35399.5,17.0,No,Non-Festival,UPI,3,3.8,No,29381.585
ORD103261,2024-12-28,CUST9360,Regular,Groceries,4,5850,17082.0,27.0,Yes,Christmas/New Year,COD,4,3.6,No,12469.86
ORD103262,2024-11-05,CUST9822,Regular,Home Decor,2,4425,4513.5,49.0,Yes,Diwali,UPI,6,4.4,No,2301.885
ORD103263,2024-08-20,CUST7272,Regular,Electronics,2,4696,7983.2,15.0,Yes,Independence Day,Credit Card,4,4.0,No,6785.719999999999
ORD103264,2024-09-21,CUST5078,Premium,Fashion,3,9636,16766.640000000003,42.0,No,Non-Festival,COD,6,2.7,No,9724.651200000002
ORD103265,2024-12-09,CUST8220,New,Fashion,5,9033,42003.45,7.0,No,Non-Festival,Wallet,7,2.8,No,39063.20849999999
ORD103266,2024-02-06,CUST8315,Premium,Beauty,3,636,1087.5600000000002,43.0,No,Non-Festival,COD,3,3.0,No,619.9092000000002
ORD103267,2024-10-31,CUST1373,Regular,Groceries,3,1623,4041.27,17.0,Yes,Diwali,Credit Card,7,4.2,No,3354.2540999999997
ORD103268,2024-02-10,CUST3235,Regular,Groceries,2,9528,9718.56,49.0,No,Non-Festival,Credit Card,2,2.8,No,4956.4655999999995
ORD103269,2024-01-17,CUST5739,Regular,Beauty,3,3921,8469.36,28.0,No,Non-Festival,Wallet,4,3.9,No,6097.9392
ORD103270,2024-12-09,CUST2993,Regular,Electronics,1,5874,3583.14,39.0,No,Non-Festival,Credit Card,3,4.6,No,2185.7154
ORD103271,2024-10-03,CUST6447,Regular,Groceries,5,8449,35908.25,15.0,No,Non-Festival,Wallet,3,4.9,No,30522.0125
ORD103272,2024-11-02,CUST3937,New,Fashion,3,1336,2845.68,29.0,Yes,Diwali,UPI,3,3.6,No,2020.4327999999998
ORD103273,2024-02-28,CUST6193,Regular,Electronics,3,9091,14181.96,48.0,No,Non-Festival,Credit Card,7,3.8,No,7374.6192
ORD103274,2024-07-01,CUST3034,New,Home Decor,4,1345,3604.6,33.0,No,Non-Festival,UPI,2,4.6,No,2415.082
ORD103275,2024-02-10,CUST8714,Regular,Home Decor,5,5779,20515.45,29.0,No,Non-Festival,UPI,5,4.8,No,14565.9695
ORD103276,2024-02-08,CUST9451,New,Electronics,5,9500,38000.0,20.0,No,Non-Festival,Credit Card,5,3.5,No,30400.0
ORD103277,2024-07-10,CUST3136,Premium,Fashion,3,4695,11127.15,21.0,No,Non-Festival,Wallet,4,3.4,No,8790.4485
ORD103278,2024-09-23,CUST4799,Premium,Home Decor,1,6699,3617.46,46.0,No,Non-Festival,Wallet,7,3.6,No,1953.4284000000002
ORD103279,2024-05-26,CUST8463,Regular,Fashion,4,6442,19583.68,24.0,No,Non-Festival,Wallet,5,3.1,No,14883.596800000001
ORD103280,2024-11-28,CUST5502,New,Beauty,1,8499,6714.21,21.0,No,Non-Festival,Credit Card,1,4.6,No,5304.2259
ORD103281,2024-05-06,CUST9698,New,Groceries,3,9297,20360.43,27.0,No,Non-Festival,UPI,6,3.3,No,14863.1139
ORD103282,2024-02-15,CUST7299,Premium,Electronics,5,5145,15949.5,38.0,No,Non-Festival,COD,4,3.6,No,9888.69
ORD103283,2024-02-14,CUST3038,Premium,Groceries,5,2192,7452.799999999999,32.0,No,Non-Festival,COD,4,3.3,No,5067.903999999999
ORD103284,2024-01-01,CUST4227,Premium,Beauty,1,4322,4278.78,1.0,No,Non-Festival,Credit Card,3,2.8,No,4235.9922
ORD103285,2024-06-16,CUST3345,Regular,Home Decor,2,1005,1949.7,3.0,No,Non-Festival,COD,6,4.0,No,1891.209
ORD103286,2024-04-17,CUST9869,Premium,Fashion,3,2192,5589.599999999999,15.0,No,Non-Festival,UPI,1,4.0,No,4751.16
ORD103287,2024-01-19,CUST7679,New,Fashion,5,7696,34247.2,11.0,No,Non-Festival,COD,5,3.2,No,30480.007999999998
ORD103288,2024-11-27,CUST5628,Regular,Beauty,2,3800,6384.0,16.0,No,Non-Festival,Wallet,4,3.8,No,5362.5599999999995
ORD103289,2024-03-12,CUST6847,Regular,Electronics,5,4210,13682.5,35.0,No,Non-Festival,UPI,7,4.8,No,8893.625
ORD103290,2024-04-18,CUST2286,Regular,Groceries,5,8475,36018.75,15.0,No,Non-Festival,Credit Card,7,3.4,No,30615.9375
ORD103291,2024-09-24,CUST1021,Premium,Home Decor,2,4558,5651.92,38.0,No,Non-Festival,Credit Card,6,3.8,Yes,3504.1904
ORD103292,2024-08-27,CUST4074,Regular,Electronics,1,5515,4301.7,22.0,Yes,Raksha Bandhan,Wallet,7,2.9,No,3355.326
ORD103293,2024-10-27,CUST6473,Regular,Beauty,3,3520,9820.8,7.0,Yes,Diwali,COD,1,3.1,No,9133.344
ORD103294,2024-03-30,CUST3299,Regular,Beauty,2,7749,14258.16,8.0,Yes,Holi,Credit Card,2,3.6,No,13117.5072
ORD103295,2024-04-12,CUST6331,Premium,Fashion,2,2705,4706.7,13.0,No,Non-Festival,Credit Card,2,3.9,No,4094.8289999999997
ORD103296,2024-09-06,CUST9040,Regular,Home Decor,5,8028,36928.8,8.0,No,Non-Festival,UPI,7,4.6,No,33974.49600000001
ORD103297,2024-01-08,CUST3026,Premium,Electronics,2,8085,8731.800000000001,46.0,No,Non-Festival,UPI,3,3.2,No,4715.1720000000005
ORD103298,2024-06-01,CUST2206,Regular,Fashion,3,2656,5976.0,25.0,No,Non-Festival,UPI,1,4.7,Yes,4482.0
ORD103299,2024-12-12,CUST3230,Premium,Home Decor,1,7448,4841.2,35.0,No,Non-Festival,UPI,4,3.6,No,3146.78
ORD103300,2024-06-22,CUST6227,New,Groceries,1,8068,7906.639999999999,2.0,No,Non-Festival,Credit Card,2,3.6,No,7748.507199999999
ORD103301,2024-12-08,CUST4486,Regular,Groceries,1,6549,5959.59,9.0,No,Non-Festival,UPI,6,3.5,No,5423.226900000001
ORD103302,2024-06-06,CUST5077,Regular,Fashion,3,7163,16331.64,24.0,No,Non-Festival,Wallet,2,4.7,No,12412.0464
ORD103303,2024-08-02,CUST4596,New,Electronics,5,3262,15820.7,3.0,No,Non-Festival,Wallet,6,3.1,No,15346.079
ORD103304,2024-06-25,CUST4988,Regular,Home Decor,3,4052,8630.76,29.0,No,Non-Festival,UPI,5,4.6,No,6127.8396
ORD103305,2024-06-23,CUST7025,Regular,Groceries,2,5190,5293.8,49.0,No,Non-Festival,UPI,5,2.7,No,2699.838
ORD103306,2024-12-05,CUST2871,New,Groceries,4,587,2113.2000000000003,10.0,No,Non-Festival,COD,1,4.9,No,1901.8800000000003
ORD103307,2024-12-03,CUST1886,New,Electronics,4,7237,23737.36,18.0,No,Non-Festival,UPI,7,3.8,No,19464.6352
ORD103308,2024-05-25,CUST4094,Premium,Fashion,4,7110,14504.4,49.0,No,Non-Festival,Credit Card,5,5.0,No,7397.244
ORD103309,2024-11-19,CUST7009,Regular,Beauty,1,2203,1938.64,12.0,No,Non-Festival,Wallet,1,4.0,No,1706.0032
ORD103310,2024-06-09,CUST8370,Regular,Home Decor,3,9423,18374.85,35.0,No,Non-Festival,Wallet,4,2.8,No,11943.6525
ORD103311,2024-05-06,CUST8568,Regular,Groceries,3,5945,17478.3,2.0,No,Non-Festival,Credit Card,4,2.7,Yes,17128.734
ORD103312,2024-03-22,CUST9910,Premium,Beauty,1,1740,922.2,47.0,Yes,Holi,UPI,4,3.0,No,488.7660000000001
ORD103313,2024-05-26,CUST1480,Premium,Electronics,2,8841,15383.34,13.0,No,Non-Festival,COD,5,3.6,No,13383.5058
ORD103314,2024-08-26,CUST8705,New,Fashion,4,3747,13639.08,9.0,Yes,Raksha Bandhan,Wallet,5,4.4,No,12411.5628
ORD103315,2024-03-24,CUST4433,Regular,Home Decor,4,9488,23909.76,37.0,Yes,Holi,COD,3,2.5,No,15063.148799999999
ORD103316,2024-04-22,CUST7203,Premium,Electronics,1,9251,5643.11,39.0,No,Non-Festival,Wallet,2,3.1,No,3442.2971
ORD103317,2024-08-12,CUST4493,Regular,Fashion,4,501,1482.96,26.0,Yes,,COD,6,4.0,No,1097.3904
ORD103318,2024-11-27,CUST1454,Regular,Electronics,5,7304,28120.4,23.0,No,Non-Festival,Wallet,4,3.2,Yes,21652.708000000002
ORD103319,2024-08-30,CUST5683,Premium,Groceries,3,2219,5658.45,15.0,Yes,Raksha Bandhan,COD,7,3.4,No,4809.6825
ORD103320,2024-05-22,CUST9593,Regular,Groceries,4,9272,33750.08,9.0,No,Non-Festival,UPI,5,3.3,No,30712.5728
ORD103321,2024-02-10,CUST6973,Premium,Beauty,4,4361,12908.56,26.0,No,Non-Festival,UPI,2,4.9,No,9552.3344
ORD103322,2024-09-14,CUST4708,Premium,Electronics,5,429,2016.3,6.0,No,Non-Festival,Credit Card,4,2.7,No,1895.322
ORD103323,2024-10-11,CUST4707,New,Groceries,2,9313,13596.98,27.0,No,Non-Festival,Credit Card,4,4.8,No,9925.795399999999
ORD103324,2024-04-14,CUST2116,Premium,Fashion,2,7910,11865.0,25.0,No,Non-Festival,COD,6,3.3,No,8898.75
ORD103325,2024-07-20,CUST4240,New,Beauty,5,2032,8432.8,17.0,No,Non-Festival,COD,2,3.1,No,6999.223999999999
ORD103326,2024-11-02,CUST2234,Premium,Home Decor,2,8442,14857.92,12.0,Yes,Diwali,Wallet,2,4.7,No,13074.9696
ORD103327,2024-11-26,CUST8219,Regular,Electronics,1,3878,3606.54,7.0,No,Non-Festival,Credit Card,5,3.2,No,3354.0822
ORD103328,2024-09-22,CUST9727,Regular,Groceries,5,7696,28475.2,26.0,No,Non-Festival,Credit Card,2,5.0,No,21071.648
ORD103329,2024-07-28,CUST2915,Premium,Fashion,3,4682,12220.02,13.0,No,Non-Festival,Wallet,7,3.9,No,10631.4174
ORD103330,2024-02-20,CUST2230,Premium,Electronics,3,9144,16459.2,40.0,No,Non-Festival,COD,7,3.7,No,9875.52
ORD103331,2024-04-27,CUST6502,Premium,Fashion,3,6087,10408.77,43.0,No,Non-Festival,Credit Card,2,4.9,No,5932.9989000000005
ORD103332,2024-07-19,CUST2976,Regular,Beauty,4,1678,6376.4,5.0,No,Non-Festival,COD,5,3.1,No,6057.579999999999
ORD103333,2024-02-08,CUST9960,Regular,Groceries,5,2288,9266.4,19.0,No,Non-Festival,UPI,4,4.8,No,7505.784000000001
ORD103334,2024-01-28,CUST4472,Regular,Groceries,5,6240,22776.0,27.0,Yes,Republic Day,,6,4.0,No,16626.48
ORD103335,2024-09-15,CUST5350,Premium,Beauty,2,8352,13029.12,22.0,No,Non-Festival,UPI,2,4.4,No,10162.713600000001
ORD103336,2024-03-24,CUST5435,Premium,Fashion,5,3193,14208.85,11.0,Yes,Holi,UPI,6,4.0,No,12645.8765
ORD103337,2024-06-03,CUST1727,Premium,Electronics,5,3540,13629.0,23.0,No,Non-Festival,Wallet,7,4.0,No,10494.33
ORD103338,2024-04-26,CUST7869,Regular,Fashion,2,2543,2899.0200000000004,43.0,No,Non-Festival,Wallet,3,2.9,No,1652.4414000000004
ORD103339,2024-01-02,CUST6888,Regular,Electronics,5,7388,29182.6,21.0,No,Non-Festival,UPI,1,2.9,Yes,23054.254
ORD103340,2024-04-02,CUST4136,Premium,Beauty,5,1438,5392.5,25.0,No,Non-Festival,Wallet,6,3.5,No,4044.375
ORD103341,2024-06-14,CUST4973,Premium,Home Decor,1,7056,5574.240000000001,21.0,No,Non-Festival,Credit Card,2,3.4,No,4403.649600000001
ORD103342,2024-12-15,CUST8050,Regular,Electronics,2,5860,11016.8,6.0,No,Non-Festival,Credit Card,6,4.3,No,10355.792
ORD103343,2024-10-22,CUST3269,Premium,Groceries,1,4539,3903.54,14.0,Yes,Diwali,COD,2,4.3,No,3357.0443999999998
ORD103344,2024-09-14,CUST7524,Regular,Groceries,4,8574,18176.88,47.0,No,Non-Festival,UPI,7,3.9,No,9633.746400000002
ORD103345,2024-03-21,CUST1229,Premium,Groceries,2,8935,12687.7,29.0,Yes,Holi,COD,1,3.5,No,9008.267
ORD103346,2024-09-24,CUST9427,New,Fashion,5,3026,14676.1,3.0,No,Non-Festival,UPI,3,4.2,No,14235.817
ORD103347,2024-08-22,CUST1072,Premium,Fashion,5,7291,34632.25,5.0,No,Non-Festival,UPI,6,4.2,No,32900.6375
ORD103348,2024-11-16,CUST7851,Premium,Fashion,1,292,154.76000000000002,47.0,No,Non-Festival,COD,4,4.5,No,82.02280000000002
ORD103349,2024-11-06,CUST3711,Regular,Groceries,1,2615,1412.1,46.0,Yes,Diwali,COD,3,4.5,No,762.534
ORD103350,2024-10-27,CUST3416,Premium,Electronics,4,4454,17637.84,1.0,Yes,Diwali,COD,1,2.7,No,17461.4616
ORD103351,2024-12-22,CUST5208,Premium,Groceries,4,8326,23312.8,30.0,Yes,Christmas/New Year,COD,6,3.4,No,16318.96
ORD103352,2024-07-31,CUST6844,Premium,Electronics,5,4733,18222.05,23.0,No,Non-Festival,,2,3.5,No,14030.9785
ORD103353,2024-03-02,CUST8671,Premium,Fashion,3,6716,13297.679999999998,34.0,No,Non-Festival,UPI,4,4.6,No,8776.468799999999
ORD103354,2024-02-18,CUST4841,Regular,Home Decor,4,4601,9938.16,46.0,No,Non-Festival,Wallet,3,3.8,No,5366.606400000001
ORD103355,2024-05-06,CUST6777,New,Fashion,5,3232,11312.0,30.0,No,Non-Festival,UPI,3,3.7,No,7918.4
ORD103356,2024-08-10,CUST4659,Premium,Beauty,4,3489,10606.56,24.0,Yes,Independence Day,Credit Card,4,3.9,No,8060.9856
ORD103357,2024-10-05,CUST3987,Regular,Electronics,2,4638,8626.68,7.0,No,Non-Festival,UPI,3,2.8,No,8022.8124
ORD103358,2024-10-20,CUST8684,Premium,Home Decor,1,7067,6289.63,11.0,Yes,Diwali,Credit Card,1,3.9,No,5597.7707
ORD103359,2024-10-10,CUST1843,Regular,Fashion,5,3434,16998.3,1.0,No,Non-Festival,UPI,4,3.9,Yes,16828.317
ORD103360,2024-10-03,CUST5428,Regular,Home Decor,4,6197,21317.68,14.0,No,Non-Festival,Credit Card,1,4.4,No,18333.2048
ORD103361,2024-04-16,CUST2713,Regular,Groceries,1,6501,3965.61,39.0,No,Non-Festival,Wallet,4,4.1,No,2419.0221
ORD103362,2024-05-25,CUST9081,Premium,Electronics,3,1333,2759.31,31.0,No,Non-Festival,Wallet,1,4.9,No,1903.9238999999998
ORD103363,2024-04-08,CUST8017,New,Beauty,4,2262,8143.2,10.0,No,Non-Festival,Wallet,2,2.7,No,7328.88
ORD103364,2024-03-13,CUST1084,Premium,Groceries,5,4827,20273.4,16.0,No,Non-Festival,Wallet,2,4.4,No,17029.656
ORD103365,2024-05-01,CUST3842,Premium,Home Decor,2,3671,5873.6,20.0,No,Non-Festival,Credit Card,3,4.4,No,4698.88
ORD103366,2024-01-30,CUST2898,Regular,Fashion,1,668,527.72,21.0,Yes,Republic Day,UPI,4,3.2,No,416.89880000000005
ORD103367,2024-07-06,CUST8161,Regular,Electronics,1,1544,1049.9199999999998,32.0,No,Non-Festival,Wallet,6,4.2,No,713.9455999999998
ORD103368,2024-12-29,CUST4867,Regular,Beauty,2,9270,13348.8,28.0,Yes,Christmas/New Year,Wallet,4,4.1,No,9611.135999999999
ORD103369,2024-12-19,CUST4968,Premium,Fashion,5,6298,27081.4,14.0,No,Non-Festival,UPI,1,3.2,No,23290.004
ORD103370,2024-10-14,CUST8153,New,Beauty,3,4007,9616.8,20.0,No,Non-Festival,UPI,6,4.3,No,7693.44
ORD103371,2024-07-13,CUST8989,Regular,Electronics,2,4936,9773.28,1.0,No,Non-Festival,COD,3,4.8,No,9675.5472
ORD103372,2024-06-04,CUST3913,Premium,Home Decor,3,5157,9127.89,41.0,No,Non-Festival,UPI,7,3.3,No,5385.4551
ORD103373,2024-06-20,CUST1251,New,Beauty,5,3545,11166.75,37.0,No,Non-Festival,UPI,3,5.0,No,7035.0525
ORD103374,2024-11-30,CUST7612,Regular,Electronics,4,788,3088.96,2.0,No,Non-Festival,UPI,7,3.1,No,3027.1808
ORD103375,2024-02-10,CUST3842,Premium,Beauty,4,4083,12412.32,24.0,No,Non-Festival,COD,6,2.8,No,9433.3632
ORD103376,2024-03-03,CUST9921,Premium,Fashion,5,9721,42772.4,12.0,No,Non-Festival,UPI,4,2.7,No,37639.712
ORD103377,2024-01-23,CUST3212,Premium,Beauty,3,291,672.21,23.0,Yes,Republic Day,Credit Card,7,3.0,No,517.6017
ORD103378,2024-12-25,CUST6675,Regular,Fashion,2,657,919.8,30.0,Yes,Christmas/New Year,Wallet,2,3.4,No,643.8599999999999
ORD103379,2024-03-15,CUST8688,Premium,Fashion,5,2084,8961.2,14.0,No,Non-Festival,Credit Card,7,4.3,No,7706.6320000000005
ORD103380,2024-02-17,CUST7460,Premium,Electronics,5,3321,15774.75,5.0,No,Non-Festival,COD,4,2.7,No,14986.012499999999
ORD103381,2024-06-08,CUST6937,Regular,Groceries,4,7842,18820.8,40.0,No,Non-Festival,COD,7,3.8,No,11292.48
ORD103382,2024-11-08,CUST2876,Premium,Beauty,2,5811,10576.02,9.0,Yes,Diwali,COD,6,3.8,No,9624.1782
ORD103383,2024-04-27,CUST9878,Regular,Home Decor,4,8152,29999.36,8.0,No,Non-Festival,COD,4,3.1,No,27599.411200000002
ORD103384,2024-04-09,CUST3311,New,Fashion,3,9795,14986.35,49.0,No,Non-Festival,COD,5,2.6,No,7643.038500000001
ORD103385,2024-06-15,CUST2760,Premium,Groceries,3,3903,7025.4,40.0,No,Non-Festival,Wallet,1,3.1,Yes,4215.24
ORD103386,2024-10-16,CUST6459,New,Fashion,1,4682,2387.82,49.0,No,Non-Festival,UPI,1,3.1,No,1217.7882000000002
ORD103387,2024-06-04,CUST5168,Regular,Groceries,5,2181,6543.0,40.0,No,Non-Festival,Credit Card,5,4.2,Yes,3925.7999999999997
ORD103388,2024-01-07,CUST8018,Regular,Groceries,2,4666,8958.72,4.0,No,Non-Festival,Credit Card,3,3.1,No,8600.3712
ORD103389,2024-07-14,CUST3101,Regular,Home Decor,2,2431,2722.7200000000003,44.0,No,Non-Festival,UPI,6,3.4,No,1524.7232000000004
ORD103390,2024-02-25,CUST8514,Regular,Groceries,4,9163,20891.640000000003,43.0,No,Non-Festival,COD,1,2.6,No,11908.234800000004
ORD103391,2024-11-16,CUST3997,Regular,Home Decor,4,5981,14354.4,40.0,No,Non-Festival,UPI,3,4.1,No,8612.64
ORD103392,2024-07-11,CUST1082,Premium,Electronics,2,8596,14097.44,18.0,No,Non-Festival,COD,2,3.7,No,11559.900800000001
ORD103393,2024-02-16,CUST7804,Regular,Fashion,4,8613,27906.120000000003,19.0,No,Non-Festival,Wallet,3,3.4,No,22603.957200000004
ORD103394,2024-05-27,CUST9278,Premium,Home Decor,1,9583,6516.44,32.0,No,Non-Festival,Credit Card,1,4.3,No,4431.1792
ORD103395,2024-10-01,CUST1365,Regular,Fashion,5,3515,10193.500000000002,42.0,No,Non-Festival,Credit Card,6,3.8,No,5912.230000000001
ORD103396,2024-06-05,CUST8423,Premium,Beauty,1,5375,3440.0,36.0,No,Non-Festival,Wallet,6,3.3,No,2201.6
ORD103397,2024-07-20,CUST4007,Premium,Electronics,3,1798,3775.8,30.0,No,Non-Festival,Wallet,3,4.3,No,2643.06
ORD103398,2024-05-05,CUST8192,Premium,Beauty,2,4462,5532.88,38.0,No,Non-Festival,COD,7,3.4,No,3430.3856
ORD103399,2024-10-31,CUST2508,New,Beauty,1,1742,1532.96,12.0,Yes,Diwali,UPI,2,3.1,No,1349.0048
ORD103400,2024-10-20,CUST1605,Regular,Groceries,1,8533,5375.79,37.0,Yes,Diwali,COD,5,4.3,No,3386.7477
ORD103401,2024-03-04,CUST1957,Regular,Groceries,4,289,647.36,44.0,No,Non-Festival,COD,1,4.3,No,362.52160000000003
ORD103402,2024-11-20,CUST2264,Regular,Beauty,4,4606,17502.8,25.0,No,Non-Festival,,6,4.7,No,13127.099999999999
ORD103403,2024-06-24,CUST1755,Regular,Groceries,4,5690,12290.4,46.0,No,Non-Festival,COD,2,3.8,No,6636.816
ORD103404,2024-04-25,CUST6521,Premium,Fashion,3,3906,10897.74,7.0,No,Non-Festival,UPI,4,3.1,No,10134.8982
ORD103405,2024-07-22,CUST7585,Regular,Groceries,1,1409,817.2200000000001,42.0,No,Non-Festival,COD,5,4.6,No,473.98760000000016
ORD103406,2024-11-16,CUST2545,Premium,Beauty,5,5178,23559.9,9.0,No,Non-Festival,Credit Card,5,2.9,No,21439.509000000002
ORD103407,2024-01-31,CUST5972,Regular,Groceries,4,3424,8217.6,40.0,No,Non-Festival,UPI,7,4.8,No,4930.56
ORD103408,2024-04-22,CUST5876,New,Groceries,3,5056,14712.96,3.0,No,Non-Festival,UPI,7,3.3,No,14271.571199999998
ORD103409,2024-12-30,CUST3324,New,Home Decor,3,7993,20861.73,13.0,Yes,Christmas/New Year,Credit Card,1,2.5,Yes,18149.7051
ORD103410,2024-11-20,CUST8451,Regular,Home Decor,4,6439,24983.32,3.0,No,Non-Festival,Credit Card,2,3.0,No,24233.8204
ORD103411,2024-12-09,CUST7814,Regular,Beauty,2,7053,10861.62,23.0,No,Non-Festival,COD,6,3.5,No,8363.447400000001
ORD103412,2024-03-07,CUST9301,New,Fashion,1,9751,5265.54,46.0,No,Non-Festival,Credit Card,7,2.6,No,2843.3916000000004
ORD103413,2024-03-15,CUST8890,New,Electronics,4,1738,5561.6,20.0,No,Non-Festival,Wallet,6,3.5,Yes,4449.280000000001
ORD103414,2024-02-14,CUST8039,Regular,Electronics,5,348,1583.4,9.0,No,Non-Festival,Credit Card,4,3.0,No,1440.8940000000002
ORD103415,2024-09-16,CUST9024,Regular,Beauty,1,8265,4545.75,45.0,No,Non-Festival,Wallet,6,2.5,No,2500.1625000000004
ORD103416,2024-06-02,CUST5712,New,Fashion,3,7899,18009.72,24.0,No,Non-Festival,Credit Card,2,3.2,No,13687.387200000001
ORD103417,2024-06-03,CUST8107,Premium,Fashion,5,1625,7718.75,5.0,No,Non-Festival,Wallet,6,3.1,No,7332.8125
ORD103418,2024-12-28,CUST6237,Regular,Fashion,1,1917,1629.45,15.0,Yes,Christmas/New Year,Wallet,3,3.5,No,1385.0325
ORD103419,2024-08-21,CUST3373,Premium,Home Decor,5,9746,27776.1,43.0,No,Non-Festival,Credit Card,6,4.4,No,15832.377
ORD103420,2024-02-20,CUST7418,New,Beauty,3,2835,6208.65,27.0,No,Non-Festival,UPI,1,3.8,No,4532.3144999999995
ORD103421,2024-11-01,CUST2165,New,Electronics,4,2563,6663.8,35.0,Yes,Diwali,UPI,3,4.4,No,4331.47
ORD103422,2024-09-18,CUST5094,Premium,Fashion,5,3307,11243.8,25.0,No,Non-Festival,Wallet,6,3.3,Yes,8432.849999999999
ORD103423,2024-11-10,CUST3952,Premium,Beauty,4,5828,16551.52,29.0,Yes,Diwali,UPI,6,2.5,No,11751.5792
ORD103424,2024-05-04,CUST2741,Regular,Electronics,3,1701,3316.9500000000003,35.0,No,Non-Festival,Credit Card,6,4.8,No,2156.0175000000004
ORD103425,2024-09-01,CUST2794,New,Home Decor,3,1651,3764.28,24.0,No,Non-Festival,Wallet,3,3.3,No,2860.8528
ORD103426,2024-01-30,CUST7795,Regular,Groceries,5,8841,38900.4,12.0,Yes,Republic Day,COD,6,3.8,No,34232.352
ORD103427,2024-05-01,CUST7123,New,Electronics,5,2035,6308.5,38.0,No,Non-Festival,Wallet,7,3.7,No,3911.27
ORD103428,2024-05-04,CUST3602,Regular,Electronics,3,9835,25374.3,14.0,No,Non-Festival,COD,5,4.0,No,21821.897999999997
ORD103429,2024-02-06,CUST7671,New,Electronics,5,6051,19060.65,37.0,No,Non-Festival,COD,6,4.7,No,12008.2095
ORD103430,2024-06-18,CUST4608,Regular,Groceries,5,3148,11175.4,29.0,No,Non-Festival,Wallet,7,4.7,No,7934.534
ORD103431,2024-05-03,CUST1667,Premium,Fashion,5,4135,17987.25,13.0,No,Non-Festival,COD,5,5.0,No,15648.9075
ORD103432,2024-12-22,CUST3177,Regular,Groceries,5,7030,17926.5,49.0,Yes,Christmas/New Year,UPI,3,3.8,Yes,9142.515
ORD103433,2024-02-04,CUST6272,Premium,Electronics,1,3909,3791.73,3.0,No,Non-Festival,COD,6,4.8,No,3677.9781
ORD103434,2024-03-27,CUST9772,New,Home Decor,3,1489,4467.0,0.0,Yes,Holi,UPI,7,3.7,No,4467.0
ORD103435,2024-05-13,CUST8812,Premium,Electronics,3,703,2066.82,2.0,No,Non-Festival,Wallet,2,2.6,No,2025.4836
ORD103436,2024-07-14,CUST2855,Premium,Home Decor,2,8151,9129.12,44.0,No,Non-Festival,COD,7,2.9,No,5112.307200000001
ORD103437,2024-09-30,CUST3423,Regular,Beauty,4,5251,10712.04,49.0,No,Non-Festival,COD,1,3.3,No,5463.1404
ORD103438,2024-07-19,CUST7972,New,Home Decor,2,3297,4286.1,35.0,No,Non-Festival,UPI,6,4.3,No,2785.965
ORD103439,2024-10-11,CUST4363,Premium,Electronics,5,2347,11382.95,3.0,No,Non-Festival,UPI,1,2.7,No,11041.461500000001
ORD103440,2024-03-17,CUST7097,Premium,Groceries,5,9857,28585.300000000003,42.0,No,Non-Festival,Wallet,2,3.4,No,16579.474000000002
ORD103441,2024-02-28,CUST6218,Premium,Electronics,1,4720,4106.4,13.0,No,Non-Festival,Wallet,3,5.0,Yes,3572.5679999999998
ORD103442,2024-05-05,CUST7957,Premium,Electronics,1,2097,1593.72,24.0,No,Non-Festival,COD,1,4.5,No,1211.2272
ORD103443,2024-04-18,CUST3665,Regular,Beauty,1,3916,2427.92,38.0,No,Non-Festival,Credit Card,6,3.9,No,1505.3104
ORD103444,2024-08-11,CUST7343,Premium,Fashion,1,9042,8861.16,2.0,Yes,Independence Day,COD,5,2.7,No,8683.9368
ORD103445,2024-10-04,CUST2041,Premium,Electronics,1,1410,1325.4,6.0,No,Non-Festival,COD,4,2.5,No,1245.876
ORD103446,2024-03-08,CUST3645,New,Beauty,1,2387,2219.91,7.0,No,Non-Festival,Wallet,5,2.8,No,2064.5163
ORD103447,2024-03-09,CUST1389,New,Groceries,1,8258,4707.06,43.0,No,Non-Festival,Wallet,2,3.3,Yes,2683.0242000000007
ORD103448,2024-06-13,CUST9850,Regular,Beauty,1,4020,3778.8,6.0,No,Non-Festival,COD,7,4.0,No,3552.072
ORD103449,2024-10-31,CUST4582,Regular,Beauty,1,568,301.04,47.0,Yes,Diwali,UPI,4,3.0,Yes,159.55120000000002
ORD103450,2024-06-10,CUST8223,Regular,Home Decor,3,3043,6938.04,24.0,No,Non-Festival,Wallet,1,2.6,No,5272.9104
ORD103451,2024-12-30,CUST8494,Regular,Fashion,1,3650,3066.0,16.0,Yes,Christmas/New Year,COD,6,2.7,No,2575.44
ORD103452,2024-12-07,CUST5603,Premium,Fashion,4,3718,11154.0,25.0,No,Non-Festival,Credit Card,1,3.6,No,8365.5
ORD103453,2024-11-04,CUST9051,New,Groceries,1,6844,6638.679999999999,3.0,Yes,Diwali,COD,4,4.4,No,6439.5196
ORD103454,2024-12-08,CUST2643,Regular,Beauty,5,4060,10556.0,48.0,No,Non-Festival,Credit Card,1,4.6,No,5489.12
ORD103455,2024-02-11,CUST8798,Regular,Groceries,5,1344,5577.599999999999,17.0,No,Non-Festival,Credit Card,4,3.2,No,4629.407999999999
ORD103456,2024-12-19,CUST2282,New,Groceries,1,3326,3226.22,3.0,No,Non-Festival,Credit Card,3,4.2,Yes,3129.4334
ORD103457,2024-04-18,CUST2455,New,Fashion,1,7860,6602.4,16.0,No,Non-Festival,COD,2,3.5,No,5546.016
ORD103458,2024-02-20,CUST4460,Premium,Fashion,5,217,585.9000000000001,46.0,No,Non-Festival,Wallet,6,4.9,No,316.3860000000001
ORD103459,2024-09-06,CUST2682,Premium,Fashion,4,6199,20828.64,16.0,No,Non-Festival,UPI,5,3.5,No,17496.0576
ORD103460,2024-12-06,CUST9317,Premium,Electronics,2,1856,2078.7200000000003,44.0,No,Non-Festival,UPI,4,3.5,No,1164.0832000000003
ORD103461,2024-01-21,CUST7787,Regular,Beauty,3,1796,4094.88,24.0,Yes,Republic Day,COD,7,3.8,Yes,3112.1088
ORD103462,2024-10-26,CUST5865,Regular,Groceries,5,9337,45751.3,25.0,Yes,Diwali,COD,4,2.6,No,34313.475000000006
ORD103463,2024-05-18,CUST5814,Regular,Beauty,1,1487,1323.43,11.0,No,Non-Festival,Credit Card,3,3.5,No,1177.8527000000001
ORD103464,2024-12-24,CUST5651,Regular,Groceries,3,467,1036.74,26.0,Yes,Christmas/New Year,Wallet,7,4.6,Yes,767.1876
ORD103465,2024-11-19,CUST1769,New,Groceries,1,634,532.56,16.0,No,Non-Festival,COD,6,4.0,No,447.3503999999999
ORD103466,2024-04-01,CUST5480,Premium,Groceries,2,2235,3531.3,21.0,No,Non-Festival,UPI,6,4.9,No,2789.7270000000003
ORD103467,2024-10-06,CUST6683,Regular,Groceries,2,2697,3344.28,38.0,No,Non-Festival,COD,5,3.3,No,2073.4536000000003
ORD103468,2024-05-04,CUST6532,Regular,Home Decor,5,6640,20584.0,38.0,No,Non-Festival,Wallet,3,2.9,No,12762.08
ORD103469,2024-04-20,CUST5011,Regular,Home Decor,3,6237,10852.38,42.0,No,Non-Festival,Wallet,3,4.4,No,6294.3804
ORD103470,2024-12-19,CUST4373,Premium,Electronics,3,8006,12729.54,47.0,No,Non-Festival,COD,2,2.6,Yes,6746.6562
ORD103471,2024-05-18,CUST6046,New,Fashion,2,3408,4430.400000000001,35.0,No,Non-Festival,COD,1,3.8,No,2879.7600000000007
ORD103472,2024-09-29,CUST1712,Regular,Groceries,1,1813,1541.05,15.0,No,Non-Festival,Wallet,6,3.8,Yes,1309.8925
ORD103473,2024-04-08,CUST8716,Regular,Beauty,5,9110,29152.0,36.0,No,Non-Festival,Wallet,6,4.4,No,18657.28
ORD103474,2024-09-08,CUST4555,Premium,Home Decor,4,7364,21208.32,28.0,No,Non-Festival,Credit Card,5,4.0,No,15269.990399999999
ORD103475,2024-12-03,CUST7370,Premium,Fashion,2,2431,4229.94,13.0,No,Non-Festival,COD,3,5.0,No,3680.0478
ORD103476,2024-04-13,CUST1719,Regular,Electronics,2,6663,12526.44,6.0,No,Non-Festival,COD,7,4.1,No,11774.8536
ORD103477,2024-08-01,CUST2473,Premium,Fashion,5,9132,27396.0,40.0,No,Non-Festival,COD,1,4.3,No,16437.6
ORD103478,2024-09-05,CUST8857,Premium,Groceries,1,5895,4303.349999999999,27.0,No,Non-Festival,UPI,7,5.0,No,3141.4454999999994
ORD103479,2024-05-31,CUST5518,Regular,Fashion,3,9196,24277.44,12.0,No,Non-Festival,Credit Card,1,4.0,No,21364.1472
ORD103480,2024-09-06,CUST2576,Regular,Groceries,2,4712,8010.4,15.0,No,Non-Festival,Wallet,1,4.3,Yes,6808.839999999999
ORD103481,2024-10-01,CUST5571,Regular,Home Decor,5,8160,32640.0,20.0,No,Non-Festival,Credit Card,6,3.2,No,26112.0
ORD103482,2024-06-13,CUST7316,New,Home Decor,5,5086,24667.1,3.0,No,Non-Festival,UPI,7,3.8,Yes,23927.087
ORD103483,2024-12-06,CUST8507,New,Groceries,5,3971,12310.1,38.0,No,Non-Festival,Credit Card,7,4.8,No,7632.262
ORD103484,2024-01-08,CUST8550,New,Beauty,3,6223,12321.54,34.0,No,Non-Festival,UPI,1,4.6,No,8132.216399999999
ORD103485,2024-10-10,CUST3152,Premium,Home Decor,2,6104,10498.88,14.0,No,Non-Festival,Credit Card,2,3.3,No,9029.0368
ORD103486,2024-01-05,CUST4970,Premium,Beauty,5,3712,13920.0,25.0,No,Non-Festival,Credit Card,2,3.4,No,10440.0
ORD103487,2024-05-24,CUST3079,Premium,Groceries,3,9490,15658.500000000002,45.0,No,Non-Festival,Credit Card,3,4.6,No,8612.175000000001
ORD103488,2024-04-10,CUST7924,New,Groceries,1,8303,7804.82,6.0,No,Non-Festival,COD,1,3.8,No,7336.5307999999995
ORD103489,2024-06-12,CUST3177,Regular,Home Decor,4,2044,6786.08,17.0,No,Non-Festival,Wallet,7,4.7,No,5632.4464
ORD103490,2024-05-26,CUST4415,Premium,Beauty,2,4124,6268.4800000000005,24.0,No,Non-Festival,Credit Card,3,4.4,No,4764.044800000001
ORD103491,2024-03-04,CUST5068,Premium,Groceries,3,5081,9755.52,36.0,No,Non-Festival,COD,4,2.9,No,6243.532800000001
ORD103492,2024-03-31,CUST3846,Premium,Home Decor,4,734,2348.8,20.0,No,Non-Festival,COD,6,4.3,No,1879.0400000000002
ORD103493,2024-04-26,CUST5199,Regular,Groceries,4,7777,28930.44,7.0,No,Non-Festival,COD,2,4.6,No,26905.309199999996
ORD103494,2024-12-19,CUST1656,Premium,Fashion,3,5930,14409.9,19.0,No,Non-Festival,UPI,2,2.9,No,11672.019
ORD103495,2024-09-23,CUST3256,Premium,Fashion,3,8676,21603.24,17.0,No,Non-Festival,Credit Card,6,3.6,Yes,17930.6892
ORD103496,2024-11-05,CUST3295,Regular,Home Decor,3,8187,20140.02,18.0,Yes,Diwali,Wallet,5,4.7,No,16514.816400000003
ORD103497,2024-06-21,CUST6990,Premium,Groceries,5,9521,46652.9,2.0,No,Non-Festival,Credit Card,4,3.0,No,45719.842000000004
ORD103498,2024-02-16,CUST2335,Regular,Home Decor,1,8895,5603.85,37.0,No,Non-Festival,Credit Card,7,3.6,No,3530.4255000000003
ORD103499,2024-05-19,CUST7222,New,Electronics,5,4341,18015.15,17.0,No,Non-Festival,Wallet,2,4.0,No,14952.5745
ORD103500,2024-09-02,CUST7368,Premium,Home Decor,4,8136,24082.56,26.0,No,Non-Festival,COD,7,2.7,No,17821.0944
ORD103501,2024-05-28,CUST8339,Premium,Home Decor,4,8928,30712.32,14.0,No,Non-Festival,Credit Card,1,3.0,No,26412.5952
ORD103502,2024-09-02,CUST6545,Regular,Fashion,4,8453,18596.6,45.0,No,Non-Festival,COD,6,3.7,No,10228.13
ORD103503,2024-01-05,CUST4471,Regular,Fashion,3,6061,14546.4,20.0,No,Non-Festival,COD,1,3.4,No,11637.12
ORD103504,2024-07-02,CUST9767,Premium,Groceries,2,5401,8533.58,21.0,No,Non-Festival,COD,6,3.3,No,6741.528200000001
ORD103505,2024-01-20,CUST1401,Regular,Home Decor,5,2583,12010.95,7.0,Yes,Republic Day,Wallet,7,2.6,No,11170.1835
ORD103506,2024-02-15,CUST4738,Premium,Home Decor,2,8602,15483.6,10.0,No,Non-Festival,COD,1,4.8,No,13935.24
ORD103507,2024-01-12,CUST7880,Regular,Groceries,1,2647,1535.2600000000002,42.0,No,Non-Festival,Credit Card,6,4.7,No,890.4508000000002
ORD103508,2024-03-10,CUST9362,New,Beauty,1,5004,4453.56,11.0,No,Non-Festival,COD,7,3.5,No,3963.6684000000005
ORD103509,2024-01-17,CUST7342,Premium,Groceries,5,3469,9192.85,47.0,No,Non-Festival,UPI,7,3.0,No,4872.2105
ORD103510,2024-05-26,CUST4757,Regular,Fashion,4,8768,21744.64,38.0,No,Non-Festival,UPI,3,2.7,No,13481.6768
ORD103511,2024-06-02,CUST2556,Premium,Fashion,1,9577,7086.98,26.0,No,Non-Festival,UPI,2,2.8,Yes,5244.365199999999
ORD103512,2024-10-30,CUST4693,New,Home Decor,2,7164,9456.48,34.0,Yes,Diwali,COD,3,4.0,No,6241.276799999999
ORD103513,2024-04-17,CUST8319,Premium,Fashion,2,7262,14378.76,1.0,No,Non-Festival,Credit Card,7,4.3,No,14234.9724
ORD103514,2024-08-23,CUST8218,Regular,Groceries,3,3698,7322.039999999999,34.0,No,Non-Festival,Credit Card,2,2.9,No,4832.546399999998
ORD103515,2024-11-03,CUST3385,Premium,Home Decor,4,3047,8531.6,30.0,Yes,Diwali,COD,5,2.8,No,5972.12
ORD103516,2024-12-17,CUST7270,Regular,Groceries,3,7858,21923.82,25.0,No,Non-Festival,COD,3,4.2,No,16442.864999999998
ORD103517,2024-03-10,CUST9234,Regular,Groceries,5,7646,30966.300000000003,19.0,No,Non-Festival,Wallet,2,3.8,No,25082.703000000005
ORD103518,2024-07-01,CUST1021,Regular,Home Decor,1,8283,7703.19,7.0,No,Non-Festival,COD,5,3.4,No,7163.966699999999
ORD103519,2024-09-06,CUST3721,Premium,Beauty,3,9178,26707.98,3.0,No,Non-Festival,UPI,7,4.3,No,25906.740599999997
ORD103520,2024-08-15,CUST6191,Regular,Fashion,3,932,1957.2,30.0,Yes,Independence Day,Wallet,2,3.6,No,1370.04
ORD103521,2024-04-11,CUST3261,New,Electronics,5,5263,18157.35,31.0,No,Non-Festival,Wallet,4,3.7,No,12528.571499999998
ORD103522,2024-03-15,CUST6867,Regular,Electronics,2,7513,13222.88,12.0,No,Non-Festival,COD,6,2.5,No,11636.134399999999
ORD103523,2024-08-03,CUST5770,Regular,Electronics,2,7436,11748.88,21.0,No,Non-Festival,COD,3,3.3,No,9281.6152
ORD103524,2024-07-21,CUST1421,Regular,Fashion,5,2899,10871.25,25.0,No,Non-Festival,Wallet,1,2.5,No,8153.4375
ORD103525,2024-07-10,CUST6123,Regular,Beauty,2,2358,3961.44,16.0,No,Non-Festival,Wallet,5,4.8,No,3327.6096
ORD103526,2024-09-05,CUST3294,Premium,Groceries,5,3864,13910.4,28.0,No,Non-Festival,Wallet,5,3.2,Yes,10015.488
ORD103527,2024-08-29,CUST7778,Regular,Home Decor,2,9470,14015.6,26.0,Yes,Raksha Bandhan,Wallet,7,3.8,No,10371.544
ORD103528,2024-06-27,CUST8731,Regular,Beauty,5,8011,31643.45,21.0,No,Non-Festival,Wallet,7,2.7,No,24998.325500000003
ORD103529,2024-08-06,CUST8902,Regular,Electronics,2,8353,13865.98,17.0,No,Non-Festival,Credit Card,1,2.6,No,11508.7634
ORD103530,2024-03-22,CUST4454,Regular,Fashion,3,4819,13878.72,4.0,Yes,Holi,Wallet,5,4.7,No,13323.571199999998
ORD103531,2024-04-01,CUST2872,Regular,Fashion,3,2393,6389.31,11.0,No,Non-Festival,Wallet,1,2.9,No,5686.485900000001
ORD103532,2024-06-23,CUST9772,Premium,Home Decor,2,4763,9430.74,1.0,No,Non-Festival,Credit Card,1,4.0,No,9336.4326
ORD103533,2024-08-26,CUST7666,Premium,Groceries,5,9976,29429.200000000004,41.0,Yes,Raksha Bandhan,UPI,2,4.1,No,17363.228000000006
ORD103534,2024-09-16,CUST1688,Premium,Beauty,3,3206,9040.92,6.0,No,Non-Festival,UPI,3,3.3,No,8498.4648
ORD103535,2024-12-30,CUST1139,Premium,Beauty,1,4244,2291.76,46.0,Yes,Christmas/New Year,UPI,4,4.6,Yes,1237.5504000000003
ORD103536,2024-06-11,CUST5769,Premium,Beauty,2,1410,2115.0,25.0,No,Non-Festival,UPI,5,3.0,Yes,1586.25
ORD103537,2024-02-17,CUST2688,New,Groceries,1,2186,1355.32,38.0,No,Non-Festival,COD,2,2.7,No,840.2983999999999
ORD103538,2024-11-24,CUST1993,Regular,Groceries,1,3370,2898.2,14.0,No,Non-Festival,COD,4,2.7,No,2492.4519999999998
ORD103539,2024-11-23,CUST3144,Regular,Groceries,4,7673,16266.76,47.0,No,Non-Festival,Wallet,4,3.3,No,8621.382800000001
ORD103540,2024-04-25,CUST6270,Regular,Home Decor,1,1948,1324.64,32.0,No,Non-Festival,Wallet,5,3.7,No,900.7552
ORD103541,2024-12-02,CUST4794,Regular,Fashion,1,957,516.7800000000001,46.0,No,Non-Festival,UPI,5,4.1,Yes,279.06120000000004
ORD103542,2024-12-02,CUST8701,Regular,Electronics,4,9569,37510.48,2.0,No,Non-Festival,UPI,2,4.3,No,36760.2704
ORD103543,2024-08-12,CUST9402,Premium,Groceries,4,1118,2638.4800000000005,41.0,Yes,Independence Day,Credit Card,5,2.9,Yes,1556.7032000000004
ORD103544,2024-12-17,CUST1046,Regular,Fashion,4,9511,20163.32,47.0,No,Non-Festival,Credit Card,4,4.2,Yes,10686.5596
ORD103545,2024-11-23,CUST9328,New,Groceries,5,9097,45030.15,1.0,No,Non-Festival,Credit Card,5,3.0,No,44579.8485
ORD103546,2024-05-26,CUST5957,Regular,Electronics,4,6254,21013.44,16.0,No,Non-Festival,UPI,6,5.0,No,17651.2896
ORD103547,2024-03-03,CUST3542,Regular,Groceries,5,5129,25645.0,0.0,No,Non-Festival,Credit Card,6,4.9,No,25645.0
ORD103548,2024-10-20,CUST3834,New,Fashion,2,3061,3979.3,35.0,Yes,Diwali,Wallet,2,2.8,Yes,2586.545
ORD103549,2024-11-18,CUST1706,New,Home Decor,5,4694,13612.600000000002,42.0,No,Non-Festival,,2,4.1,No,7895.308000000002
ORD103550,2024-11-20,CUST9416,Regular,Electronics,2,2007,3371.76,25.0,No,Non-Festival,COD,2,4.8,No,2528.82
ORD103551,2024-01-13,CUST4736,Premium,Fashion,4,9791,38772.36,1.0,No,Non-Festival,UPI,5,2.7,No,38384.6364
ORD103552,2024-07-07,CUST4997,New,Beauty,4,2849,7749.28,32.0,No,Non-Festival,COD,3,2.8,No,5269.510399999999
ORD103553,2024-10-13,CUST1869,Regular,Beauty,2,4623,6657.12,28.0,No,Non-Festival,COD,2,3.4,No,4793.1264
ORD103554,2024-07-26,CUST1742,Regular,Beauty,3,1495,4260.75,5.0,No,Non-Festival,UPI,3,2.7,No,4047.7124999999996
ORD103555,2024-04-23,CUST2914,New,Home Decor,5,2642,7661.800000000001,42.0,No,Non-Festival,Credit Card,1,4.7,No,4443.844000000001
ORD103556,2024-01-22,CUST8733,Premium,Groceries,1,7839,5095.35,35.0,Yes,Republic Day,Wallet,2,4.7,No,3311.9775000000004
ORD103557,2024-12-14,CUST6680,Regular,Groceries,4,2795,8608.6,23.0,No,Non-Festival,UPI,3,4.9,No,6628.622
ORD103558,2024-08-01,CUST5442,Premium,Groceries,5,5337,24016.5,10.0,No,Non-Festival,Credit Card,7,3.0,Yes,21614.850000000002
ORD103559,2024-06-19,CUST1991,Regular,Home Decor,5,1272,6105.599999999999,4.0,No,Non-Festival,COD,3,2.6,No,5861.375999999999
ORD103560,2024-11-18,CUST1638,New,Beauty,4,4275,12141.0,29.0,No,Non-Festival,COD,4,3.6,No,8620.109999999999
ORD103561,2024-02-23,CUST7844,Regular,Groceries,2,9841,17910.62,9.0,No,Non-Festival,COD,7,4.7,No,16298.6642
ORD103562,2024-10-24,CUST9472,New,Home Decor,4,4142,10603.52,36.0,Yes,Diwali,COD,3,4.1,No,6786.2528
ORD103563,2024-11-15,CUST3831,Premium,Home Decor,5,1971,7292.7,25.0,No,Non-Festival,UPI,4,5.0,No,5469.525
ORD103564,2024-05-05,CUST3931,Regular,Fashion,3,5875,13042.5,26.0,No,Non-Festival,Wallet,6,4.8,No,9651.45
ORD103565,2024-10-03,CUST7422,Regular,Groceries,2,1217,1874.18,23.0,No,Non-Festival,COD,6,3.5,No,1443.1186
ORD103566,2024-07-22,CUST7953,Premium,Beauty,4,3892,15256.64,2.0,No,Non-Festival,Credit Card,6,2.6,No,14951.5072
ORD103567,2024-07-12,CUST1287,New,Electronics,1,8910,5613.3,37.0,No,Non-Festival,Credit Card,3,3.8,No,3536.3790000000004
ORD103568,2024-06-17,CUST4097,Regular,Home Decor,4,2551,7653.0,25.0,No,Non-Festival,Wallet,3,4.1,No,5739.75
ORD103569,2024-05-31,CUST9313,Regular,Fashion,5,9527,26675.6,44.0,No,Non-Festival,Wallet,1,4.8,No,14938.336000000001
ORD103570,2024-02-04,CUST6179,Premium,Electronics,5,2972,7875.8,47.0,No,Non-Festival,Wallet,3,3.6,No,4174.174
ORD103571,2024-07-02,CUST2206,Premium,Home Decor,1,1111,688.82,38.0,No,Non-Festival,COD,5,4.7,No,427.06840000000005
ORD103572,2024-10-12,CUST5047,Regular,Fashion,2,9207,15283.62,17.0,No,Non-Festival,UPI,5,3.9,Yes,12685.4046
ORD103573,2024-02-26,CUST9700,Premium,Groceries,5,1173,5747.7,2.0,No,Non-Festival,COD,6,2.7,No,5632.746
ORD103574,2024-08-09,CUST7840,Premium,Fashion,2,3302,4160.52,37.0,No,Non-Festival,COD,7,4.5,No,2621.1276000000003
ORD103575,2024-10-29,CUST1690,Regular,Home Decor,2,7662,9041.160000000002,41.0,Yes,Diwali,Credit Card,7,3.7,No,5334.284400000001
ORD103576,2024-06-11,CUST5613,Regular,Groceries,4,2000,4240.0,47.0,No,Non-Festival,UPI,5,2.6,No,2247.2000000000003
ORD103577,2024-01-19,CUST2428,Regular,Beauty,2,1008,1532.16,24.0,No,Non-Festival,UPI,1,4.5,No,1164.4416
ORD103578,2024-09-20,CUST2114,Premium,Fashion,5,5638,24807.2,12.0,No,Non-Festival,Credit Card,3,4.4,No,21830.336
ORD103579,2024-10-08,CUST2203,Premium,Electronics,5,5333,20265.4,24.0,No,Non-Festival,Credit Card,1,3.6,No,15401.704000000002
ORD103580,2024-04-22,CUST9948,Premium,Groceries,3,8961,20699.91,23.0,No,Non-Festival,Credit Card,7,2.5,No,15938.9307
ORD103581,2024-11-22,CUST7545,Regular,Groceries,2,1169,1402.8,40.0,No,Non-Festival,Wallet,3,3.4,No,841.68
ORD103582,2024-01-30,CUST1737,Regular,Beauty,3,4279,10911.45,15.0,Yes,Republic Day,UPI,4,3.8,No,9274.7325
ORD103583,2024-05-14,CUST1551,New,Fashion,4,2079,4823.280000000001,42.0,No,Non-Festival,Credit Card,1,2.9,Yes,2797.5024000000008
ORD103584,2024-03-07,CUST2494,Regular,Electronics,3,3519,6334.2,40.0,No,Non-Festival,Credit Card,6,2.9,No,3800.5199999999995
ORD103585,2024-03-05,CUST6075,Premium,Beauty,2,4905,5787.900000000001,41.0,No,Non-Festival,Credit Card,7,2.9,No,3414.861000000001
ORD103586,2024-10-18,CUST3958,Premium,Fashion,5,6811,30649.5,10.0,No,Non-Festival,COD,5,3.4,Yes,27584.55
ORD103587,2024-01-25,CUST6910,Regular,Electronics,4,587,1878.4,20.0,Yes,Republic Day,UPI,5,4.5,No,1502.7200000000003
ORD103588,2024-02-06,CUST2900,Regular,Electronics,2,8267,11573.8,30.0,No,Non-Festival,UPI,5,4.4,No,8101.659999999999
ORD103589,2024-01-01,CUST2219,Regular,Home Decor,4,6157,21180.08,14.0,No,Non-Festival,Wallet,7,2.5,No,18214.8688
ORD103590,2024-02-06,CUST1892,Regular,Electronics,1,2689,1505.84,44.0,No,Non-Festival,COD,3,2.5,No,843.2704
ORD103591,2024-05-20,CUST2791,Premium,Fashion,2,7709,8017.360000000001,48.0,No,Non-Festival,UPI,3,2.7,No,4169.0272
ORD103592,2024-08-19,CUST3741,Regular,Beauty,1,8907,5789.55,35.0,Yes,Independence Day,Wallet,1,3.7,No,3763.2075000000004
ORD103593,2024-05-15,CUST4937,Regular,Beauty,3,6137,10678.38,42.0,No,Non-Festival,Wallet,6,4.7,Yes,6193.4604
ORD103594,2024-07-06,CUST8512,Premium,Home Decor,2,4044,8088.0,0.0,No,Non-Festival,Credit Card,2,3.0,No,8088.0
ORD103595,2024-05-07,CUST2982,Regular,Fashion,1,3090,2255.7,27.0,No,Non-Festival,Wallet,7,3.7,No,1646.6609999999998
ORD103596,2024-07-19,CUST1268,Premium,Electronics,5,1642,5582.799999999999,32.0,No,Non-Festival,Wallet,3,2.6,No,3796.303999999999
ORD103597,2024-05-06,CUST9861,Regular,Home Decor,3,922,2710.68,2.0,No,Non-Festival,COD,7,2.6,No,2656.4664
ORD103598,2024-09-13,CUST1920,Regular,Groceries,2,9147,15732.84,14.0,No,Non-Festival,Credit Card,2,2.5,No,13530.2424
ORD103599,2024-06-12,CUST2206,Regular,Fashion,2,2450,3331.9999999999995,32.0,No,Non-Festival,Credit Card,2,4.3,No,2265.7599999999993
ORD103600,2024-02-04,CUST3506,Regular,Home Decor,5,2108,7272.599999999999,31.0,No,Non-Festival,Credit Card,3,2.6,No,5018.093999999999
ORD103601,2024-07-12,CUST4277,New,Beauty,5,2786,10865.4,22.0,No,Non-Festival,Wallet,1,3.2,No,8475.012
ORD103602,2024-07-09,CUST7578,Premium,Home Decor,1,8777,6582.75,25.0,No,Non-Festival,Credit Card,6,4.1,No,4937.0625
ORD103603,2024-04-13,CUST5382,Regular,Groceries,1,6326,3352.78,47.0,No,Non-Festival,UPI,7,4.0,No,1776.9734
ORD103604,2024-01-23,CUST8809,Regular,Fashion,1,6973,5857.32,16.0,Yes,Republic Day,,2,2.6,No,4920.1488
ORD103605,2024-09-21,CUST8487,Regular,Home Decor,4,8390,30875.2,8.0,No,Non-Festival,COD,1,3.1,No,28405.184
ORD103606,2024-10-16,CUST5003,Regular,Electronics,3,4287,12346.56,4.0,No,Non-Festival,Wallet,1,4.1,No,11852.6976
ORD103607,2024-09-16,CUST9004,Regular,Fashion,2,9883,14231.52,28.0,No,Non-Festival,Credit Card,6,3.5,No,10246.6944
ORD103608,2024-12-23,CUST7511,Premium,Home Decor,3,5278,15042.3,5.0,Yes,Christmas/New Year,COD,3,3.7,No,14290.185
ORD103609,2024-03-15,CUST6055,New,Home Decor,5,8342,22523.4,46.0,No,Non-Festival,Wallet,6,3.0,No,12162.636000000002
ORD103610,2024-12-20,CUST3876,Regular,Fashion,3,3518,6332.4,40.0,Yes,Christmas/New Year,Wallet,7,2.6,No,3799.4399999999996
ORD103611,2024-03-12,CUST1101,Premium,Beauty,3,3238,6411.239999999999,34.0,No,Non-Festival,,2,3.4,No,4231.418399999999
ORD103612,2024-09-15,CUST9574,New,Electronics,1,9464,7571.200000000001,20.0,No,Non-Festival,Credit Card,1,4.2,No,6056.960000000001
ORD103613,2024-07-06,CUST2874,Regular,Fashion,5,968,2710.4,44.0,No,Non-Festival,Credit Card,2,4.4,No,1517.8240000000003
ORD103614,2024-06-21,CUST2059,New,Electronics,3,9378,15755.04,44.0,No,Non-Festival,UPI,7,4.0,No,8822.822400000001
ORD103615,2024-10-16,CUST4014,Premium,Electronics,2,5757,8980.92,22.0,No,Non-Festival,UPI,7,3.5,No,7005.1176000000005
ORD103616,2024-02-14,CUST7958,Regular,Fashion,1,5462,3604.92,34.0,No,Non-Festival,Credit Card,1,4.0,Yes,2379.2472
ORD103617,2024-03-01,CUST2592,New,Home Decor,3,396,653.4000000000001,45.0,No,Non-Festival,UPI,3,4.3,No,359.37000000000006
ORD103618,2024-03-23,CUST3131,Regular,Beauty,5,2507,12409.65,1.0,Yes,,UPI,7,4.4,No,12285.5535
ORD103619,2024-05-02,CUST9716,Regular,Electronics,2,1589,1875.02,41.0,No,Non-Festival,COD,1,2.7,Yes,1106.2618000000002
ORD103620,2024-12-23,CUST4850,Premium,Electronics,5,6939,31919.4,8.0,Yes,Christmas/New Year,Credit Card,3,4.5,Yes,29365.848
ORD103621,2024-01-16,CUST1866,Regular,Home Decor,5,5511,24248.4,12.0,No,Non-Festival,COD,3,2.7,No,21338.592
ORD103622,2024-03-06,CUST3516,Regular,Fashion,5,3758,10898.2,42.0,No,Non-Festival,COD,2,4.7,No,6320.956000000001
ORD103623,2024-05-24,CUST3904,Regular,Beauty,4,3190,8549.199999999999,33.0,No,Non-Festival,Wallet,2,3.5,Yes,5727.963999999999
ORD103624,2024-06-10,CUST6232,Premium,Electronics,2,6197,10534.9,15.0,No,Non-Festival,Credit Card,6,3.9,Yes,8954.664999999999
ORD103625,2024-08-21,CUST3602,Premium,Electronics,5,9809,47083.2,4.0,No,Non-Festival,COD,2,3.2,No,45199.871999999996
ORD103626,2024-05-23,CUST1908,Premium,Fashion,4,6453,25812.0,0.0,No,Non-Festival,UPI,4,3.6,No,25812.0
ORD103627,2024-12-23,CUST6902,New,Home Decor,1,6433,3924.13,39.0,Yes,Christmas/New Year,Wallet,2,4.6,No,2393.7193
ORD103628,2024-07-06,CUST7490,Regular,Groceries,4,9978,31530.480000000003,21.0,No,Non-Festival,UPI,2,3.2,No,24909.079200000004
ORD103629,2024-11-17,CUST1001,Regular,Home Decor,1,4867,2579.51,47.0,No,Non-Festival,Wallet,6,3.9,No,1367.1403000000003
ORD103630,2024-01-13,CUST9813,Premium,Electronics,4,4602,10124.4,45.0,No,Non-Festival,UPI,1,4.1,No,5568.42
ORD103631,2024-07-02,CUST4417,Premium,Electronics,5,6405,24018.75,25.0,No,Non-Festival,UPI,6,2.9,No,18014.0625
ORD103632,2024-04-20,CUST2266,Regular,Beauty,4,9323,24985.64,33.0,No,Non-Festival,UPI,4,4.4,Yes,16740.3788
ORD103633,2024-10-16,CUST5630,Regular,Home Decor,4,7188,14663.52,49.0,No,Non-Festival,COD,4,5.0,Yes,7478.3952
ORD103634,2024-10-21,CUST2892,New,Groceries,5,9934,39736.0,20.0,Yes,Diwali,Credit Card,7,2.9,No,31788.800000000003
ORD103635,2024-08-02,CUST9674,New,Beauty,1,2192,2060.48,6.0,No,Non-Festival,Wallet,1,4.4,No,1936.8511999999998
ORD103636,2024-04-29,CUST6815,Premium,Groceries,5,4259,16184.2,24.0,No,Non-Festival,COD,2,2.9,No,12299.992
ORD103637,2024-02-24,CUST8063,Regular,Beauty,2,7403,13177.34,11.0,No,Non-Festival,Wallet,6,4.9,Yes,11727.8326
ORD103638,2024-01-27,CUST2839,New,Home Decor,4,7093,19860.4,30.0,Yes,Republic Day,COD,7,3.5,No,13902.28
ORD103639,2024-04-27,CUST5785,New,Electronics,2,3344,3611.52,46.0,No,Non-Festival,Wallet,5,4.9,No,1950.2208
ORD103640,2024-08-08,CUST2607,Premium,Groceries,5,7082,26203.4,26.0,No,Non-Festival,Wallet,3,2.7,No,19390.516
ORD103641,2024-08-18,CUST7294,New,Home Decor,5,7670,30296.5,21.0,Yes,Independence Day,UPI,4,4.5,No,23934.235
ORD103642,2024-02-22,CUST4299,New,Groceries,3,9926,19951.26,33.0,No,Non-Festival,Wallet,7,3.7,No,13367.344199999998
ORD103643,2024-10-21,CUST3214,New,Home Decor,2,2874,4828.32,16.0,Yes,Diwali,Wallet,1,3.2,No,4055.7888
ORD103644,2024-11-16,CUST9326,New,Beauty,3,4748,12819.6,10.0,No,Non-Festival,UPI,7,4.4,No,11537.640000000001
ORD103645,2024-08-20,CUST3073,Premium,Home Decor,2,9252,13322.88,28.0,Yes,Independence Day,COD,5,4.1,No,9592.4736
ORD103646,2024-06-06,CUST8336,Premium,Beauty,3,1752,3521.5199999999995,33.0,No,Non-Festival,COD,3,4.8,No,2359.4183999999996
ORD103647,2024-09-25,CUST3912,Regular,Electronics,3,6214,11930.88,36.0,No,Non-Festival,Credit Card,5,3.8,No,7635.763199999999
ORD103648,2024-01-21,CUST6686,Premium,Beauty,2,1592,1655.68,48.0,Yes,Republic Day,Credit Card,2,4.8,No,860.9536
ORD103649,2024-02-22,CUST8531,Premium,Fashion,5,8772,23245.800000000003,47.0,No,Non-Festival,Credit Card,1,4.1,No,12320.274000000003
ORD103650,2024-10-01,CUST5547,New,Electronics,1,5538,4153.5,25.0,No,Non-Festival,Credit Card,3,3.6,No,3115.125
ORD103651,2024-11-08,CUST4233,Regular,Home Decor,5,848,2374.4,44.0,Yes,Diwali,Wallet,3,2.6,Yes,1329.6640000000002
ORD103652,2024-10-07,CUST4545,Premium,Home Decor,1,6594,3692.64,44.0,No,Non-Festival,Wallet,2,4.4,No,2067.8784
ORD103653,2024-08-01,CUST9590,Regular,Fashion,2,4860,5443.200000000001,44.0,No,Non-Festival,Credit Card,2,4.6,No,3048.192000000001
ORD103654,2024-01-31,CUST6630,Premium,Home Decor,4,1020,2815.2,31.0,No,Non-Festival,UPI,2,4.5,Yes,1942.4879999999998
ORD103655,2024-12-02,CUST5755,Premium,Electronics,5,671,2147.2,36.0,No,Non-Festival,Credit Card,1,4.3,No,1374.2079999999999
ORD103656,2024-07-01,CUST7553,Regular,Electronics,3,8254,23771.52,4.0,No,Non-Festival,COD,4,4.9,No,22820.6592
ORD103657,2024-01-23,CUST6420,Premium,Beauty,5,321,1300.0500000000002,19.0,Yes,Republic Day,Wallet,5,4.6,No,1053.0405000000003
ORD103658,2024-02-01,CUST9160,Regular,Groceries,2,5645,10612.6,6.0,No,Non-Festival,UPI,1,4.8,No,9975.844
ORD103659,2024-03-14,CUST4016,Regular,Home Decor,4,7895,18316.4,42.0,No,Non-Festival,COD,1,4.3,No,10623.512000000002
ORD103660,2024-01-10,CUST2209,Premium,Fashion,4,5076,15837.12,22.0,No,Non-Festival,UPI,5,4.6,No,12352.9536
ORD103661,2024-02-23,CUST9623,Regular,Electronics,5,2995,14975.0,0.0,No,Non-Festival,UPI,7,3.2,No,14975.0
ORD103662,2024-02-21,CUST6379,Regular,Electronics,5,4416,13689.6,38.0,No,Non-Festival,,3,4.2,No,8487.552
ORD103663,2024-05-27,CUST2141,Regular,Electronics,5,2386,11691.4,2.0,No,Non-Festival,COD,7,3.0,No,11457.572
ORD103664,2024-06-08,CUST1576,Regular,Groceries,2,2334,2614.0800000000004,44.0,No,Non-Festival,Credit Card,5,2.7,No,1463.8848000000003
ORD103665,2024-01-14,CUST2459,Premium,Groceries,1,2377,2329.46,2.0,No,Non-Festival,COD,2,3.9,Yes,2282.8708
ORD103666,2024-06-26,CUST8088,Regular,Home Decor,1,2499,2374.05,5.0,No,Non-Festival,Wallet,3,4.5,No,2255.3475
ORD103667,2024-12-31,CUST7968,New,Fashion,3,6181,12980.1,30.0,Yes,Christmas/New Year,COD,7,2.7,No,9086.07
ORD103668,2024-02-22,CUST4751,Regular,Groceries,2,1583,2342.84,26.0,No,Non-Festival,Wallet,1,3.0,No,1733.7016
ORD103669,2024-11-30,CUST7523,Regular,Beauty,4,4342,12504.96,28.0,No,Non-Festival,Wallet,5,2.7,No,9003.571199999998
ORD103670,2024-01-22,CUST8836,Regular,Groceries,3,2168,5593.44,14.0,Yes,Republic Day,Credit Card,1,4.1,No,4810.358399999999
ORD103671,2024-01-30,CUST1417,Premium,Electronics,4,6844,17794.4,35.0,Yes,Republic Day,Wallet,7,2.7,No,11566.36
ORD103672,2024-07-09,CUST8312,Premium,Fashion,4,2672,10260.48,4.0,No,Non-Festival,Credit Card,6,2.7,No,9850.0608
ORD103673,2024-09-16,CUST3456,New,Home Decor,5,5694,27900.6,2.0,No,Non-Festival,UPI,1,3.2,No,27342.588
ORD103674,2024-07-23,CUST2481,Premium,Groceries,4,9642,29311.68,24.0,No,Non-Festival,UPI,5,3.2,No,22276.876800000002
ORD103675,2024-02-28,CUST3510,Regular,Electronics,4,6106,16852.559999999998,31.0,No,Non-Festival,UPI,6,3.9,No,11628.266399999997
ORD103676,2024-09-20,CUST8513,Premium,Beauty,2,3310,5296.0,20.0,No,Non-Festival,COD,6,2.6,No,4236.8
ORD103677,2024-01-12,CUST1933,New,Beauty,5,8526,22593.9,47.0,No,Non-Festival,Wallet,6,4.0,No,11974.767000000002
ORD103678,2024-04-28,CUST6675,Regular,Home Decor,5,9001,37804.2,16.0,No,Non-Festival,Credit Card,1,3.5,Yes,31755.527999999995
ORD103679,2024-10-16,CUST3793,Regular,Home Decor,3,9449,26079.24,8.0,No,Non-Festival,UPI,4,2.9,No,23992.900800000003
ORD103680,2024-12-03,CUST4436,Premium,Groceries,5,6771,25391.25,25.0,No,Non-Festival,Credit Card,4,4.1,Yes,19043.4375
ORD103681,2024-09-04,CUST4885,Regular,Home Decor,1,3974,3139.46,21.0,No,Non-Festival,UPI,1,3.3,No,2480.1734
ORD103682,2024-12-19,CUST4411,New,Electronics,2,4855,5826.0,40.0,No,Non-Festival,Wallet,3,4.6,No,3495.6
ORD103683,2024-05-06,CUST6482,Regular,Electronics,3,458,755.7,45.0,No,Non-Festival,UPI,3,5.0,No,415.63500000000005
ORD103684,2024-03-15,CUST7767,Regular,Electronics,1,7068,5513.04,25.0,No,Non-Festival,Credit Card,3,3.8,No,4134.78
ORD103685,2024-12-26,CUST7797,New,Groceries,4,7017,25261.2,10.0,Yes,Christmas/New Year,UPI,3,4.4,No,22735.08
ORD103686,2024-07-22,CUST5963,New,Groceries,1,5944,5409.04,9.0,No,Non-Festival,Credit Card,4,3.4,No,4922.2264000000005
ORD103687,2024-02-18,CUST5252,Regular,Home Decor,3,9307,21778.38,22.0,No,Non-Festival,UPI,7,3.8,No,16987.136400000003
ORD103688,2024-03-19,CUST2915,New,Groceries,5,4142,19881.6,4.0,No,Non-Festival,Credit Card,3,2.6,Yes,19086.336
ORD103689,2024-08-28,CUST3846,Regular,Electronics,2,437,655.5,25.0,Yes,Raksha Bandhan,UPI,5,4.3,No,491.625
ORD103690,2024-12-14,CUST5840,Regular,Fashion,3,3555,10345.05,3.0,No,Non-Festival,Wallet,3,4.2,No,10034.698499999999
ORD103691,2024-06-02,CUST2090,New,Electronics,1,9079,5265.820000000001,42.0,No,Non-Festival,UPI,5,3.2,No,3054.175600000001
ORD103692,2024-09-30,CUST2956,Premium,Fashion,1,8104,5996.96,26.0,No,Non-Festival,COD,4,3.8,No,4437.7504
ORD103693,2024-04-05,CUST8861,Regular,Home Decor,3,6801,12853.89,37.0,No,Non-Festival,Credit Card,5,4.2,No,8097.950699999999
ORD103694,2024-08-01,CUST8938,Regular,Beauty,3,5906,11871.06,33.0,No,Non-Festival,UPI,6,3.4,No,7953.610199999999
ORD103695,2024-10-20,CUST8698,Premium,Groceries,3,1358,3992.52,2.0,Yes,Diwali,,5,4.3,No,3912.6695999999997
ORD103696,2024-07-27,CUST2630,Regular,Groceries,5,794,2024.7,25.0,No,Non-Festival,Credit Card,1,4.5,No,1518.525
ORD103697,2024-12-08,CUST2732,Premium,Electronics,3,1950,4036.5,31.0,No,Non-Festival,UPI,5,3.1,No,2785.185
ORD103698,2024-03-28,CUST1983,Premium,Electronics,4,602,1806.0,25.0,Yes,Holi,UPI,6,3.3,No,1354.5
ORD103699,2024-11-01,CUST5413,Regular,Fashion,2,9213,15293.58,17.0,Yes,Diwali,Wallet,1,3.5,No,12693.6714
ORD103700,2024-09-20,CUST4004,Premium,Groceries,2,4038,7591.44,6.0,No,Non-Festival,UPI,6,3.1,No,7135.953599999999
ORD103701,2024-11-20,CUST5822,New,Home Decor,4,2740,6137.6,25.0,No,Non-Festival,Credit Card,3,4.4,No,4603.200000000001
ORD103702,2024-11-15,CUST2232,Regular,Electronics,1,6078,5348.64,12.0,No,Non-Festival,COD,5,3.9,No,4706.8032
ORD103703,2024-06-05,CUST6816,Regular,Groceries,1,7690,7305.5,5.0,No,Non-Festival,UPI,7,3.8,No,6940.224999999999
ORD103704,2024-06-04,CUST2725,Regular,Beauty,1,5734,3784.44,34.0,No,Non-Festival,COD,5,2.5,No,2497.7304
ORD103705,2024-05-18,CUST5456,Premium,Fashion,1,5486,3840.2,30.0,No,Non-Festival,Credit Card,2,3.3,No,2688.14
ORD103706,2024-04-30,CUST9544,New,Electronics,5,1813,5348.35,41.0,No,Non-Festival,Credit Card,3,4.6,No,3155.526500000001
ORD103707,2024-03-05,CUST2223,Regular,Electronics,4,6779,17354.24,36.0,No,Non-Festival,UPI,5,4.4,No,11106.713600000001
ORD103708,2024-04-16,CUST2298,Regular,Home Decor,2,5851,6787.160000000001,42.0,No,Non-Festival,Wallet,5,2.7,No,3936.552800000001
ORD103709,2024-05-26,CUST2488,Regular,Electronics,4,3879,15050.52,3.0,No,Non-Festival,UPI,2,4.5,No,14599.0044
ORD103710,2024-05-16,CUST9215,Premium,Groceries,2,3752,4427.360000000001,41.0,No,Non-Festival,Wallet,1,2.9,No,2612.1424000000006
ORD103711,2024-06-10,CUST4433,Regular,Groceries,1,7438,7214.86,3.0,No,Non-Festival,UPI,3,5.0,Yes,6998.414199999999
ORD103712,2024-04-09,CUST6118,New,Groceries,5,5196,14548.8,44.0,No,Non-Festival,COD,2,4.7,No,8147.328
ORD103713,2024-12-03,CUST9974,Regular,Beauty,3,1664,4642.56,7.0,No,Non-Festival,Wallet,3,4.8,No,4317.5808
ORD103714,2024-11-02,CUST1372,Premium,Beauty,3,6482,12250.98,37.0,Yes,Diwali,Wallet,3,3.8,Yes,7718.1174
ORD103715,2024-05-20,CUST2533,Premium,Electronics,1,5082,4573.8,10.0,No,Non-Festival,COD,1,4.3,No,4116.42
ORD103716,2024-03-23,CUST9211,Premium,Beauty,1,6445,6380.55,1.0,Yes,Holi,UPI,1,3.1,Yes,6316.7445
ORD103717,2024-06-25,CUST2778,Regular,Beauty,4,6811,22612.52,17.0,No,Non-Festival,Credit Card,4,4.0,No,18768.3916
ORD103718,2024-07-16,CUST6803,Premium,Home Decor,5,3300,13695.0,17.0,No,Non-Festival,Credit Card,2,4.2,No,11366.849999999999
ORD103719,2024-04-21,CUST9119,Regular,Beauty,5,4313,17036.350000000002,21.0,No,Non-Festival,UPI,6,3.2,No,13458.716500000002
ORD103720,2024-02-25,CUST5286,Regular,Fashion,4,4293,15283.08,11.0,No,Non-Festival,COD,2,3.5,No,13601.9412
ORD103721,2024-06-27,CUST4765,Premium,Fashion,5,8324,34960.8,16.0,No,Non-Festival,Credit Card,7,4.9,No,29367.072
ORD103722,2024-07-04,CUST8784,Premium,Fashion,5,5051,21214.2,16.0,No,Non-Festival,COD,3,3.5,No,17819.928
ORD103723,2024-08-05,CUST8606,Regular,Electronics,3,9078,17702.100000000002,35.0,No,Non-Festival,UPI,4,3.3,No,11506.365000000002
ORD103724,2024-11-11,CUST2813,Regular,Groceries,5,3779,13604.4,28.0,No,Non-Festival,COD,4,2.8,No,9795.168
ORD103725,2024-08-04,CUST6415,New,Home Decor,1,8992,4675.84,48.0,No,Non-Festival,COD,7,3.4,No,2431.4368
ORD103726,2024-04-29,CUST7063,New,Electronics,3,9435,24059.25,15.0,No,Non-Festival,COD,3,4.0,No,20450.3625
ORD103727,2024-06-23,CUST1444,Regular,Groceries,1,5645,3387.0,40.0,No,Non-Festival,Credit Card,1,2.9,No,2032.1999999999998
ORD103728,2024-01-23,CUST1706,Premium,Home Decor,1,9771,8793.9,10.0,Yes,Republic Day,COD,4,4.0,No,7914.51
ORD103729,2024-07-31,CUST5370,Regular,Home Decor,4,4728,10779.840000000002,43.0,No,Non-Festival,Wallet,2,4.4,No,6144.508800000001
ORD103730,2024-08-22,CUST7866,Premium,Home Decor,5,7766,22521.4,42.0,No,Non-Festival,COD,1,4.4,No,13062.412000000002
ORD103731,2024-01-13,CUST1680,New,Fashion,5,9433,26412.4,44.0,No,Non-Festival,COD,5,5.0,Yes,14790.944000000001
ORD103732,2024-04-10,CUST7885,Regular,Fashion,5,1773,7003.35,21.0,No,Non-Festival,UPI,4,3.6,No,5532.646500000001
ORD103733,2024-01-24,CUST5979,Premium,Fashion,5,5920,21016.0,29.0,Yes,Republic Day,COD,3,2.6,No,14921.359999999999
ORD103734,2024-12-29,CUST3483,Regular,Home Decor,3,9755,27216.45,7.0,Yes,Christmas/New Year,COD,2,4.6,No,25311.2985
ORD103735,2024-01-11,CUST6166,Premium,Home Decor,2,9402,10342.2,45.0,No,Non-Festival,Credit Card,7,2.7,No,5688.210000000001
ORD103736,2024-09-29,CUST8319,Premium,Fashion,1,1456,1208.48,25.0,No,Non-Festival,Wallet,4,4.7,No,906.36
ORD103737,2024-10-07,CUST3101,New,Home Decor,2,1327,1459.7,45.0,No,Non-Festival,UPI,3,5.0,No,802.835
ORD103738,2024-04-03,CUST2295,Regular,Fashion,2,9415,16005.5,15.0,No,Non-Festival,Wallet,2,4.8,No,13604.675
ORD103739,2024-07-19,CUST1193,Regular,Fashion,2,2984,3222.7200000000003,46.0,No,Non-Festival,COD,4,4.9,No,1740.2688000000003
ORD103740,2024-01-21,CUST4892,Regular,Fashion,3,6281,15262.830000000002,19.0,Yes,Republic Day,Credit Card,2,2.6,No,12362.892300000001
ORD103741,2024-12-05,CUST6128,New,Groceries,2,1249,1548.76,38.0,No,Non-Festival,Wallet,5,2.5,No,960.2312
ORD103742,2024-07-29,CUST6314,Premium,Home Decor,3,5383,15018.57,7.0,No,Non-Festival,,7,3.0,No,13967.270099999998
ORD103743,2024-05-19,CUST9596,Premium,Electronics,4,2501,7102.839999999999,29.0,No,Non-Festival,Wallet,7,4.5,No,5043.0163999999995
ORD103744,2024-10-19,CUST6546,Regular,Fashion,4,9546,24055.92,37.0,No,Non-Festival,Wallet,7,2.7,No,15155.229599999999
ORD103745,2024-10-24,CUST8055,New,Electronics,4,229,659.52,28.0,Yes,Diwali,Wallet,2,4.4,No,474.85439999999994
ORD103746,2024-04-10,CUST7751,New,Groceries,3,9178,24229.92,12.0,No,Non-Festival,Credit Card,7,2.5,No,21322.329599999997
ORD103747,2024-10-30,CUST8550,Premium,Home Decor,3,9562,24096.24,16.0,Yes,Diwali,COD,7,4.3,No,20240.8416
ORD103748,2024-12-24,CUST8431,Regular,Fashion,1,3398,2072.78,39.0,Yes,Christmas/New Year,Credit Card,3,3.1,No,1264.3958
ORD103749,2024-01-28,CUST2481,Regular,Fashion,2,1564,1814.24,42.0,Yes,Republic Day,Credit Card,4,3.6,No,1052.2592000000002
ORD103750,2024-02-10,CUST1596,Premium,Fashion,5,9933,41718.6,16.0,No,Non-Festival,Credit Card,3,4.9,No,35043.623999999996
ORD103751,2024-12-20,CUST6301,Premium,Electronics,5,4693,21587.8,8.0,Yes,Christmas/New Year,Credit Card,5,3.9,No,19860.776
ORD103752,2024-10-29,CUST5878,Regular,Groceries,2,8705,17235.9,1.0,Yes,,COD,6,2.7,No,17063.541
ORD103753,2024-05-25,CUST6607,Premium,Home Decor,5,2895,8540.250000000002,41.0,No,Non-Festival,COD,1,4.7,No,5038.747500000001
ORD103754,2024-09-12,CUST5293,Regular,Groceries,5,6845,26353.25,23.0,No,Non-Festival,Credit Card,2,3.3,No,20292.0025
ORD103755,2024-08-14,CUST2930,Premium,Fashion,5,8921,35684.0,20.0,Yes,Independence Day,Wallet,3,4.0,No,28547.2
ORD103756,2024-08-23,CUST7732,Premium,Groceries,3,6080,10032.0,45.0,No,Non-Festival,COD,6,4.3,No,5517.6
ORD103757,2024-12-26,CUST7461,Regular,Electronics,3,8349,24796.53,1.0,Yes,Christmas/New Year,COD,4,4.4,No,24548.5647
ORD103758,2024-01-13,CUST2961,Premium,Beauty,3,6059,17449.92,4.0,No,Non-Festival,Credit Card,4,3.6,No,16751.923199999997
ORD103759,2024-07-28,CUST2019,Regular,Beauty,2,8703,14621.04,16.0,No,Non-Festival,Wallet,1,4.4,No,12281.6736
ORD103760,2024-08-16,CUST6668,Regular,Home Decor,4,1195,3680.6,23.0,Yes,Independence Day,Wallet,4,2.8,No,2834.062
ORD103761,2024-04-09,CUST9898,New,Home Decor,5,7065,32852.25,7.0,No,Non-Festival,Credit Card,7,3.8,No,30552.5925
ORD103762,2024-01-31,CUST7437,Regular,Groceries,1,7696,5464.16,29.0,No,Non-Festival,Credit Card,5,2.6,No,3879.5535999999997
ORD103763,2024-01-16,CUST8063,Regular,Home Decor,3,2831,4331.43,49.0,No,Non-Festival,COD,1,3.5,No,2209.0293
ORD103764,2024-05-16,CUST7633,Regular,Electronics,1,463,365.77,21.0,No,Non-Festival,COD,5,3.4,No,288.9583
ORD103765,2024-11-24,CUST9824,Regular,Fashion,5,7884,30353.4,23.0,No,Non-Festival,UPI,2,4.9,No,23372.118000000002
ORD103766,2024-06-14,CUST3162,Regular,Fashion,4,8412,25236.0,25.0,No,Non-Festival,UPI,5,3.5,No,18927.0
ORD103767,2024-11-05,CUST1240,Regular,Groceries,1,9588,8916.84,7.0,Yes,Diwali,Credit Card,2,4.8,No,8292.6612
ORD103768,2024-04-09,CUST6496,Premium,Fashion,5,5243,23331.35,11.0,No,Non-Festival,UPI,5,3.6,No,20764.9015
ORD103769,2024-04-18,CUST1534,Regular,Groceries,5,5316,23124.6,13.0,No,Non-Festival,Wallet,1,3.8,No,20118.402
ORD103770,2024-12-08,CUST5465,Premium,Home Decor,3,3333,7099.29,29.0,No,Non-Festival,Wallet,2,3.4,No,5040.4959
ORD103771,2024-06-21,CUST1913,Regular,Home Decor,4,8597,22696.08,34.0,No,Non-Festival,Wallet,6,4.1,No,14979.4128
ORD103772,2024-08-24,CUST4753,Regular,Electronics,5,1836,6426.0,30.0,No,Non-Festival,COD,5,4.3,No,4498.2
ORD103773,2024-06-10,CUST1301,Regular,Fashion,4,9022,26344.24,27.0,No,Non-Festival,UPI,5,4.5,Yes,19231.2952
ORD103774,2024-08-03,CUST3869,New,Electronics,3,8011,13218.15,45.0,No,Non-Festival,UPI,4,4.2,No,7269.9825
ORD103775,2024-09-20,CUST2732,Premium,Beauty,1,4735,3503.9,26.0,No,Non-Festival,Credit Card,7,3.3,No,2592.886
ORD103776,2024-09-19,CUST4571,Premium,Electronics,2,1298,1687.4,35.0,No,Non-Festival,COD,5,3.3,Yes,1096.8100000000002
ORD103777,2024-10-18,CUST1394,Regular,Groceries,2,489,978.0,0.0,No,Non-Festival,COD,4,3.4,No,978.0
ORD103778,2024-09-30,CUST7163,New,Groceries,2,2804,3364.8,40.0,No,Non-Festival,,5,2.6,No,2018.88
ORD103779,2024-01-03,CUST3639,Regular,Electronics,4,407,1416.36,13.0,No,Non-Festival,Wallet,3,4.9,No,1232.2332
ORD103780,2024-01-28,CUST4197,Regular,Home Decor,2,8663,15766.66,9.0,Yes,Republic Day,COD,4,3.0,No,14347.660600000001
ORD103781,2024-11-21,CUST1320,Premium,Beauty,1,3878,1977.78,49.0,No,Non-Festival,UPI,1,2.9,No,1008.6678
ORD103782,2024-05-28,CUST6308,Regular,Electronics,5,8806,25977.700000000004,41.0,No,Non-Festival,Credit Card,1,3.9,No,15326.843000000004
ORD103783,2024-01-28,CUST5566,New,Home Decor,4,3668,13791.679999999998,6.0,Yes,Republic Day,UPI,2,2.6,No,12964.179199999999
ORD103784,2024-11-05,CUST2947,Regular,Electronics,1,9676,5902.36,39.0,Yes,Diwali,COD,6,4.6,No,3600.4395999999997
ORD103785,2024-03-05,CUST8131,New,Fashion,4,5186,18047.28,13.0,No,Non-Festival,Credit Card,6,4.7,No,15701.1336
ORD103786,2024-12-21,CUST7824,Premium,Groceries,4,9433,24525.8,35.0,Yes,Christmas/New Year,Wallet,1,3.5,No,15941.77
ORD103787,2024-01-21,CUST3804,Premium,Fashion,4,4290,12698.4,26.0,Yes,Republic Day,Credit Card,2,4.9,Yes,9396.815999999999
ORD103788,2024-09-08,CUST4840,Regular,Fashion,3,7003,18908.1,10.0,No,Non-Festival,COD,1,3.3,Yes,17017.29
ORD103789,2024-08-22,CUST4244,Regular,Beauty,5,2494,7357.300000000001,41.0,No,Non-Festival,COD,4,3.2,No,4340.807000000002
ORD103790,2024-08-14,CUST1204,New,Home Decor,2,2661,2767.44,48.0,Yes,Independence Day,Credit Card,3,5.0,No,1439.0688
ORD103791,2024-01-13,CUST9941,Regular,Groceries,3,8145,15638.4,36.0,No,Non-Festival,COD,2,3.1,No,10008.576
ORD103792,2024-11-08,CUST4628,Premium,Fashion,5,9735,28718.250000000004,41.0,Yes,Diwali,COD,3,3.6,No,16943.767500000005
ORD103793,2024-02-18,CUST2687,New,Groceries,2,5873,10688.86,9.0,No,Non-Festival,COD,5,4.0,No,9726.8626
ORD103794,2024-04-27,CUST5226,Regular,Home Decor,3,3567,10058.94,6.0,No,Non-Festival,COD,5,3.3,No,9455.4036
ORD103795,2024-02-23,CUST9255,Premium,Electronics,3,1143,2880.36,16.0,No,Non-Festival,Credit Card,3,3.5,Yes,2419.5024
ORD103796,2024-05-17,CUST4896,Premium,Fashion,1,4356,3876.84,11.0,No,Non-Festival,Credit Card,4,4.3,No,3450.3876
ORD103797,2024-02-22,CUST3578,Regular,Home Decor,3,365,700.8000000000001,36.0,No,Non-Festival,UPI,3,3.8,No,448.51200000000006
ORD103798,2024-02-13,CUST3094,Regular,Groceries,4,2105,5388.8,36.0,No,Non-Festival,,3,4.5,No,3448.8320000000003
ORD103799,2024-10-29,CUST8857,Regular,Home Decor,3,3256,6349.2,35.0,Yes,Diwali,Wallet,3,4.0,No,4126.9800000000005
ORD103800,2024-02-22,CUST4238,Regular,Electronics,4,9715,36528.4,6.0,No,Non-Festival,UPI,2,3.1,No,34336.695999999996
ORD103801,2024-03-14,CUST1834,Premium,Home Decor,5,550,2117.5,23.0,No,Non-Festival,Credit Card,7,3.3,No,1630.4750000000001
ORD103802,2024-02-15,CUST2039,Regular,Groceries,5,3509,11755.15,33.0,No,Non-Festival,UPI,2,4.8,No,7875.950499999999
ORD103803,2024-01-13,CUST7112,New,Fashion,4,5861,23444.0,0.0,No,Non-Festival,COD,7,4.3,No,23444.0
ORD103804,2024-06-13,CUST5936,Regular,Fashion,1,1131,814.3199999999999,28.0,No,Non-Festival,COD,3,2.7,No,586.3104
ORD103805,2024-04-11,CUST4750,Premium,Beauty,1,4038,3028.5,25.0,No,Non-Festival,Wallet,6,4.4,Yes,2271.375
ORD103806,2024-10-06,CUST1186,Premium,Groceries,5,9505,43247.75,9.0,No,Non-Festival,Credit Card,4,3.3,No,39355.4525
ORD103807,2024-09-14,CUST6936,Regular,Beauty,3,8258,24774.0,0.0,No,Non-Festival,Wallet,5,2.6,Yes,24774.0
ORD103808,2024-12-02,CUST6572,Regular,Beauty,5,2189,6129.200000000001,44.0,No,Non-Festival,UPI,5,3.7,No,3432.3520000000008
ORD103809,2024-12-21,CUST3020,Premium,Electronics,5,9777,41063.4,16.0,Yes,Christmas/New Year,Wallet,5,4.7,No,34493.256
ORD103810,2024-05-17,CUST5508,New,Groceries,4,3684,8841.6,40.0,No,Non-Festival,Wallet,1,3.6,Yes,5304.96
ORD103811,2024-06-11,CUST5267,Regular,Fashion,1,8086,5255.900000000001,25.0,No,Non-Festival,COD,4,5.0,No,3941.925
ORD103812,2024-04-20,CUST6379,Regular,Groceries,4,1316,4842.88,8.0,No,Non-Festival,,2,2.9,No,4455.4496
ORD103813,2024-04-11,CUST7043,Regular,Electronics,5,8525,26427.5,38.0,No,Non-Festival,UPI,5,3.4,No,16385.05
ORD103814,2024-01-17,CUST3301,Regular,Groceries,2,9619,15005.64,22.0,No,Non-Festival,Credit Card,2,2.5,No,11704.3992
ORD103815,2024-09-24,CUST2653,Premium,Groceries,3,7162,15469.92,28.0,No,Non-Festival,Wallet,2,2.6,No,11138.3424
ORD103816,2024-06-30,CUST6307,New,Beauty,5,6167,30526.65,1.0,No,Non-Festival,Credit Card,2,3.4,No,30221.3835
ORD103817,2024-01-24,CUST7405,Regular,Groceries,4,8104,26905.28,17.0,Yes,Republic Day,UPI,6,3.8,Yes,22331.3824
ORD103818,2024-01-29,CUST8428,New,Beauty,2,4733,6910.179999999999,27.0,Yes,Republic Day,Wallet,2,3.1,Yes,5044.4313999999995
ORD103819,2024-06-19,CUST4917,Regular,Beauty,2,9071,9796.68,46.0,No,Non-Festival,Credit Card,3,2.9,No,5290.207200000001
ORD103820,2024-08-15,CUST3589,Premium,Home Decor,5,2869,8463.550000000001,41.0,Yes,Independence Day,COD,2,3.6,Yes,4993.494500000002
ORD103821,2024-07-06,CUST7919,Regular,Electronics,1,9639,5012.28,48.0,No,Non-Festival,COD,1,2.9,No,2606.3856
ORD103822,2024-12-11,CUST3613,Regular,Beauty,2,1391,2615.08,6.0,No,Non-Festival,UPI,2,4.1,No,2458.1751999999997
ORD103823,2024-08-17,CUST4750,Regular,Groceries,3,1330,3591.0,10.0,Yes,Independence Day,Wallet,5,4.9,No,3231.9
ORD103824,2024-11-16,CUST4047,Regular,Beauty,4,1603,6027.28,6.0,No,Non-Festival,UPI,2,4.5,No,5665.6431999999995
ORD103825,2024-12-05,CUST1470,Premium,Beauty,4,5830,13525.600000000002,42.0,No,Non-Festival,Credit Card,5,3.0,No,7844.848000000002
ORD103826,2024-04-28,CUST7286,Premium,Beauty,4,9722,29943.76,23.0,No,Non-Festival,Credit Card,2,4.9,No,23056.6952
ORD103827,2024-06-04,CUST3099,Regular,Fashion,5,5230,22489.0,14.0,No,Non-Festival,UPI,4,4.4,No,19340.54
ORD103828,2024-09-28,CUST6102,New,Fashion,4,1581,4426.799999999999,30.0,No,Non-Festival,,3,2.9,Yes,3098.7599999999993
ORD103829,2024-06-23,CUST5607,Regular,Fashion,4,569,1866.32,18.0,No,Non-Festival,UPI,5,3.9,No,1530.3824
ORD103830,2024-04-13,CUST8248,Premium,Fashion,3,5292,14447.16,9.0,No,Non-Festival,UPI,1,4.9,No,13146.9156
ORD103831,2024-04-01,CUST7413,Regular,Home Decor,1,3994,2116.82,47.0,No,Non-Festival,COD,2,2.7,No,1121.9146
ORD103832,2024-07-04,CUST3109,Regular,Beauty,5,6514,30290.1,7.0,No,Non-Festival,Credit Card,5,3.2,Yes,28169.792999999998
ORD103833,2024-10-09,CUST8294,Regular,Home Decor,5,5900,29500.0,0.0,No,Non-Festival,UPI,6,3.4,Yes,29500.0
ORD103834,2024-06-29,CUST5348,Premium,Groceries,4,9568,37889.28,1.0,No,Non-Festival,COD,7,2.8,No,37510.3872
ORD103835,2024-06-18,CUST2124,Premium,Electronics,3,8767,18936.72,28.0,No,Non-Festival,UPI,3,3.2,Yes,13634.438400000001
ORD103836,2024-07-05,CUST3578,Regular,Home Decor,2,2960,3492.8000000000006,41.0,No,Non-Festival,Credit Card,6,4.2,No,2060.752000000001
ORD103837,2024-06-23,CUST2918,Regular,Fashion,4,2143,7800.52,9.0,No,Non-Festival,COD,2,3.7,No,7098.4732
ORD103838,2024-08-09,CUST7788,Regular,Fashion,4,1157,2730.5200000000004,41.0,No,Non-Festival,Credit Card,3,3.6,No,1611.0068000000006
ORD103839,2024-08-20,CUST1169,Premium,Groceries,5,9202,42329.2,8.0,Yes,Independence Day,Wallet,1,3.6,No,38942.864
ORD103840,2024-06-10,CUST3470,Premium,Beauty,5,5122,13061.1,49.0,No,Non-Festival,Wallet,5,4.4,No,6661.161
ORD103841,2024-05-13,CUST3519,Regular,Electronics,4,6829,19121.2,30.0,No,Non-Festival,Wallet,1,5.0,No,13384.84
ORD103842,2024-08-11,CUST5398,Regular,Home Decor,5,1733,5978.849999999999,31.0,Yes,Independence Day,Wallet,3,4.0,No,4125.406499999999
ORD103843,2024-06-01,CUST3255,Premium,Beauty,3,7085,21042.45,1.0,No,Non-Festival,COD,4,4.4,Yes,20832.0255
ORD103844,2024-02-02,CUST4521,Regular,Beauty,2,8801,13553.54,23.0,No,Non-Festival,Credit Card,4,3.4,No,10436.2258
ORD103845,2024-02-24,CUST6604,Regular,Home Decor,2,253,323.84000000000003,36.0,No,Non-Festival,UPI,6,4.7,No,207.25760000000002
ORD103846,2024-01-07,CUST2734,Regular,Home Decor,2,4996,5795.360000000001,42.0,No,Non-Festival,UPI,7,3.6,No,3361.3088000000007
ORD103847,2024-08-31,CUST9000,Regular,Home Decor,4,9490,36062.0,5.0,Yes,Raksha Bandhan,UPI,5,4.8,No,34258.9
ORD103848,2024-11-08,CUST3504,Premium,Home Decor,4,2596,9657.12,7.0,Yes,Diwali,Credit Card,2,4.4,No,8981.1216
ORD103849,2024-05-05,CUST7514,Premium,Fashion,4,9366,22853.04,39.0,No,Non-Festival,COD,6,4.3,No,13940.3544
ORD103850,2024-01-12,CUST7846,Regular,Beauty,3,8051,18356.28,24.0,No,Non-Festival,Credit Card,1,3.2,No,13950.772799999999
ORD103851,2024-01-16,CUST2166,Premium,Beauty,2,5121,6042.780000000001,41.0,No,Non-Festival,Wallet,4,4.5,No,3565.240200000001
ORD103852,2024-07-26,CUST2194,Regular,Fashion,5,7453,21613.700000000004,42.0,No,Non-Festival,UPI,4,2.8,No,12535.946000000004
ORD103853,2024-02-12,CUST9680,New,Beauty,5,5039,19148.2,24.0,No,Non-Festival,Credit Card,2,3.8,No,14552.632000000001
ORD103854,2024-05-14,CUST8692,Premium,Home Decor,1,2758,1516.9,45.0,No,Non-Festival,Wallet,1,4.3,No,834.2950000000001
ORD103855,2024-08-15,CUST2634,Premium,Electronics,1,8530,7677.0,10.0,Yes,Independence Day,Wallet,3,4.7,No,6909.3
ORD103856,2024-04-20,CUST4706,Regular,Beauty,5,2720,8975.999999999998,34.0,No,Non-Festival,COD,6,3.9,No,5924.159999999998
ORD103857,2024-11-02,CUST1566,Regular,Electronics,2,4837,9674.0,0.0,Yes,Diwali,UPI,4,3.1,No,9674.0
ORD103858,2024-06-08,CUST9669,Regular,Electronics,4,4027,12564.24,22.0,No,Non-Festival,Credit Card,5,4.6,No,9800.1072
ORD103859,2024-11-26,CUST5955,Premium,Fashion,5,6829,33462.1,2.0,No,Non-Festival,Wallet,5,4.4,No,32792.858
ORD103860,2024-09-20,CUST3273,Regular,Groceries,5,1537,4611.0,40.0,No,Non-Festival,Wallet,3,2.9,No,2766.6
ORD103861,2024-08-12,CUST6413,New,Beauty,1,2494,2494.0,0.0,Yes,Independence Day,UPI,2,4.7,No,2494.0
ORD103862,2024-08-04,CUST5873,New,Fashion,2,2877,3279.78,43.0,No,Non-Festival,Credit Card,2,4.9,No,1869.4746000000002
ORD103863,2024-02-14,CUST9683,Premium,Fashion,5,6781,30175.45,11.0,No,Non-Festival,Credit Card,6,3.8,No,26856.1505
ORD103864,2024-08-01,CUST7045,New,Electronics,4,272,685.44,37.0,No,Non-Festival,UPI,4,2.6,No,431.82720000000006
ORD103865,2024-02-28,CUST1059,Regular,Beauty,4,7436,18143.84,39.0,No,Non-Festival,Wallet,6,4.8,No,11067.7424
ORD103866,2024-05-11,CUST2567,Regular,Fashion,3,7519,15789.9,30.0,No,Non-Festival,COD,4,2.8,Yes,11052.929999999998
ORD103867,2024-04-13,CUST3564,Regular,Home Decor,4,2341,6742.08,28.0,No,Non-Festival,UPI,4,4.1,No,4854.2976
ORD103868,2024-07-13,CUST4961,Premium,Fashion,5,4730,15608.999999999998,34.0,No,Non-Festival,Wallet,3,3.5,No,10301.939999999997
ORD103869,2024-06-05,CUST8779,Regular,Home Decor,5,4752,17344.8,27.0,No,Non-Festival,COD,3,5.0,No,12661.704
ORD103870,2024-04-07,CUST5296,New,Groceries,4,3701,11843.2,20.0,No,Non-Festival,UPI,4,4.8,Yes,9474.560000000001
ORD103871,2024-08-13,CUST5745,Regular,Home Decor,1,2277,2049.3,10.0,Yes,Independence Day,UPI,2,4.5,No,1844.3700000000001
ORD103872,2024-07-23,CUST4930,Regular,Home Decor,2,8726,13089.0,25.0,No,Non-Festival,Wallet,1,3.0,No,9816.75
ORD103873,2024-03-19,CUST8271,New,Electronics,5,4955,22297.5,10.0,No,Non-Festival,UPI,4,4.2,No,20067.75
ORD103874,2024-05-03,CUST8401,Regular,Fashion,4,2815,10809.6,4.0,No,Non-Festival,Credit Card,2,3.9,No,10377.216
ORD103875,2024-08-05,CUST8027,Regular,Groceries,4,5556,20890.56,6.0,No,Non-Festival,Credit Card,2,2.8,No,19637.1264
ORD103876,2024-01-04,CUST8665,Premium,Fashion,5,4372,15301.999999999998,30.0,No,Non-Festival,COD,5,3.8,No,10711.399999999998
ORD103877,2024-03-30,CUST3700,Regular,Home Decor,3,1132,2105.52,38.0,Yes,Holi,UPI,6,2.7,No,1305.4224
ORD103878,2024-04-13,CUST4398,Regular,Home Decor,2,835,985.3000000000002,41.0,No,Non-Festival,Credit Card,1,3.7,No,581.3270000000002
ORD103879,2024-04-28,CUST5003,Regular,Fashion,5,6883,32005.95,7.0,No,Non-Festival,Wallet,4,3.6,No,29765.533499999998
ORD103880,2024-05-12,CUST5213,Regular,Groceries,4,5973,17680.079999999998,26.0,No,Non-Festival,Wallet,7,4.5,No,13083.259199999999
ORD103881,2024-11-07,CUST8590,New,Groceries,3,3429,8229.6,20.0,Yes,Diwali,Wallet,1,3.6,No,6583.68
ORD103882,2024-04-05,CUST5506,New,Electronics,5,1390,4934.5,29.0,No,Non-Festival,Credit Card,4,4.2,No,3503.495
ORD103883,2024-11-26,CUST1110,Regular,Home Decor,2,5708,9931.92,13.0,No,Non-Festival,UPI,7,3.7,No,8640.7704
ORD103884,2024-05-22,CUST1014,Regular,Home Decor,3,211,633.0,0.0,No,Non-Festival,UPI,6,4.0,No,633.0
ORD103885,2024-10-14,CUST7684,Regular,Electronics,4,9841,22043.840000000004,44.0,No,Non-Festival,UPI,1,3.1,No,12344.550400000004
ORD103886,2024-01-28,CUST4938,New,Fashion,1,8260,6360.2,23.0,Yes,Republic Day,COD,1,3.0,No,4897.354
ORD103887,2024-10-04,CUST1551,Regular,Home Decor,2,648,1231.2,5.0,No,Non-Festival,UPI,2,4.3,No,1169.64
ORD103888,2024-08-20,CUST2212,Regular,Fashion,3,7861,22403.85,5.0,Yes,Independence Day,Credit Card,7,2.8,No,21283.657499999998
ORD103889,2024-01-17,CUST3033,Premium,Groceries,5,2696,12940.8,4.0,No,Non-Festival,Credit Card,1,2.9,No,12423.168
ORD103890,2024-02-28,CUST3240,New,Beauty,5,6085,20080.5,34.0,No,Non-Festival,UPI,1,4.9,No,13253.13
ORD103891,2024-03-30,CUST7484,Regular,Electronics,3,626,1070.46,43.0,Yes,Holi,Wallet,6,3.1,No,610.1622000000001
ORD103892,2024-07-17,CUST3112,Regular,Home Decor,5,7299,31385.7,14.0,No,Non-Festival,COD,7,3.3,No,26991.702
ORD103893,2024-12-27,CUST6449,Regular,Electronics,3,9307,18427.86,34.0,Yes,Christmas/New Year,COD,4,4.1,No,12162.387599999998
ORD103894,2024-01-26,CUST7798,Regular,Groceries,2,3369,3571.1400000000003,47.0,Yes,Republic Day,Credit Card,2,3.6,No,1892.7042000000004
ORD103895,2024-01-25,CUST3959,Premium,Groceries,5,646,1647.3,49.0,Yes,Republic Day,COD,1,3.9,No,840.123
ORD103896,2024-10-27,CUST3309,Premium,Groceries,2,2450,2940.0,40.0,Yes,Diwali,Wallet,2,2.9,No,1764.0
ORD103897,2024-12-04,CUST4832,Premium,Groceries,4,7311,27196.92,7.0,No,Non-Festival,UPI,2,4.2,No,25293.135599999998
ORD103898,2024-09-23,CUST8749,Regular,Beauty,4,2881,6683.920000000001,42.0,No,Non-Festival,COD,3,2.9,No,3876.673600000001
ORD103899,2024-06-29,CUST6111,Regular,Fashion,4,1601,4226.639999999999,34.0,No,Non-Festival,COD,4,4.4,No,2789.5823999999993
ORD103900,2024-12-25,CUST2816,Regular,Fashion,4,3607,13850.88,4.0,Yes,,Credit Card,3,3.8,No,13296.844799999999
ORD103901,2024-03-08,CUST2857,Regular,Beauty,5,6961,24363.5,30.0,No,Non-Festival,Wallet,2,4.5,No,17054.45
ORD103902,2024-12-16,CUST1169,Premium,Fashion,3,1243,2200.11,41.0,No,Non-Festival,Credit Card,6,2.9,No,1298.0649000000003
ORD103903,2024-11-16,CUST5593,Regular,Groceries,5,5563,19470.5,25.0,No,Non-Festival,Credit Card,6,3.4,Yes,14602.875
ORD103904,2024-02-18,CUST4360,Regular,Fashion,5,591,1891.2,36.0,No,Non-Festival,COD,1,4.6,No,1210.3680000000002
ORD103905,2024-06-23,CUST3616,Regular,Electronics,2,5019,9335.34,7.0,No,Non-Festival,Credit Card,7,4.5,No,8681.8662
ORD103906,2024-02-21,CUST6556,Regular,Fashion,3,7079,20175.15,5.0,No,Non-Festival,Credit Card,4,4.9,Yes,19166.3925
ORD103907,2024-04-11,CUST3294,Regular,Electronics,1,6184,4823.52,22.0,No,Non-Festival,COD,5,3.1,Yes,3762.3456000000006
ORD103908,2024-08-03,CUST2070,New,Home Decor,1,1485,1262.25,15.0,No,Non-Festival,COD,4,3.8,No,1072.9125
ORD103909,2024-07-06,CUST6755,Regular,Electronics,3,6563,11222.73,43.0,No,Non-Festival,COD,3,2.5,No,6396.9561
ORD103910,2024-02-26,CUST7389,Premium,Electronics,1,5327,2770.04,48.0,No,Non-Festival,UPI,7,4.9,No,1440.4208
ORD103911,2024-02-16,CUST7515,Regular,Groceries,3,6789,18941.31,7.0,No,Non-Festival,Wallet,4,2.9,No,17615.4183
ORD103912,2024-06-07,CUST4284,Regular,Groceries,2,9033,17524.02,3.0,No,Non-Festival,UPI,1,4.8,No,16998.2994
ORD103913,2024-06-22,CUST2840,New,Groceries,2,9437,13023.06,31.0,No,Non-Festival,COD,4,4.2,No,8985.911399999999
ORD103914,2024-08-29,CUST7061,Regular,Electronics,5,4237,11016.2,48.0,Yes,Raksha Bandhan,Wallet,5,4.8,No,5728.424000000001
ORD103915,2024-10-08,CUST1468,Premium,Beauty,1,7054,6912.92,2.0,No,Non-Festival,Credit Card,6,3.1,No,6774.6616
ORD103916,2024-08-28,CUST9605,Regular,Groceries,3,9549,14609.97,49.0,Yes,Raksha Bandhan,Wallet,7,3.4,No,7451.084699999999
ORD103917,2024-01-05,CUST6325,Premium,Groceries,2,3449,5863.3,15.0,No,Non-Festival,COD,3,3.8,No,4983.805
ORD103918,2024-03-24,CUST1036,Premium,Electronics,5,1743,5839.049999999999,33.0,Yes,Holi,UPI,3,3.6,No,3912.163499999999
ORD103919,2024-11-03,CUST8982,New,Home Decor,1,991,872.08,12.0,Yes,Diwali,Wallet,2,4.9,No,767.4304000000001
ORD103920,2024-12-26,CUST3080,New,Home Decor,1,8828,6003.039999999999,32.0,Yes,Christmas/New Year,Credit Card,7,3.9,Yes,4082.067199999999
ORD103921,2024-09-04,CUST1552,Premium,Fashion,1,5370,4242.3,21.0,No,Non-Festival,UPI,3,3.5,No,3351.4170000000004
ORD103922,2024-02-23,CUST9214,Regular,Home Decor,2,6243,8740.199999999999,30.0,No,Non-Festival,UPI,5,3.3,No,6118.1399999999985
ORD103923,2024-06-09,CUST3103,Premium,Groceries,2,6298,9698.92,23.0,No,Non-Festival,UPI,5,4.0,No,7468.1684000000005
ORD103924,2024-08-13,CUST7868,Premium,Beauty,1,7648,7495.04,2.0,Yes,Independence Day,UPI,6,4.3,No,7345.1392
ORD103925,2024-01-15,CUST1126,Regular,Fashion,2,7411,10078.96,32.0,No,Non-Festival,Credit Card,3,3.5,Yes,6853.692799999999
ORD103926,2024-08-11,CUST4763,Regular,Beauty,1,4982,3537.22,29.0,Yes,Independence Day,COD,6,3.1,No,2511.4262
ORD103927,2024-03-01,CUST2957,New,Beauty,4,7998,23994.0,25.0,No,Non-Festival,Credit Card,4,4.0,No,17995.5
ORD103928,2024-05-01,CUST4901,Regular,Groceries,2,4159,5573.06,33.0,No,Non-Festival,COD,5,3.4,No,3733.9501999999998
ORD103929,2024-10-03,CUST1401,Regular,Electronics,3,4564,10816.68,21.0,No,Non-Festival,COD,3,5.0,No,8545.1772
ORD103930,2024-02-15,CUST2646,New,Electronics,2,1916,2720.72,29.0,No,Non-Festival,Wallet,3,3.6,No,1931.7111999999997
ORD103931,2024-10-20,CUST8700,Regular,Electronics,1,3836,2531.76,34.0,Yes,Diwali,Credit Card,4,3.6,No,1670.9615999999999
ORD103932,2024-03-02,CUST4159,Regular,Home Decor,3,8070,18399.6,24.0,No,Non-Festival,COD,6,4.6,No,13983.696
ORD103933,2024-03-26,CUST2021,Premium,Electronics,5,7561,27597.65,27.0,Yes,Holi,Credit Card,7,3.1,No,20146.2845
ORD103934,2024-07-28,CUST9264,Regular,Groceries,3,5871,11976.839999999998,32.0,No,Non-Festival,Credit Card,3,2.7,No,8144.251199999998
ORD103935,2024-03-18,CUST6542,Premium,Home Decor,3,8580,20077.2,22.0,No,Non-Festival,COD,1,4.6,No,15660.216
ORD103936,2024-07-20,CUST7912,Regular,Electronics,2,5926,8889.0,25.0,No,Non-Festival,COD,2,4.0,No,6666.75
ORD103937,2024-10-28,CUST2517,Regular,Beauty,3,7757,21409.32,8.0,Yes,Diwali,UPI,5,3.2,No,19696.5744
ORD103938,2024-08-10,CUST5109,Regular,Groceries,3,7982,22269.78,25.0,Yes,Independence Day,Wallet,4,3.4,No,16702.335
ORD103939,2024-08-09,CUST3330,New,Groceries,1,2918,1867.52,36.0,No,Non-Festival,COD,4,3.6,No,1195.2128
ORD103940,2024-01-03,CUST2509,Regular,Fashion,2,2605,3542.8,32.0,No,Non-Festival,COD,2,4.2,No,2409.104
ORD103941,2024-01-06,CUST4747,Regular,Groceries,1,8087,6954.82,14.0,No,Non-Festival,COD,1,3.7,Yes,5981.1452
ORD103942,2024-04-02,CUST5475,Regular,Beauty,2,8203,8531.12,48.0,No,Non-Festival,Wallet,2,3.5,No,4436.182400000001
ORD103943,2024-01-08,CUST4852,Regular,Groceries,5,7918,21378.6,46.0,No,Non-Festival,Credit Card,3,4.5,No,11544.444
ORD103944,2024-08-22,CUST3982,Regular,Fashion,3,9294,25930.26,7.0,No,Non-Festival,UPI,7,2.7,No,24115.141799999998
ORD103945,2024-04-17,CUST1277,Regular,Groceries,2,8732,13971.2,20.0,No,Non-Festival,UPI,6,4.1,No,11176.960000000001
ORD103946,2024-06-09,CUST4135,Premium,Groceries,3,3081,9058.14,2.0,No,Non-Festival,Credit Card,4,3.6,No,8876.9772
ORD103947,2024-07-27,CUST7017,Regular,Fashion,3,6910,19071.6,8.0,No,Non-Festival,Wallet,6,3.3,Yes,17545.872
ORD103948,2024-08-27,CUST2548,Premium,Groceries,4,843,2933.64,13.0,Yes,Raksha Bandhan,Wallet,6,4.8,No,2552.2668
ORD103949,2024-11-26,CUST3137,Premium,Home Decor,1,220,138.6,37.0,No,Non-Festival,COD,6,4.4,No,87.318
ORD103950,2024-11-28,CUST1490,Regular,Groceries,2,877,1297.96,26.0,No,Non-Festival,Wallet,7,3.0,No,960.4904
ORD103951,2024-02-19,CUST6578,Regular,Electronics,5,9491,38438.55,19.0,No,Non-Festival,Wallet,6,4.1,No,31135.225500000004
ORD103952,2024-01-11,CUST5945,Premium,Electronics,4,2850,11058.0,3.0,No,Non-Festival,COD,3,4.6,No,10726.26
ORD103953,2024-12-16,CUST2872,Premium,Home Decor,1,3669,2825.13,23.0,No,Non-Festival,Credit Card,7,5.0,No,2175.3501
ORD103954,2024-06-04,CUST8490,Regular,Groceries,5,8086,29918.2,26.0,No,Non-Festival,UPI,4,4.2,No,22139.468
ORD103955,2024-03-10,CUST9847,New,Beauty,5,4383,19504.35,11.0,No,Non-Festival,Credit Card,6,4.2,No,17358.871499999997
ORD103956,2024-06-17,CUST9605,Regular,Groceries,3,7286,15956.34,27.0,No,Non-Festival,Credit Card,4,4.0,No,11648.1282
ORD103957,2024-09-28,CUST2906,Regular,Electronics,1,7577,5000.82,34.0,No,Non-Festival,COD,7,2.6,No,3300.541199999999
ORD103958,2024-03-08,CUST5829,Regular,Fashion,4,5884,18122.72,23.0,No,Non-Festival,Credit Card,6,4.0,No,13954.494400000001
ORD103959,2024-12-20,CUST2067,New,Home Decor,2,2887,4041.8,30.0,Yes,Christmas/New Year,Wallet,3,4.5,No,2829.2599999999998
ORD103960,2024-09-08,CUST1664,Premium,Fashion,2,6796,13320.16,2.0,No,Non-Festival,Credit Card,2,3.5,No,13053.7568
ORD103961,2024-02-17,CUST9703,Premium,Beauty,4,1616,4589.44,29.0,No,Non-Festival,Credit Card,6,4.0,No,3258.5023999999994
ORD103962,2024-07-02,CUST7951,Regular,Groceries,3,4605,10223.1,26.0,No,Non-Festival,COD,5,4.8,No,7565.094
ORD103963,2024-11-15,CUST9953,Regular,Beauty,3,7274,18330.48,16.0,No,Non-Festival,COD,5,2.9,No,15397.6032
ORD103964,2024-07-05,CUST2493,Regular,Fashion,5,691,3282.25,5.0,No,Non-Festival,UPI,2,3.2,Yes,3118.1375
ORD103965,2024-03-30,CUST3041,New,Groceries,1,959,517.86,46.0,Yes,Holi,Wallet,1,2.8,No,279.6444
ORD103966,2024-11-27,CUST1471,Regular,Beauty,5,3701,10732.9,42.0,No,Non-Festival,Wallet,7,3.8,No,6225.082
ORD103967,2024-05-18,CUST7962,Regular,Electronics,2,8392,13930.72,17.0,No,Non-Festival,UPI,2,4.6,No,11562.497599999999
ORD103968,2024-12-22,CUST9608,Regular,Electronics,4,2288,6040.32,25.0,Yes,Christmas/New Year,UPI,2,3.6,No,4530.24
ORD103969,2024-03-29,CUST9634,New,Home Decor,1,3856,2853.44,26.0,Yes,Holi,COD,2,2.7,No,2111.5456
ORD103970,2024-09-30,CUST6310,Regular,Electronics,4,4967,16689.12,16.0,No,Non-Festival,UPI,5,3.2,No,14018.860799999999
ORD103971,2024-01-19,CUST9120,Regular,Electronics,1,411,369.9,10.0,No,Non-Festival,Credit Card,4,4.7,No,332.90999999999997
ORD103972,2024-11-06,CUST9631,Regular,Fashion,2,8175,10300.5,37.0,Yes,Diwali,UPI,1,3.9,No,6489.315
ORD103973,2024-12-23,CUST1226,New,Electronics,2,3922,5020.16,36.0,Yes,Christmas/New Year,Credit Card,7,4.8,No,3212.9024
ORD103974,2024-06-02,CUST6810,New,Electronics,1,503,296.77000000000004,41.0,No,Non-Festival,UPI,1,4.6,No,175.09430000000003
ORD103975,2024-09-16,CUST1349,Premium,Fashion,3,4986,10021.86,33.0,No,Non-Festival,COD,1,3.5,No,6714.646199999999
ORD103976,2024-04-17,CUST6558,Regular,Electronics,1,3972,2144.88,46.0,No,Non-Festival,Wallet,3,4.1,No,1158.2352
ORD103977,2024-10-11,CUST4894,Regular,Electronics,2,1981,2733.78,31.0,No,Non-Festival,Credit Card,6,4.2,No,1886.3082
ORD103978,2024-02-28,CUST9216,New,Home Decor,4,3425,7946.000000000001,42.0,No,Non-Festival,Wallet,2,4.4,No,4608.680000000001
ORD103979,2024-05-04,CUST3331,Regular,Electronics,5,9199,25297.250000000004,45.0,No,Non-Festival,Credit Card,4,3.3,No,13913.487500000003
ORD103980,2024-12-19,CUST8031,Regular,Electronics,4,6939,15265.8,45.0,No,Non-Festival,Wallet,4,3.2,No,8396.19
ORD103981,2024-09-29,CUST5068,Regular,Home Decor,2,7473,9864.36,34.0,No,Non-Festival,COD,3,4.2,No,6510.477599999999
ORD103982,2024-04-16,CUST7209,New,Fashion,4,4403,12856.76,27.0,No,Non-Festival,Credit Card,5,4.5,No,9385.434799999999
ORD103983,2024-10-25,CUST3050,Regular,Electronics,3,1553,3680.61,21.0,Yes,Diwali,UPI,3,3.5,No,2907.6819
ORD103984,2024-09-01,CUST6319,Premium,Beauty,3,8571,21856.05,15.0,No,Non-Festival,COD,3,3.3,No,18577.642499999998
ORD103985,2024-12-01,CUST1863,New,Fashion,1,9272,5099.6,45.0,No,Non-Festival,Wallet,2,4.6,No,2804.78
ORD103986,2024-09-03,CUST1648,Regular,Fashion,4,6474,15278.64,41.0,No,Non-Festival,Credit Card,5,4.2,No,9014.3976
ORD103987,2024-01-08,CUST7605,Regular,Electronics,4,2030,4953.2,39.0,No,Non-Festival,COD,6,3.4,No,3021.4519999999998
ORD103988,2024-05-20,CUST1747,New,Home Decor,2,4898,8718.44,11.0,No,Non-Festival,Wallet,6,3.8,No,7759.4116
ORD103989,2024-12-27,CUST8768,New,Fashion,1,4202,4033.92,4.0,Yes,Christmas/New Year,Credit Card,3,4.9,No,3872.5632
ORD103990,2024-01-08,CUST2561,New,Home Decor,1,3000,2250.0,25.0,No,Non-Festival,Credit Card,6,4.4,No,1687.5
ORD103991,2024-12-17,CUST1565,Premium,Beauty,4,7102,21306.0,25.0,No,Non-Festival,COD,4,3.1,No,15979.5
ORD103992,2024-04-03,CUST5510,Regular,Home Decor,5,4463,19637.2,12.0,No,Non-Festival,Wallet,2,3.2,No,17280.736
ORD103993,2024-11-16,CUST2790,New,Groceries,4,422,1299.76,23.0,No,Non-Festival,Wallet,6,3.2,No,1000.8152
ORD103994,2024-02-08,CUST1067,Regular,Home Decor,4,2437,5556.360000000001,43.0,No,Non-Festival,Credit Card,5,4.6,No,3167.125200000001
ORD103995,2024-03-21,CUST6443,New,Fashion,4,2778,10889.76,2.0,Yes,Holi,Wallet,4,4.1,No,10671.9648
ORD103996,2024-07-05,CUST4994,New,Home Decor,3,1978,4094.46,31.0,No,Non-Festival,UPI,1,4.8,No,2825.1774
ORD103997,2024-03-24,CUST9971,Premium,Home Decor,1,820,639.6,22.0,Yes,Holi,UPI,2,2.7,No,498.88800000000003
ORD103998,2024-03-28,CUST8890,New,Groceries,3,9605,14983.8,48.0,Yes,Holi,Credit Card,4,2.6,No,7791.576
ORD103999,2024-08-29,CUST5762,Premium,Groceries,5,4254,13612.8,36.0,Yes,Raksha Bandhan,Wallet,3,4.2,Yes,8712.192
ORD104000,2024-12-07,CUST4822,Regular,Electronics,2,7666,9659.16,37.0,No,Non-Festival,Credit Card,3,3.2,No,6085.2708
ORD104001,2024-04-02,CUST4324,Premium,Fashion,5,5630,15764.000000000002,44.0,No,Non-Festival,UPI,2,4.2,Yes,8827.840000000002
ORD104002,2024-03-26,CUST9092,Regular,Electronics,1,6579,4144.77,37.0,Yes,Holi,Credit Card,5,4.3,No,2611.2051
ORD104003,2024-02-13,CUST1510,Premium,Groceries,2,4463,7854.88,12.0,No,Non-Festival,Credit Card,7,3.3,No,6912.2944
ORD104004,2024-05-16,CUST7066,Regular,Home Decor,5,2440,10492.0,14.0,No,Non-Festival,COD,3,4.9,Yes,9023.119999999999
ORD104005,2024-03-14,CUST7939,Regular,Groceries,1,8243,8160.57,1.0,No,Non-Festival,COD,4,4.4,No,8078.9643
ORD104006,2024-02-05,CUST6972,New,Beauty,5,1562,7029.0,10.0,No,Non-Festival,UPI,1,3.4,No,6326.1
ORD104007,2024-04-10,CUST4009,New,Home Decor,2,2440,4148.0,15.0,No,Non-Festival,Wallet,5,3.5,No,3525.7999999999997
ORD104008,2024-06-04,CUST4491,Regular,Electronics,2,5721,9496.86,25.0,No,Non-Festival,UPI,7,4.3,No,7122.645
ORD104009,2024-09-11,CUST1219,Premium,Home Decor,5,6735,22562.25,33.0,No,Non-Festival,Wallet,2,3.3,No,15116.707499999999
ORD104010,2024-06-19,CUST4302,Premium,Beauty,3,6944,18957.12,9.0,No,Non-Festival,Wallet,3,3.2,No,17250.979199999998
ORD104011,2024-08-03,CUST3924,New,Groceries,5,8484,37329.6,12.0,No,Non-Festival,,5,4.1,No,32850.048
ORD104012,2024-06-18,CUST8126,Regular,Fashion,5,1438,4961.099999999999,31.0,No,Non-Festival,COD,1,2.8,Yes,3423.158999999999
ORD104013,2024-09-08,CUST3034,Premium,Fashion,5,6692,31117.8,7.0,No,Non-Festival,UPI,5,5.0,Yes,28939.553999999996
ORD104014,2024-12-25,CUST8427,New,Fashion,3,4808,13558.56,6.0,Yes,Christmas/New Year,UPI,5,3.2,Yes,12745.0464
ORD104015,2024-11-17,CUST6659,Regular,Groceries,4,7702,16328.240000000002,47.0,No,Non-Festival,UPI,2,3.5,No,8653.967200000001
ORD104016,2024-02-24,CUST8137,New,Fashion,2,3670,6165.599999999999,16.0,No,Non-Festival,,7,3.1,No,5179.103999999999
ORD104017,2024-03-31,CUST2383,New,Beauty,1,4401,2640.6,40.0,No,Non-Festival,COD,1,4.1,No,1584.36
ORD104018,2024-10-04,CUST1853,New,Groceries,2,5551,8215.48,26.0,No,Non-Festival,Credit Card,1,2.7,No,6079.455199999999
ORD104019,2024-04-10,CUST7013,Regular,Fashion,2,5613,10440.179999999998,7.0,No,Non-Festival,UPI,5,4.8,No,9709.367399999997
ORD104020,2024-06-03,CUST3771,Regular,Electronics,4,7632,21980.16,28.0,No,Non-Festival,Credit Card,3,3.3,No,15825.715199999999
ORD104021,2024-12-14,CUST2295,New,Groceries,2,6171,7898.88,36.0,No,Non-Festival,Wallet,5,4.8,No,5055.2832
ORD104022,2024-12-29,CUST9027,Regular,Groceries,2,7637,11302.76,26.0,Yes,Christmas/New Year,UPI,4,3.1,No,8364.0424
ORD104023,2024-05-20,CUST6586,Premium,Home Decor,3,4101,7873.92,36.0,No,Non-Festival,COD,3,3.8,No,5039.3088
ORD104024,2024-06-21,CUST2363,Regular,Fashion,3,3828,8842.68,23.0,No,Non-Festival,UPI,2,4.2,Yes,6808.863600000001
ORD104025,2024-01-10,CUST4675,Regular,Electronics,3,1968,3306.24,44.0,No,Non-Festival,UPI,1,4.0,No,1851.4944
ORD104026,2024-08-15,CUST9192,Regular,Beauty,3,5552,14157.6,15.0,Yes,Independence Day,COD,6,3.8,No,12033.96
ORD104027,2024-09-21,CUST1016,Premium,Groceries,3,3101,6977.25,25.0,No,Non-Festival,COD,3,4.5,No,5232.9375
ORD104028,2024-09-04,CUST8237,Regular,Beauty,1,1741,1218.6999999999998,30.0,No,Non-Festival,Wallet,2,3.7,Yes,853.0899999999998
ORD104029,2024-09-03,CUST3676,Premium,Beauty,4,2291,6781.36,26.0,No,Non-Festival,UPI,5,3.3,No,5018.2064
ORD104030,2024-06-03,CUST6066,Premium,Beauty,5,7942,29782.5,25.0,No,Non-Festival,UPI,2,4.3,No,22336.875
ORD104031,2024-02-03,CUST9094,Premium,Home Decor,3,8483,14760.420000000002,42.0,No,Non-Festival,UPI,4,4.8,No,8561.043600000003
ORD104032,2024-05-08,CUST7998,Premium,Beauty,4,5054,17385.76,14.0,No,Non-Festival,UPI,6,4.0,Yes,14951.753599999998
ORD104033,2024-06-08,CUST9433,Regular,Fashion,5,9122,23717.2,48.0,No,Non-Festival,Wallet,2,3.2,No,12332.944000000001
ORD104034,2024-03-29,CUST9893,Regular,Fashion,2,5249,9028.28,14.0,Yes,Holi,UPI,6,4.4,No,7764.3208
ORD104035,2024-04-02,CUST5331,Regular,Electronics,2,5757,8980.92,22.0,No,Non-Festival,Wallet,6,4.4,No,7005.1176000000005
ORD104036,2024-11-22,CUST3267,Premium,Electronics,4,4632,14081.28,24.0,No,Non-Festival,Wallet,3,3.2,No,10701.7728
ORD104037,2024-08-28,CUST2575,Premium,Beauty,1,9091,5181.870000000001,43.0,Yes,Raksha Bandhan,COD,7,3.5,No,2953.665900000001
ORD104038,2024-11-18,CUST7880,Regular,Beauty,1,8187,7941.389999999999,3.0,No,Non-Festival,UPI,1,2.9,No,7703.148299999999
ORD104039,2024-04-26,CUST9858,Regular,Home Decor,4,5220,13572.0,35.0,No,Non-Festival,COD,3,2.7,No,8821.800000000001
ORD104040,2024-04-03,CUST8205,Premium,Beauty,1,3214,2731.9,15.0,No,Non-Festival,Wallet,3,4.5,Yes,2322.1150000000002
ORD104041,2024-06-11,CUST4747,Regular,Beauty,1,6448,3481.92,46.0,No,Non-Festival,Credit Card,1,3.4,Yes,1880.2368000000001
ORD104042,2024-04-08,CUST8712,New,Beauty,2,2216,2703.52,39.0,No,Non-Festival,Credit Card,4,3.2,No,1649.1471999999999
ORD104043,2024-04-22,CUST5058,Regular,Groceries,1,1177,941.6,20.0,No,Non-Festival,UPI,3,3.1,No,753.2800000000001
ORD104044,2024-12-24,CUST1597,New,Groceries,1,4410,2690.1,39.0,Yes,Christmas/New Year,Credit Card,1,2.7,No,1640.961
ORD104045,2024-03-31,CUST6113,Regular,Home Decor,4,7234,16782.88,42.0,No,Non-Festival,COD,1,5.0,No,9734.070400000002
ORD104046,2024-12-11,CUST9248,Regular,Home Decor,1,1458,1224.72,16.0,No,Non-Festival,Credit Card,3,3.4,No,1028.7648
ORD104047,2024-07-24,CUST3787,Regular,Fashion,3,1497,4401.18,2.0,No,Non-Festival,Credit Card,6,2.9,No,4313.1564
ORD104048,2024-01-17,CUST2438,Regular,Home Decor,3,7597,21423.54,6.0,No,Non-Festival,Wallet,1,4.7,No,20138.1276
ORD104049,2024-09-30,CUST2978,Regular,Fashion,4,7072,25176.32,11.0,No,Non-Festival,COD,6,4.3,No,22406.9248
ORD104050,2024-06-21,CUST4985,Regular,Beauty,3,4329,12987.0,0.0,No,Non-Festival,UPI,5,4.2,No,12987.0
ORD104051,2024-04-25,CUST4851,Premium,Home Decor,2,1932,2241.1200000000003,42.0,No,Non-Festival,COD,3,3.2,No,1299.8496000000005
ORD104052,2024-12-14,CUST1926,Regular,Home Decor,4,3142,8043.52,36.0,No,Non-Festival,COD,6,3.5,No,5147.852800000001
ORD104053,2024-06-29,CUST4234,Premium,Home Decor,1,648,615.6,5.0,No,Non-Festival,UPI,4,4.6,No,584.82
ORD104054,2024-03-31,CUST4134,Regular,Fashion,3,9629,15887.850000000002,45.0,No,Non-Festival,COD,5,4.1,No,8738.317500000001
ORD104055,2024-03-22,CUST5573,New,Fashion,2,4700,4888.0,48.0,Yes,,Wallet,7,3.4,Yes,2541.76
ORD104056,2024-11-19,CUST1531,Premium,Electronics,4,8724,27218.88,22.0,No,Non-Festival,UPI,4,2.8,Yes,21230.726400000003
ORD104057,2024-04-23,CUST9014,Regular,Fashion,4,6333,19252.32,24.0,No,Non-Festival,Wallet,6,4.8,No,14631.7632
ORD104058,2024-09-13,CUST7257,Regular,Fashion,1,365,277.4,24.0,No,Non-Festival,,7,4.9,No,210.82399999999998
ORD104059,2024-02-27,CUST3089,Regular,Groceries,5,5032,24656.8,2.0,No,Non-Festival,Credit Card,3,4.3,No,24163.663999999997
ORD104060,2024-06-02,CUST6640,Regular,Home Decor,3,2974,8654.34,3.0,No,Non-Festival,UPI,2,4.2,No,8394.7098
ORD104061,2024-12-30,CUST9542,Premium,Fashion,2,9805,13923.1,29.0,Yes,Christmas/New Year,UPI,1,3.8,No,9885.401
ORD104062,2024-04-25,CUST9691,Premium,Home Decor,4,9838,26759.36,32.0,No,Non-Festival,Credit Card,5,4.9,No,18196.3648
ORD104063,2024-12-08,CUST5440,New,Home Decor,3,5220,11275.2,28.0,No,Non-Festival,Credit Card,3,4.2,No,8118.144
ORD104064,2024-09-22,CUST9690,Premium,Groceries,2,7948,15419.12,3.0,No,Non-Festival,UPI,1,2.7,No,14956.546400000001
ORD104065,2024-11-10,CUST4299,New,Home Decor,2,4944,8602.56,13.0,Yes,Diwali,Credit Card,6,2.7,No,7484.227199999999
ORD104066,2024-07-21,CUST5916,New,Fashion,4,646,2067.2000000000003,20.0,No,Non-Festival,,2,4.9,No,1653.7600000000002
ORD104067,2024-02-10,CUST4496,New,Home Decor,3,296,834.7199999999999,6.0,No,Non-Festival,COD,4,4.9,No,784.6367999999999
ORD104068,2024-04-14,CUST1627,Regular,Electronics,2,2626,4201.6,20.0,No,Non-Festival,Wallet,3,3.9,No,3361.2800000000007
ORD104069,2024-07-11,CUST8962,Regular,Electronics,4,3457,12998.32,6.0,No,Non-Festival,COD,3,3.0,No,12218.4208
ORD104070,2024-10-04,CUST8924,Regular,Groceries,3,4926,14778.0,25.0,No,Non-Festival,COD,6,4.0,No,11083.5
ORD104071,2024-12-19,CUST3815,Premium,Fashion,3,7051,14172.509999999998,33.0,No,Non-Festival,Credit Card,2,4.4,No,9495.581699999999
ORD104072,2024-08-24,CUST3766,Regular,Groceries,4,8894,27749.28,22.0,No,Non-Festival,Credit Card,7,2.5,No,21644.4384
ORD104073,2024-08-08,CUST5158,Regular,Electronics,3,8389,24663.66,2.0,No,Non-Festival,Wallet,4,4.6,No,24170.3868
ORD104074,2024-03-08,CUST2213,Regular,Fashion,5,8456,35092.4,17.0,No,Non-Festival,Credit Card,3,3.7,No,29126.692
ORD104075,2024-07-15,CUST9094,Regular,Home Decor,2,6940,8050.400000000001,42.0,No,Non-Festival,Wallet,6,3.7,No,4669.232000000001
ORD104076,2024-09-12,CUST8727,Premium,Fashion,2,6914,12306.92,11.0,No,Non-Festival,UPI,7,3.6,No,10953.158800000001
ORD104077,2024-05-18,CUST2831,Regular,Beauty,3,861,2247.21,13.0,No,Non-Festival,Wallet,1,4.2,Yes,1955.0727
ORD104078,2024-11-07,CUST4640,Premium,Fashion,4,8872,21292.8,40.0,Yes,Diwali,COD,6,3.0,No,12775.679999999998
ORD104079,2024-05-28,CUST2476,Premium,Home Decor,1,7079,5167.67,27.0,No,Non-Festival,UPI,2,4.0,No,3772.3991
ORD104080,2024-04-08,CUST9148,Regular,Beauty,3,4862,8605.740000000002,41.0,No,Non-Festival,Wallet,7,2.6,No,5077.386600000002
ORD104081,2024-03-16,CUST6946,Premium,Groceries,1,8015,4488.400000000001,44.0,No,Non-Festival,Wallet,3,4.5,No,2513.5040000000004
ORD104082,2024-10-08,CUST9210,Premium,Fashion,3,3461,7994.91,23.0,No,Non-Festival,UPI,6,4.5,No,6156.0807
ORD104083,2024-04-18,CUST4546,Regular,Groceries,1,605,465.85,23.0,No,Non-Festival,UPI,7,3.3,No,358.70450000000005
ORD104084,2024-07-06,CUST6153,Regular,Fashion,3,5060,14876.4,2.0,No,Non-Festival,COD,4,2.8,No,14578.872
ORD104085,2024-07-17,CUST8586,Regular,Electronics,4,3760,13836.8,8.0,No,Non-Festival,COD,5,4.4,No,12729.856
ORD104086,2024-10-29,CUST3493,Premium,Electronics,1,8056,6203.12,23.0,Yes,Diwali,,3,3.7,No,4776.4024
ORD104087,2024-11-22,CUST2931,Premium,Home Decor,5,9509,47069.55,1.0,No,Non-Festival,Credit Card,4,4.8,No,46598.8545
ORD104088,2024-06-02,CUST3489,Regular,Electronics,4,6890,16811.6,39.0,No,Non-Festival,COD,2,3.4,No,10255.076
ORD104089,2024-02-09,CUST3790,Regular,Beauty,3,5531,12112.89,27.0,No,Non-Festival,Credit Card,4,4.6,No,8842.4097
ORD104090,2024-05-12,CUST1387,Regular,Beauty,1,3640,3421.6,6.0,No,Non-Festival,Wallet,4,2.6,No,3216.3039999999996
ORD104091,2024-05-11,CUST3660,New,Fashion,2,941,1731.44,8.0,No,Non-Festival,Wallet,7,4.4,No,1592.9248000000002
ORD104092,2024-10-05,CUST6042,Regular,Groceries,4,7381,16533.440000000002,44.0,No,Non-Festival,Wallet,2,4.2,Yes,9258.726400000001
ORD104093,2024-12-27,CUST5176,New,Beauty,1,7931,4917.22,38.0,Yes,Christmas/New Year,Credit Card,5,3.8,No,3048.6764000000003
ORD104094,2024-03-24,CUST5289,Regular,Fashion,4,3121,7740.08,38.0,Yes,Holi,Wallet,6,4.8,No,4798.8496
ORD104095,2024-08-29,CUST7309,Premium,Groceries,1,7574,5150.32,32.0,Yes,Raksha Bandhan,Wallet,1,4.9,No,3502.2175999999995
ORD104096,2024-04-25,CUST9345,Premium,Electronics,2,7223,9678.82,33.0,No,Non-Festival,Credit Card,5,4.8,No,6484.809399999999
ORD104097,2024-04-18,CUST3268,Premium,Fashion,5,5761,23044.0,20.0,No,Non-Festival,COD,1,4.0,No,18435.2
ORD104098,2024-08-08,CUST3750,Regular,Groceries,2,5834,8400.96,28.0,No,Non-Festival,COD,1,3.8,No,6048.691199999999
ORD104099,2024-02-10,CUST5373,Premium,Home Decor,3,1110,2464.2,26.0,No,Non-Festival,COD,1,3.2,No,1823.5079999999998
ORD104100,2024-05-26,CUST5376,Regular,Home Decor,4,4902,16470.72,16.0,No,Non-Festival,COD,3,2.9,No,13835.4048
ORD104101,2024-04-21,CUST5586,Regular,Beauty,5,1618,4773.1,41.0,No,Non-Festival,UPI,5,3.9,No,2816.129000000001
ORD104102,2024-04-12,CUST3893,Premium,Groceries,4,5998,12955.68,46.0,No,Non-Festival,Wallet,4,2.9,No,6996.0672
ORD104103,2024-02-15,CUST9928,New,Home Decor,1,7898,4185.9400000000005,47.0,No,Non-Festival,COD,7,2.9,No,2218.5482
ORD104104,2024-11-19,CUST7133,Premium,Beauty,3,4238,9916.92,22.0,No,Non-Festival,COD,3,3.4,No,7735.1976
ORD104105,2024-09-27,CUST3991,Regular,Fashion,3,3645,6123.6,44.0,No,Non-Festival,COD,7,3.0,No,3429.2160000000003
ORD104106,2024-07-13,CUST5390,Premium,Fashion,4,331,1059.2,20.0,No,Non-Festival,COD,2,3.8,Yes,847.3600000000001
ORD104107,2024-10-06,CUST4040,Premium,Groceries,3,6062,16912.98,7.0,No,Non-Festival,COD,2,4.2,No,15729.071399999999
ORD104108,2024-10-09,CUST7693,New,Groceries,4,352,1295.36,8.0,No,Non-Festival,UPI,1,4.2,No,1191.7312
ORD104109,2024-02-09,CUST6981,New,Groceries,1,2678,1821.04,32.0,No,Non-Festival,UPI,3,3.8,No,1238.3072
ORD104110,2024-07-07,CUST8136,Premium,Groceries,1,8874,8607.78,3.0,No,Non-Festival,Credit Card,6,3.8,No,8349.5466
ORD104111,2024-06-12,CUST9801,Regular,Home Decor,4,6316,20969.12,17.0,No,Non-Festival,Credit Card,7,3.7,No,17404.369599999998
ORD104112,2024-01-24,CUST5142,Premium,Home Decor,2,504,695.52,31.0,Yes,Republic Day,COD,6,3.1,No,479.9087999999999
ORD104113,2024-01-24,CUST7725,Premium,Beauty,2,2719,3860.98,29.0,Yes,Republic Day,Credit Card,3,4.1,No,2741.2958
ORD104114,2024-01-04,CUST8054,New,Home Decor,1,6312,4797.12,24.0,No,Non-Festival,UPI,2,3.8,No,3645.8112
ORD104115,2024-11-18,CUST8037,Regular,Fashion,5,1192,4052.8,32.0,No,Non-Festival,COD,4,3.1,No,2755.904
ORD104116,2024-10-16,CUST8926,Regular,Beauty,2,5847,7718.039999999999,34.0,No,Non-Festival,Credit Card,5,4.3,No,5093.906399999999
ORD104117,2024-06-29,CUST9870,Regular,Home Decor,4,7797,18400.92,41.0,No,Non-Festival,Credit Card,5,4.6,Yes,10856.542800000001
ORD104118,2024-09-04,CUST9230,Premium,Groceries,1,9106,6101.02,33.0,No,Non-Festival,UPI,1,4.0,No,4087.6834
ORD104119,2024-04-25,CUST9868,New,Home Decor,3,1909,2920.77,49.0,No,Non-Festival,Wallet,7,2.8,No,1489.5927
ORD104120,2024-10-05,CUST3434,Regular,Electronics,3,8218,24407.46,1.0,No,Non-Festival,COD,1,3.3,No,24163.3854
ORD104121,2024-12-30,CUST4275,Premium,Beauty,2,9449,16630.24,12.0,Yes,Christmas/New Year,Credit Card,1,2.7,No,14634.611200000001
ORD104122,2024-03-09,CUST2881,Premium,Home Decor,5,670,2010.0,40.0,No,Non-Festival,UPI,2,3.3,No,1206.0
ORD104123,2024-12-16,CUST6875,Premium,Home Decor,2,3665,5717.400000000001,22.0,No,Non-Festival,COD,2,3.0,No,4459.572000000001
ORD104124,2024-09-10,CUST8309,Regular,Fashion,5,9132,35614.8,22.0,No,Non-Festival,UPI,6,3.9,No,27779.544
ORD104125,2024-06-29,CUST5994,New,Groceries,2,3766,5272.4,30.0,No,Non-Festival,COD,5,3.6,Yes,3690.6799999999994
ORD104126,2024-11-13,CUST8354,Regular,Groceries,3,8904,26444.88,1.0,No,Non-Festival,Wallet,6,4.3,No,26180.4312
ORD104127,2024-06-17,CUST6539,Premium,Fashion,5,5434,26898.3,1.0,No,Non-Festival,Wallet,6,3.4,No,26629.317
ORD104128,2024-11-08,CUST6372,Regular,Fashion,3,3485,10036.8,4.0,Yes,Diwali,COD,1,2.9,No,9635.328
ORD104129,2024-09-05,CUST5747,Regular,Electronics,4,8751,30453.48,13.0,No,Non-Festival,COD,6,3.1,No,26494.5276
ORD104130,2024-07-06,CUST8529,New,Beauty,4,484,1510.0800000000002,22.0,No,Non-Festival,UPI,3,3.9,No,1177.8624000000002
ORD104131,2024-02-23,CUST3060,Regular,Groceries,1,3477,2294.82,34.0,No,Non-Festival,COD,6,3.6,No,1514.5811999999999
ORD104132,2024-11-21,CUST2370,Regular,Fashion,3,2831,4671.150000000001,45.0,No,Non-Festival,Credit Card,7,2.6,No,2569.1325000000006
ORD104133,2024-12-22,CUST7145,Premium,Fashion,3,1957,5871.0,0.0,Yes,Christmas/New Year,COD,4,3.0,No,5871.0
ORD104134,2024-11-08,CUST8360,Premium,Beauty,1,5679,3407.4,40.0,Yes,Diwali,COD,2,3.2,No,2044.44
ORD104135,2024-05-17,CUST4850,Premium,Fashion,4,9914,21017.68,47.0,No,Non-Festival,Wallet,6,4.3,No,11139.370400000002
ORD104136,2024-06-16,CUST9278,Regular,Electronics,4,5987,12452.96,48.0,No,Non-Festival,Wallet,7,4.3,Yes,6475.5392
ORD104137,2024-04-12,CUST9808,Regular,Beauty,5,9637,29392.85,39.0,No,Non-Festival,UPI,1,3.8,No,17929.638499999997
ORD104138,2024-03-25,CUST6207,Regular,Electronics,5,9804,42157.2,14.0,Yes,Holi,COD,7,4.5,No,36255.191999999995
ORD104139,2024-11-12,CUST6515,Regular,Home Decor,4,5649,16043.16,29.0,No,Non-Festival,Credit Card,1,4.7,No,11390.6436
ORD104140,2024-07-30,CUST1439,New,Groceries,2,5038,8060.8,20.0,No,Non-Festival,,2,2.7,No,6448.64
ORD104141,2024-01-03,CUST5453,Regular,Fashion,3,9808,27364.32,7.0,No,Non-Festival,COD,5,3.7,Yes,25448.8176
ORD104142,2024-06-27,CUST1393,Regular,Beauty,5,8749,41120.3,6.0,No,Non-Festival,UPI,5,2.9,No,38653.082
ORD104143,2024-12-07,CUST4678,Regular,Electronics,2,3665,4398.0,40.0,No,Non-Festival,Credit Card,7,3.4,No,2638.7999999999997
ORD104144,2024-10-29,CUST6581,Regular,Groceries,5,6248,20930.8,33.0,Yes,Diwali,UPI,5,4.2,No,14023.635999999999
ORD104145,2024-11-27,CUST9547,Premium,Groceries,1,6930,4088.7000000000007,41.0,No,Non-Festival,COD,5,4.0,No,2412.3330000000005
ORD104146,2024-02-07,CUST3525,Premium,Fashion,3,4335,8323.2,36.0,No,Non-Festival,UPI,3,2.8,No,5326.848000000001
ORD104147,2024-08-26,CUST4444,Regular,Groceries,5,3341,8853.65,47.0,Yes,Raksha Bandhan,COD,1,4.4,No,4692.4345
ORD104148,2024-06-17,CUST5119,Regular,Fashion,4,4753,13118.28,31.0,No,Non-Festival,Wallet,5,4.5,No,9051.6132
ORD104149,2024-12-08,CUST8241,Regular,Home Decor,1,396,269.28,32.0,No,Non-Festival,COD,7,2.8,No,183.11039999999997
ORD104150,2024-11-09,CUST5747,Premium,Fashion,1,2074,1970.3,5.0,Yes,Diwali,UPI,7,4.0,Yes,1871.7849999999999
ORD104151,2024-11-01,CUST1433,Premium,Electronics,4,6030,14230.8,41.0,Yes,Diwali,Credit Card,7,4.9,No,8396.172
ORD104152,2024-01-30,CUST6643,Regular,Groceries,1,6879,6259.89,9.0,Yes,Republic Day,COD,5,2.7,No,5696.499900000001
ORD104153,2024-07-08,CUST2709,Regular,Groceries,3,8186,18418.5,25.0,No,Non-Festival,COD,6,2.9,No,13813.875
ORD104154,2024-12-22,CUST1503,Premium,Groceries,5,1137,3183.6000000000004,44.0,Yes,Christmas/New Year,COD,7,4.4,No,1782.8160000000005
ORD104155,2024-01-25,CUST6833,New,Fashion,1,2394,1795.5,25.0,Yes,Republic Day,Wallet,4,3.3,Yes,1346.625
ORD104156,2024-04-21,CUST9639,New,Beauty,3,4325,10639.5,18.0,No,Non-Festival,Wallet,4,4.9,No,8724.390000000001
ORD104157,2024-07-24,CUST9895,Regular,Fashion,4,6450,17027.999999999996,34.0,No,Non-Festival,Wallet,7,4.1,No,11238.479999999996
ORD104158,2024-07-03,CUST8437,Regular,Electronics,5,8781,24586.800000000003,44.0,No,Non-Festival,Credit Card,1,3.7,No,13768.608000000004
ORD104159,2024-02-16,CUST9142,Regular,Fashion,4,8362,32444.56,3.0,No,Non-Festival,Credit Card,6,3.3,No,31471.2232
ORD104160,2024-08-15,CUST9966,Premium,Groceries,5,6749,25646.2,24.0,Yes,Independence Day,COD,2,3.1,Yes,19491.112
ORD104161,2024-02-08,CUST6045,New,Home Decor,1,7378,6861.54,7.0,No,Non-Festival,Credit Card,5,4.1,Yes,6381.2321999999995
ORD104162,2024-01-16,CUST7481,Regular,Electronics,1,8738,7776.82,11.0,No,Non-Festival,UPI,3,4.0,No,6921.3697999999995
ORD104163,2024-01-22,CUST8500,Regular,Home Decor,5,8510,32763.5,23.0,Yes,Republic Day,UPI,4,3.4,No,25227.895
ORD104164,2024-07-31,CUST1308,Regular,Electronics,3,8254,19066.74,25.0,No,Non-Festival,Wallet,5,4.8,No,14300.055
ORD104165,2024-11-05,CUST9683,Regular,Electronics,3,4815,12133.8,16.0,Yes,Diwali,UPI,2,4.4,No,10192.392
ORD104166,2024-05-28,CUST5470,Regular,Groceries,3,9630,21956.4,24.0,No,Non-Festival,UPI,3,3.2,Yes,16686.864
ORD104167,2024-08-28,CUST9773,Premium,Fashion,2,2666,3625.76,32.0,Yes,Raksha Bandhan,COD,4,4.9,No,2465.5168
ORD104168,2024-09-28,CUST1363,Regular,Groceries,3,8975,19924.5,26.0,No,Non-Festival,Wallet,6,4.4,No,14744.13
ORD104169,2024-02-28,CUST6345,Regular,Groceries,1,2959,2929.41,1.0,No,Non-Festival,Wallet,2,4.7,No,2900.1159
ORD104170,2024-10-13,CUST7271,Premium,Groceries,2,1908,3510.7200000000003,8.0,No,Non-Festival,Wallet,2,2.8,No,3229.8624000000004
ORD104171,2024-07-20,CUST6183,Regular,Home Decor,3,5608,11440.32,32.0,No,Non-Festival,UPI,6,2.6,No,7779.417599999999
ORD104172,2024-02-01,CUST4931,Regular,Electronics,1,6577,5393.14,18.0,No,Non-Festival,Credit Card,3,3.7,No,4422.3748000000005
ORD104173,2024-06-10,CUST6956,Regular,Beauty,2,6604,6868.16,48.0,No,Non-Festival,COD,3,3.6,No,3571.4432
ORD104174,2024-09-11,CUST8058,New,Fashion,1,7276,6984.96,4.0,No,Non-Festival,Credit Card,4,4.7,No,6705.5616
ORD104175,2024-09-10,CUST8047,Premium,Groceries,5,6421,17336.7,46.0,No,Non-Festival,Wallet,3,2.9,No,9361.818000000001
ORD104176,2024-01-09,CUST9882,Regular,Electronics,1,5037,4079.97,19.0,No,Non-Festival,Wallet,5,2.6,No,3304.7757
ORD104177,2024-05-18,CUST8736,Premium,Fashion,2,9063,13957.02,23.0,No,Non-Festival,UPI,3,3.8,No,10746.905400000001
ORD104178,2024-01-10,CUST4037,Regular,Beauty,3,1885,3958.5,30.0,No,Non-Festival,COD,6,2.9,No,2770.95
ORD104179,2024-08-01,CUST2028,Premium,Beauty,2,2685,3060.9000000000005,25.0,No,Non-Festival,COD,2,2.6,No,2295.675
ORD104180,2024-09-29,CUST1114,Premium,Groceries,3,8140,23687.4,3.0,No,Non-Festival,COD,3,2.6,No,22976.778000000002
ORD104181,2024-11-19,CUST3902,New,Beauty,3,3801,7868.07,31.0,No,Non-Festival,UPI,7,2.9,No,5428.9682999999995
ORD104182,2024-02-17,CUST8017,Regular,Beauty,4,1653,3570.48,46.0,No,Non-Festival,Credit Card,4,3.4,No,1928.0592000000001
ORD104183,2024-04-20,CUST8175,New,Fashion,5,3406,11239.8,34.0,No,Non-Festival,COD,5,4.7,No,7418.267999999998
ORD104184,2024-06-01,CUST7578,New,Fashion,4,6912,24053.76,13.0,No,Non-Festival,Credit Card,3,4.4,No,20926.7712
ORD104185,2024-05-02,CUST5146,New,Groceries,2,3190,4147.0,35.0,No,Non-Festival,UPI,5,3.8,No,2695.55
ORD104186,2024-12-22,CUST7112,Premium,Electronics,4,7746,29434.8,5.0,Yes,Christmas/New Year,UPI,3,3.6,No,27963.059999999998
ORD104187,2024-04-11,CUST5374,Regular,Groceries,3,1550,3906.0,16.0,No,Non-Festival,Credit Card,5,3.6,No,3281.04
ORD104188,2024-08-28,CUST3709,Regular,Home Decor,2,6542,10859.72,17.0,Yes,Raksha Bandhan,COD,7,4.7,Yes,9013.567599999998
ORD104189,2024-11-16,CUST7078,Regular,Beauty,4,7538,28041.36,7.0,No,Non-Festival,Credit Card,3,3.8,No,26078.464799999998
ORD104190,2024-07-09,CUST4864,Regular,Electronics,1,5634,5014.26,11.0,No,Non-Festival,,3,2.9,No,4462.691400000001
ORD104191,2024-08-04,CUST9185,Premium,Fashion,5,4149,17425.8,16.0,No,Non-Festival,Wallet,1,4.8,No,14637.671999999999
ORD104192,2024-02-20,CUST6816,Premium,Home Decor,1,1479,1035.3,30.0,No,Non-Festival,Wallet,2,4.4,No,724.7099999999999
ORD104193,2024-10-18,CUST1458,New,Home Decor,2,6198,12396.0,0.0,No,Non-Festival,COD,4,2.6,No,12396.0
ORD104194,2024-03-21,CUST9339,Regular,Beauty,4,1020,3672.0,10.0,Yes,Holi,Credit Card,4,3.8,No,3304.8
ORD104195,2024-03-28,CUST4434,Regular,Fashion,3,9735,17230.95,41.0,Yes,Holi,COD,1,4.1,No,10166.260500000002
ORD104196,2024-07-12,CUST8757,Premium,Electronics,4,6319,21484.6,15.0,No,Non-Festival,COD,3,2.7,No,18261.91
ORD104197,2024-04-13,CUST3146,Regular,Fashion,2,2495,3193.6,36.0,No,Non-Festival,,2,3.4,No,2043.904
ORD104198,2024-09-27,CUST9836,Regular,Beauty,2,203,211.12,48.0,No,Non-Festival,Wallet,5,4.1,No,109.78240000000001
ORD104199,2024-04-05,CUST8634,New,Home Decor,2,2760,4029.6,27.0,No,Non-Festival,UPI,1,4.5,No,2941.6079999999997
ORD104200,2024-07-16,CUST8486,Premium,Beauty,2,7181,13213.04,8.0,No,Non-Festival,Wallet,4,4.9,No,12155.9968
ORD104201,2024-01-01,CUST5515,Regular,Groceries,4,230,855.5999999999999,7.0,No,Non-Festival,COD,4,2.8,No,795.7079999999999
ORD104202,2024-06-15,CUST4812,New,Home Decor,1,6152,4675.52,24.0,No,Non-Festival,Credit Card,6,4.1,No,3553.3952000000004
ORD104203,2024-05-05,CUST2439,Premium,Beauty,3,8332,22746.36,9.0,No,Non-Festival,UPI,7,4.7,No,20699.1876
ORD104204,2024-11-08,CUST8482,Premium,Electronics,3,9690,17732.7,39.0,Yes,Diwali,COD,6,4.3,No,10816.947
ORD104205,2024-03-21,CUST8145,New,Electronics,5,1085,5316.5,2.0,Yes,Holi,UPI,4,4.1,No,5210.17
ORD104206,2024-09-07,CUST4078,Regular,Electronics,2,7692,11999.52,22.0,No,Non-Festival,Credit Card,3,3.0,No,9359.625600000001
ORD104207,2024-06-17,CUST7397,Premium,Groceries,2,9592,14963.52,22.0,No,Non-Festival,UPI,6,4.5,No,11671.545600000001
ORD104208,2024-03-13,CUST1764,Regular,Fashion,2,5043,5749.02,43.0,No,Non-Festival,UPI,5,3.9,No,3276.9414000000006
ORD104209,2024-05-20,CUST7252,Regular,Electronics,1,4238,4110.86,3.0,No,Non-Festival,COD,5,2.8,No,3987.5341999999996
ORD104210,2024-03-10,CUST3775,New,Groceries,2,2490,2539.8,49.0,No,Non-Festival,Credit Card,5,3.8,No,1295.298
ORD104211,2024-09-18,CUST9267,Premium,Electronics,5,4094,15966.6,22.0,No,Non-Festival,Credit Card,3,5.0,Yes,12453.948
ORD104212,2024-12-05,CUST5935,Premium,Groceries,5,4796,22061.6,8.0,No,Non-Festival,Wallet,7,3.8,Yes,20296.672
ORD104213,2024-11-03,CUST2687,New,Electronics,1,404,391.88,3.0,Yes,Diwali,UPI,4,4.4,No,380.1236
ORD104214,2024-09-01,CUST2220,New,Fashion,2,9875,13232.499999999998,33.0,No,Non-Festival,COD,6,4.0,Yes,8865.774999999998
ORD104215,2024-01-03,CUST3278,New,Beauty,4,5702,14140.96,38.0,No,Non-Festival,UPI,7,3.6,No,8767.395199999999
ORD104216,2024-12-02,CUST6735,Regular,Electronics,4,8397,27878.04,17.0,No,Non-Festival,UPI,7,3.5,No,23138.7732
ORD104217,2024-03-03,CUST9036,Regular,Beauty,3,8020,16120.2,25.0,No,Non-Festival,UPI,6,4.9,Yes,12090.150000000001
ORD104218,2024-02-18,CUST4086,Regular,Electronics,1,8340,5587.799999999999,33.0,No,Non-Festival,COD,4,3.4,Yes,3743.825999999999
ORD104219,2024-03-16,CUST1337,Regular,Fashion,4,731,1725.1600000000003,41.0,No,Non-Festival,UPI,3,3.7,No,1017.8444000000003
ORD104220,2024-06-23,CUST4127,Regular,Beauty,3,8216,24155.04,2.0,No,Non-Festival,COD,2,3.1,No,23671.9392
ORD104221,2024-04-18,CUST5788,Premium,Groceries,5,426,1746.6,18.0,No,Non-Festival,Credit Card,3,3.1,Yes,1432.212
ORD104222,2024-07-01,CUST9477,Premium,Electronics,3,6342,12747.419999999998,33.0,No,Non-Festival,UPI,3,3.4,No,8540.771399999998
ORD104223,2024-07-10,CUST6749,New,Electronics,2,7682,11523.0,25.0,No,Non-Festival,Wallet,4,4.8,No,8642.25
ORD104224,2024-03-05,CUST1259,Premium,Groceries,2,2299,3034.68,34.0,No,Non-Festival,Credit Card,5,3.5,No,2002.8887999999997
ORD104225,2024-12-02,CUST2042,Premium,Fashion,5,7513,22539.0,40.0,No,Non-Festival,Wallet,7,3.8,No,13523.4
ORD104226,2024-09-27,CUST8780,Regular,Home Decor,1,7490,4344.200000000001,42.0,No,Non-Festival,UPI,4,3.9,Yes,2519.636000000001
ORD104227,2024-04-09,CUST3835,Regular,Electronics,2,4766,6672.4,30.0,No,Non-Festival,Credit Card,6,4.0,No,4670.679999999999
ORD104228,2024-02-01,CUST5394,Regular,Groceries,2,9288,10774.080000000002,42.0,No,Non-Festival,COD,2,4.6,No,6248.966400000002
ORD104229,2024-12-17,CUST5404,Premium,Home Decor,3,9712,21560.64,26.0,No,Non-Festival,UPI,1,4.8,No,15954.873599999999
ORD104230,2024-05-07,CUST3750,Regular,Electronics,3,2861,8411.34,2.0,No,Non-Festival,UPI,6,3.0,No,8243.1132
ORD104231,2024-12-04,CUST7374,Premium,Beauty,3,1864,3578.88,36.0,No,Non-Festival,COD,1,4.7,No,2290.4832
ORD104232,2024-02-12,CUST4930,Premium,Groceries,4,1725,6141.0,11.0,No,Non-Festival,Wallet,3,3.9,No,5465.49
ORD104233,2024-03-18,CUST7012,Regular,Beauty,5,3950,10665.0,46.0,No,Non-Festival,Credit Card,1,4.8,No,5759.1
ORD104234,2024-11-09,CUST8392,Regular,Fashion,1,6957,5426.46,22.0,Yes,Diwali,Credit Card,7,4.8,No,4232.6388
ORD104235,2024-10-15,CUST2270,Regular,Home Decor,3,3854,9712.08,16.0,No,Non-Festival,COD,6,3.5,No,8158.147199999999
ORD104236,2024-09-26,CUST4666,Regular,Groceries,1,2767,2351.95,15.0,No,Non-Festival,Credit Card,5,4.1,Yes,1999.1574999999998
ORD104237,2024-06-10,CUST3283,Premium,Electronics,3,1296,3265.92,16.0,No,Non-Festival,COD,4,4.7,No,2743.3728
ORD104238,2024-07-07,CUST1700,Premium,Electronics,2,3298,5672.56,14.0,No,Non-Festival,Wallet,2,3.5,No,4878.4016
ORD104239,2024-09-03,CUST8674,Premium,Home Decor,1,3440,2580.0,25.0,No,Non-Festival,,2,2.6,No,1935.0
ORD104240,2024-08-03,CUST2883,New,Beauty,4,8167,18294.08,44.0,No,Non-Festival,Credit Card,2,3.4,No,10244.684800000003
ORD104241,2024-11-10,CUST8403,Premium,Beauty,3,6928,20576.16,25.0,Yes,Diwali,COD,6,3.4,No,15432.119999999999
ORD104242,2024-12-04,CUST5349,New,Groceries,5,5528,23217.6,16.0,No,Non-Festival,COD,6,4.5,No,19502.784
ORD104243,2024-06-16,CUST1959,Regular,Groceries,2,7978,15956.0,0.0,No,Non-Festival,COD,4,3.3,No,15956.0
ORD104244,2024-12-04,CUST4025,Premium,Beauty,3,8279,17634.27,29.0,No,Non-Festival,COD,5,4.7,No,12520.331699999999
ORD104245,2024-07-11,CUST8565,Regular,Groceries,1,3814,2631.66,31.0,No,Non-Festival,Credit Card,2,3.9,No,1815.8453999999997
ORD104246,2024-10-09,CUST3842,Regular,Beauty,3,1047,2230.11,29.0,No,Non-Festival,UPI,1,4.0,No,1583.3781
ORD104247,2024-12-01,CUST3120,Regular,Home Decor,2,3816,4502.880000000001,41.0,No,Non-Festival,Credit Card,5,4.5,No,2656.699200000001
ORD104248,2024-01-13,CUST1344,Premium,Groceries,5,2904,14084.4,3.0,No,Non-Festival,COD,5,2.8,No,13661.867999999999
ORD104249,2024-08-27,CUST5515,Regular,Beauty,5,6954,20514.300000000003,41.0,Yes,Raksha Bandhan,UPI,6,2.5,No,12103.437000000004
ORD104250,2024-11-15,CUST7198,Regular,Groceries,5,4093,11665.05,43.0,No,Non-Festival,UPI,6,2.6,No,6649.0785000000005
ORD104251,2024-05-26,CUST4909,New,Electronics,2,3194,4407.719999999999,31.0,No,Non-Festival,Credit Card,5,2.6,No,3041.3267999999994
ORD104252,2024-07-22,CUST3451,New,Electronics,3,4733,9371.339999999998,34.0,No,Non-Festival,COD,2,4.2,No,6185.084399999998
ORD104253,2024-03-20,CUST9328,Premium,Fashion,2,1700,3400.0,0.0,Yes,Holi,COD,5,3.1,No,3400.0
ORD104254,2024-02-12,CUST9603,Premium,Beauty,2,2642,4332.88,18.0,No,Non-Festival,COD,6,4.6,No,3552.9616000000005
ORD104255,2024-03-29,CUST3746,New,Fashion,3,1925,3927.0,25.0,Yes,Holi,COD,2,4.7,No,2945.25
ORD104256,2024-05-27,CUST4780,Premium,Beauty,4,9957,32658.960000000003,18.0,No,Non-Festival,COD,1,3.4,No,26780.347200000004
ORD104257,2024-04-04,CUST4809,Regular,Groceries,5,7541,24508.25,35.0,No,Non-Festival,UPI,6,3.0,No,15930.362500000001
ORD104258,2024-05-30,CUST3892,New,Beauty,1,525,388.5,26.0,No,Non-Festival,Credit Card,1,3.7,No,287.49
ORD104259,2024-01-02,CUST5587,Premium,Electronics,1,4617,4062.96,12.0,No,Non-Festival,,1,4.5,No,3575.4048000000003
ORD104260,2024-01-22,CUST2463,Regular,Groceries,3,2866,6362.52,26.0,Yes,Republic Day,Wallet,6,4.2,No,4708.2648
ORD104261,2024-11-08,CUST9960,Regular,Electronics,1,9601,5280.55,45.0,Yes,Diwali,Credit Card,6,2.6,No,2904.3025000000002
ORD104262,2024-11-23,CUST5993,Regular,Groceries,4,4561,15872.28,13.0,No,Non-Festival,UPI,1,2.5,No,13808.883600000001
ORD104263,2024-01-07,CUST3323,New,Beauty,2,7352,11322.08,23.0,No,Non-Festival,Wallet,5,2.8,No,8718.0016
ORD104264,2024-07-24,CUST1587,Regular,Beauty,5,1041,3435.3,34.0,No,Non-Festival,UPI,5,3.3,No,2267.298
ORD104265,2024-04-23,CUST1420,New,Electronics,1,4978,4081.960000000001,18.0,No,Non-Festival,Credit Card,7,3.8,Yes,3347.207200000001
ORD104266,2024-09-28,CUST8845,New,Home Decor,1,2271,1725.96,24.0,No,Non-Festival,UPI,2,4.5,No,1311.7296000000001
ORD104267,2024-03-23,CUST7611,Premium,Beauty,3,1484,4006.8,10.0,Yes,Holi,UPI,7,2.9,No,3606.1200000000003
ORD104268,2024-06-27,CUST7249,Premium,Home Decor,3,1578,4355.28,8.0,No,Non-Festival,Credit Card,1,2.9,No,4006.8576
ORD104269,2024-07-28,CUST3828,Regular,Groceries,2,6539,12424.1,5.0,No,Non-Festival,UPI,3,4.7,No,11802.895
ORD104270,2024-11-23,CUST5779,Regular,Home Decor,5,2858,9288.5,35.0,No,Non-Festival,Wallet,1,4.8,No,6037.525000000001
ORD104271,2024-05-03,CUST4325,Regular,Electronics,1,3761,2407.04,36.0,No,Non-Festival,Wallet,4,3.9,No,1540.5056
ORD104272,2024-04-22,CUST5927,Premium,Fashion,2,6207,8938.08,28.0,No,Non-Festival,COD,3,4.5,No,6435.4176
ORD104273,2024-01-12,CUST7184,Regular,Fashion,5,5652,25999.2,8.0,No,Non-Festival,Wallet,4,3.4,No,23919.264000000003
ORD104274,2024-05-05,CUST8980,Regular,Electronics,2,4212,5728.32,32.0,No,Non-Festival,Wallet,3,4.9,No,3895.2575999999995
ORD104275,2024-02-22,CUST2657,Regular,Fashion,1,2178,1698.84,22.0,No,Non-Festival,Credit Card,6,4.8,No,1325.0952
ORD104276,2024-11-26,CUST4935,New,Electronics,3,4616,11909.28,14.0,No,Non-Festival,Wallet,2,4.6,Yes,10241.980800000001
ORD104277,2024-10-09,CUST7536,Regular,Beauty,3,5696,15379.2,10.0,No,Non-Festival,Credit Card,7,2.5,No,13841.28
ORD104278,2024-05-19,CUST2802,New,Home Decor,3,8074,18893.16,22.0,No,Non-Festival,Wallet,5,3.8,No,14736.6648
ORD104279,2024-04-06,CUST9728,Regular,Fashion,4,2424,7272.0,25.0,No,Non-Festival,Credit Card,2,2.6,No,5454.0
ORD104280,2024-01-05,CUST5982,Premium,Beauty,2,7289,14578.0,0.0,No,Non-Festival,Credit Card,3,4.2,No,14578.0
ORD104281,2024-02-26,CUST5815,Regular,Fashion,1,1153,818.63,29.0,No,Non-Festival,UPI,1,3.8,No,581.2273
ORD104282,2024-11-29,CUST3176,Premium,Groceries,2,7134,11985.12,16.0,No,Non-Festival,Wallet,2,4.1,No,10067.5008
ORD104283,2024-03-09,CUST9415,Premium,Electronics,3,6117,9909.54,46.0,No,Non-Festival,Credit Card,3,2.7,No,5351.151600000001
ORD104284,2024-04-27,CUST9776,Regular,Electronics,2,8461,9307.1,45.0,No,Non-Festival,Wallet,1,4.4,No,5118.905000000001
ORD104285,2024-02-28,CUST2021,Premium,Beauty,5,9486,28458.0,40.0,No,Non-Festival,COD,5,4.3,No,17074.8
ORD104286,2024-02-02,CUST1862,Premium,Groceries,2,5942,9269.52,22.0,No,Non-Festival,UPI,3,2.5,No,7230.225600000001
ORD104287,2024-11-13,CUST6605,Premium,Home Decor,4,4453,11577.8,35.0,No,Non-Festival,UPI,4,4.5,No,7525.57
ORD104288,2024-02-19,CUST6412,Premium,Groceries,4,748,1795.2,40.0,No,Non-Festival,Credit Card,4,2.9,No,1077.12
ORD104289,2024-01-19,CUST1833,Regular,Groceries,3,2039,5872.32,4.0,No,Non-Festival,Wallet,4,2.8,No,5637.427199999999
ORD104290,2024-08-01,CUST7796,Premium,Home Decor,1,2151,1419.66,34.0,No,Non-Festival,UPI,1,3.8,No,936.9756
ORD104291,2024-07-15,CUST4498,New,Home Decor,5,9450,24097.5,49.0,No,Non-Festival,UPI,7,4.0,No,12289.725
ORD104292,2024-02-16,CUST1035,New,Groceries,1,2707,2490.44,8.0,No,Non-Festival,UPI,1,2.8,No,2291.2048
ORD104293,2024-06-15,CUST3541,New,Fashion,1,9274,8995.78,3.0,No,Non-Festival,Credit Card,7,3.3,No,8725.9066
ORD104294,2024-10-15,CUST8000,Regular,Fashion,5,6550,30785.0,6.0,No,Non-Festival,COD,2,3.5,No,28937.899999999998
ORD104295,2024-05-20,CUST6639,Premium,Groceries,4,7803,31212.0,0.0,No,Non-Festival,Credit Card,1,4.9,Yes,31212.0
ORD104296,2024-03-24,CUST7256,Premium,Fashion,3,2825,7203.75,15.0,Yes,Holi,COD,3,3.1,No,6123.1875
ORD104297,2024-06-30,CUST3263,Regular,Home Decor,2,6093,9261.36,24.0,No,Non-Festival,UPI,4,3.2,No,7038.6336
ORD104298,2024-03-19,CUST7305,New,Home Decor,4,7600,28880.0,5.0,No,Non-Festival,COD,7,4.1,Yes,27436.0
ORD104299,2024-08-02,CUST8091,Premium,Fashion,3,2353,4447.17,37.0,No,Non-Festival,Credit Card,5,4.3,No,2801.7171
ORD104300,2024-01-14,CUST6222,Regular,Home Decor,4,4961,17264.28,13.0,No,Non-Festival,Credit Card,6,2.5,No,15019.923599999998
ORD104301,2024-08-02,CUST7295,Regular,Electronics,5,7385,23632.0,36.0,No,Non-Festival,Wallet,4,2.8,No,15124.48
ORD104302,2024-05-07,CUST3937,New,Home Decor,1,3766,3389.4,10.0,No,Non-Festival,Wallet,3,3.4,No,3050.46
ORD104303,2024-11-05,CUST4996,Regular,Groceries,5,459,2295.0,0.0,Yes,Diwali,Credit Card,6,3.8,No,2295.0
ORD104304,2024-09-04,CUST4963,Regular,Beauty,2,9900,11682.000000000002,41.0,No,Non-Festival,Wallet,5,2.8,No,6892.380000000002
ORD104305,2024-01-29,CUST1961,Regular,Fashion,5,8704,43520.0,0.0,Yes,Republic Day,UPI,2,3.4,Yes,43520.0
ORD104306,2024-10-06,CUST1734,Regular,Fashion,1,2044,1328.6,35.0,No,Non-Festival,COD,1,2.7,No,863.5899999999999
ORD104307,2024-12-03,CUST6648,New,Home Decor,4,7469,27784.68,7.0,No,Non-Festival,Credit Card,3,3.9,No,25839.752399999998
ORD104308,2024-11-14,CUST6859,Regular,Home Decor,3,1733,3587.31,31.0,No,Non-Festival,Credit Card,6,3.8,No,2475.2439
ORD104309,2024-07-20,CUST6555,Premium,Beauty,2,5796,7882.559999999999,32.0,No,Non-Festival,Wallet,1,4.5,No,5360.140799999998
ORD104310,2024-12-26,CUST7528,New,Beauty,4,4969,18484.68,7.0,Yes,Christmas/New Year,Credit Card,7,3.9,No,17190.752399999998
ORD104311,2024-02-26,CUST5937,Premium,Groceries,3,9815,25617.15,13.0,No,Non-Festival,Wallet,2,4.1,No,22286.9205
ORD104312,2024-08-05,CUST8961,Regular,Electronics,1,2220,1709.4,23.0,No,Non-Festival,UPI,5,4.2,No,1316.238
ORD104313,2024-03-02,CUST6123,Premium,Groceries,5,6558,17050.8,48.0,No,Non-Festival,Credit Card,6,4.0,No,8866.416
ORD104314,2024-06-05,CUST5464,Regular,Fashion,4,5702,13684.8,25.0,No,Non-Festival,UPI,3,2.5,No,10263.599999999999
ORD104315,2024-07-20,CUST8606,Regular,Home Decor,3,5443,11756.88,28.0,No,Non-Festival,UPI,7,4.6,No,8464.953599999999
ORD104316,2024-01-17,CUST4751,Premium,Groceries,3,1891,4311.4800000000005,24.0,No,Non-Festival,Credit Card,5,4.8,No,3276.7248000000004
ORD104317,2024-11-17,CUST1986,New,Home Decor,5,8719,41415.25,5.0,No,Non-Festival,Wallet,6,3.8,Yes,39344.487499999996
ORD104318,2024-01-06,CUST6109,Premium,Home Decor,4,1788,7152.0,0.0,No,Non-Festival,Wallet,6,2.8,No,7152.0
ORD104319,2024-02-27,CUST3483,New,Groceries,4,3953,12333.36,22.0,No,Non-Festival,UPI,3,4.1,No,9620.0208
ORD104320,2024-11-20,CUST1933,Premium,Groceries,1,297,178.2,40.0,No,Non-Festival,Wallet,2,3.4,No,106.91999999999999
ORD104321,2024-11-13,CUST6128,Premium,Beauty,4,4954,13474.88,32.0,No,Non-Festival,Wallet,2,3.8,No,9162.918399999999
ORD104322,2024-06-17,CUST6324,New,Electronics,5,6373,27722.55,13.0,No,Non-Festival,UPI,2,4.6,No,24118.6185
ORD104323,2024-03-22,CUST3198,Regular,Beauty,4,9489,27707.88,27.0,Yes,Holi,Credit Card,1,4.3,No,20226.7524
ORD104324,2024-08-06,CUST6362,Regular,Electronics,1,8252,5941.44,28.0,No,Non-Festival,Credit Card,7,4.5,No,4277.836799999999
ORD104325,2024-06-25,CUST6981,Premium,Groceries,3,5218,9079.320000000002,42.0,No,Non-Festival,COD,4,4.5,Yes,5266.005600000001
ORD104326,2024-07-22,CUST8638,Premium,Electronics,4,5904,14405.76,39.0,No,Non-Festival,Credit Card,5,3.4,Yes,8787.5136
ORD104327,2024-03-11,CUST2160,Regular,Fashion,5,8111,31632.9,22.0,No,Non-Festival,Wallet,3,3.7,No,24673.662
ORD104328,2024-09-22,CUST3516,Regular,Beauty,4,8476,19325.28,43.0,No,Non-Festival,COD,5,3.1,No,11015.4096
ORD104329,2024-04-07,CUST5329,Regular,Beauty,2,1477,1861.02,37.0,No,Non-Festival,COD,4,4.4,No,1172.4426
ORD104330,2024-12-10,CUST5483,Premium,Beauty,1,718,373.36,48.0,No,Non-Festival,COD,1,3.8,No,194.14720000000003
ORD104331,2024-10-17,CUST8920,New,Home Decor,3,5626,9789.240000000002,42.0,No,Non-Festival,Credit Card,1,4.1,No,5677.759200000001
ORD104332,2024-07-26,CUST2991,New,Home Decor,2,8015,14587.3,9.0,No,Non-Festival,COD,4,3.4,No,13274.443
ORD104333,2024-01-02,CUST2680,Premium,Groceries,5,383,1417.1,26.0,No,Non-Festival,COD,6,4.2,No,1048.654
ORD104334,2024-05-03,CUST3338,New,Groceries,4,9364,34834.079999999994,7.0,No,Non-Festival,COD,3,4.2,No,32395.694399999993
ORD104335,2024-10-06,CUST3129,Regular,Home Decor,1,2588,1475.16,43.0,No,Non-Festival,Credit Card,4,4.4,No,840.8412000000002
ORD104336,2024-03-14,CUST7645,Regular,Beauty,4,4522,17545.36,3.0,No,Non-Festival,Credit Card,1,2.9,No,17018.9992
ORD104337,2024-06-14,CUST2720,Regular,Home Decor,4,5132,16422.4,20.0,No,Non-Festival,Credit Card,6,4.1,No,13137.920000000002
ORD104338,2024-01-22,CUST7290,Premium,Electronics,4,4027,12886.4,20.0,Yes,Republic Day,Credit Card,1,4.7,No,10309.12
ORD104339,2024-06-02,CUST9832,Regular,Beauty,4,2697,7659.48,29.0,No,Non-Festival,UPI,6,2.7,No,5438.230799999999
ORD104340,2024-10-21,CUST2044,Premium,Home Decor,1,3679,3237.52,12.0,Yes,Diwali,Credit Card,5,4.9,No,2849.0176
ORD104341,2024-08-06,CUST6137,Premium,Groceries,2,8957,17555.72,2.0,No,Non-Festival,Wallet,3,3.0,No,17204.605600000003
ORD104342,2024-06-05,CUST8088,Regular,Home Decor,5,2135,8646.75,19.0,No,Non-Festival,COD,3,4.8,No,7003.8675
ORD104343,2024-08-17,CUST6718,New,Fashion,2,6475,8417.5,35.0,Yes,Independence Day,Credit Card,1,4.7,No,5471.375
ORD104344,2024-01-20,CUST1351,Premium,Home Decor,1,9218,5622.98,39.0,Yes,,Wallet,4,4.4,Yes,3430.0177999999996
ORD104345,2024-02-10,CUST5155,Regular,Beauty,5,549,2635.2,4.0,No,Non-Festival,Wallet,1,3.0,No,2529.792
ORD104346,2024-05-27,CUST1376,Regular,Home Decor,3,298,706.26,21.0,No,Non-Festival,Wallet,5,3.0,No,557.9454000000001
ORD104347,2024-04-17,CUST6122,Premium,Groceries,2,1969,3898.62,1.0,No,Non-Festival,UPI,4,3.8,No,3859.6338
ORD104348,2024-03-24,CUST2124,Regular,Electronics,1,2004,1523.04,24.0,Yes,Holi,UPI,1,4.5,No,1157.5104
ORD104349,2024-11-17,CUST7362,Regular,Fashion,1,9452,5765.72,39.0,No,Non-Festival,UPI,6,3.0,No,3517.0892
ORD104350,2024-11-04,CUST7190,Premium,Beauty,1,8312,6400.24,23.0,Yes,Diwali,Wallet,7,4.0,No,4928.1848
ORD104351,2024-10-16,CUST4167,New,Groceries,5,4370,20976.0,4.0,No,Non-Festival,Credit Card,6,4.4,No,20136.96
ORD104352,2024-11-18,CUST8732,Regular,Fashion,4,601,2043.4,15.0,No,Non-Festival,,3,3.7,No,1736.89
ORD104353,2024-05-13,CUST2629,New,Home Decor,3,8579,22133.82,25.0,No,Non-Festival,UPI,5,4.6,No,16600.364999999998
ORD104354,2024-07-25,CUST6268,New,Fashion,5,8530,37532.0,12.0,No,Non-Festival,UPI,7,3.9,No,33028.16
ORD104355,2024-10-09,CUST6117,Regular,Electronics,5,342,1539.0,10.0,No,Non-Festival,UPI,1,4.0,No,1385.1000000000001
ORD104356,2024-09-22,CUST5875,Premium,Fashion,2,420,714.0,15.0,No,Non-Festival,Credit Card,1,4.2,No,606.9
ORD104357,2024-03-13,CUST4243,Regular,Fashion,3,4440,11055.6,17.0,No,Non-Festival,Wallet,6,4.6,No,9176.148
ORD104358,2024-12-17,CUST7454,Regular,Home Decor,1,7201,5472.76,25.0,No,Non-Festival,UPI,7,3.8,No,4104.57
ORD104359,2024-02-17,CUST1405,Premium,Home Decor,5,587,1584.9,46.0,No,Non-Festival,Wallet,6,3.5,No,855.8460000000001
ORD104360,2024-11-21,CUST7679,Premium,Beauty,3,6191,11700.99,37.0,No,Non-Festival,Wallet,6,4.9,No,7371.6237
ORD104361,2024-08-20,CUST8467,Regular,Home Decor,2,759,925.98,39.0,Yes,Independence Day,UPI,6,2.7,No,564.8478
ORD104362,2024-04-09,CUST9312,New,Fashion,4,2039,7911.32,3.0,No,Non-Festival,COD,2,3.1,Yes,7673.9803999999995
ORD104363,2024-02-28,CUST1025,Premium,Electronics,3,1971,3133.8900000000003,47.0,No,Non-Festival,COD,7,3.9,No,1660.9617000000003
ORD104364,2024-09-14,CUST3061,New,Home Decor,1,8756,7004.8,20.0,No,Non-Festival,COD,7,4.6,Yes,5603.84
ORD104365,2024-03-05,CUST1642,Regular,Beauty,5,8808,39636.0,10.0,No,Non-Festival,UPI,4,2.7,No,35672.4
ORD104366,2024-03-23,CUST5017,New,Beauty,4,7876,21107.68,33.0,Yes,Holi,Wallet,2,2.5,Yes,14142.145599999998
ORD104367,2024-06-02,CUST7003,Regular,Fashion,2,2268,3220.56,29.0,No,Non-Festival,COD,3,4.2,No,2286.5976
ORD104368,2024-09-22,CUST5689,Regular,Home Decor,1,6957,6748.29,3.0,No,Non-Festival,Credit Card,4,4.0,No,6545.8413
ORD104369,2024-11-04,CUST3187,Premium,Home Decor,4,716,2491.68,13.0,Yes,Diwali,COD,5,3.2,No,2167.7616
ORD104370,2024-03-19,CUST5984,Premium,Beauty,2,9612,17301.600000000002,10.0,No,Non-Festival,Credit Card,4,4.9,No,15571.440000000002
ORD104371,2024-11-10,CUST2902,Premium,Home Decor,1,860,834.1999999999999,3.0,Yes,Diwali,COD,7,3.9,No,809.1739999999999
ORD104372,2024-05-29,CUST9449,Regular,Fashion,5,3616,13560.0,25.0,No,Non-Festival,COD,6,4.2,Yes,10170.0
ORD104373,2024-02-17,CUST9637,Regular,Electronics,2,8721,17093.16,2.0,No,Non-Festival,COD,1,3.4,No,16751.2968
ORD104374,2024-09-04,CUST2893,Premium,Fashion,4,577,1477.12,36.0,No,Non-Festival,,1,4.8,No,945.3567999999999
ORD104375,2024-10-04,CUST4517,Regular,Home Decor,1,359,226.17,37.0,No,Non-Festival,Credit Card,1,3.2,No,142.4871
ORD104376,2024-12-21,CUST1218,Premium,Fashion,3,9655,17379.0,40.0,Yes,Christmas/New Year,COD,4,4.4,No,10427.4
ORD104377,2024-04-07,CUST4455,Regular,Groceries,1,4374,4242.78,3.0,No,Non-Festival,Credit Card,1,2.8,No,4115.4965999999995
ORD104378,2024-01-25,CUST8101,New,Groceries,4,2399,7197.0,25.0,Yes,Republic Day,Wallet,1,3.8,Yes,5397.75
ORD104379,2024-10-10,CUST1939,Premium,Home Decor,4,9616,23847.68,38.0,No,Non-Festival,COD,6,3.8,No,14785.5616
ORD104380,2024-10-27,CUST8141,Premium,Home Decor,3,6476,10879.68,44.0,Yes,Diwali,Wallet,2,3.0,No,6092.620800000001
ORD104381,2024-03-08,CUST6936,New,Electronics,4,2188,5163.68,41.0,No,Non-Festival,UPI,1,3.3,No,3046.5712000000008
ORD104382,2024-01-07,CUST5460,Premium,Fashion,1,6977,3976.89,43.0,No,Non-Festival,UPI,2,2.9,No,2266.8273000000004
ORD104383,2024-10-31,CUST5755,Regular,Electronics,2,6512,7684.160000000001,41.0,Yes,Diwali,UPI,3,4.6,No,4533.654400000001
ORD104384,2024-05-16,CUST6730,Regular,Home Decor,1,8368,7531.2,10.0,No,Non-Festival,Wallet,4,4.1,Yes,6778.08
ORD104385,2024-06-12,CUST8737,Premium,Home Decor,4,1065,3834.0,10.0,No,Non-Festival,Credit Card,2,3.6,No,3450.6
ORD104386,2024-03-23,CUST3228,Regular,Beauty,3,8782,16597.98,37.0,Yes,Holi,UPI,7,3.9,No,10456.7274
ORD104387,2024-05-17,CUST8370,Premium,Electronics,3,9800,18522.0,37.0,No,Non-Festival,COD,6,3.4,No,11668.86
ORD104388,2024-03-13,CUST5385,Regular,Home Decor,5,5115,20715.75,19.0,No,Non-Festival,COD,4,3.6,Yes,16779.7575
ORD104389,2024-08-24,CUST3828,Regular,Groceries,3,6441,14492.25,25.0,No,Non-Festival,Credit Card,7,4.0,No,10869.1875
ORD104390,2024-02-15,CUST9744,Premium,Beauty,3,7335,13863.15,37.0,No,Non-Festival,COD,7,3.0,No,8733.7845
ORD104391,2024-04-15,CUST7166,New,Fashion,4,1754,6244.24,11.0,No,Non-Festival,Wallet,4,2.8,No,5557.3736
ORD104392,2024-10-14,CUST7493,Premium,Beauty,2,4247,6115.679999999999,28.0,No,Non-Festival,UPI,5,4.9,No,4403.289599999999
ORD104393,2024-09-18,CUST8182,New,Fashion,2,331,575.9399999999999,13.0,No,Non-Festival,Wallet,2,3.1,No,501.0677999999999
ORD104394,2024-06-24,CUST1834,New,Groceries,4,3879,7913.16,49.0,No,Non-Festival,COD,1,3.7,No,4035.7116
ORD104395,2024-06-14,CUST8671,Regular,Fashion,3,6553,14940.84,24.0,No,Non-Festival,Wallet,7,4.4,No,11355.0384
ORD104396,2024-05-24,CUST9909,Regular,Electronics,1,3276,1932.8400000000004,41.0,No,Non-Festival,Credit Card,6,3.9,No,1140.3756000000003
ORD104397,2024-11-25,CUST9139,Premium,Fashion,2,1721,2030.78,41.0,No,Non-Festival,Wallet,6,4.1,No,1198.1602000000003
ORD104398,2024-10-09,CUST7556,New,Fashion,4,3469,8603.12,38.0,No,Non-Festival,COD,5,2.9,No,5333.9344
ORD104399,2024-02-23,CUST5986,Premium,Beauty,1,640,480.0,25.0,No,Non-Festival,COD,2,3.5,No,360.0
ORD104400,2024-06-26,CUST9449,New,Groceries,3,1403,3830.19,9.0,No,Non-Festival,UPI,6,4.2,No,3485.4729
ORD104401,2024-08-31,CUST9005,Regular,Fashion,4,8632,30039.36,13.0,Yes,Raksha Bandhan,Wallet,2,3.0,No,26134.2432
ORD104402,2024-12-06,CUST2167,Regular,Electronics,2,3591,6894.719999999999,4.0,No,Non-Festival,Credit Card,3,3.7,No,6618.931199999999
ORD104403,2024-05-06,CUST4144,Premium,Beauty,1,3921,3097.59,21.0,No,Non-Festival,UPI,1,4.0,No,2447.0961
ORD104404,2024-09-27,CUST3236,Regular,Groceries,1,6975,6277.5,10.0,No,Non-Festival,COD,3,4.5,No,5649.75
ORD104405,2024-05-11,CUST3549,Regular,Groceries,2,7360,10598.4,28.0,No,Non-Festival,Wallet,4,3.0,No,7630.847999999999
ORD104406,2024-04-02,CUST3061,Regular,Home Decor,1,8075,7590.5,6.0,No,Non-Festival,Credit Card,1,4.9,No,7135.07
ORD104407,2024-03-13,CUST7156,Regular,Electronics,2,9595,15927.7,17.0,No,Non-Festival,COD,3,4.9,No,13219.991
ORD104408,2024-09-04,CUST2118,Premium,Beauty,4,2087,5843.599999999999,30.0,No,Non-Festival,COD,3,2.5,No,4090.5199999999995
ORD104409,2024-12-13,CUST2781,New,Beauty,5,4470,12963.000000000002,42.0,No,Non-Festival,UPI,7,3.4,Yes,7518.540000000002
ORD104410,2024-09-29,CUST2954,New,Electronics,3,8589,20871.27,19.0,No,Non-Festival,COD,7,2.7,No,16905.7287
ORD104411,2024-02-12,CUST5537,Premium,Groceries,4,7905,20869.2,34.0,No,Non-Festival,Credit Card,1,3.3,No,13773.671999999999
ORD104412,2024-02-10,CUST4870,Regular,Fashion,3,4394,12391.08,6.0,No,Non-Festival,Credit Card,2,4.0,No,11647.615199999998
ORD104413,2024-06-18,CUST8978,Premium,Electronics,3,944,2010.72,25.0,No,Non-Festival,UPI,4,4.0,No,1508.04
ORD104414,2024-07-30,CUST5278,Regular,Beauty,2,5746,11147.24,3.0,No,Non-Festival,UPI,5,2.7,No,10812.8228
ORD104415,2024-06-16,CUST8017,Regular,Electronics,5,652,2314.6,29.0,No,Non-Festival,Credit Card,6,4.2,No,1643.3659999999998
ORD104416,2024-02-08,CUST1246,Regular,Groceries,3,3462,7374.059999999999,29.0,No,Non-Festival,UPI,5,4.6,Yes,5235.582599999999
ORD104417,2024-09-01,CUST4485,New,Home Decor,3,7945,16922.85,29.0,No,Non-Festival,COD,5,4.1,No,12015.223499999998
ORD104418,2024-05-30,CUST6374,New,Home Decor,4,698,2317.36,17.0,No,Non-Festival,Credit Card,4,3.3,No,1923.4088
ORD104419,2024-04-20,CUST4321,Premium,Fashion,5,340,986.0,42.0,No,Non-Festival,UPI,1,2.5,No,571.8800000000001
ORD104420,2024-02-16,CUST4232,Premium,Fashion,5,1914,5263.5,45.0,No,Non-Festival,Credit Card,1,4.1,Yes,2894.925
ORD104421,2024-03-03,CUST6638,Regular,Groceries,3,875,2388.75,9.0,No,Non-Festival,COD,7,4.2,No,2173.7625000000003
ORD104422,2024-08-12,CUST4914,Premium,Fashion,5,3705,16116.75,13.0,Yes,Independence Day,UPI,1,4.3,No,14021.5725
ORD104423,2024-12-31,CUST8680,Premium,Home Decor,4,3802,9885.2,35.0,Yes,Christmas/New Year,Credit Card,5,2.6,No,6425.380000000001
ORD104424,2024-03-09,CUST8066,Regular,Groceries,2,6875,10725.0,22.0,No,Non-Festival,COD,2,3.8,No,8365.5
ORD104425,2024-10-25,CUST7607,Regular,Groceries,3,9309,24855.03,11.0,Yes,Diwali,UPI,3,3.5,No,22120.9767
ORD104426,2024-10-16,CUST1272,New,Groceries,1,6704,5966.56,11.0,No,Non-Festival,Credit Card,7,4.4,No,5310.2384
ORD104427,2024-10-22,CUST1922,Premium,Electronics,3,5003,10056.03,33.0,Yes,Diwali,COD,5,4.3,No,6737.5401
ORD104428,2024-07-21,CUST2583,New,Fashion,3,1930,4342.5,25.0,No,Non-Festival,COD,4,4.9,No,3256.875
ORD104429,2024-03-01,CUST7540,New,Beauty,2,6176,11734.4,5.0,No,Non-Festival,COD,1,4.7,No,11147.679999999998
ORD104430,2024-11-13,CUST4425,New,Home Decor,1,8011,5127.04,36.0,No,Non-Festival,Wallet,7,3.9,No,3281.3056
ORD104431,2024-11-09,CUST9593,Regular,Fashion,1,7228,6216.08,14.0,Yes,Diwali,COD,3,5.0,No,5345.8288
ORD104432,2024-06-09,CUST9330,Regular,Home Decor,1,3918,2311.6200000000003,41.0,No,Non-Festival,COD,1,2.9,No,1363.8558000000005
ORD104433,2024-11-26,CUST7273,Regular,Fashion,2,7288,9037.12,38.0,No,Non-Festival,UPI,1,2.5,No,5603.0144
ORD104434,2024-01-16,CUST3515,Regular,Beauty,5,1824,7478.400000000001,18.0,No,Non-Festival,Wallet,1,2.8,No,6132.2880000000005
ORD104435,2024-12-03,CUST5770,Premium,Home Decor,1,2006,1223.66,39.0,No,Non-Festival,COD,6,3.4,Yes,746.4326
ORD104436,2024-04-03,CUST3005,Premium,Beauty,5,9846,26584.2,46.0,No,Non-Festival,UPI,7,4.4,No,14355.468
ORD104437,2024-10-30,CUST9155,Premium,Home Decor,4,8745,27284.4,22.0,Yes,Diwali,UPI,2,3.5,No,21281.832000000002
ORD104438,2024-05-17,CUST1031,Regular,Electronics,2,3133,4072.9,35.0,No,Non-Festival,Credit Card,7,4.5,No,2647.385
ORD104439,2024-12-03,CUST3146,New,Electronics,5,1140,5016.0,12.0,No,Non-Festival,Credit Card,3,4.4,No,4414.08
ORD104440,2024-02-07,CUST3950,Regular,Home Decor,1,7987,5590.9,30.0,No,Non-Festival,Wallet,7,4.5,No,3913.6299999999997
ORD104441,2024-05-06,CUST2830,Regular,Home Decor,1,4145,2652.8,36.0,No,Non-Festival,UPI,7,3.0,No,1697.7920000000001
ORD104442,2024-10-01,CUST7856,Premium,Beauty,5,7258,27217.5,25.0,No,Non-Festival,COD,7,3.8,No,20413.125
ORD104443,2024-06-12,CUST4408,Premium,Groceries,5,5048,14639.200000000004,42.0,No,Non-Festival,COD,5,4.3,No,8490.736000000004
ORD104444,2024-11-14,CUST1746,Regular,Home Decor,4,8621,18276.52,47.0,No,Non-Festival,UPI,2,3.2,No,9686.555600000002
ORD104445,2024-03-17,CUST2293,Regular,Fashion,2,5052,8386.32,17.0,No,Non-Festival,Wallet,6,4.6,No,6960.6456
ORD104446,2024-06-22,CUST7400,Premium,Fashion,3,6659,10787.58,46.0,No,Non-Festival,COD,4,4.4,No,5825.2932
ORD104447,2024-12-23,CUST5573,Regular,Fashion,4,5057,13755.04,32.0,Yes,Christmas/New Year,Wallet,7,2.8,No,9353.4272
ORD104448,2024-11-16,CUST6329,Regular,Electronics,4,7938,19368.72,39.0,No,Non-Festival,UPI,6,3.0,No,11814.9192
ORD104449,2024-03-31,CUST5957,Premium,Beauty,4,437,1206.12,31.0,No,Non-Festival,Wallet,4,3.1,No,832.2227999999999
ORD104450,2024-08-25,CUST6278,Regular,Electronics,1,3972,3852.84,3.0,Yes,Raksha Bandhan,Credit Card,6,4.7,No,3737.2548
ORD104451,2024-09-20,CUST7761,Regular,Fashion,5,7935,23805.0,40.0,No,Non-Festival,Wallet,5,3.0,No,14283.0
ORD104452,2024-06-27,CUST2721,Regular,Home Decor,2,2981,4888.84,18.0,No,Non-Festival,Wallet,3,4.1,No,4008.8488
ORD104453,2024-07-27,CUST6095,New,Fashion,1,7287,6849.78,6.0,No,Non-Festival,COD,5,2.7,No,6438.793199999999
ORD104454,2024-03-13,CUST2135,New,Home Decor,4,2184,4717.4400000000005,46.0,No,Non-Festival,Wallet,2,3.9,No,2547.4176
ORD104455,2024-04-16,CUST5879,Regular,Beauty,2,1252,1652.64,34.0,No,Non-Festival,COD,3,2.9,No,1090.7423999999999
ORD104456,2024-12-10,CUST4769,Regular,Groceries,1,7858,5893.5,25.0,No,Non-Festival,COD,7,3.9,No,4420.125
ORD104457,2024-10-21,CUST7538,Regular,Home Decor,3,5454,9326.34,43.0,Yes,Diwali,Credit Card,7,3.4,No,5316.013800000001
ORD104458,2024-10-10,CUST1054,Regular,Electronics,4,550,1716.0,22.0,No,Non-Festival,COD,4,4.0,No,1338.48
ORD104459,2024-12-18,CUST4979,Premium,Fashion,1,1112,745.04,33.0,No,Non-Festival,UPI,3,3.5,No,499.1767999999999
ORD104460,2024-06-30,CUST5090,Premium,Fashion,1,4645,4366.3,6.0,No,Non-Festival,COD,3,4.6,No,4104.322
ORD104461,2024-02-06,CUST6731,Regular,Fashion,4,9696,34905.6,10.0,No,Non-Festival,UPI,3,4.4,No,31415.04
ORD104462,2024-05-16,CUST7675,Regular,Home Decor,3,491,1369.89,7.0,No,Non-Festival,COD,5,4.6,No,1273.9977
ORD104463,2024-12-03,CUST6468,Regular,Beauty,5,9604,42257.6,12.0,No,Non-Festival,UPI,1,3.1,No,37186.688
ORD104464,2024-02-25,CUST4807,Regular,Home Decor,3,7950,16456.5,31.0,No,Non-Festival,Credit Card,2,2.9,No,11354.984999999999
ORD104465,2024-07-05,CUST1552,Regular,Electronics,4,667,1600.8,40.0,No,Non-Festival,Wallet,3,3.9,No,960.4799999999999
ORD104466,2024-12-06,CUST2256,Premium,Fashion,5,3477,11647.95,33.0,No,Non-Festival,COD,3,4.7,No,7804.126499999999
ORD104467,2024-09-14,CUST5955,Premium,Home Decor,1,5561,4615.63,17.0,No,Non-Festival,Credit Card,5,2.8,No,3830.9728999999998
ORD104468,2024-02-27,CUST7319,Premium,Fashion,3,5503,14197.74,14.0,No,Non-Festival,Credit Card,2,3.1,No,12210.0564
ORD104469,2024-12-28,CUST6032,Regular,Electronics,3,3775,6568.500000000001,42.0,Yes,Christmas/New Year,COD,2,4.4,No,3809.730000000001
ORD104470,2024-05-02,CUST7685,Premium,Groceries,5,6792,26149.2,23.0,No,Non-Festival,COD,7,3.7,No,20134.884000000002
ORD104471,2024-07-06,CUST5834,Regular,Groceries,1,4525,2443.5,25.0,No,Non-Festival,UPI,4,4.0,No,1832.625
ORD104472,2024-08-17,CUST2825,Regular,Groceries,3,1264,3033.6000000000004,20.0,Yes,Independence Day,COD,2,4.0,No,2426.8800000000006
ORD104473,2024-06-16,CUST2424,Premium,Fashion,5,5088,21115.2,17.0,No,Non-Festival,COD,2,3.5,No,17525.615999999998
ORD104474,2024-04-23,CUST8088,Regular,Home Decor,3,2594,6770.34,13.0,No,Non-Festival,UPI,7,4.3,No,5890.1958
ORD104475,2024-09-08,CUST7552,Premium,Fashion,1,8478,6951.960000000001,18.0,No,Non-Festival,UPI,3,4.6,No,5700.607200000001
ORD104476,2024-04-16,CUST1220,Premium,Beauty,1,3120,2745.6,12.0,No,Non-Festival,COD,7,4.8,No,2416.128
ORD104477,2024-02-06,CUST2208,New,Home Decor,2,7058,11998.6,15.0,No,Non-Festival,COD,1,2.6,No,10198.81
ORD104478,2024-11-30,CUST7739,New,Electronics,5,203,1004.85,1.0,No,Non-Festival,COD,3,3.9,No,994.8015
ORD104479,2024-04-01,CUST1117,Regular,Groceries,4,6140,16455.199999999997,33.0,No,Non-Festival,Wallet,6,2.6,No,11024.983999999997
ORD104480,2024-01-18,CUST4528,New,Home Decor,3,8248,12866.88,48.0,No,Non-Festival,Wallet,5,4.8,No,6690.777599999999
ORD104481,2024-12-19,CUST4205,Premium,Home Decor,1,9913,7434.75,25.0,No,Non-Festival,Credit Card,2,3.6,No,5576.0625
ORD104482,2024-03-03,CUST9976,Premium,Groceries,3,2177,5159.49,21.0,No,Non-Festival,Credit Card,1,4.8,No,4075.9971
ORD104483,2024-05-29,CUST4503,Regular,Electronics,3,9866,23974.38,19.0,No,Non-Festival,COD,3,3.0,No,19419.2478
ORD104484,2024-05-18,CUST2767,New,Fashion,4,9522,27423.36,28.0,No,Non-Festival,UPI,6,2.9,No,19744.819199999998
ORD104485,2024-07-04,CUST3134,Regular,Fashion,1,9272,7695.759999999999,17.0,No,Non-Festival,COD,4,4.8,No,6387.480799999999
ORD104486,2024-07-03,CUST6509,New,Home Decor,2,9793,14101.92,28.0,No,Non-Festival,COD,5,4.8,No,10153.3824
ORD104487,2024-07-23,CUST5616,Regular,Groceries,5,1950,5752.500000000001,41.0,No,Non-Festival,Credit Card,6,4.4,No,3393.975000000001
ORD104488,2024-09-16,CUST3745,Premium,Beauty,3,201,343.71000000000004,43.0,No,Non-Festival,,7,3.1,No,195.91470000000004
ORD104489,2024-08-01,CUST1202,Regular,Electronics,4,9536,28226.56,26.0,No,Non-Festival,COD,5,2.9,Yes,20887.6544
ORD104490,2024-09-12,CUST8107,Regular,Fashion,4,8540,22545.6,34.0,No,Non-Festival,Credit Card,6,4.4,No,14880.095999999998
ORD104491,2024-05-14,CUST5089,Regular,Electronics,5,4447,16009.2,28.0,No,Non-Festival,Credit Card,5,4.1,No,11526.624
ORD104492,2024-03-01,CUST5705,Regular,Electronics,5,7932,37677.0,5.0,No,Non-Festival,UPI,3,4.7,No,35793.15
ORD104493,2024-12-28,CUST3437,Regular,Electronics,1,6235,3990.4,36.0,Yes,Christmas/New Year,UPI,1,3.2,No,2553.856
ORD104494,2024-11-05,CUST1832,Regular,Groceries,3,2243,5114.04,24.0,Yes,Diwali,UPI,1,3.2,No,3886.6704
ORD104495,2024-03-28,CUST6166,Premium,Groceries,3,1902,4564.8,20.0,Yes,Holi,Wallet,2,4.3,No,3651.84
ORD104496,2024-11-19,CUST8575,New,Groceries,5,6147,21514.5,30.0,No,Non-Festival,Wallet,1,3.2,No,15060.15
ORD104497,2024-07-25,CUST7813,Premium,Home Decor,2,1587,1936.14,39.0,No,Non-Festival,COD,7,3.7,No,1181.0454
ORD104498,2024-05-08,CUST9954,Regular,Groceries,3,6026,9219.78,49.0,No,Non-Festival,UPI,4,3.8,No,4702.0878
ORD104499,2024-11-06,CUST3204,Regular,Home Decor,4,9642,32782.8,15.0,Yes,Diwali,Credit Card,6,4.2,No,27865.38
ORD104500,2024-01-03,CUST8524,Regular,Fashion,5,4662,20279.7,13.0,No,Non-Festival,UPI,5,3.4,No,17643.339
ORD104501,2024-08-29,CUST9624,New,Fashion,3,2236,6372.599999999999,5.0,Yes,Raksha Bandhan,COD,7,4.6,No,6053.969999999999
ORD104502,2024-04-30,CUST4681,New,Fashion,1,6605,5944.5,10.0,No,Non-Festival,Wallet,3,3.5,No,5350.05
ORD104503,2024-04-11,CUST6569,Regular,Fashion,5,6989,25859.3,26.0,No,Non-Festival,Wallet,5,2.6,No,19135.881999999998
ORD104504,2024-02-07,CUST2951,Regular,Fashion,4,6319,15923.88,37.0,No,Non-Festival,COD,5,2.7,Yes,10032.044399999999
ORD104505,2024-12-06,CUST7753,New,Groceries,1,737,707.52,4.0,No,Non-Festival,UPI,4,4.9,No,679.2192
ORD104506,2024-05-12,CUST7156,New,Beauty,5,9946,42767.8,14.0,No,Non-Festival,COD,6,4.1,No,36780.308000000005
ORD104507,2024-07-20,CUST9399,New,Groceries,5,9182,28923.3,37.0,No,Non-Festival,COD,7,3.7,No,18221.679
ORD104508,2024-12-13,CUST1228,New,Beauty,3,7063,18010.649999999998,15.0,No,Non-Festival,Wallet,7,4.7,No,15309.052499999998
ORD104509,2024-01-21,CUST3316,Regular,Groceries,1,2148,1782.84,17.0,Yes,Republic Day,Wallet,7,4.3,No,1479.7571999999998
ORD104510,2024-08-29,CUST9415,Regular,Fashion,5,5378,18285.2,32.0,Yes,,Wallet,5,3.0,Yes,12433.936
ORD104511,2024-04-18,CUST7414,Regular,Electronics,4,5304,14002.559999999998,34.0,No,Non-Festival,COD,5,2.5,No,9241.689599999998
ORD104512,2024-10-29,CUST7310,Regular,Beauty,1,4343,3344.11,23.0,Yes,Diwali,UPI,4,5.0,No,2574.9647
ORD104513,2024-03-24,CUST2213,Regular,Electronics,3,9827,19457.46,34.0,Yes,Holi,COD,4,4.1,No,12841.923599999998
ORD104514,2024-03-23,CUST5916,Premium,Fashion,2,3048,5730.24,6.0,Yes,Holi,UPI,1,3.7,No,5386.4256
ORD104515,2024-10-17,CUST1451,Regular,Beauty,5,8505,36996.75,13.0,No,Non-Festival,UPI,6,4.9,No,32187.1725
ORD104516,2024-03-09,CUST3639,Regular,Electronics,2,2543,2593.86,49.0,No,Non-Festival,COD,7,3.4,No,1322.8686
ORD104517,2024-05-08,CUST5551,Regular,Groceries,5,4733,16802.149999999998,29.0,No,Non-Festival,UPI,7,4.3,No,11929.526499999998
ORD104518,2024-07-14,CUST2042,Regular,Fashion,3,361,833.91,23.0,No,Non-Festival,UPI,5,4.2,No,642.1107
ORD104519,2024-05-19,CUST5529,Regular,Groceries,3,8895,22949.1,14.0,No,Non-Festival,COD,6,4.2,No,19736.226
ORD104520,2024-10-09,CUST1245,New,Groceries,3,2834,7481.76,12.0,No,Non-Festival,Wallet,2,4.2,No,6583.9488
ORD104521,2024-11-07,CUST7966,New,Fashion,3,5301,13040.46,18.0,Yes,Diwali,COD,2,2.5,No,10693.1772
ORD104522,2024-08-21,CUST7239,Regular,Beauty,1,5966,4295.52,28.0,No,Non-Festival,Wallet,2,4.6,No,3092.7744000000002
ORD104523,2024-01-23,CUST9391,Premium,Home Decor,1,9786,7730.94,21.0,Yes,Republic Day,UPI,6,4.8,No,6107.4426
ORD104524,2024-06-01,CUST2961,Regular,Home Decor,5,1709,8459.55,1.0,No,Non-Festival,Wallet,4,3.6,No,8374.9545
ORD104525,2024-10-03,CUST8852,Premium,Fashion,1,2519,1561.78,38.0,No,Non-Festival,Wallet,5,3.9,No,968.3036
ORD104526,2024-03-01,CUST7436,Regular,Home Decor,5,6305,27742.0,12.0,No,Non-Festival,Credit Card,1,3.3,No,24412.96
ORD104527,2024-11-14,CUST8640,Regular,Electronics,1,8871,5766.150000000001,35.0,No,Non-Festival,Credit Card,5,4.5,No,3747.9975000000004
ORD104528,2024-02-21,CUST5573,New,Beauty,1,9146,5761.9800000000005,37.0,No,Non-Festival,Wallet,7,4.3,No,3630.0474000000004
ORD104529,2024-12-09,CUST5732,Regular,Groceries,1,4199,3485.17,17.0,No,Non-Festival,Credit Card,2,4.3,No,2892.6911
ORD104530,2024-06-01,CUST2822,Regular,Groceries,4,8595,29566.8,14.0,No,Non-Festival,Wallet,6,4.3,No,25427.448
ORD104531,2024-08-24,CUST9063,Regular,Fashion,3,3549,7027.02,34.0,No,Non-Festival,Credit Card,3,3.0,Yes,4637.8332
ORD104532,2024-11-06,CUST1499,Regular,Groceries,4,4411,14820.96,16.0,Yes,Diwali,UPI,6,2.8,No,12449.606399999999
ORD104533,2024-10-28,CUST9935,Regular,Electronics,1,591,313.23,47.0,Yes,Diwali,COD,2,3.3,No,166.01190000000003
ORD104534,2024-02-01,CUST1982,New,Electronics,1,8151,7172.88,12.0,No,Non-Festival,Credit Card,6,3.9,No,6312.1344
ORD104535,2024-02-24,CUST5198,Premium,Fashion,4,7031,22217.960000000003,21.0,No,Non-Festival,COD,6,3.5,No,17552.188400000003
ORD104536,2024-12-17,CUST6955,Premium,Groceries,5,2973,9067.65,39.0,No,Non-Festival,Credit Card,6,3.1,No,5531.2665
ORD104537,2024-02-05,CUST4679,Regular,Home Decor,3,2616,6278.400000000001,20.0,No,Non-Festival,Wallet,4,2.6,No,5022.720000000001
ORD104538,2024-04-19,CUST3956,Regular,Home Decor,5,1438,5392.5,25.0,No,Non-Festival,Credit Card,5,2.8,No,4044.375
ORD104539,2024-06-25,CUST1610,Regular,Beauty,3,6912,11404.8,45.0,No,Non-Festival,Credit Card,4,2.8,No,6272.64
ORD104540,2024-12-27,CUST2197,Regular,Fashion,2,940,1823.6,3.0,Yes,Christmas/New Year,COD,6,4.9,No,1768.8919999999998
ORD104541,2024-11-09,CUST3153,Premium,Beauty,3,6670,18809.4,6.0,Yes,Diwali,COD,1,4.4,No,17680.836
ORD104542,2024-10-21,CUST6512,Regular,Home Decor,5,9927,45167.85,9.0,Yes,Diwali,Credit Card,5,3.8,No,41102.7435
ORD104543,2024-12-01,CUST6560,New,Home Decor,3,7691,19842.78,14.0,No,Non-Festival,COD,5,3.7,No,17064.7908
ORD104544,2024-04-06,CUST7582,Regular,Home Decor,2,568,852.0,25.0,No,Non-Festival,Credit Card,5,3.8,No,639.0
ORD104545,2024-07-31,CUST3256,Regular,Beauty,2,5109,8685.3,15.0,No,Non-Festival,Wallet,3,4.9,No,7382.504999999999
ORD104546,2024-11-12,CUST9925,Regular,Fashion,1,5419,3305.59,39.0,No,Non-Festival,,5,3.2,No,2016.4099
ORD104547,2024-05-16,CUST5863,Regular,Electronics,2,9490,12716.6,33.0,No,Non-Festival,UPI,3,3.2,Yes,8520.122
ORD104548,2024-01-06,CUST8034,Regular,Electronics,4,7804,26221.44,16.0,No,Non-Festival,COD,7,3.9,Yes,22026.009599999998
ORD104549,2024-04-18,CUST3420,Regular,Home Decor,5,9783,30816.45,37.0,No,Non-Festival,Credit Card,5,4.6,No,19414.3635
ORD104550,2024-02-04,CUST7870,Regular,Fashion,4,6406,21780.4,15.0,No,Non-Festival,Wallet,6,3.2,No,18513.34
ORD104551,2024-02-08,CUST2397,Premium,Fashion,4,1847,4949.959999999999,33.0,No,Non-Festival,UPI,2,2.8,No,3316.473199999999
ORD104552,2024-05-29,CUST3280,Premium,Groceries,5,3024,10886.4,28.0,No,Non-Festival,UPI,1,3.2,No,7838.208
ORD104553,2024-04-27,CUST3941,Regular,Groceries,4,4370,14508.4,17.0,No,Non-Festival,,5,3.6,No,12041.972
ORD104554,2024-09-17,CUST8688,Regular,Beauty,4,6109,21992.4,10.0,No,Non-Festival,UPI,7,3.4,No,19793.160000000003
ORD104555,2024-03-27,CUST5236,Premium,Groceries,4,3981,14172.36,11.0,Yes,Holi,UPI,4,4.7,No,12613.4004
ORD104556,2024-03-16,CUST5510,New,Beauty,2,3328,4259.84,36.0,No,Non-Festival,Credit Card,7,4.9,No,2726.2976000000003
ORD104557,2024-11-08,CUST1302,Premium,Electronics,5,9664,47836.8,1.0,Yes,Diwali,UPI,2,3.4,No,47358.432
ORD104558,2024-08-01,CUST2789,Regular,Home Decor,5,2179,9042.85,17.0,No,Non-Festival,UPI,4,4.6,No,7505.5655
ORD104559,2024-10-11,CUST9773,Premium,Fashion,5,6812,21457.8,25.0,No,Non-Festival,Credit Card,4,2.7,No,16093.349999999999
ORD104560,2024-08-26,CUST9336,Premium,Electronics,4,6222,16923.84,32.0,Yes,Raksha Bandhan,Credit Card,7,3.9,Yes,11508.2112
ORD104561,2024-06-13,CUST5086,Regular,Electronics,2,6281,11557.04,8.0,No,Non-Festival,Wallet,3,4.6,No,10632.4768
ORD104562,2024-03-27,CUST6624,New,Beauty,5,9968,42862.4,14.0,Yes,Holi,UPI,1,3.5,No,36861.664000000004
ORD104563,2024-05-20,CUST2588,Regular,Home Decor,3,8032,17590.079999999998,27.0,No,Non-Festival,Wallet,7,2.9,No,12840.758399999999
ORD104564,2024-06-08,CUST8041,New,Beauty,5,9861,45853.65,7.0,No,Non-Festival,Wallet,7,3.2,No,42643.894499999995
ORD104565,2024-02-15,CUST3865,Premium,Electronics,1,9371,5154.05,45.0,No,Non-Festival,COD,4,3.7,No,2834.7275000000004
ORD104566,2024-04-21,CUST9706,Premium,Fashion,3,1455,2837.25,35.0,No,Non-Festival,Credit Card,7,4.6,No,1844.2125
ORD104567,2024-02-14,CUST3852,Premium,Groceries,5,499,1546.9,38.0,No,Non-Festival,COD,2,4.4,No,959.0780000000001
ORD104568,2024-09-03,CUST6916,Regular,Beauty,4,8009,29793.48,7.0,No,Non-Festival,Credit Card,1,2.7,No,27707.9364
ORD104569,2024-04-13,CUST5660,Premium,Electronics,5,4721,13926.950000000004,41.0,No,Non-Festival,COD,2,3.9,Yes,8216.900500000003
ORD104570,2024-03-25,CUST4917,New,Groceries,2,3242,3306.84,49.0,Yes,Holi,Credit Card,4,4.7,No,1686.4884000000002
ORD104571,2024-05-13,CUST8812,Premium,Groceries,2,8792,8967.84,49.0,No,Non-Festival,UPI,1,3.9,No,4573.5984
ORD104572,2024-04-17,CUST9609,New,Electronics,5,1480,6068.000000000001,18.0,No,Non-Festival,,5,2.7,No,4975.760000000001
ORD104573,2024-01-18,CUST3596,New,Home Decor,4,9253,35901.64,3.0,No,Non-Festival,Wallet,4,4.6,No,34824.5908
ORD104574,2024-04-03,CUST9165,New,Electronics,4,4789,14175.44,26.0,No,Non-Festival,COD,4,4.8,No,10489.8256
ORD104575,2024-05-29,CUST2818,Premium,Fashion,4,8333,29332.16,12.0,No,Non-Festival,Wallet,7,3.5,No,25812.3008
ORD104576,2024-09-02,CUST5370,Premium,Groceries,5,6832,21520.8,37.0,No,Non-Festival,COD,6,3.3,No,13558.104
ORD104577,2024-10-15,CUST7915,Regular,Fashion,5,2984,11936.0,20.0,No,Non-Festival,Credit Card,6,3.9,No,9548.800000000001
ORD104578,2024-07-27,CUST8392,Premium,Beauty,1,7598,5698.5,25.0,No,Non-Festival,Credit Card,3,5.0,Yes,4273.875
ORD104579,2024-05-05,CUST4005,Regular,Groceries,2,6908,7736.960000000001,44.0,No,Non-Festival,COD,2,4.6,No,4332.697600000001
ORD104580,2024-08-22,CUST3577,Regular,Home Decor,3,7373,17252.82,22.0,No,Non-Festival,COD,5,4.5,No,13457.1996
ORD104581,2024-05-01,CUST6844,Regular,Electronics,3,4359,9284.67,29.0,No,Non-Festival,UPI,1,3.0,No,6592.115699999999
ORD104582,2024-05-17,CUST6967,New,Beauty,2,9503,13304.2,30.0,No,Non-Festival,COD,4,4.7,No,9312.94
ORD104583,2024-04-24,CUST9296,New,Fashion,1,9448,6613.599999999999,30.0,No,Non-Festival,UPI,4,3.9,No,4629.5199999999995
ORD104584,2024-06-10,CUST2552,Premium,Beauty,2,9487,16127.9,15.0,No,Non-Festival,COD,5,4.8,No,13708.715
ORD104585,2024-07-19,CUST3392,Regular,Home Decor,1,2500,1475.0000000000002,41.0,No,Non-Festival,UPI,4,4.1,No,870.2500000000002
ORD104586,2024-08-21,CUST8634,Premium,Electronics,1,6450,3870.0,40.0,No,Non-Festival,Wallet,7,4.6,No,2322.0
ORD104587,2024-01-28,CUST8494,Premium,Beauty,4,8169,30715.44,6.0,Yes,Republic Day,UPI,2,2.9,No,28872.5136
ORD104588,2024-01-11,CUST8205,Regular,Fashion,2,4191,7040.88,16.0,No,Non-Festival,Wallet,1,4.3,No,5914.339199999999
ORD104589,2024-07-24,CUST8553,Regular,Beauty,3,713,1647.03,23.0,No,Non-Festival,UPI,7,3.1,No,1268.2131
ORD104590,2024-06-15,CUST1321,Regular,Electronics,5,4431,17945.550000000003,19.0,No,Non-Festival,Credit Card,5,2.9,No,14535.895500000004
ORD104591,2024-09-03,CUST2192,Premium,Beauty,5,6752,20931.2,38.0,No,Non-Festival,UPI,5,3.9,No,12977.344000000001
ORD104592,2024-02-16,CUST7225,Premium,Fashion,2,8512,12597.76,26.0,No,Non-Festival,COD,6,4.0,No,9322.3424
ORD104593,2024-09-02,CUST7133,Regular,Electronics,5,9893,48970.35,1.0,No,Non-Festival,Wallet,3,3.7,No,48480.646499999995
ORD104594,2024-05-06,CUST1568,New,Home Decor,1,3047,3047.0,0.0,No,Non-Festival,COD,1,2.7,No,3047.0
ORD104595,2024-05-26,CUST5212,Regular,Home Decor,5,1317,4411.95,33.0,No,Non-Festival,COD,5,3.1,No,2956.0064999999995
ORD104596,2024-04-27,CUST3694,Regular,Groceries,1,8896,6583.04,26.0,No,Non-Festival,,7,3.1,No,4871.4496
ORD104597,2024-05-31,CUST6093,Regular,Beauty,1,8061,5159.04,36.0,No,Non-Festival,UPI,4,3.3,No,3301.7856
ORD104598,2024-03-12,CUST6491,Regular,Fashion,3,2438,3730.14,49.0,No,Non-Festival,Credit Card,7,4.1,No,1902.3714
ORD104599,2024-12-28,CUST9602,Regular,Beauty,5,6800,32300.0,5.0,Yes,,UPI,6,3.6,No,30685.0
ORD104600,2024-05-16,CUST5535,Regular,Electronics,3,2633,4976.37,37.0,No,Non-Festival,COD,1,4.9,No,3135.1131
ORD104601,2024-06-23,CUST4400,Premium,Groceries,5,9194,34017.8,26.0,No,Non-Festival,UPI,2,2.5,No,25173.172000000002
ORD104602,2024-10-15,CUST4580,Regular,Fashion,1,7209,3820.77,47.0,No,Non-Festival,Credit Card,5,3.0,Yes,2025.0081
ORD104603,2024-01-19,CUST8817,Premium,Beauty,5,7366,31305.5,15.0,No,Non-Festival,Wallet,2,3.9,No,26609.675
ORD104604,2024-07-13,CUST3858,Premium,Fashion,3,4573,9054.54,34.0,No,Non-Festival,Credit Card,5,4.7,No,5975.9964
ORD104605,2024-11-25,CUST9266,Regular,Electronics,4,8346,24704.16,26.0,No,Non-Festival,Credit Card,4,2.6,No,18281.0784
ORD104606,2024-06-23,CUST8768,Premium,Groceries,3,1671,3308.5799999999995,34.0,No,Non-Festival,Credit Card,3,4.7,No,2183.6627999999996
ORD104607,2024-12-19,CUST7966,Regular,Fashion,4,9218,23966.8,35.0,No,Non-Festival,Wallet,4,3.8,No,15578.42
ORD104608,2024-05-20,CUST3606,New,Electronics,2,1628,2051.28,37.0,No,Non-Festival,COD,2,4.5,No,1292.3064000000002
ORD104609,2024-09-02,CUST2104,New,Home Decor,3,5074,11112.06,27.0,No,Non-Festival,Credit Card,7,4.9,No,8111.8038
ORD104610,2024-04-02,CUST9618,Regular,Fashion,5,8123,39802.7,2.0,No,Non-Festival,Credit Card,1,3.0,No,39006.64599999999
ORD104611,2024-08-26,CUST4664,New,Groceries,4,4506,10814.4,40.0,Yes,Raksha Bandhan,Credit Card,7,4.0,No,6488.639999999999
ORD104612,2024-07-23,CUST9592,Premium,Fashion,5,3981,13933.5,30.0,No,Non-Festival,Wallet,6,3.8,No,9753.449999999999
ORD104613,2024-02-17,CUST2406,New,Fashion,4,2517,9866.64,2.0,No,Non-Festival,Wallet,2,4.6,Yes,9669.3072
ORD104614,2024-09-01,CUST2953,Premium,Electronics,3,6888,13018.32,37.0,No,Non-Festival,Wallet,3,3.8,No,8201.5416
ORD104615,2024-11-15,CUST1568,Regular,Beauty,3,1206,2785.86,23.0,No,Non-Festival,COD,5,4.9,No,2145.1122
ORD104616,2024-11-12,CUST5392,New,Beauty,5,1837,6888.75,25.0,No,Non-Festival,UPI,6,4.3,No,5166.5625
ORD104617,2024-10-21,CUST4009,Regular,Fashion,3,9236,16624.8,40.0,Yes,Diwali,COD,5,3.8,No,9974.88
ORD104618,2024-05-07,CUST8348,Regular,Groceries,5,5311,14339.7,46.0,No,Non-Festival,COD,2,2.6,No,7743.438000000001
ORD104619,2024-12-09,CUST7034,Regular,Groceries,1,7649,5583.77,27.0,No,Non-Festival,COD,1,3.7,No,4076.1521000000002
ORD104620,2024-10-08,CUST3004,Regular,Electronics,4,3487,12832.16,8.0,No,Non-Festival,UPI,5,3.6,No,11805.5872
ORD104621,2024-01-17,CUST8887,Premium,Fashion,5,5640,18048.0,36.0,No,Non-Festival,Credit Card,7,3.3,No,11550.72
ORD104622,2024-03-11,CUST6341,Premium,Fashion,4,3061,9060.56,26.0,No,Non-Festival,Wallet,5,4.9,No,6704.814399999999
ORD104623,2024-09-25,CUST4385,New,Beauty,1,838,444.14,47.0,No,Non-Festival,COD,6,4.8,No,235.3942
ORD104624,2024-11-20,CUST3271,Regular,Electronics,4,8884,34825.28,2.0,No,Non-Festival,Wallet,3,3.3,No,34128.774399999995
ORD104625,2024-10-08,CUST5692,New,Home Decor,5,5925,17775.0,40.0,No,Non-Festival,,6,3.6,No,10665.0
ORD104626,2024-10-31,CUST7235,New,Groceries,3,2375,3705.0,48.0,Yes,Diwali,Wallet,3,4.4,No,1926.6000000000001
ORD104627,2024-01-07,CUST6855,Regular,Groceries,4,5795,16921.399999999998,27.0,No,Non-Festival,Credit Card,7,4.6,No,12352.621999999998
ORD104628,2024-11-09,CUST5935,Regular,Fashion,4,1685,4650.599999999999,31.0,Yes,Diwali,Wallet,1,2.8,No,3208.9139999999993
ORD104629,2024-10-31,CUST1099,New,Electronics,1,6781,4475.459999999999,34.0,Yes,Diwali,,5,3.7,No,2953.8035999999993
ORD104630,2024-04-12,CUST4888,Premium,Home Decor,2,4743,8916.84,6.0,No,Non-Festival,Credit Card,4,4.8,Yes,8381.8296
ORD104631,2024-11-04,CUST8611,Premium,Groceries,3,5421,15287.22,6.0,Yes,Diwali,Wallet,2,4.2,Yes,14369.986799999999
ORD104632,2024-07-11,CUST3033,Premium,Electronics,5,8950,35800.0,20.0,No,Non-Festival,UPI,6,3.9,No,28640.0
ORD104633,2024-08-28,CUST2093,Regular,Home Decor,1,3948,2724.12,31.0,Yes,Raksha Bandhan,UPI,5,4.3,No,1879.6427999999999
ORD104634,2024-03-02,CUST4511,Regular,Fashion,5,9361,29487.15,37.0,No,Non-Festival,COD,2,4.2,No,18576.9045
ORD104635,2024-01-17,CUST5897,Premium,Beauty,5,5232,21189.6,19.0,No,Non-Festival,UPI,6,4.9,No,17163.576
ORD104636,2024-06-19,CUST5172,Regular,Groceries,4,6626,24648.72,7.0,No,Non-Festival,UPI,5,4.8,No,22923.3096
ORD104637,2024-01-25,CUST8132,Premium,Groceries,1,4209,4082.73,3.0,Yes,Republic Day,UPI,3,3.5,No,3960.2481
ORD104638,2024-09-07,CUST1381,New,Home Decor,1,5523,4142.25,25.0,No,Non-Festival,Credit Card,1,2.6,No,3106.6875
ORD104639,2024-09-09,CUST9306,Premium,Beauty,3,8477,21870.66,14.0,No,Non-Festival,UPI,4,3.3,No,18808.7676
ORD104640,2024-07-25,CUST6572,New,Electronics,2,5643,10721.7,5.0,No,Non-Festival,Wallet,6,3.0,No,10185.615
ORD104641,2024-01-29,CUST4240,Regular,Fashion,5,6507,17243.55,47.0,Yes,Republic Day,COD,3,2.8,No,9139.0815
ORD104642,2024-04-26,CUST3244,Premium,Electronics,3,3328,6888.959999999999,31.0,No,Non-Festival,Wallet,1,4.7,No,4753.382399999999
ORD104643,2024-10-08,CUST5649,Premium,Home Decor,3,4501,12962.88,4.0,No,Non-Festival,Wallet,3,4.3,Yes,12444.3648
ORD104644,2024-05-23,CUST2379,New,Groceries,5,6227,17746.95,43.0,No,Non-Festival,UPI,6,2.6,No,10115.761500000002
ORD104645,2024-01-25,CUST3805,Premium,Groceries,4,5609,12339.8,45.0,Yes,Republic Day,COD,7,4.8,No,6786.89
ORD104646,2024-11-05,CUST6642,Regular,Electronics,4,1146,4354.8,5.0,Yes,Diwali,Wallet,2,4.8,No,4137.06
ORD104647,2024-06-04,CUST9760,New,Fashion,5,3408,16699.2,2.0,No,Non-Festival,COD,5,4.9,No,16365.216
ORD104648,2024-03-13,CUST5773,Premium,Home Decor,1,3640,2620.8,28.0,No,Non-Festival,UPI,3,4.6,No,1886.976
ORD104649,2024-04-29,CUST3831,Regular,Fashion,2,1745,2861.8,18.0,No,Non-Festival,Wallet,7,2.7,Yes,2346.6760000000004
ORD104650,2024-11-07,CUST1331,Premium,Home Decor,4,3707,13493.48,9.0,Yes,Diwali,Credit Card,7,4.1,No,12279.0668
ORD104651,2024-11-16,CUST9205,New,Fashion,2,229,430.52,6.0,No,Non-Festival,Wallet,6,3.8,No,404.68879999999996
ORD104652,2024-04-02,CUST8594,Premium,Electronics,3,9863,16569.84,44.0,No,Non-Festival,Wallet,1,4.3,No,9279.110400000001
ORD104653,2024-03-26,CUST6610,Regular,Beauty,3,1609,4827.0,0.0,Yes,Holi,COD,5,3.0,No,4827.0
ORD104654,2024-12-01,CUST7786,New,Home Decor,5,3879,19395.0,0.0,No,Non-Festival,COD,6,4.8,No,19395.0
ORD104655,2024-12-29,CUST9605,Premium,Electronics,5,8920,37464.0,16.0,Yes,Christmas/New Year,COD,7,4.8,No,31469.76
ORD104656,2024-04-27,CUST4642,Premium,Groceries,5,5347,21120.65,21.0,No,Non-Festival,UPI,2,4.0,No,16685.3135
ORD104657,2024-08-20,CUST6871,Regular,Groceries,4,325,845.0,35.0,Yes,Independence Day,COD,2,4.4,No,549.25
ORD104658,2024-07-17,CUST6173,Regular,Fashion,2,5108,8887.92,13.0,No,Non-Festival,UPI,4,4.6,No,7732.4904
ORD104659,2024-07-24,CUST5258,Premium,Groceries,3,6842,19499.7,5.0,No,Non-Festival,COD,5,3.5,No,18524.715
ORD104660,2024-12-04,CUST2930,New,Beauty,2,3458,4910.36,29.0,No,Non-Festival,Credit Card,2,3.9,No,3486.3555999999994
ORD104661,2024-05-26,CUST3804,Regular,Home Decor,4,9045,19899.0,45.0,No,Non-Festival,COD,3,2.9,No,10944.45
ORD104662,2024-09-27,CUST5138,Regular,Fashion,2,8341,9008.28,46.0,No,Non-Festival,UPI,2,5.0,No,4864.471200000001
ORD104663,2024-05-18,CUST6249,Regular,Home Decor,2,9132,12419.52,32.0,No,Non-Festival,UPI,2,4.8,No,8445.273599999999
ORD104664,2024-06-29,CUST2710,Premium,Home Decor,5,2461,9967.05,19.0,No,Non-Festival,Wallet,2,3.7,No,8073.3105
ORD104665,2024-01-30,CUST7182,Regular,Electronics,2,8153,13860.1,15.0,Yes,Republic Day,COD,7,3.9,No,11781.085
ORD104666,2024-02-26,CUST9066,Regular,Groceries,2,8682,16843.079999999998,3.0,No,Non-Festival,UPI,4,3.6,No,16337.787599999998
ORD104667,2024-08-19,CUST2496,Regular,Home Decor,2,1893,2536.62,33.0,Yes,Independence Day,Wallet,6,2.5,No,1699.5353999999998
ORD104668,2024-05-25,CUST6337,Premium,Beauty,1,6087,6087.0,0.0,No,Non-Festival,Credit Card,1,3.1,No,6087.0
ORD104669,2024-02-17,CUST9689,Regular,Beauty,3,4844,12788.16,12.0,No,Non-Festival,UPI,6,2.8,No,11253.5808
ORD104670,2024-07-12,CUST1737,Regular,Groceries,3,9711,15440.490000000002,47.0,No,Non-Festival,COD,2,3.3,No,8183.459700000001
ORD104671,2024-08-11,CUST2678,New,Groceries,2,3021,5619.06,7.0,Yes,Independence Day,Credit Card,1,3.1,No,5225.7258
ORD104672,2024-05-15,CUST3001,Regular,Fashion,5,3862,15254.9,21.0,No,Non-Festival,UPI,5,4.4,No,12051.371000000001
ORD104673,2024-01-22,CUST8617,Regular,Fashion,5,5394,26160.9,3.0,Yes,Republic Day,COD,1,3.8,No,25376.073
ORD104674,2024-01-06,CUST1090,New,Fashion,5,1595,5343.249999999999,33.0,No,Non-Festival,UPI,5,4.5,No,3579.977499999999
ORD104675,2024-07-22,CUST2735,Regular,Groceries,3,3167,5320.56,44.0,No,Non-Festival,,4,4.1,No,2979.5136000000007
ORD104676,2024-08-26,CUST8898,Premium,Home Decor,4,4161,10652.16,36.0,Yes,Raksha Bandhan,Wallet,5,4.1,No,6817.3824
ORD104677,2024-07-03,CUST3224,Regular,Electronics,2,2814,4389.84,22.0,No,Non-Festival,UPI,5,4.7,No,3424.0752
ORD104678,2024-12-25,CUST2500,Premium,Fashion,3,7070,17180.100000000002,19.0,Yes,Christmas/New Year,UPI,3,4.6,No,13915.881000000003
ORD104679,2024-10-18,CUST9423,Regular,Electronics,5,1744,6714.400000000001,23.0,No,Non-Festival,Credit Card,4,2.7,No,5170.088000000001
ORD104680,2024-11-30,CUST4325,New,Beauty,3,5425,12043.5,26.0,No,Non-Festival,Wallet,2,3.9,No,8912.19
ORD104681,2024-08-07,CUST3425,Regular,Groceries,3,8186,21611.04,12.0,No,Non-Festival,Credit Card,4,3.5,Yes,19017.715200000002
ORD104682,2024-04-25,CUST6828,Regular,Beauty,3,5082,14636.16,4.0,No,Non-Festival,UPI,3,4.0,No,14050.7136
ORD104683,2024-11-08,CUST2992,Premium,Fashion,5,4633,19690.25,15.0,Yes,Diwali,,7,4.7,No,16736.712499999998
ORD104684,2024-02-18,CUST6402,New,Home Decor,4,7234,18229.68,37.0,No,Non-Festival,COD,5,2.5,No,11484.698400000001
ORD104685,2024-06-21,CUST9149,Regular,Fashion,1,9448,5007.4400000000005,47.0,No,Non-Festival,Wallet,6,2.5,No,2653.9432000000006
ORD104686,2024-03-22,CUST4316,New,Electronics,2,9837,14165.28,28.0,Yes,Holi,Wallet,4,2.7,No,10199.0016
ORD104687,2024-11-17,CUST4185,Regular,Fashion,2,1296,1944.0,25.0,No,Non-Festival,COD,3,4.7,No,1458.0
ORD104688,2024-11-28,CUST4024,Premium,Home Decor,3,1404,3327.48,21.0,No,Non-Festival,UPI,6,3.4,No,2628.7092000000002
ORD104689,2024-02-14,CUST1549,Regular,Home Decor,4,8147,25092.76,23.0,No,Non-Festival,UPI,2,3.4,Yes,19321.425199999998
ORD104690,2024-11-30,CUST1271,Premium,Groceries,5,7519,33083.6,12.0,No,Non-Festival,Credit Card,5,3.4,No,29113.568
ORD104691,2024-01-20,CUST2503,Regular,Groceries,1,3783,2194.1400000000003,42.0,Yes,Republic Day,UPI,4,3.8,No,1272.6012000000003
ORD104692,2024-08-08,CUST5816,Regular,Home Decor,1,7739,6191.200000000001,20.0,No,Non-Festival,UPI,4,2.6,No,4952.960000000001
ORD104693,2024-05-02,CUST2943,Regular,Home Decor,3,7340,22020.0,0.0,No,Non-Festival,COD,6,4.8,No,22020.0
ORD104694,2024-08-21,CUST5238,Regular,Electronics,3,2238,6512.58,3.0,No,Non-Festival,Credit Card,7,3.1,No,6317.2026
ORD104695,2024-08-08,CUST4080,New,Fashion,5,8379,41057.1,2.0,No,Non-Festival,Wallet,7,4.7,No,40235.958
ORD104696,2024-11-18,CUST5083,New,Groceries,5,6126,15621.3,49.0,No,Non-Festival,Credit Card,5,4.9,No,7966.862999999999
ORD104697,2024-12-04,CUST9495,Premium,Electronics,5,8423,32849.700000000004,22.0,No,Non-Festival,UPI,7,3.9,Yes,25622.766000000003
ORD104698,2024-01-03,CUST6964,Regular,Fashion,3,3174,8093.7,15.0,No,Non-Festival,Credit Card,4,3.4,No,6879.6449999999995
ORD104699,2024-06-30,CUST9185,Regular,Groceries,4,3768,8440.320000000002,44.0,No,Non-Festival,Wallet,5,4.4,No,4726.579200000001
ORD104700,2024-07-24,CUST8980,Premium,Electronics,3,8406,22191.84,12.0,No,Non-Festival,COD,7,2.6,No,19528.8192
ORD104701,2024-11-15,CUST8178,New,Beauty,3,8498,15806.28,38.0,No,Non-Festival,UPI,3,4.8,No,9799.893600000001
ORD104702,2024-02-09,CUST2399,Regular,Beauty,1,3993,2795.1,30.0,No,Non-Festival,UPI,5,3.5,Yes,1956.5699999999997
ORD104703,2024-02-28,CUST3134,New,Groceries,5,401,1543.85,23.0,No,Non-Festival,Wallet,2,3.3,No,1188.7645
ORD104704,2024-03-02,CUST5608,New,Electronics,2,8156,8808.480000000001,46.0,No,Non-Festival,COD,5,2.8,No,4756.579200000001
ORD104705,2024-05-11,CUST4476,New,Fashion,5,7585,32615.5,14.0,No,Non-Festival,Credit Card,6,4.9,Yes,28049.329999999998
ORD104706,2024-02-29,CUST4148,Regular,Fashion,4,6207,23834.88,4.0,No,Non-Festival,Wallet,4,4.5,No,22881.4848
ORD104707,2024-11-26,CUST5340,Regular,Electronics,4,1994,4147.52,48.0,No,Non-Festival,Credit Card,6,4.3,No,2156.7104000000004
ORD104708,2024-05-01,CUST7516,Regular,Beauty,5,1608,6351.6,21.0,No,Non-Festival,COD,5,4.8,No,5017.764
ORD104709,2024-04-16,CUST1738,Premium,Electronics,5,1116,4408.2,21.0,No,Non-Festival,COD,5,4.9,No,3482.478
ORD104710,2024-04-05,CUST2550,Regular,Beauty,3,4631,12503.7,10.0,No,Non-Festival,COD,5,3.2,No,11253.330000000002
ORD104711,2024-12-12,CUST4111,Regular,Beauty,2,7978,12286.12,23.0,No,Non-Festival,COD,2,4.5,No,9460.3124
ORD104712,2024-08-22,CUST3655,Premium,Fashion,3,6546,10997.28,44.0,No,Non-Festival,Credit Card,6,4.4,Yes,6158.476800000001
ORD104713,2024-03-02,CUST2364,Regular,Groceries,1,3366,3063.06,9.0,No,Non-Festival,Wallet,2,3.9,No,2787.3846
ORD104714,2024-09-12,CUST5292,Regular,Home Decor,1,7544,4073.76,46.0,No,Non-Festival,Wallet,4,2.9,No,2199.8304000000003
ORD104715,2024-02-18,CUST9114,Premium,Electronics,4,264,707.52,33.0,No,Non-Festival,Credit Card,6,4.9,No,474.0383999999999
ORD104716,2024-12-13,CUST7979,Premium,Beauty,4,4848,17452.8,10.0,No,Non-Festival,COD,4,3.3,No,15707.52
ORD104717,2024-06-07,CUST1795,Premium,Electronics,2,4519,5242.040000000001,42.0,No,Non-Festival,COD,5,3.9,No,3040.3832000000007
ORD104718,2024-05-03,CUST4643,Regular,Groceries,4,3850,11088.0,28.0,No,Non-Festival,UPI,1,2.5,No,7983.36
ORD104719,2024-11-12,CUST5041,Premium,Groceries,1,6598,5212.42,21.0,No,Non-Festival,UPI,6,3.6,No,4117.8118
ORD104720,2024-07-25,CUST2478,Premium,Home Decor,2,2215,3012.4,32.0,No,Non-Festival,Credit Card,3,4.0,No,2048.432
ORD104721,2024-02-17,CUST3093,Regular,Home Decor,1,9713,9033.09,7.0,No,Non-Festival,Wallet,5,3.5,No,8400.7737
ORD104722,2024-05-15,CUST6842,Premium,Beauty,5,4224,10982.4,48.0,No,Non-Festival,UPI,7,3.7,No,5710.848
ORD104723,2024-07-19,CUST1562,Regular,Home Decor,5,6514,22473.3,31.0,No,Non-Festival,UPI,7,3.0,No,15506.576999999997
ORD104724,2024-09-06,CUST5086,Regular,Beauty,2,9004,10984.88,39.0,No,Non-Festival,Wallet,3,3.4,No,6700.7768
ORD104725,2024-11-09,CUST5441,Regular,Fashion,3,9043,15192.240000000002,44.0,Yes,Diwali,UPI,2,3.8,Yes,8507.654400000001
ORD104726,2024-12-22,CUST2393,Regular,Beauty,4,1587,4951.4400000000005,22.0,Yes,Christmas/New Year,Wallet,4,4.9,No,3862.1232000000005
ORD104727,2024-11-13,CUST2498,Regular,Home Decor,2,5379,10327.68,4.0,No,Non-Festival,Credit Card,1,3.7,No,9914.5728
ORD104728,2024-10-21,CUST6179,New,Electronics,4,6798,19034.4,30.0,Yes,Diwali,UPI,7,4.2,No,13324.08
ORD104729,2024-11-09,CUST8826,Regular,Home Decor,1,6679,4808.88,28.0,Yes,Diwali,COD,4,4.9,Yes,3462.3936
ORD104730,2024-07-27,CUST6091,New,Groceries,3,4963,14144.55,5.0,No,Non-Festival,Credit Card,2,4.4,No,13437.322499999998
ORD104731,2024-12-20,CUST4018,Premium,Home Decor,4,4309,13099.36,24.0,Yes,Christmas/New Year,UPI,5,2.5,No,9955.5136
ORD104732,2024-07-29,CUST1052,Regular,Fashion,5,5735,21793.0,24.0,No,Non-Festival,Wallet,2,4.8,No,16562.68
ORD104733,2024-07-10,CUST8431,Regular,Beauty,5,3328,11648.0,30.0,No,Non-Festival,Credit Card,1,4.7,No,8153.599999999999
ORD104734,2024-02-13,CUST1941,Premium,Groceries,1,5066,4407.42,13.0,No,Non-Festival,UPI,5,3.2,No,3834.4554
ORD104735,2024-01-29,CUST3059,Premium,Beauty,2,5285,8878.8,16.0,Yes,Republic Day,Credit Card,6,3.0,No,7458.191999999999
ORD104736,2024-02-28,CUST7699,Regular,Beauty,4,737,2505.8,15.0,No,Non-Festival,COD,7,4.7,No,2129.9300000000003
ORD104737,2024-03-11,CUST1701,Regular,Home Decor,1,8129,5934.17,27.0,No,Non-Festival,UPI,5,4.2,Yes,4331.9441
ORD104738,2024-04-01,CUST6911,Premium,Electronics,5,5231,24062.6,8.0,No,Non-Festival,UPI,1,3.1,No,22137.592
ORD104739,2024-09-21,CUST3456,Regular,Groceries,5,6198,30680.1,1.0,No,Non-Festival,Wallet,7,4.3,No,30373.299
ORD104740,2024-08-07,CUST8601,New,Fashion,5,7879,38213.15,3.0,No,Non-Festival,Credit Card,4,4.0,Yes,37066.7555
ORD104741,2024-08-02,CUST5490,Premium,Fashion,3,2237,5435.910000000001,19.0,No,Non-Festival,COD,5,3.3,No,4403.087100000001
ORD104742,2024-10-03,CUST8294,Regular,Electronics,3,9354,16837.2,40.0,No,Non-Festival,Wallet,4,3.9,No,10102.32
ORD104743,2024-03-04,CUST1112,Regular,Electronics,5,1443,4689.75,35.0,No,Non-Festival,UPI,3,3.8,No,3048.3375
ORD104744,2024-12-11,CUST4821,Regular,Home Decor,2,7317,9365.76,36.0,No,Non-Festival,Wallet,1,3.8,No,5994.0864
ORD104745,2024-10-18,CUST5667,New,Fashion,3,8924,25433.4,5.0,No,Non-Festival,Wallet,3,3.8,No,24161.73
ORD104746,2024-09-01,CUST4713,Regular,Groceries,4,3330,13320.0,0.0,No,Non-Festival,COD,5,2.5,No,13320.0
ORD104747,2024-03-02,CUST6211,Regular,Electronics,3,5679,9540.72,44.0,No,Non-Festival,UPI,1,3.2,No,5342.8032
ORD104748,2024-11-27,CUST8653,Premium,Electronics,4,1853,3780.12,49.0,No,Non-Festival,COD,5,3.6,No,1927.8612
ORD104749,2024-06-18,CUST1051,Regular,Electronics,3,8504,25001.76,2.0,No,Non-Festival,UPI,7,2.8,No,24501.724799999996
ORD104750,2024-09-25,CUST6509,Regular,Groceries,5,8174,26156.8,36.0,No,Non-Festival,Credit Card,1,4.4,Yes,16740.352
ORD104751,2024-09-23,CUST9660,New,Fashion,4,9691,21707.840000000004,44.0,No,Non-Festival,Credit Card,4,4.6,No,12156.390400000004
ORD104752,2024-02-23,CUST3688,Regular,Groceries,2,2504,2954.7200000000003,41.0,No,Non-Festival,COD,2,4.5,No,1743.2848000000004
ORD104753,2024-01-16,CUST5565,New,Groceries,3,7120,20932.8,2.0,No,Non-Festival,Wallet,6,3.6,No,20514.144
ORD104754,2024-01-08,CUST6508,New,Home Decor,3,4014,6984.360000000001,42.0,No,Non-Festival,UPI,2,4.2,No,4050.928800000001
ORD104755,2024-04-13,CUST3857,Regular,Electronics,5,8612,29280.8,32.0,No,Non-Festival,UPI,1,2.7,No,19910.943999999996
ORD104756,2024-02-28,CUST3915,Regular,Fashion,4,5238,18018.72,14.0,No,Non-Festival,COD,7,3.0,No,15496.0992
ORD104757,2024-11-08,CUST5450,Regular,Home Decor,5,3981,19307.85,3.0,Yes,Diwali,Wallet,3,2.6,No,18728.6145
ORD104758,2024-02-09,CUST6984,Premium,Home Decor,4,2158,7423.519999999999,14.0,No,Non-Festival,Wallet,1,4.9,No,6384.227199999998
ORD104759,2024-08-24,CUST7446,Regular,Beauty,3,1496,4218.719999999999,6.0,No,Non-Festival,UPI,4,3.9,No,3965.5967999999993
ORD104760,2024-04-03,CUST7706,New,Electronics,3,6541,10596.42,46.0,No,Non-Festival,Credit Card,6,2.9,No,5722.0668000000005
ORD104761,2024-08-09,CUST7619,Premium,Fashion,3,5923,17235.93,3.0,No,Non-Festival,UPI,3,4.3,No,16718.8521
ORD104762,2024-07-22,CUST6275,Regular,Fashion,3,9424,27706.56,2.0,No,Non-Festival,Credit Card,1,3.7,No,27152.4288
ORD104763,2024-05-17,CUST7004,Premium,Fashion,1,5282,4119.96,22.0,No,Non-Festival,COD,7,3.6,No,3213.5688
ORD104764,2024-10-26,CUST5124,Regular,Electronics,3,4522,11802.42,13.0,Yes,Diwali,Wallet,6,4.8,No,10268.1054
ORD104765,2024-07-25,CUST4749,New,Fashion,3,7501,21377.85,5.0,No,Non-Festival,UPI,6,4.3,No,20308.957499999997
ORD104766,2024-12-01,CUST6382,Premium,Groceries,4,3428,9324.16,32.0,No,Non-Festival,COD,7,4.2,No,6340.4288
ORD104767,2024-03-21,CUST3981,Regular,Groceries,3,6768,18679.68,8.0,Yes,Holi,Wallet,1,2.7,No,17185.3056
ORD104768,2024-08-05,CUST8923,Regular,Electronics,3,1675,4472.25,11.0,No,Non-Festival,Credit Card,5,2.7,No,3980.3025000000002
ORD104769,2024-01-02,CUST9901,New,Fashion,4,2607,5318.28,49.0,No,Non-Festival,COD,4,4.2,No,2712.3228
ORD104770,2024-06-26,CUST3847,Premium,Beauty,3,7743,15331.139999999998,34.0,No,Non-Festival,COD,4,2.9,No,10118.552399999997
ORD104771,2024-12-11,CUST8400,New,Beauty,3,1135,2383.5,30.0,No,Non-Festival,UPI,7,3.6,No,1668.4499999999998
ORD104772,2024-10-05,CUST7327,Regular,Beauty,5,5615,27513.5,2.0,No,Non-Festival,COD,2,3.9,No,26963.23
ORD104773,2024-05-25,CUST9624,Regular,Groceries,1,2445,1344.75,45.0,No,Non-Festival,COD,5,3.5,No,739.6125000000001
ORD104774,2024-11-13,CUST9242,Regular,Beauty,4,5889,15311.4,35.0,No,Non-Festival,UPI,7,2.7,No,9952.41
ORD104775,2024-08-11,CUST5510,Premium,Fashion,5,4537,19962.8,12.0,Yes,Independence Day,COD,3,4.4,No,17567.264
ORD104776,2024-03-02,CUST5761,Regular,Fashion,2,6772,11918.72,12.0,No,Non-Festival,Credit Card,6,4.7,No,10488.4736
ORD104777,2024-10-20,CUST9038,Regular,Beauty,2,4150,5560.999999999999,25.0,Yes,Diwali,UPI,2,2.9,No,4170.749999999999
ORD104778,2024-08-26,CUST8190,Premium,Home Decor,1,2858,2286.4,20.0,Yes,Raksha Bandhan,Credit Card,4,4.6,No,1829.1200000000001
ORD104779,2024-07-13,CUST9882,Premium,Beauty,2,6349,8507.66,33.0,No,Non-Festival,UPI,1,4.5,No,5700.132199999999
ORD104780,2024-06-14,CUST5976,Regular,Home Decor,1,7685,4534.150000000001,41.0,No,Non-Festival,Wallet,5,3.9,No,2675.1485000000007
ORD104781,2024-08-09,CUST5869,Regular,Electronics,2,3483,4040.2800000000007,42.0,No,Non-Festival,COD,4,4.0,No,2343.362400000001
ORD104782,2024-03-01,CUST3716,Premium,Electronics,2,1496,2184.16,27.0,No,Non-Festival,Wallet,4,4.1,No,1594.4368
ORD104783,2024-05-08,CUST5454,Regular,Fashion,5,1847,4986.900000000001,46.0,No,Non-Festival,Credit Card,5,3.8,No,2692.9260000000004
ORD104784,2024-06-21,CUST9143,Regular,Groceries,2,8751,11551.319999999998,34.0,No,Non-Festival,Wallet,4,4.6,No,7623.871199999998
ORD104785,2024-06-04,CUST3033,Regular,Fashion,1,3652,3177.24,13.0,No,Non-Festival,Credit Card,2,3.7,No,2764.1987999999997
ORD104786,2024-04-19,CUST2122,Premium,Fashion,3,9556,23794.44,17.0,No,Non-Festival,Wallet,7,3.9,No,19749.385199999997
ORD104787,2024-09-25,CUST7773,New,Groceries,3,8292,20398.320000000003,18.0,No,Non-Festival,Credit Card,5,2.6,No,16726.622400000004
ORD104788,2024-12-21,CUST2621,Regular,Fashion,3,5829,14339.340000000002,18.0,Yes,Christmas/New Year,COD,4,3.0,No,11758.258800000003
ORD104789,2024-10-04,CUST1251,Regular,Groceries,1,3444,2341.92,32.0,No,Non-Festival,Wallet,4,4.8,No,1592.5056
ORD104790,2024-03-14,CUST5158,New,Fashion,1,7387,4875.419999999999,34.0,No,Non-Festival,,5,2.8,No,3217.777199999999
ORD104791,2024-07-25,CUST3562,New,Electronics,3,4225,10266.75,19.0,No,Non-Festival,Credit Card,1,4.8,No,8316.067500000001
ORD104792,2024-10-05,CUST7281,Premium,Home Decor,2,8894,12807.36,28.0,No,Non-Festival,Wallet,3,4.1,Yes,9221.2992
ORD104793,2024-11-21,CUST3085,New,Fashion,3,6570,18330.3,7.0,No,Non-Festival,Wallet,5,4.8,Yes,17047.178999999996
ORD104794,2024-12-05,CUST2234,Premium,Home Decor,4,4404,13388.16,24.0,No,Non-Festival,Wallet,1,4.5,No,10175.0016
ORD104795,2024-12-22,CUST3399,Premium,Beauty,1,9735,8177.4,16.0,Yes,Christmas/New Year,COD,6,4.7,Yes,6869.016
ORD104796,2024-12-05,CUST3581,Regular,Fashion,4,4012,16048.0,0.0,No,Non-Festival,COD,4,3.8,No,16048.0
ORD104797,2024-07-22,CUST6320,Regular,Electronics,4,9202,23189.04,37.0,No,Non-Festival,COD,2,4.6,No,14609.0952
ORD104798,2024-06-09,CUST6511,Regular,Groceries,1,7454,3876.08,25.0,No,Non-Festival,Wallet,6,3.7,No,2907.06
ORD104799,2024-01-28,CUST3553,New,Electronics,3,985,2098.05,29.0,Yes,Republic Day,Credit Card,7,2.6,No,1489.6155
ORD104800,2024-09-13,CUST8004,New,Home Decor,5,427,1558.55,27.0,No,Non-Festival,Credit Card,4,4.1,No,1137.7414999999999
ORD104801,2024-06-13,CUST6295,Premium,Groceries,4,5147,13999.839999999998,32.0,No,Non-Festival,Credit Card,4,4.3,No,9519.891199999998
ORD104802,2024-03-03,CUST8987,Regular,Electronics,3,7677,20267.28,12.0,No,Non-Festival,UPI,6,2.8,Yes,17835.2064
ORD104803,2024-01-22,CUST6535,Regular,Electronics,5,1027,3953.95,23.0,Yes,Republic Day,Wallet,1,4.5,No,3044.5415
ORD104804,2024-03-10,CUST2152,Regular,Electronics,4,578,1317.84,43.0,No,Non-Festival,Credit Card,5,2.7,No,751.1688
ORD104805,2024-04-05,CUST3224,Regular,Groceries,3,6456,12395.52,36.0,No,Non-Festival,Wallet,3,3.6,No,7933.1328
ORD104806,2024-06-11,CUST6169,Premium,Electronics,4,9520,30083.2,21.0,No,Non-Festival,Wallet,3,3.7,No,23765.728000000003
ORD104807,2024-03-19,CUST7571,New,Electronics,3,6282,16584.48,12.0,No,Non-Festival,Credit Card,5,2.6,No,14594.3424
ORD104808,2024-01-05,CUST3347,Regular,Home Decor,2,8682,10592.04,39.0,No,Non-Festival,Wallet,7,2.7,No,6461.1444
ORD104809,2024-11-11,CUST6435,Regular,Electronics,2,3748,6671.4400000000005,11.0,No,Non-Festival,UPI,5,3.6,No,5937.5816
ORD104810,2024-04-29,CUST5073,Premium,Electronics,1,7888,4732.8,40.0,No,Non-Festival,UPI,2,3.3,No,2839.68
ORD104811,2024-10-28,CUST8402,Regular,Beauty,5,259,673.4,48.0,Yes,Diwali,Credit Card,5,4.5,No,350.168
ORD104812,2024-06-26,CUST1771,New,Groceries,4,5631,12388.2,45.0,No,Non-Festival,Wallet,7,3.5,No,6813.510000000001
ORD104813,2024-06-24,CUST4262,Regular,Beauty,4,2870,10791.2,6.0,No,Non-Festival,UPI,2,2.8,No,10143.728000000001
ORD104814,2024-08-04,CUST4437,Regular,Home Decor,3,3539,6901.05,35.0,No,Non-Festival,Credit Card,5,2.9,No,4485.6825
ORD104815,2024-02-25,CUST7327,Regular,Beauty,5,2989,10760.4,28.0,No,Non-Festival,COD,7,4.2,No,7747.487999999999
ORD104816,2024-12-31,CUST3900,Regular,Fashion,4,3854,11099.52,28.0,Yes,Christmas/New Year,COD,7,4.9,No,7991.6544
ORD104817,2024-07-05,CUST1154,Premium,Groceries,5,5748,21555.0,25.0,No,Non-Festival,COD,2,4.7,No,16166.25
ORD104818,2024-08-19,CUST4780,Regular,Electronics,5,5302,19617.4,26.0,Yes,Independence Day,COD,5,2.8,No,14516.876
ORD104819,2024-09-11,CUST1059,Regular,Beauty,2,7718,11885.72,23.0,No,Non-Festival,UPI,5,2.5,No,9152.0044
ORD104820,2024-04-13,CUST4068,Regular,Beauty,4,2862,8013.599999999999,30.0,No,Non-Festival,Credit Card,3,2.6,No,5609.5199999999995
ORD104821,2024-03-17,CUST1091,Regular,Electronics,4,401,1507.76,6.0,No,Non-Festival,UPI,4,3.9,Yes,1417.2944
ORD104822,2024-08-17,CUST1081,Regular,Electronics,1,7287,6121.08,16.0,Yes,Independence Day,COD,4,3.7,No,5141.7072
ORD104823,2024-09-14,CUST6981,Premium,Home Decor,5,8862,23041.2,48.0,No,Non-Festival,Wallet,2,2.5,No,11981.424
ORD104824,2024-09-20,CUST5839,Premium,Beauty,3,8143,16611.719999999998,32.0,No,Non-Festival,COD,1,2.6,No,11295.969599999997
ORD104825,2024-11-26,CUST8134,New,Beauty,2,3226,4322.839999999999,33.0,No,Non-Festival,Wallet,6,5.0,No,2896.302799999999
ORD104826,2024-06-30,CUST7463,Regular,Fashion,1,3556,2951.48,17.0,No,Non-Festival,Credit Card,3,4.9,No,2449.7284
ORD104827,2024-09-12,CUST5390,Regular,Fashion,2,4173,5007.599999999999,40.0,No,Non-Festival,UPI,5,2.8,Yes,3004.5599999999995
ORD104828,2024-02-07,CUST1291,Regular,Beauty,3,4671,13452.48,4.0,No,Non-Festival,Wallet,3,2.9,No,12914.380799999999
ORD104829,2024-06-24,CUST4426,Regular,Fashion,1,4437,4437.0,0.0,No,Non-Festival,COD,1,4.8,No,4437.0
ORD104830,2024-01-27,CUST9149,Premium,Beauty,2,3323,6247.24,6.0,Yes,Republic Day,UPI,3,3.8,No,5872.405599999999
ORD104831,2024-10-02,CUST7395,New,Groceries,3,2507,5039.07,33.0,No,Non-Festival,Wallet,1,4.9,No,3376.1768999999995
ORD104832,2024-05-19,CUST9435,Premium,Home Decor,1,6203,6078.94,2.0,No,Non-Festival,Credit Card,6,3.8,No,5957.361199999999
ORD104833,2024-10-25,CUST1358,Regular,Fashion,3,3990,7780.5,35.0,Yes,Diwali,Wallet,1,3.9,No,5057.325
ORD104834,2024-10-13,CUST4508,Regular,Beauty,1,6135,4049.1,34.0,No,Non-Festival,Wallet,1,3.1,No,2672.4059999999995
ORD104835,2024-03-31,CUST8448,New,Fashion,4,6721,23926.76,11.0,No,Non-Festival,Credit Card,7,4.7,Yes,21294.8164
ORD104836,2024-03-01,CUST9516,Regular,Home Decor,4,3310,11386.4,14.0,No,Non-Festival,UPI,1,4.6,Yes,9792.304
ORD104837,2024-12-30,CUST1535,Regular,Groceries,2,8739,16953.66,3.0,Yes,Christmas/New Year,Credit Card,1,3.3,No,16445.050199999998
ORD104838,2024-12-12,CUST2655,New,Electronics,5,1801,6123.4,25.0,No,Non-Festival,UPI,5,4.0,No,4592.549999999999
ORD104839,2024-06-11,CUST8950,Premium,Electronics,5,3977,16902.25,15.0,No,Non-Festival,UPI,3,3.4,Yes,14366.9125
ORD104840,2024-12-16,CUST1163,Premium,Fashion,3,5123,11065.68,28.0,No,Non-Festival,UPI,4,3.7,No,7967.2896
ORD104841,2024-05-22,CUST9589,Regular,Beauty,1,6119,5813.05,5.0,No,Non-Festival,Wallet,4,4.6,No,5522.3975
ORD104842,2024-09-09,CUST4529,Regular,Home Decor,4,3978,8274.24,48.0,No,Non-Festival,COD,5,3.5,Yes,4302.6048
ORD104843,2024-09-25,CUST2436,Regular,Groceries,5,8713,27881.6,36.0,No,Non-Festival,COD,2,4.6,No,17844.224
ORD104844,2024-10-17,CUST3076,Premium,Groceries,4,6063,18916.56,22.0,No,Non-Festival,Wallet,6,4.9,No,14754.9168
ORD104845,2024-07-05,CUST8121,Regular,Groceries,3,379,1000.56,12.0,No,Non-Festival,UPI,7,3.5,No,880.4928
ORD104846,2024-10-30,CUST6928,New,Electronics,3,4165,7122.150000000001,43.0,Yes,Diwali,Credit Card,1,4.7,No,4059.6255000000006
ORD104847,2024-10-17,CUST1907,New,Home Decor,1,8420,8420.0,0.0,No,Non-Festival,Credit Card,3,3.3,No,8420.0
ORD104848,2024-03-26,CUST7649,Premium,Electronics,5,9129,40624.05,11.0,Yes,Holi,COD,1,2.5,No,36155.404500000004
ORD104849,2024-06-14,CUST8688,Regular,Fashion,3,3919,8700.18,26.0,No,Non-Festival,UPI,7,2.7,No,6438.1332
ORD104850,2024-04-23,CUST1447,Regular,Groceries,3,6530,14888.4,24.0,No,Non-Festival,Wallet,1,4.3,No,11315.184
ORD104851,2024-12-21,CUST2413,Premium,Home Decor,4,254,802.64,21.0,Yes,Christmas/New Year,Wallet,4,2.8,No,634.0856
ORD104852,2024-07-01,CUST1756,Premium,Groceries,2,6857,9188.38,33.0,No,Non-Festival,COD,1,4.8,Yes,6156.214599999998
ORD104853,2024-07-25,CUST3897,Premium,Electronics,5,9825,40773.75,17.0,No,Non-Festival,UPI,7,4.7,No,33842.2125
ORD104854,2024-09-12,CUST3710,Regular,Electronics,1,8198,4918.8,40.0,No,Non-Festival,Credit Card,3,3.8,No,2951.28
ORD104855,2024-08-22,CUST9056,Premium,Electronics,1,2264,1924.4,15.0,No,Non-Festival,Credit Card,3,4.0,No,1635.74
ORD104856,2024-12-20,CUST5201,Premium,Groceries,4,4383,12623.04,28.0,Yes,Christmas/New Year,Wallet,4,4.2,No,9088.5888
ORD104857,2024-01-03,CUST3590,Regular,Home Decor,1,3494,2480.74,29.0,No,Non-Festival,COD,5,4.3,No,1761.3253999999997
ORD104858,2024-07-26,CUST5868,Premium,Home Decor,3,4055,8637.15,29.0,No,Non-Festival,Wallet,4,3.7,No,6132.376499999999
ORD104859,2024-07-15,CUST9010,Premium,Fashion,5,2951,11951.55,19.0,No,Non-Festival,Credit Card,4,3.3,No,9680.7555
ORD104860,2024-12-06,CUST7825,Regular,Groceries,1,924,498.96,46.0,No,Non-Festival,Wallet,7,4.8,No,269.4384
ORD104861,2024-05-04,CUST5850,Regular,Fashion,5,9645,38097.75,21.0,No,Non-Festival,UPI,1,2.6,Yes,30097.2225
ORD104862,2024-05-17,CUST2448,Premium,Fashion,1,9569,5645.710000000001,41.0,No,Non-Festival,Credit Card,2,3.4,No,3330.968900000001
ORD104863,2024-12-04,CUST2734,Regular,Fashion,2,9688,12981.919999999998,33.0,No,Non-Festival,Credit Card,6,4.2,No,8697.886399999998
ORD104864,2024-01-25,CUST6468,Premium,Fashion,2,8249,16003.06,3.0,Yes,Republic Day,Wallet,5,4.7,No,15522.9682
ORD104865,2024-03-08,CUST5266,Premium,Electronics,5,9286,23679.3,49.0,No,Non-Festival,Wallet,5,2.7,No,12076.443
ORD104866,2024-03-01,CUST6192,New,Fashion,2,2699,3778.6,30.0,No,Non-Festival,COD,7,4.1,No,2645.02
ORD104867,2024-01-29,CUST7735,Premium,Home Decor,2,1529,1559.58,25.0,Yes,Republic Day,Wallet,5,3.7,No,1169.685
ORD104868,2024-01-19,CUST3608,Regular,Fashion,3,5317,13877.37,13.0,No,Non-Festival,UPI,1,4.2,No,12073.3119
ORD104869,2024-06-19,CUST6241,Regular,Electronics,1,2827,2629.11,7.0,No,Non-Festival,COD,4,3.3,No,2445.0723
ORD104870,2024-03-14,CUST5499,New,Beauty,2,2650,3392.0,36.0,No,Non-Festival,COD,6,4.3,No,2170.88
ORD104871,2024-03-01,CUST1652,Regular,Beauty,5,9561,45892.8,4.0,No,Non-Festival,Credit Card,7,3.0,No,44057.088
ORD104872,2024-06-01,CUST8711,Premium,Beauty,3,7257,20247.03,7.0,No,Non-Festival,UPI,7,4.4,No,18829.737899999996
ORD104873,2024-10-02,CUST3302,Premium,Groceries,2,8065,14517.0,10.0,No,Non-Festival,UPI,1,4.4,Yes,13065.300000000001
ORD104874,2024-02-17,CUST1477,Regular,Home Decor,5,4494,16178.4,28.0,No,Non-Festival,COD,3,4.9,No,11648.447999999999
ORD104875,2024-07-29,CUST2436,Regular,Electronics,1,9856,7884.8,20.0,No,Non-Festival,COD,2,2.9,No,6307.84
ORD104876,2024-12-08,CUST8111,Premium,Beauty,2,1930,2393.2,38.0,No,Non-Festival,,2,4.3,Yes,1483.7839999999999
ORD104877,2024-05-18,CUST7511,New,Electronics,5,8349,36735.6,12.0,No,Non-Festival,,6,3.3,No,32327.327999999998
ORD104878,2024-04-19,CUST7055,Regular,Electronics,5,1323,3439.8,48.0,No,Non-Festival,UPI,1,3.2,No,1788.6960000000001
ORD104879,2024-07-01,CUST6705,New,Groceries,4,7393,24249.04,18.0,No,Non-Festival,UPI,4,3.5,No,19884.2128
ORD104880,2024-01-28,CUST4268,Premium,Beauty,5,4821,23622.9,2.0,Yes,Republic Day,Credit Card,5,3.2,Yes,23150.442000000003
ORD104881,2024-07-15,CUST7548,New,Fashion,4,1688,4523.839999999999,33.0,No,Non-Festival,COD,6,3.1,No,3030.972799999999
ORD104882,2024-07-09,CUST6038,Regular,Electronics,1,464,292.32,37.0,No,Non-Festival,UPI,6,4.4,No,184.1616
ORD104883,2024-11-10,CUST8329,Regular,Beauty,1,2229,1827.78,18.0,Yes,Diwali,Credit Card,3,4.2,No,1498.7796
ORD104884,2024-02-20,CUST8304,New,Electronics,3,7074,14643.179999999998,31.0,No,Non-Festival,COD,3,2.8,No,10103.794199999998
ORD104885,2024-05-28,CUST8831,New,Groceries,4,9635,20811.6,46.0,No,Non-Festival,Credit Card,7,3.9,No,11238.264
ORD104886,2024-09-24,CUST4223,Regular,Groceries,5,3966,12889.5,35.0,No,Non-Festival,UPI,7,3.3,No,8378.175000000001
ORD104887,2024-02-19,CUST1318,Premium,Fashion,3,8787,16343.82,38.0,No,Non-Festival,COD,6,4.9,No,10133.1684
ORD104888,2024-09-02,CUST6719,New,Groceries,3,7256,18938.16,13.0,No,Non-Festival,Credit Card,7,3.6,No,16476.1992
ORD104889,2024-04-22,CUST5333,Regular,Beauty,1,9872,9279.68,6.0,No,Non-Festival,Credit Card,2,2.6,No,8722.8992
ORD104890,2024-06-18,CUST4476,Premium,Groceries,5,8499,34420.950000000004,19.0,No,Non-Festival,Credit Card,6,3.3,No,27880.969500000007
ORD104891,2024-06-14,CUST6362,New,Fashion,4,3763,10385.88,31.0,No,Non-Festival,UPI,4,3.3,No,7166.257199999999
ORD104892,2024-01-14,CUST5269,Regular,Home Decor,1,8271,4549.05,45.0,No,Non-Festival,UPI,5,2.5,No,2501.9775000000004
ORD104893,2024-07-21,CUST1207,Regular,Electronics,3,8049,16902.899999999998,30.0,No,Non-Festival,Wallet,7,3.7,No,11832.029999999997
ORD104894,2024-10-14,CUST2245,Premium,Electronics,2,6235,9851.3,21.0,No,Non-Festival,UPI,2,3.8,No,7782.527
ORD104895,2024-07-07,CUST9607,Regular,Beauty,3,8159,23497.92,4.0,No,Non-Festival,Credit Card,4,4.5,No,22558.0032
ORD104896,2024-06-03,CUST1514,Regular,Fashion,2,3396,4754.4,25.0,No,Non-Festival,UPI,5,4.2,No,3565.7999999999997
ORD104897,2024-02-24,CUST7708,New,Fashion,1,1385,1191.1,14.0,No,Non-Festival,Credit Card,1,3.4,No,1024.346
ORD104898,2024-06-30,CUST7851,Premium,Fashion,4,4331,9874.68,43.0,No,Non-Festival,Credit Card,4,3.1,No,5628.567600000001
ORD104899,2024-07-28,CUST3443,New,Electronics,5,3275,13755.0,16.0,No,Non-Festival,Credit Card,6,3.4,No,11554.199999999999
ORD104900,2024-03-15,CUST2077,New,Groceries,2,612,783.36,36.0,No,Non-Festival,COD,6,2.8,No,501.35040000000004
ORD104901,2024-10-03,CUST6261,Regular,Electronics,5,8874,36383.4,18.0,No,Non-Festival,Wallet,3,2.7,No,29834.388000000003
ORD104902,2024-05-12,CUST6375,Regular,Electronics,1,4047,3682.77,9.0,No,Non-Festival,,7,3.9,No,3351.3207
ORD104903,2024-12-08,CUST2640,Regular,Electronics,1,8994,5126.580000000001,43.0,No,Non-Festival,,4,4.5,No,2922.150600000001
ORD104904,2024-02-28,CUST9534,Regular,Groceries,1,8174,5476.579999999999,33.0,No,Non-Festival,UPI,4,2.7,No,3669.308599999999
ORD104905,2024-12-10,CUST2891,Premium,Home Decor,4,1281,2664.48,48.0,No,Non-Festival,Wallet,6,3.3,No,1385.5296
ORD104906,2024-06-30,CUST5916,Premium,Beauty,2,4555,6923.6,24.0,No,Non-Festival,Credit Card,6,2.8,No,5261.936000000001
ORD104907,2024-12-04,CUST2376,Regular,Home Decor,5,7862,25158.4,36.0,No,Non-Festival,UPI,4,3.3,No,16101.376000000002
ORD104908,2024-11-16,CUST4410,Regular,Home Decor,3,8416,18431.04,27.0,No,Non-Festival,COD,5,4.6,No,13454.6592
ORD104909,2024-03-04,CUST8128,Regular,Electronics,1,8589,7386.54,14.0,No,Non-Festival,COD,5,2.6,No,6352.4244
ORD104910,2024-11-22,CUST2846,Premium,Home Decor,5,2826,11445.3,19.0,No,Non-Festival,Credit Card,1,4.1,No,9270.693
ORD104911,2024-09-16,CUST4785,Regular,Electronics,5,8814,38781.6,12.0,No,Non-Festival,UPI,1,2.6,No,34127.808
ORD104912,2024-07-11,CUST7799,Regular,Electronics,4,1341,4344.84,19.0,No,Non-Festival,COD,5,3.6,No,3519.3204000000005
ORD104913,2024-05-22,CUST8782,Premium,Beauty,2,7135,8276.6,42.0,No,Non-Festival,COD,7,3.7,No,4800.428000000001
ORD104914,2024-04-13,CUST2778,Regular,Fashion,4,1320,3696.0,30.0,No,Non-Festival,COD,5,3.5,No,2587.2
ORD104915,2024-08-01,CUST7685,Regular,Electronics,4,4727,15693.64,17.0,No,Non-Festival,UPI,2,4.1,No,13025.721199999998
ORD104916,2024-08-29,CUST9328,Premium,Home Decor,5,7306,21918.0,40.0,Yes,Raksha Bandhan,Credit Card,4,4.9,No,13150.8
ORD104917,2024-07-27,CUST6791,Regular,Beauty,2,6893,7306.58,47.0,No,Non-Festival,Credit Card,4,3.2,No,3872.4874
ORD104918,2024-04-02,CUST5214,Premium,Home Decor,2,5103,7450.38,27.0,No,Non-Festival,COD,3,4.0,No,5438.7774
ORD104919,2024-05-21,CUST7352,Regular,Fashion,2,255,275.40000000000003,46.0,No,Non-Festival,Credit Card,5,3.4,No,148.71600000000004
ORD104920,2024-04-21,CUST3208,Regular,Groceries,1,6958,6749.26,3.0,No,Non-Festival,Wallet,5,5.0,No,6546.7822
ORD104921,2024-02-28,CUST8762,Regular,Fashion,2,2463,3793.02,23.0,No,Non-Festival,COD,1,4.9,No,2920.6254
ORD104922,2024-02-12,CUST3925,New,Beauty,5,8412,23974.200000000004,43.0,No,Non-Festival,UPI,6,2.7,No,13665.294000000004
ORD104923,2024-07-25,CUST5548,Premium,Fashion,1,6553,3669.68,44.0,No,Non-Festival,Credit Card,1,4.9,No,2055.0208000000002
ORD104924,2024-09-24,CUST7475,New,Fashion,3,8682,23962.32,8.0,No,Non-Festival,UPI,6,4.3,No,22045.3344
ORD104925,2024-10-22,CUST6422,Premium,Beauty,4,2194,4739.04,46.0,Yes,Diwali,Credit Card,4,5.0,No,2559.0816
ORD104926,2024-04-27,CUST4503,Premium,Beauty,2,1034,1054.68,49.0,No,Non-Festival,UPI,4,4.4,No,537.8868
ORD104927,2024-01-20,CUST3153,Regular,Home Decor,3,4483,9279.81,31.0,Yes,Republic Day,UPI,6,2.8,No,6403.068899999999
ORD104928,2024-08-09,CUST4138,Regular,Electronics,2,5470,7548.599999999999,31.0,No,Non-Festival,Credit Card,5,4.4,No,5208.534
ORD104929,2024-06-14,CUST7229,Regular,Groceries,4,4509,11182.32,38.0,No,Non-Festival,COD,4,4.3,No,6933.0383999999995
ORD104930,2024-05-10,CUST7894,Regular,Groceries,5,1701,6804.0,20.0,No,Non-Festival,COD,5,2.9,No,5443.200000000001
ORD104931,2024-06-04,CUST8132,Regular,Groceries,5,4888,13930.8,43.0,No,Non-Festival,UPI,7,4.4,No,7940.5560000000005
ORD104932,2024-07-02,CUST2956,Regular,Fashion,4,4336,10232.96,41.0,No,Non-Festival,Wallet,3,4.2,No,6037.446400000001
ORD104933,2024-03-30,CUST3906,Regular,Beauty,3,219,407.34,38.0,Yes,Holi,UPI,3,5.0,No,252.55079999999998
ORD104934,2024-04-03,CUST7619,Regular,Beauty,1,1232,677.6,45.0,No,Non-Festival,Wallet,2,4.0,No,372.68000000000006
ORD104935,2024-01-13,CUST4981,Regular,Beauty,1,9216,6819.84,26.0,No,Non-Festival,COD,1,3.5,No,5046.6816
ORD104936,2024-11-17,CUST1778,Premium,Electronics,2,3474,3751.92,46.0,No,Non-Festival,Wallet,7,4.9,No,2026.0368
ORD104937,2024-10-19,CUST7118,New,Beauty,4,947,2462.2000000000003,35.0,No,Non-Festival,Credit Card,2,4.1,No,1600.4300000000003
ORD104938,2024-08-17,CUST7256,Regular,Beauty,4,7204,26798.88,7.0,Yes,Independence Day,Wallet,3,3.4,No,24922.9584
ORD104939,2024-11-17,CUST2319,Regular,Fashion,1,1167,956.94,18.0,No,Non-Festival,Credit Card,4,2.6,No,784.6908000000001
ORD104940,2024-10-18,CUST9973,Regular,Home Decor,3,3747,8093.519999999999,28.0,No,Non-Festival,UPI,7,4.4,No,5827.334399999999
ORD104941,2024-01-26,CUST6918,New,Groceries,4,2998,9833.44,18.0,Yes,Republic Day,Wallet,1,2.8,No,8063.420800000001
ORD104942,2024-03-15,CUST3540,Regular,Fashion,5,3215,15432.0,4.0,No,Non-Festival,Credit Card,1,4.8,No,14814.72
ORD104943,2024-12-29,CUST2083,Premium,Fashion,5,6805,26879.75,21.0,Yes,Christmas/New Year,UPI,2,4.9,No,21235.002500000002
ORD104944,2024-10-25,CUST3186,Regular,Fashion,4,2004,5290.56,34.0,Yes,Diwali,Wallet,1,3.1,No,3491.7695999999996
ORD104945,2024-05-29,CUST4666,Regular,Groceries,3,2223,6068.79,9.0,No,Non-Festival,Wallet,3,2.8,Yes,5522.5989
ORD104946,2024-05-27,CUST6822,Regular,Fashion,5,8792,37805.6,25.0,No,Non-Festival,Credit Card,4,4.0,Yes,28354.199999999997
ORD104947,2024-01-08,CUST2198,Regular,Home Decor,3,4632,13757.04,1.0,No,Non-Festival,UPI,2,3.0,No,13619.4696
ORD104948,2024-01-29,CUST5246,New,Beauty,1,9760,5758.400000000001,41.0,Yes,Republic Day,Credit Card,4,3.9,No,3397.4560000000006
ORD104949,2024-10-22,CUST8414,Regular,Home Decor,2,3524,5567.92,21.0,Yes,Diwali,Wallet,6,3.5,No,4398.656800000001
ORD104950,2024-07-27,CUST7758,Premium,Beauty,1,7363,3902.39,47.0,No,Non-Festival,UPI,2,4.5,No,2068.2667
ORD104951,2024-05-07,CUST4579,Premium,Beauty,2,2077,2741.64,34.0,No,Non-Festival,COD,6,5.0,No,1809.4823999999996
ORD104952,2024-12-05,CUST5280,Premium,Fashion,5,9789,30345.9,38.0,No,Non-Festival,COD,5,3.6,No,18814.458000000002
ORD104953,2024-04-25,CUST5064,Regular,Fashion,2,3875,6355.000000000001,18.0,No,Non-Festival,COD,7,4.2,No,5211.100000000001
ORD104954,2024-05-23,CUST2725,Regular,Groceries,2,7161,7733.88,46.0,No,Non-Festival,Wallet,1,3.4,No,4176.2952000000005
ORD104955,2024-11-13,CUST2727,Regular,Electronics,4,205,729.8,11.0,No,Non-Festival,COD,5,4.7,No,649.5219999999999
ORD104956,2024-08-22,CUST4999,Regular,Home Decor,2,5733,7682.219999999999,33.0,No,Non-Festival,Wallet,6,2.6,No,5147.087399999999
ORD104957,2024-01-07,CUST8883,Premium,Groceries,4,8977,20108.480000000003,44.0,No,Non-Festival,UPI,1,3.7,No,11260.748800000003
ORD104958,2024-02-14,CUST3975,Regular,Groceries,2,9913,16059.06,19.0,No,Non-Festival,Credit Card,5,2.9,No,13007.838600000001
ORD104959,2024-08-26,CUST8556,Premium,Home Decor,4,5375,20210.0,6.0,Yes,Raksha Bandhan,Wallet,4,2.9,Yes,18997.399999999998
ORD104960,2024-06-03,CUST8771,Regular,Home Decor,5,4078,15700.3,23.0,No,Non-Festival,UPI,3,3.8,No,12089.231
ORD104961,2024-06-29,CUST3865,New,Beauty,5,3669,17978.1,2.0,No,Non-Festival,,2,3.3,Yes,17618.537999999997
ORD104962,2024-08-02,CUST5695,Regular,Electronics,2,9213,17504.7,5.0,No,Non-Festival,UPI,1,3.6,No,16629.465
ORD104963,2024-03-28,CUST8864,Regular,Fashion,3,4533,9247.32,32.0,Yes,Holi,Credit Card,2,3.3,No,6288.177599999999
ORD104964,2024-09-12,CUST1543,New,Electronics,5,6833,22890.55,33.0,No,Non-Festival,Wallet,3,3.6,No,15336.668499999998
ORD104965,2024-03-13,CUST9474,Regular,Electronics,1,3293,2239.24,32.0,No,Non-Festival,UPI,5,3.2,No,1522.6831999999997
ORD104966,2024-06-27,CUST5835,New,Fashion,1,1057,761.04,28.0,No,Non-Festival,COD,7,4.5,Yes,547.9488
ORD104967,2024-07-30,CUST5077,Regular,Electronics,4,7818,24392.16,22.0,No,Non-Festival,COD,7,3.9,No,19025.8848
ORD104968,2024-10-19,CUST8706,Regular,Groceries,3,8177,23795.07,3.0,No,Non-Festival,UPI,4,2.9,No,23081.2179
ORD104969,2024-08-21,CUST2275,Premium,Groceries,4,2750,10560.0,4.0,No,Non-Festival,COD,6,2.5,No,10137.6
ORD104970,2024-08-26,CUST1817,New,Fashion,2,1425,1909.5,33.0,Yes,Raksha Bandhan,COD,2,2.5,No,1279.3649999999998
ORD104971,2024-08-10,CUST7227,Regular,Fashion,5,9045,38441.25,15.0,Yes,Independence Day,Wallet,6,3.6,No,32675.0625
ORD104972,2024-04-28,CUST9477,New,Home Decor,3,7653,14004.99,39.0,No,Non-Festival,Credit Card,5,3.3,No,8543.0439
ORD104973,2024-11-08,CUST5789,Premium,Home Decor,4,7600,16416.0,46.0,Yes,Diwali,Wallet,6,3.8,Yes,8864.640000000001
ORD104974,2024-09-20,CUST8099,New,Electronics,4,9731,22575.92,42.0,No,Non-Festival,UPI,1,4.1,No,13094.0336
ORD104975,2024-07-25,CUST8027,Regular,Electronics,1,4756,2806.0400000000004,41.0,No,Non-Festival,UPI,7,4.5,No,1655.5636000000004
ORD104976,2024-04-04,CUST2336,Regular,Fashion,2,2917,5717.32,2.0,No,Non-Festival,COD,2,2.7,No,5602.973599999999
ORD104977,2024-08-09,CUST7615,New,Electronics,4,3592,8333.44,42.0,No,Non-Festival,Wallet,7,2.8,No,4833.395200000001
ORD104978,2024-12-31,CUST3306,New,Beauty,1,8354,4344.08,48.0,Yes,Christmas/New Year,UPI,2,3.4,No,2258.9216
ORD104979,2024-10-02,CUST3310,Regular,Groceries,3,9454,16733.58,41.0,No,Non-Festival,UPI,7,3.6,No,9872.812200000002
ORD104980,2024-08-18,CUST2190,Regular,Electronics,4,6322,13149.76,48.0,Yes,Independence Day,COD,1,3.5,No,6837.8752
ORD104981,2024-11-04,CUST1171,Regular,Electronics,1,4728,4113.36,13.0,Yes,Diwali,COD,3,4.1,No,3578.6231999999995
ORD104982,2024-04-28,CUST4013,Premium,Home Decor,2,1281,1742.16,32.0,No,Non-Festival,UPI,5,2.7,No,1184.6688
ORD104983,2024-09-24,CUST5491,Regular,Beauty,5,6839,24962.35,27.0,No,Non-Festival,Wallet,6,3.7,No,18222.515499999998
ORD104984,2024-09-29,CUST6879,Regular,Electronics,3,7218,12992.4,40.0,No,Non-Festival,Credit Card,6,4.5,No,7795.44
ORD104985,2024-03-04,CUST8402,Regular,Groceries,4,6305,21689.2,14.0,No,Non-Festival,Wallet,2,4.8,No,18652.712
ORD104986,2024-10-24,CUST6280,Premium,Electronics,1,4950,4801.5,3.0,Yes,Diwali,COD,5,3.9,No,4657.455
ORD104987,2024-12-15,CUST2550,Regular,Fashion,4,2854,9246.96,19.0,No,Non-Festival,UPI,6,2.8,No,7490.0376
ORD104988,2024-01-11,CUST4041,Regular,Beauty,5,355,1349.0,24.0,No,Non-Festival,COD,4,4.3,No,1025.24
ORD104989,2024-04-07,CUST1344,Premium,Electronics,4,4496,11869.44,34.0,No,Non-Festival,UPI,5,4.5,No,7833.8304
ORD104990,2024-03-11,CUST3076,Premium,Beauty,4,3269,8107.12,38.0,No,Non-Festival,UPI,5,3.0,No,5026.4144
ORD104991,2024-12-29,CUST4584,Regular,Electronics,1,2163,1708.77,21.0,Yes,Christmas/New Year,Credit Card,7,3.8,No,1349.9283
ORD104992,2024-02-27,CUST5898,Regular,Groceries,5,4794,15820.2,34.0,No,Non-Festival,COD,6,4.8,No,10441.331999999999
ORD104993,2024-10-16,CUST6307,Premium,Groceries,3,7863,12738.06,46.0,No,Non-Festival,Credit Card,7,4.3,No,6878.5524000000005
ORD104994,2024-09-07,CUST8554,New,Beauty,1,6503,4747.19,27.0,No,Non-Festival,Wallet,1,3.5,No,3465.4486999999995
ORD104995,2024-10-02,CUST7245,Premium,Home Decor,5,9626,43798.3,9.0,No,Non-Festival,COD,7,3.6,No,39856.453
ORD104996,2024-02-19,CUST3779,New,Home Decor,5,6342,26953.5,15.0,No,Non-Festival,Credit Card,6,2.7,No,22910.475
ORD104997,2024-12-23,CUST5302,Premium,Fashion,4,9868,20525.44,48.0,Yes,Christmas/New Year,COD,5,3.8,No,10673.228799999999
ORD104998,2024-08-03,CUST8016,Premium,Home Decor,2,3955,6169.8,22.0,No,Non-Festival,Credit Card,7,4.5,No,4812.444
ORD104999,2024-02-21,CUST1388,Regular,Beauty,2,1030,1689.2,18.0,No,Non-Festival,Credit Card,6,4.9,No,1385.1440000000002
ORD105000,2024-09-27,CUST6045,Regular,Home Decor,3,6774,20322.0,0.0,No,Non-Festival,COD,6,3.5,No,20322.0
ORD105001,2024-03-24,CUST6494,Regular,Fashion,4,6321,25284.0,0.0,Yes,Holi,Wallet,3,3.6,No,25284.0
ORD105002,2024-10-19,CUST4188,Regular,Electronics,2,6274,6901.400000000001,45.0,No,Non-Festival,Credit Card,5,2.6,No,3795.7700000000004
ORD105003,2024-05-05,CUST1945,Premium,Home Decor,1,1542,1156.5,25.0,No,Non-Festival,Credit Card,4,4.4,No,867.375
ORD105004,2024-10-22,CUST3961,Regular,Beauty,3,7879,15836.79,33.0,Yes,Diwali,COD,6,4.3,No,10610.6493
ORD105005,2024-03-12,CUST3320,Premium,Beauty,4,7529,29814.84,1.0,No,Non-Festival,Wallet,5,3.5,No,29516.6916
ORD105006,2024-10-22,CUST1183,Regular,Fashion,1,2044,1492.12,25.0,Yes,Diwali,COD,6,4.3,No,1119.09
ORD105007,2024-08-23,CUST9993,Regular,Fashion,2,661,1070.8200000000002,19.0,No,Non-Festival,UPI,1,4.1,No,867.3642000000002
ORD105008,2024-02-25,CUST2480,New,Groceries,2,3191,3765.380000000001,41.0,No,Non-Festival,COD,4,4.4,No,2221.574200000001
ORD105009,2024-12-25,CUST9987,Regular,Groceries,2,7043,7606.44,46.0,Yes,Christmas/New Year,UPI,1,3.3,No,4107.4776
ORD105010,2024-04-19,CUST8153,Regular,Groceries,2,9970,14755.6,26.0,No,Non-Festival,Credit Card,6,4.1,Yes,10919.144
ORD105011,2024-07-10,CUST5403,Regular,Electronics,5,400,1460.0,27.0,No,Non-Festival,Wallet,3,4.1,No,1065.8
ORD105012,2024-04-02,CUST1261,New,Beauty,3,715,1501.5,30.0,No,Non-Festival,Wallet,7,2.7,Yes,1051.05
ORD105013,2024-12-15,CUST5305,Regular,Groceries,3,6071,9835.02,46.0,No,Non-Festival,COD,3,3.2,No,5310.910800000001
ORD105014,2024-02-25,CUST9640,Premium,Beauty,2,5650,10622.0,6.0,No,Non-Festival,,1,4.7,Yes,9984.68
ORD105015,2024-02-29,CUST3440,Regular,Fashion,3,5039,14058.81,7.0,No,Non-Festival,COD,7,2.9,No,13074.693299999999
ORD105016,2024-05-17,CUST6613,Premium,Electronics,1,6690,4616.099999999999,31.0,No,Non-Festival,Wallet,3,3.4,No,3185.1089999999995
ORD105017,2024-02-08,CUST9853,Regular,Fashion,1,3431,3087.9,10.0,No,Non-Festival,UPI,6,3.1,No,2779.11
ORD105018,2024-01-28,CUST9140,Premium,Beauty,3,3896,6194.64,47.0,Yes,Republic Day,Wallet,1,2.9,No,3283.1592000000005
ORD105019,2024-02-18,CUST3372,New,Groceries,2,9667,14500.5,25.0,No,Non-Festival,UPI,7,2.8,No,10875.375
ORD105020,2024-05-04,CUST8176,Premium,Fashion,4,3493,10618.72,24.0,No,Non-Festival,COD,2,3.4,No,8070.227199999999
ORD105021,2024-01-13,CUST7081,Premium,Home Decor,2,7201,13537.88,6.0,No,Non-Festival,Credit Card,5,4.5,No,12725.607199999999
ORD105022,2024-02-05,CUST4487,Premium,Electronics,5,1829,7407.450000000001,19.0,No,Non-Festival,Credit Card,2,4.9,No,6000.034500000001
ORD105023,2024-04-10,CUST6247,Premium,Beauty,4,4218,10123.2,40.0,No,Non-Festival,UPI,3,3.9,No,6073.92
ORD105024,2024-10-08,CUST3353,Regular,Groceries,5,4689,16645.95,29.0,No,Non-Festival,UPI,1,4.1,No,11818.6245
ORD105025,2024-03-26,CUST8173,Premium,Fashion,3,7763,23289.0,0.0,Yes,Holi,Credit Card,1,4.4,No,23289.0
ORD105026,2024-01-04,CUST2856,Regular,Electronics,5,2216,9196.4,17.0,No,Non-Festival,COD,7,4.2,No,7633.012
ORD105027,2024-08-10,CUST6066,Regular,Groceries,3,8558,23876.82,7.0,Yes,Independence Day,COD,6,4.6,No,22205.4426
ORD105028,2024-12-03,CUST7720,Regular,Fashion,5,1175,4230.0,28.0,No,Non-Festival,Wallet,1,4.7,No,3045.6
ORD105029,2024-06-14,CUST2682,Regular,Beauty,4,4747,11582.68,39.0,No,Non-Festival,Wallet,1,4.1,No,7065.4348
ORD105030,2024-12-09,CUST1590,Regular,Home Decor,5,7505,29644.75,21.0,No,Non-Festival,Credit Card,5,3.8,No,23419.3525
ORD105031,2024-10-04,CUST7684,Premium,Home Decor,2,1059,1461.4199999999998,31.0,No,Non-Festival,Credit Card,4,3.5,Yes,1008.3797999999998
ORD105032,2024-05-09,CUST9191,Regular,Beauty,3,4144,7583.519999999999,39.0,No,Non-Festival,Credit Card,7,3.7,No,4625.947199999999
ORD105033,2024-01-31,CUST2859,Regular,Electronics,1,409,355.83,13.0,No,Non-Festival,UPI,2,3.4,No,309.5721
ORD105034,2024-01-11,CUST1021,Premium,Beauty,5,413,2044.35,1.0,No,Non-Festival,Wallet,3,3.6,No,2023.9064999999998
ORD105035,2024-10-28,CUST1017,Regular,Fashion,3,6097,12072.059999999998,34.0,Yes,Diwali,Credit Card,1,4.7,No,7967.559599999998
ORD105036,2024-04-05,CUST3249,Premium,Electronics,1,5982,5623.08,6.0,No,Non-Festival,Credit Card,2,4.9,No,5285.695199999999
ORD105037,2024-07-08,CUST6813,Premium,Home Decor,3,7602,22349.88,2.0,No,Non-Festival,Wallet,4,3.8,No,21902.882400000002
ORD105038,2024-07-10,CUST9620,New,Fashion,3,9364,24159.12,14.0,No,Non-Festival,Credit Card,2,3.1,No,20776.8432
ORD105039,2024-09-22,CUST2520,Premium,Groceries,1,503,291.74,42.0,No,Non-Festival,Credit Card,3,2.7,No,169.20920000000004
ORD105040,2024-05-07,CUST8230,Regular,Groceries,1,7476,5008.919999999999,33.0,No,Non-Festival,COD,7,4.6,No,3355.976399999999
ORD105041,2024-08-25,CUST8539,Regular,Groceries,4,7200,22752.0,21.0,Yes,Raksha Bandhan,Wallet,1,4.7,No,17974.08
ORD105042,2024-12-20,CUST8254,Regular,Home Decor,5,8374,34752.1,17.0,Yes,Christmas/New Year,COD,7,3.6,No,28844.243
ORD105043,2024-04-21,CUST1305,New,Beauty,5,1060,2915.0000000000005,45.0,No,Non-Festival,Wallet,7,3.9,No,1603.2500000000005
ORD105044,2024-11-11,CUST5341,Regular,Electronics,3,4247,10575.03,17.0,No,Non-Festival,Credit Card,3,4.3,No,8777.2749
ORD105045,2024-12-08,CUST6089,Regular,Home Decor,2,2055,2753.7,33.0,No,Non-Festival,UPI,7,3.4,No,1844.9789999999996
ORD105046,2024-05-24,CUST7691,Regular,Fashion,2,7151,9296.3,35.0,No,Non-Festival,UPI,7,3.0,No,6042.594999999999
ORD105047,2024-03-05,CUST2336,New,Fashion,3,2367,3905.55,45.0,No,Non-Festival,COD,1,2.8,Yes,2148.0525000000002
ORD105048,2024-09-03,CUST2853,Regular,Groceries,4,6159,15274.32,25.0,No,Non-Festival,UPI,4,3.1,No,11455.74
ORD105049,2024-08-10,CUST5914,New,Electronics,1,1833,989.82,46.0,Yes,Independence Day,UPI,6,3.8,No,534.5028000000001
ORD105050,2024-11-08,CUST4576,Regular,Groceries,3,2674,5053.86,37.0,Yes,Diwali,COD,3,3.4,No,3183.9318
ORD105051,2024-04-15,CUST7813,Regular,Fashion,5,5240,16768.0,36.0,No,Non-Festival,Credit Card,2,4.7,No,10731.52
ORD105052,2024-06-29,CUST6623,Regular,Fashion,2,2577,4277.82,17.0,No,Non-Festival,Wallet,6,2.7,No,3550.5905999999995
ORD105053,2024-07-02,CUST8798,New,Beauty,2,3611,4188.76,42.0,No,Non-Festival,Credit Card,7,3.5,No,2429.4808000000003
ORD105054,2024-08-13,CUST5136,New,Beauty,2,4859,5927.98,39.0,Yes,Independence Day,COD,4,3.1,No,3616.0678
ORD105055,2024-09-21,CUST8291,Regular,Beauty,4,4475,12888.0,28.0,No,Non-Festival,Credit Card,3,4.7,No,9279.359999999999
ORD105056,2024-10-04,CUST1439,Regular,Groceries,5,4585,20403.25,11.0,No,Non-Festival,Credit Card,6,4.5,No,18158.8925
ORD105057,2024-03-29,CUST7882,Premium,Electronics,4,8877,29471.64,17.0,Yes,Holi,COD,1,5.0,No,24461.461199999998
ORD105058,2024-06-24,CUST4699,Regular,Beauty,1,9752,6826.4,30.0,No,Non-Festival,COD,6,2.8,No,4778.48
ORD105059,2024-01-18,CUST3889,Regular,Home Decor,3,7475,19285.5,14.0,No,Non-Festival,COD,4,4.5,No,16585.53
ORD105060,2024-04-15,CUST6512,Regular,Beauty,3,972,1778.76,39.0,No,Non-Festival,UPI,1,2.8,No,1085.0436
ORD105061,2024-09-27,CUST7438,Regular,Groceries,2,2032,2885.44,29.0,No,Non-Festival,COD,6,2.9,No,2048.6624
ORD105062,2024-11-14,CUST5929,Regular,Electronics,2,7805,10146.5,35.0,No,Non-Festival,COD,7,2.6,No,6595.225
ORD105063,2024-06-15,CUST4154,Regular,Beauty,1,1499,1094.27,27.0,No,Non-Festival,COD,5,3.8,No,798.8171
ORD105064,2024-01-13,CUST8601,Regular,Electronics,4,8573,29491.12,14.0,No,Non-Festival,COD,2,2.8,No,25362.3632
ORD105065,2024-12-02,CUST1896,New,Home Decor,5,9654,27996.6,42.0,No,Non-Festival,Credit Card,1,3.4,No,16238.028
ORD105066,2024-02-01,CUST2887,Regular,Fashion,1,8537,5805.16,32.0,No,Non-Festival,COD,3,3.2,No,3947.5087999999996
ORD105067,2024-02-09,CUST6348,Premium,Electronics,3,5363,15928.11,1.0,No,Non-Festival,Wallet,5,4.9,No,15768.8289
ORD105068,2024-05-27,CUST8436,Regular,Beauty,3,2039,5688.81,7.0,No,Non-Festival,COD,4,4.1,No,5290.5933
ORD105069,2024-08-05,CUST8440,Premium,Groceries,4,4794,10163.28,47.0,No,Non-Festival,Wallet,3,3.5,No,5386.5384
ORD105070,2024-08-06,CUST4011,Regular,Groceries,1,1002,681.3599999999999,32.0,No,Non-Festival,Wallet,7,4.7,No,463.32479999999987
ORD105071,2024-03-22,CUST7384,Premium,Groceries,5,4150,13694.999999999998,34.0,Yes,,UPI,4,2.7,No,9038.699999999997
ORD105072,2024-11-28,CUST1388,Regular,Groceries,1,1518,1259.9399999999998,17.0,No,Non-Festival,UPI,5,3.3,No,1045.7501999999997
ORD105073,2024-07-26,CUST1037,New,Electronics,1,6318,4738.5,25.0,No,Non-Festival,Credit Card,7,3.8,No,3553.875
ORD105074,2024-07-19,CUST1217,Regular,Groceries,4,4826,10231.12,47.0,No,Non-Festival,COD,3,2.6,No,5422.493600000001
ORD105075,2024-11-27,CUST5039,Regular,Fashion,5,3140,12560.0,20.0,No,Non-Festival,COD,7,2.9,No,10048.0
ORD105076,2024-02-07,CUST5968,New,Home Decor,3,7769,17014.11,27.0,No,Non-Festival,Wallet,1,4.7,No,12420.3003
ORD105077,2024-07-29,CUST4443,Premium,Electronics,2,7598,12308.76,19.0,No,Non-Festival,COD,7,2.9,No,9970.0956
ORD105078,2024-11-22,CUST8662,Regular,Electronics,5,5658,15842.4,44.0,No,Non-Festival,Wallet,6,4.8,No,8871.744
ORD105079,2024-09-05,CUST5355,New,Groceries,3,2252,5472.360000000001,19.0,No,Non-Festival,UPI,3,2.7,No,4432.611600000001
ORD105080,2024-08-14,CUST9763,Regular,Groceries,4,6654,25817.52,3.0,Yes,Independence Day,Credit Card,2,4.7,No,25042.9944
ORD105081,2024-02-17,CUST9249,Regular,Electronics,5,6505,21141.25,35.0,No,Non-Festival,UPI,1,3.6,No,13741.8125
ORD105082,2024-01-18,CUST2101,New,Groceries,5,8607,28833.45,33.0,No,Non-Festival,COD,2,3.9,No,19318.4115
ORD105083,2024-10-21,CUST7079,Regular,Groceries,3,985,1654.8000000000002,44.0,Yes,Diwali,Wallet,3,3.2,No,926.6880000000002
ORD105084,2024-07-14,CUST1788,New,Groceries,3,7179,18952.56,12.0,No,Non-Festival,UPI,3,3.2,No,16678.252800000002
ORD105085,2024-07-05,CUST4747,Regular,Groceries,1,1835,1284.5,30.0,No,Non-Festival,COD,4,3.7,No,899.15
ORD105086,2024-12-10,CUST7057,Premium,Groceries,1,7538,4673.56,38.0,No,Non-Festival,Wallet,3,3.4,No,2897.6072000000004
ORD105087,2024-08-11,CUST8981,Premium,Beauty,5,3309,15552.3,6.0,Yes,Independence Day,COD,7,2.7,No,14619.161999999998
ORD105088,2024-11-13,CUST5185,New,Beauty,2,6253,10505.04,16.0,No,Non-Festival,COD,7,3.4,No,8824.2336
ORD105089,2024-12-30,CUST1979,Premium,Beauty,4,5204,12281.440000000002,41.0,Yes,Christmas/New Year,Credit Card,7,3.1,Yes,7246.049600000002
ORD105090,2024-12-02,CUST6738,Regular,Electronics,3,5956,15902.52,11.0,No,Non-Festival,UPI,1,4.6,No,14153.2428
ORD105091,2024-08-16,CUST7104,Premium,Home Decor,1,7645,5427.95,29.0,Yes,Independence Day,COD,7,4.6,No,3853.8444999999997
ORD105092,2024-03-17,CUST5393,Regular,Electronics,4,484,1026.0800000000002,47.0,No,Non-Festival,COD,2,2.9,No,543.8224000000001
ORD105093,2024-07-06,CUST5114,Premium,Beauty,5,2613,8753.55,33.0,No,Non-Festival,Credit Card,6,4.3,No,5864.878499999999
ORD105094,2024-12-11,CUST7277,New,Electronics,3,1843,4367.91,21.0,No,Non-Festival,Credit Card,6,3.6,Yes,3450.6489
ORD105095,2024-09-26,CUST2776,Regular,Home Decor,3,7435,17844.0,25.0,No,Non-Festival,Wallet,5,4.7,No,13383.0
ORD105096,2024-04-04,CUST1654,Premium,Groceries,1,9519,8757.48,8.0,No,Non-Festival,COD,2,3.2,No,8056.8816
ORD105097,2024-11-05,CUST6440,Regular,Fashion,2,9661,17196.58,11.0,Yes,Diwali,COD,6,2.7,No,15304.956200000002
ORD105098,2024-05-11,CUST4616,Regular,Beauty,3,6535,16468.2,16.0,No,Non-Festival,COD,6,4.5,No,13833.288
ORD105099,2024-02-08,CUST9065,Regular,Beauty,2,843,1433.1,15.0,No,Non-Festival,COD,4,4.7,No,1218.135
ORD105100,2024-03-12,CUST9001,Premium,Home Decor,4,7511,28842.24,4.0,No,Non-Festival,Credit Card,5,4.6,No,27688.5504
ORD105101,2024-10-07,CUST3339,Regular,Groceries,3,8417,20705.820000000003,18.0,No,Non-Festival,UPI,6,3.3,No,16978.772400000005
ORD105102,2024-11-28,CUST7072,Premium,Groceries,3,4137,9060.03,27.0,No,Non-Festival,Credit Card,6,2.6,No,6613.8219
ORD105103,2024-06-08,CUST5987,Regular,Fashion,2,5007,8411.76,16.0,No,Non-Festival,Wallet,5,2.8,No,7065.8784
ORD105104,2024-07-05,CUST6931,Premium,Groceries,1,6536,5163.4400000000005,25.0,No,Non-Festival,Credit Card,3,4.8,No,3872.5800000000004
ORD105105,2024-07-09,CUST8317,Regular,Home Decor,5,6724,22189.2,34.0,No,Non-Festival,UPI,6,3.4,No,14644.872
ORD105106,2024-04-29,CUST7303,New,Groceries,4,1225,2548.0,48.0,No,Non-Festival,COD,4,4.7,No,1324.96
ORD105107,2024-08-07,CUST5843,Regular,Home Decor,3,5922,15278.76,14.0,No,Non-Festival,Wallet,4,5.0,No,13139.7336
ORD105108,2024-02-22,CUST1564,Premium,Beauty,1,1268,1039.76,18.0,No,Non-Festival,Wallet,3,3.5,No,852.6032
ORD105109,2024-08-09,CUST1446,Regular,Beauty,3,9330,15114.6,46.0,No,Non-Festival,COD,6,4.4,No,8161.884000000001
ORD105110,2024-05-10,CUST8970,Premium,Beauty,4,4298,8767.92,49.0,No,Non-Festival,UPI,1,2.9,No,4471.6392000000005
ORD105111,2024-08-24,CUST6426,Regular,Electronics,5,8215,30806.25,25.0,No,Non-Festival,Credit Card,3,3.5,No,23104.6875
ORD105112,2024-09-02,CUST8487,Premium,Beauty,3,9864,16867.440000000002,43.0,No,Non-Festival,COD,4,4.3,No,9614.440800000002
ORD105113,2024-08-13,CUST8085,Regular,Home Decor,2,375,427.50000000000006,43.0,Yes,Independence Day,UPI,5,3.0,No,243.67500000000007
ORD105114,2024-07-26,CUST2519,Premium,Fashion,1,8295,5474.699999999999,34.0,No,Non-Festival,UPI,7,3.3,No,3613.3019999999988
ORD105115,2024-04-05,CUST3948,Regular,Groceries,5,1343,3894.7,42.0,No,Non-Festival,UPI,1,3.9,No,2258.9260000000004
ORD105116,2024-07-18,CUST4643,Regular,Beauty,3,6093,14257.62,22.0,No,Non-Festival,COD,7,4.2,No,11120.9436
ORD105117,2024-09-03,CUST6070,Regular,Electronics,5,7541,34311.55,9.0,No,Non-Festival,UPI,7,3.4,No,31223.510500000004
ORD105118,2024-03-12,CUST8530,Regular,Electronics,2,3710,5861.8,21.0,No,Non-Festival,Wallet,7,3.4,No,4630.822
ORD105119,2024-11-13,CUST6765,Regular,Home Decor,3,4262,6904.4400000000005,46.0,No,Non-Festival,Wallet,6,2.8,No,3728.3976000000007
ORD105120,2024-07-03,CUST3700,New,Fashion,5,7997,35986.5,10.0,No,Non-Festival,Credit Card,4,5.0,No,32387.850000000002
ORD105121,2024-01-06,CUST1246,New,Beauty,3,1150,2587.5,25.0,No,Non-Festival,Credit Card,4,4.0,No,1940.625
ORD105122,2024-07-24,CUST3850,Premium,Beauty,3,4636,13908.0,0.0,No,Non-Festival,UPI,7,3.8,No,13908.0
ORD105123,2024-02-01,CUST1455,Regular,Electronics,5,2944,9568.0,35.0,No,Non-Festival,UPI,3,3.0,Yes,6219.2
ORD105124,2024-04-08,CUST3211,Regular,Home Decor,3,8512,20428.800000000003,20.0,No,Non-Festival,UPI,2,3.7,No,16343.040000000003
ORD105125,2024-09-12,CUST5180,Premium,Electronics,2,4870,9058.2,7.0,No,Non-Festival,Credit Card,4,3.6,No,8424.126
ORD105126,2024-07-05,CUST4060,Regular,Electronics,5,2120,8586.0,19.0,No,Non-Festival,Wallet,2,3.1,No,6954.660000000001
ORD105127,2024-03-16,CUST8239,New,Fashion,5,5812,16273.600000000002,44.0,No,Non-Festival,Wallet,1,3.6,No,9113.216000000002
ORD105128,2024-06-25,CUST7896,Regular,Home Decor,2,6619,11119.92,16.0,No,Non-Festival,COD,5,3.0,No,9340.7328
ORD105129,2024-11-10,CUST5328,New,Fashion,2,9360,16099.2,14.0,Yes,Diwali,Credit Card,2,4.3,No,13845.312
ORD105130,2024-10-13,CUST4848,Regular,Home Decor,2,6372,10195.2,20.0,No,Non-Festival,UPI,2,4.8,No,8156.160000000001
ORD105131,2024-12-14,CUST1182,Premium,Beauty,3,6130,18390.0,0.0,No,Non-Festival,Wallet,2,2.5,No,18390.0
ORD105132,2024-09-11,CUST9039,Regular,Groceries,3,4008,11783.52,2.0,No,Non-Festival,COD,2,3.9,No,11547.8496
ORD105133,2024-11-20,CUST9145,New,Groceries,4,4938,13826.4,30.0,No,Non-Festival,Wallet,2,4.3,No,9678.48
ORD105134,2024-07-08,CUST2752,Regular,Home Decor,3,6695,14059.5,30.0,No,Non-Festival,COD,1,4.8,No,9841.65
ORD105135,2024-11-03,CUST6424,Premium,Groceries,2,1304,2086.4,20.0,Yes,Diwali,UPI,6,3.4,No,1669.1200000000001
ORD105136,2024-12-10,CUST3222,New,Electronics,4,4589,14317.68,22.0,No,Non-Festival,UPI,6,4.8,No,11167.7904
ORD105137,2024-05-06,CUST1287,Regular,Beauty,2,4084,6861.12,16.0,No,Non-Festival,Wallet,4,4.6,No,5763.3408
ORD105138,2024-10-13,CUST2861,Regular,Beauty,1,932,736.2800000000001,21.0,No,Non-Festival,Credit Card,5,3.8,Yes,581.6612000000001
ORD105139,2024-09-10,CUST9208,Regular,Groceries,5,1781,7034.950000000001,21.0,No,Non-Festival,Wallet,7,3.1,No,5557.610500000001
ORD105140,2024-07-31,CUST4600,Regular,Home Decor,1,3879,2521.35,35.0,No,Non-Festival,Credit Card,4,4.1,No,1638.8775
ORD105141,2024-09-06,CUST3074,Regular,Electronics,2,4052,7536.719999999999,7.0,No,Non-Festival,Wallet,1,3.2,No,7009.149599999999
ORD105142,2024-03-24,CUST7435,Regular,Home Decor,3,2627,4255.740000000001,46.0,Yes,Holi,Credit Card,1,3.4,No,2298.0996000000005
ORD105143,2024-01-13,CUST6730,Regular,Groceries,5,523,2431.95,7.0,No,Non-Festival,UPI,2,3.7,No,2261.7135
ORD105144,2024-02-14,CUST8893,Premium,Beauty,3,3899,10176.39,13.0,No,Non-Festival,COD,7,3.7,No,8853.459299999999
ORD105145,2024-05-06,CUST2597,Premium,Beauty,3,5381,10170.09,37.0,No,Non-Festival,Credit Card,1,3.0,No,6407.1567000000005
ORD105146,2024-04-23,CUST2637,Regular,Home Decor,5,7513,28925.05,23.0,No,Non-Festival,,7,4.2,No,22272.2885
ORD105147,2024-10-02,CUST3980,New,Fashion,5,8753,34574.35,21.0,No,Non-Festival,COD,1,5.0,No,27313.7365
ORD105148,2024-07-23,CUST2285,New,Home Decor,1,2300,1978.0,14.0,No,Non-Festival,UPI,2,3.1,No,1701.08
ORD105149,2024-12-02,CUST9951,Premium,Fashion,2,2954,4785.4800000000005,19.0,No,Non-Festival,UPI,1,3.9,Yes,3876.2388000000005
ORD105150,2024-09-29,CUST8261,Regular,Home Decor,3,1672,3711.84,26.0,No,Non-Festival,UPI,1,3.6,No,2746.7616000000003
ORD105151,2024-02-27,CUST8506,Regular,Fashion,2,1306,1906.76,27.0,No,Non-Festival,Credit Card,1,3.3,No,1391.9348
ORD105152,2024-11-23,CUST9285,Premium,Fashion,2,2003,3164.74,21.0,No,Non-Festival,UPI,3,3.5,Yes,2500.1446
ORD105153,2024-08-06,CUST2917,Premium,Fashion,4,8472,23721.6,30.0,No,Non-Festival,UPI,7,4.3,No,16605.12
ORD105154,2024-04-18,CUST3084,Regular,Fashion,1,6857,6308.4400000000005,8.0,No,Non-Festival,UPI,6,3.5,No,5803.764800000001
ORD105155,2024-10-05,CUST9073,Premium,Electronics,3,7106,16628.04,22.0,No,Non-Festival,Credit Card,4,3.8,No,12969.871200000001
ORD105156,2024-06-22,CUST7089,Regular,Fashion,5,5555,26664.0,4.0,No,Non-Festival,Wallet,3,3.7,No,25597.44
ORD105157,2024-11-23,CUST9452,Regular,Fashion,5,3188,8926.400000000001,44.0,No,Non-Festival,UPI,7,3.9,No,4998.7840000000015
ORD105158,2024-09-20,CUST9514,Premium,Beauty,2,7404,9180.96,38.0,No,Non-Festival,Wallet,7,3.2,No,5692.195199999999
ORD105159,2024-11-10,CUST6327,Premium,Electronics,1,5976,5019.84,16.0,Yes,Diwali,UPI,4,3.8,No,4216.6656
ORD105160,2024-04-20,CUST6388,Regular,Fashion,1,8716,5316.76,39.0,No,Non-Festival,Credit Card,2,2.8,No,3243.2236000000003
ORD105161,2024-07-05,CUST6740,Premium,Groceries,3,2561,7375.679999999999,4.0,No,Non-Festival,Wallet,2,4.4,No,7080.652799999999
ORD105162,2024-09-25,CUST9595,New,Electronics,3,1434,4043.88,6.0,No,Non-Festival,UPI,6,2.8,No,3801.2472
ORD105163,2024-08-16,CUST5259,Premium,Beauty,2,302,561.7199999999999,7.0,Yes,Independence Day,Wallet,4,4.5,No,522.3995999999999
ORD105164,2024-06-04,CUST8070,Premium,Home Decor,2,5112,9610.56,25.0,No,Non-Festival,COD,4,4.6,No,7207.92
ORD105165,2024-07-07,CUST2383,Regular,Beauty,2,946,1494.68,21.0,No,Non-Festival,,6,2.5,No,1180.7972000000002
ORD105166,2024-09-28,CUST6637,Regular,Beauty,4,5108,11646.240000000002,43.0,No,Non-Festival,UPI,5,4.6,No,6638.356800000001
ORD105167,2024-01-02,CUST2436,Regular,Electronics,1,3891,2451.33,37.0,No,Non-Festival,Wallet,4,4.1,No,1544.3379
ORD105168,2024-09-02,CUST2080,Premium,Electronics,2,9639,15422.4,20.0,No,Non-Festival,UPI,4,2.7,No,12337.92
ORD105169,2024-07-28,CUST3228,Premium,Groceries,1,3264,3166.08,3.0,No,Non-Festival,Wallet,2,5.0,No,3071.0976
ORD105170,2024-10-12,CUST9913,Regular,Groceries,5,5612,19361.4,31.0,No,Non-Festival,Wallet,2,4.0,No,13359.366
ORD105171,2024-12-24,CUST2722,Regular,Electronics,5,1919,6908.4,28.0,Yes,Christmas/New Year,Credit Card,1,3.5,No,4974.048
ORD105172,2024-01-13,CUST7907,Regular,Electronics,1,2402,1705.4199999999998,29.0,No,Non-Festival,Credit Card,1,4.7,Yes,1210.8482
ORD105173,2024-04-05,CUST7481,Regular,Electronics,5,5351,26219.9,2.0,No,Non-Festival,Wallet,7,2.6,No,25695.502
ORD105174,2024-08-08,CUST5424,New,Home Decor,5,6226,29884.8,4.0,No,Non-Festival,Credit Card,7,3.8,No,28689.408
ORD105175,2024-08-25,CUST5002,Premium,Beauty,5,7937,32541.7,18.0,Yes,Raksha Bandhan,Credit Card,2,2.9,No,26684.194000000003
ORD105176,2024-04-03,CUST3055,Regular,Groceries,3,5652,15769.079999999998,7.0,No,Non-Festival,COD,7,3.9,No,14665.244399999998
ORD105177,2024-12-03,CUST7752,Premium,Groceries,3,7384,14177.28,36.0,No,Non-Festival,UPI,1,2.7,No,9073.459200000001
ORD105178,2024-09-25,CUST4165,Premium,Fashion,1,1989,1392.3,30.0,No,Non-Festival,UPI,3,3.8,No,974.6099999999999
ORD105179,2024-06-19,CUST4563,Premium,Home Decor,1,459,339.66,26.0,No,Non-Festival,COD,3,3.7,No,251.34840000000003
ORD105180,2024-04-03,CUST1012,Regular,Electronics,4,2118,7455.36,12.0,No,Non-Festival,Wallet,6,2.5,No,6560.7168
ORD105181,2024-05-28,CUST6463,Regular,Electronics,3,6704,11866.080000000002,41.0,No,Non-Festival,Credit Card,1,2.7,No,7000.987200000002
ORD105182,2024-04-21,CUST6615,Regular,Home Decor,1,5718,5432.099999999999,5.0,No,Non-Festival,UPI,1,4.3,No,5160.494999999999
ORD105183,2024-02-24,CUST2954,New,Groceries,3,6803,20409.0,0.0,No,Non-Festival,COD,7,3.5,No,20409.0
ORD105184,2024-12-02,CUST9365,Premium,Electronics,4,8375,23785.0,29.0,No,Non-Festival,UPI,4,4.2,No,16887.35
ORD105185,2024-04-25,CUST7588,Premium,Fashion,1,7452,6706.8,10.0,No,Non-Festival,Wallet,4,3.5,No,6036.12
ORD105186,2024-05-22,CUST2842,Regular,Groceries,1,7430,4458.0,40.0,No,Non-Festival,COD,3,3.4,No,2674.7999999999997
ORD105187,2024-07-19,CUST6499,Regular,Beauty,1,299,209.3,30.0,No,Non-Festival,Wallet,7,4.6,No,146.51
ORD105188,2024-06-28,CUST4302,Regular,Home Decor,1,4105,3489.25,15.0,No,Non-Festival,Wallet,6,4.6,Yes,2965.8624999999997
ORD105189,2024-07-20,CUST3462,New,Groceries,2,2542,4372.24,14.0,No,Non-Festival,COD,3,4.8,No,3760.1263999999996
ORD105190,2024-12-29,CUST7771,Regular,Beauty,3,8291,23878.08,4.0,Yes,Christmas/New Year,UPI,4,4.6,Yes,22922.9568
ORD105191,2024-02-22,CUST7693,Regular,Fashion,3,3433,8857.14,14.0,No,Non-Festival,Credit Card,7,2.8,No,7617.140399999999
ORD105192,2024-06-28,CUST5489,New,Home Decor,3,5224,15672.0,0.0,No,Non-Festival,Credit Card,4,2.7,No,15672.0
ORD105193,2024-11-08,CUST9284,Premium,Electronics,4,527,1812.88,14.0,Yes,Diwali,COD,6,2.6,No,1559.0768
ORD105194,2024-11-03,CUST8195,Premium,Electronics,2,9743,12665.9,35.0,Yes,Diwali,Credit Card,4,5.0,No,8232.835000000001
ORD105195,2024-05-16,CUST6969,Regular,Beauty,3,2489,3957.51,47.0,No,Non-Festival,Wallet,1,3.8,No,2097.4803
ORD105196,2024-06-30,CUST3325,Premium,Groceries,3,1565,2910.9,38.0,No,Non-Festival,UPI,2,2.8,No,1804.758
ORD105197,2024-01-01,CUST9989,Regular,Fashion,1,1608,1495.4399999999998,7.0,No,Non-Festival,COD,7,3.9,No,1390.7591999999997
ORD105198,2024-02-13,CUST5325,Premium,Beauty,1,9902,7822.58,21.0,No,Non-Festival,Wallet,3,4.3,No,6179.8382
ORD105199,2024-08-14,CUST9552,Regular,Fashion,1,419,310.06,26.0,Yes,Independence Day,Wallet,5,2.7,No,229.4444
ORD105200,2024-11-26,CUST8288,Regular,Fashion,3,6607,13280.069999999998,33.0,No,Non-Festival,UPI,6,3.4,No,8897.646899999998
ORD105201,2024-04-07,CUST3050,Premium,Fashion,1,3439,2441.69,29.0,No,Non-Festival,UPI,7,3.0,No,1733.5999
ORD105202,2024-07-26,CUST4608,Premium,Home Decor,3,1469,3922.23,11.0,No,Non-Festival,Credit Card,4,4.9,No,3490.7847
ORD105203,2024-09-21,CUST8971,Premium,Beauty,4,7742,30658.32,1.0,No,Non-Festival,UPI,1,3.3,No,30351.7368
ORD105204,2024-10-14,CUST4501,Regular,Home Decor,4,4017,8837.400000000001,45.0,No,Non-Festival,COD,3,4.2,No,4860.5700000000015
ORD105205,2024-09-27,CUST8200,Regular,Groceries,5,7389,23275.35,37.0,No,Non-Festival,COD,4,4.8,No,14663.4705
ORD105206,2024-05-19,CUST7551,Premium,Groceries,2,7057,11150.06,21.0,No,Non-Festival,UPI,1,4.7,No,8808.5474
ORD105207,2024-08-24,CUST6113,Premium,Electronics,1,267,224.28,25.0,No,Non-Festival,UPI,3,3.5,No,168.21
ORD105208,2024-03-12,CUST3070,New,Electronics,1,9134,6028.44,34.0,No,Non-Festival,Wallet,3,3.3,No,3978.7703999999994
ORD105209,2024-06-03,CUST2845,Premium,Electronics,2,7425,8761.500000000002,41.0,No,Non-Festival,COD,5,4.5,No,5169.285000000002
ORD105210,2024-07-08,CUST5109,Regular,Groceries,2,5583,6252.960000000001,44.0,No,Non-Festival,Credit Card,5,3.0,No,3501.657600000001
ORD105211,2024-09-24,CUST4035,New,Fashion,5,2212,8626.800000000001,22.0,No,Non-Festival,Wallet,3,4.3,No,6728.904000000001
ORD105212,2024-11-16,CUST2765,Regular,Fashion,2,9838,14166.72,28.0,No,Non-Festival,Wallet,1,4.6,No,10200.0384
ORD105213,2024-04-16,CUST8241,Regular,Beauty,3,3269,7061.04,28.0,No,Non-Festival,,4,4.6,No,5083.9488
ORD105214,2024-08-19,CUST9092,Regular,Groceries,1,7866,4011.66,49.0,Yes,Independence Day,,7,2.5,No,2045.9466
ORD105215,2024-02-11,CUST2469,Regular,Electronics,2,490,803.6,18.0,No,Non-Festival,UPI,7,3.7,No,658.9520000000001
ORD105216,2024-07-08,CUST5055,Premium,Groceries,3,6512,16410.239999999998,16.0,No,Non-Festival,UPI,6,3.4,No,13784.601599999998
ORD105217,2024-05-18,CUST3092,Premium,Fashion,2,7927,14744.22,7.0,No,Non-Festival,Wallet,4,4.9,No,13712.1246
ORD105218,2024-04-12,CUST5266,Premium,Fashion,3,3879,5934.87,49.0,No,Non-Festival,COD,3,3.9,Yes,3026.7837
ORD105219,2024-06-19,CUST3904,Regular,Home Decor,4,4110,15453.6,6.0,No,Non-Festival,COD,7,3.6,No,14526.384
ORD105220,2024-12-16,CUST6489,Regular,Home Decor,3,4851,13097.7,10.0,No,Non-Festival,Wallet,4,3.1,No,11787.93
ORD105221,2024-09-29,CUST8376,Regular,Beauty,5,552,2704.8,2.0,No,Non-Festival,COD,5,4.6,No,2650.704
ORD105222,2024-08-08,CUST9300,Premium,Groceries,3,1463,4345.11,1.0,No,Non-Festival,COD,4,3.3,No,4301.658899999999
ORD105223,2024-07-31,CUST4584,Regular,Home Decor,2,2026,3322.6400000000003,18.0,No,Non-Festival,Credit Card,2,4.6,No,2724.5648000000006
ORD105224,2024-12-06,CUST1091,New,Home Decor,4,4578,13367.76,27.0,No,Non-Festival,UPI,5,4.7,No,9758.4648
ORD105225,2024-02-25,CUST7492,Regular,Groceries,4,1805,5270.599999999999,27.0,No,Non-Festival,UPI,5,2.6,No,3847.5379999999996
ORD105226,2024-12-07,CUST3731,Regular,Fashion,3,3598,8203.44,24.0,No,Non-Festival,Wallet,3,3.8,No,6234.6144
ORD105227,2024-04-11,CUST9767,Premium,Beauty,2,4751,8551.800000000001,10.0,No,Non-Festival,Credit Card,3,3.6,No,7696.620000000001
ORD105228,2024-07-10,CUST7545,New,Beauty,4,3206,7822.639999999999,39.0,No,Non-Festival,COD,4,3.5,No,4771.810399999999
ORD105229,2024-11-05,CUST7557,Regular,Beauty,3,1204,2094.96,42.0,Yes,Diwali,Wallet,4,3.4,No,1215.0768000000003
ORD105230,2024-07-18,CUST7347,Premium,Home Decor,3,6167,18315.99,1.0,No,Non-Festival,Wallet,3,3.8,No,18132.830100000003
ORD105231,2024-08-20,CUST1334,New,Fashion,3,6628,17696.760000000002,11.0,Yes,Independence Day,COD,1,2.8,No,15750.116400000003
ORD105232,2024-08-14,CUST8477,New,Beauty,4,2278,5467.2,40.0,Yes,Independence Day,UPI,4,4.7,No,3280.3199999999997
ORD105233,2024-05-18,CUST8295,Premium,Groceries,1,2695,1697.85,37.0,No,Non-Festival,COD,1,3.9,No,1069.6454999999999
ORD105234,2024-12-09,CUST4500,Premium,Beauty,2,2461,4380.58,11.0,No,Non-Festival,Wallet,7,3.4,No,3898.7162
ORD105235,2024-10-31,CUST7229,Regular,Electronics,5,1937,4939.35,49.0,Yes,Diwali,UPI,5,3.1,No,2519.0685000000003
ORD105236,2024-05-28,CUST4669,New,Fashion,5,3296,12524.8,24.0,No,Non-Festival,Wallet,6,4.0,No,9518.848
ORD105237,2024-04-24,CUST5218,Regular,Electronics,2,8127,10402.56,36.0,No,Non-Festival,Credit Card,6,4.5,No,6657.6384
ORD105238,2024-03-03,CUST7333,New,Fashion,1,2644,1850.8,30.0,No,Non-Festival,UPI,2,3.6,No,1295.56
ORD105239,2024-04-13,CUST2679,Regular,Groceries,2,536,900.48,16.0,No,Non-Festival,Wallet,1,5.0,No,756.4032
ORD105240,2024-12-04,CUST2758,Regular,Home Decor,3,3183,5060.97,47.0,No,Non-Festival,Wallet,4,3.8,No,2682.3141
ORD105241,2024-12-24,CUST1790,Premium,Home Decor,2,9359,16659.02,11.0,Yes,Christmas/New Year,Credit Card,6,4.9,No,14826.5278
ORD105242,2024-06-04,CUST1700,Regular,Fashion,2,7198,10221.16,29.0,No,Non-Festival,COD,7,4.9,No,7257.0235999999995
ORD105243,2024-09-29,CUST2547,Regular,Beauty,4,5198,20584.08,1.0,No,Non-Festival,UPI,3,4.0,No,20378.2392
ORD105244,2024-01-06,CUST4174,Premium,Electronics,5,9063,38517.75,15.0,No,Non-Festival,Wallet,3,4.0,No,32740.087499999998
ORD105245,2024-05-26,CUST7050,Premium,Groceries,5,9695,48475.0,0.0,No,Non-Festival,Wallet,2,2.8,No,48475.0
ORD105246,2024-07-02,CUST6920,Premium,Beauty,3,8387,16857.87,25.0,No,Non-Festival,Wallet,2,4.8,No,12643.4025
ORD105247,2024-01-28,CUST8852,Regular,Home Decor,3,2795,4695.6,44.0,Yes,Republic Day,Wallet,5,4.5,Yes,2629.5360000000005
ORD105248,2024-02-07,CUST9875,Premium,Beauty,4,3170,6720.400000000001,47.0,No,Non-Festival,COD,7,3.8,No,3561.8120000000004
ORD105249,2024-04-28,CUST6390,Regular,Electronics,3,3469,10407.0,0.0,No,Non-Festival,COD,1,3.3,No,10407.0
ORD105250,2024-10-19,CUST9523,Regular,Home Decor,1,678,440.7,35.0,No,Non-Festival,COD,2,4.6,No,286.455
ORD105251,2024-08-31,CUST9700,Premium,Fashion,4,1043,4088.56,2.0,Yes,Raksha Bandhan,UPI,5,3.2,No,4006.7888
ORD105252,2024-03-08,CUST3934,New,Groceries,4,1825,4890.999999999999,33.0,No,Non-Festival,COD,7,3.9,No,3276.969999999999
ORD105253,2024-08-01,CUST9038,Regular,Groceries,2,2080,3702.4,11.0,No,Non-Festival,UPI,5,3.0,No,3295.136
ORD105254,2024-08-05,CUST9489,Premium,Home Decor,2,8896,9963.52,44.0,No,Non-Festival,COD,5,4.5,No,5579.571200000001
ORD105255,2024-06-25,CUST6656,Regular,Fashion,1,8501,6290.74,26.0,No,Non-Festival,Wallet,6,4.4,No,4655.147599999999
ORD105256,2024-10-25,CUST7538,Regular,Electronics,4,9797,19985.88,49.0,Yes,Diwali,Credit Card,6,3.2,No,10192.7988
ORD105257,2024-06-12,CUST3818,Regular,Groceries,4,4692,12011.52,36.0,No,Non-Festival,UPI,4,2.8,No,7687.3728
ORD105258,2024-02-27,CUST1252,New,Home Decor,2,3680,5593.6,24.0,No,Non-Festival,Credit Card,2,2.9,Yes,4251.136
ORD105259,2024-09-25,CUST5057,New,Groceries,5,8742,38901.9,11.0,No,Non-Festival,Credit Card,6,4.0,No,34622.691
ORD105260,2024-11-03,CUST4528,Premium,Fashion,5,9949,33826.6,32.0,Yes,Diwali,Wallet,7,2.9,No,23002.087999999996
ORD105261,2024-02-27,CUST2851,Premium,Electronics,2,3242,5965.280000000001,8.0,No,Non-Festival,Wallet,3,3.3,No,5488.057600000001
ORD105262,2024-10-14,CUST4465,Premium,Fashion,3,3036,9108.0,0.0,No,Non-Festival,UPI,5,4.6,No,9108.0
ORD105263,2024-04-14,CUST5354,Regular,Beauty,4,8278,16887.12,49.0,No,Non-Festival,UPI,3,2.7,No,8612.431199999999
ORD105264,2024-08-15,CUST2517,Regular,Fashion,1,8074,6297.72,22.0,Yes,Independence Day,UPI,4,4.0,No,4912.221600000001
ORD105265,2024-09-03,CUST9239,Regular,Fashion,5,6764,24688.6,27.0,No,Non-Festival,COD,1,3.5,No,18022.678
ORD105266,2024-07-06,CUST2549,Premium,Groceries,3,3828,11254.32,2.0,No,Non-Festival,COD,4,2.8,Yes,11029.2336
ORD105267,2024-03-23,CUST7514,New,Fashion,4,5217,13146.84,37.0,Yes,Holi,Credit Card,4,3.8,No,8282.5092
ORD105268,2024-07-04,CUST6121,Regular,Home Decor,3,8502,16578.9,35.0,No,Non-Festival,UPI,2,3.8,No,10776.285000000002
ORD105269,2024-09-08,CUST1454,Regular,Groceries,4,7806,17797.68,43.0,No,Non-Festival,Credit Card,5,3.4,No,10144.6776
ORD105270,2024-12-20,CUST4778,Regular,Groceries,4,1401,3194.28,43.0,Yes,Christmas/New Year,COD,4,2.6,No,1820.7396000000003
ORD105271,2024-08-25,CUST7865,New,Beauty,2,6203,11909.76,4.0,Yes,Raksha Bandhan,Credit Card,5,3.0,No,11433.3696
ORD105272,2024-12-25,CUST2311,Regular,Home Decor,2,210,302.4,25.0,Yes,Christmas/New Year,Credit Card,3,3.5,No,226.79999999999998
ORD105273,2024-07-02,CUST1463,Regular,Fashion,1,9981,8783.28,12.0,No,Non-Festival,UPI,1,3.2,No,7729.286400000001
ORD105274,2024-10-10,CUST5909,Premium,Beauty,1,1701,969.57,43.0,No,Non-Festival,UPI,7,2.9,Yes,552.6549000000001
ORD105275,2024-07-28,CUST4707,Premium,Home Decor,3,8520,24793.2,3.0,No,Non-Festival,Credit Card,1,3.7,No,24049.404
ORD105276,2024-10-30,CUST3876,Regular,Beauty,2,8105,15399.5,5.0,Yes,Diwali,COD,3,3.5,No,14629.525
ORD105277,2024-10-22,CUST6947,Regular,Electronics,4,3803,9583.56,37.0,Yes,Diwali,Credit Card,2,4.2,No,6037.6428
ORD105278,2024-04-06,CUST7677,Premium,Fashion,2,4395,8350.5,5.0,No,Non-Festival,COD,3,3.9,No,7932.974999999999
ORD105279,2024-07-26,CUST3018,Regular,Beauty,4,489,1760.4,10.0,No,Non-Festival,Credit Card,6,2.9,No,1584.3600000000001
ORD105280,2024-05-16,CUST7395,New,Electronics,2,5888,8714.24,26.0,No,Non-Festival,Credit Card,3,4.2,No,6448.5376
ORD105281,2024-07-02,CUST6307,Premium,Fashion,4,7593,16704.600000000002,45.0,No,Non-Festival,UPI,6,3.7,No,9187.530000000002
ORD105282,2024-03-16,CUST9490,Regular,Beauty,3,7805,15453.899999999998,34.0,No,Non-Festival,Credit Card,2,2.8,No,10199.573999999997
ORD105283,2024-10-13,CUST4560,Regular,Beauty,2,2893,3529.46,39.0,No,Non-Festival,COD,7,2.5,No,2152.9706
ORD105284,2024-05-21,CUST7808,Regular,Beauty,5,9762,47345.7,3.0,No,Non-Festival,Credit Card,2,4.1,No,45925.329
ORD105285,2024-08-24,CUST1165,Regular,Beauty,5,8574,31723.8,26.0,No,Non-Festival,Credit Card,4,4.0,No,23475.612
ORD105286,2024-01-25,CUST3172,New,Groceries,4,550,1870.0,15.0,Yes,Republic Day,COD,5,4.6,No,1589.5
ORD105287,2024-10-16,CUST9718,New,Beauty,3,3786,9427.14,17.0,No,Non-Festival,Credit Card,1,4.4,No,7824.526199999999
ORD105288,2024-03-07,CUST6962,Regular,Groceries,4,6115,22992.4,6.0,No,Non-Festival,Credit Card,2,4.7,No,21612.856
ORD105289,2024-09-06,CUST3955,Regular,Groceries,3,9793,26441.1,10.0,No,Non-Festival,Credit Card,6,3.2,No,23796.989999999998
ORD105290,2024-04-27,CUST8880,Regular,Electronics,1,5784,5379.12,7.0,No,Non-Festival,Credit Card,2,3.5,No,5002.5815999999995
ORD105291,2024-03-13,CUST4060,Regular,Fashion,2,3049,5793.099999999999,5.0,No,Non-Festival,COD,4,2.7,No,5503.444999999999
ORD105292,2024-10-08,CUST5861,Premium,Groceries,3,4635,7369.650000000001,47.0,No,Non-Festival,Wallet,4,3.5,No,3905.9145000000003
ORD105293,2024-12-25,CUST2134,Regular,Home Decor,4,6604,25359.36,4.0,Yes,Christmas/New Year,COD,7,3.0,No,24344.9856
ORD105294,2024-01-10,CUST4612,New,Groceries,1,4127,3920.65,5.0,No,Non-Festival,COD,5,4.5,No,3724.6175
ORD105295,2024-07-29,CUST2722,Regular,Home Decor,4,6714,16919.28,37.0,No,Non-Festival,Wallet,2,4.1,Yes,10659.1464
ORD105296,2024-11-18,CUST6114,Premium,Electronics,5,7640,37818.0,1.0,No,Non-Festival,COD,2,4.5,No,37439.82
ORD105297,2024-05-31,CUST4415,New,Home Decor,5,6016,21056.0,30.0,No,Non-Festival,Credit Card,4,4.0,Yes,14739.199999999999
ORD105298,2024-01-05,CUST6418,Regular,Electronics,2,6792,8422.08,38.0,No,Non-Festival,COD,3,4.0,No,5221.6896
ORD105299,2024-07-13,CUST9308,Regular,Electronics,2,6025,8314.5,31.0,No,Non-Festival,Credit Card,5,3.1,No,5737.004999999999
ORD105300,2024-10-09,CUST2156,Regular,Electronics,1,3688,3392.96,8.0,No,Non-Festival,UPI,2,4.2,No,3121.5232
ORD105301,2024-04-22,CUST3706,Regular,Home Decor,5,2095,9008.5,14.0,No,Non-Festival,Credit Card,1,2.9,No,7747.3099999999995
ORD105302,2024-09-27,CUST6568,New,Home Decor,3,3108,7459.200000000001,20.0,No,Non-Festival,Credit Card,7,3.2,Yes,5967.360000000001
ORD105303,2024-06-11,CUST8814,New,Electronics,5,1611,4430.25,45.0,No,Non-Festival,COD,1,2.9,No,2436.6375000000003
ORD105304,2024-04-14,CUST3770,New,Electronics,2,5657,8259.22,27.0,No,Non-Festival,COD,6,4.9,Yes,6029.230599999999
ORD105305,2024-06-29,CUST4313,New,Fashion,4,4199,9405.76,44.0,No,Non-Festival,COD,4,4.7,No,5267.225600000001
ORD105306,2024-02-13,CUST8407,Regular,Electronics,1,5648,4179.52,26.0,No,Non-Festival,UPI,6,4.7,No,3092.8448000000003
ORD105307,2024-10-08,CUST7334,New,Beauty,5,9047,43425.6,4.0,No,Non-Festival,Wallet,1,4.9,No,41688.575999999994
ORD105308,2024-06-23,CUST9069,New,Fashion,3,6492,16359.84,16.0,No,Non-Festival,Credit Card,4,4.0,No,13742.265599999999
ORD105309,2024-06-10,CUST8685,Regular,Fashion,3,8741,16782.72,36.0,No,Non-Festival,Wallet,7,4.7,Yes,10740.9408
ORD105310,2024-12-16,CUST3551,Regular,Fashion,3,7208,16650.48,23.0,No,Non-Festival,Wallet,7,3.2,No,12820.8696
ORD105311,2024-12-05,CUST3911,Premium,Beauty,1,1343,940.1,30.0,No,Non-Festival,UPI,3,3.5,No,658.0699999999999
ORD105312,2024-05-19,CUST4931,Regular,Fashion,3,597,1182.06,34.0,No,Non-Festival,Credit Card,7,3.7,No,780.1595999999998
ORD105313,2024-05-11,CUST6170,Regular,Fashion,3,845,1521.0,40.0,No,Non-Festival,Credit Card,4,2.7,No,912.6
ORD105314,2024-03-27,CUST1016,New,Home Decor,5,7806,23418.0,40.0,Yes,Holi,UPI,2,4.6,Yes,14050.8
ORD105315,2024-06-24,CUST3406,New,Home Decor,1,4332,4202.04,3.0,No,Non-Festival,UPI,1,2.8,No,4075.9788
ORD105316,2024-07-01,CUST2705,Regular,Electronics,4,2434,7886.160000000001,19.0,No,Non-Festival,Credit Card,2,4.5,No,6387.789600000001
ORD105317,2024-05-08,CUST7035,Regular,Electronics,4,9875,22910.000000000004,42.0,No,Non-Festival,UPI,1,4.8,No,13287.800000000003
ORD105318,2024-09-02,CUST8824,New,Groceries,3,2162,5448.24,16.0,No,Non-Festival,COD,1,3.9,No,4576.5216
ORD105319,2024-03-29,CUST8109,Premium,Beauty,2,1009,1109.9,45.0,Yes,Holi,Credit Card,4,2.9,No,610.445
ORD105320,2024-03-06,CUST4920,Regular,Home Decor,1,6673,6072.43,9.0,No,Non-Festival,Wallet,7,3.6,No,5525.911300000001
ORD105321,2024-06-06,CUST3768,Premium,Electronics,2,7683,9834.24,36.0,No,Non-Festival,COD,7,2.8,No,6293.9136
ORD105322,2024-05-28,CUST6396,New,Beauty,1,4615,3692.0,20.0,No,Non-Festival,Wallet,5,2.8,No,2953.6000000000004
ORD105323,2024-12-05,CUST5470,New,Fashion,1,6818,5454.400000000001,20.0,No,Non-Festival,UPI,1,4.4,No,4363.52
ORD105324,2024-04-25,CUST3109,Regular,Beauty,5,8905,23153.0,48.0,No,Non-Festival,Wallet,1,3.5,No,12039.560000000001
ORD105325,2024-08-01,CUST8014,Regular,Home Decor,3,8725,22248.75,15.0,No,Non-Festival,COD,6,2.5,No,18911.4375
ORD105326,2024-10-20,CUST5429,New,Groceries,5,5019,17064.6,32.0,Yes,Diwali,UPI,5,2.6,No,11603.927999999998
ORD105327,2024-09-09,CUST1417,Regular,Home Decor,2,207,376.74,9.0,No,Non-Festival,COD,2,4.5,No,342.83340000000004
ORD105328,2024-05-22,CUST5912,Premium,Electronics,2,6015,6857.1,43.0,No,Non-Festival,UPI,1,4.0,No,3908.5470000000005
ORD105329,2024-09-06,CUST1659,Regular,Electronics,4,8332,27662.24,17.0,No,Non-Festival,Credit Card,7,4.6,Yes,22959.659200000002
ORD105330,2024-12-31,CUST6670,Regular,Beauty,5,5614,19087.6,32.0,Yes,Christmas/New Year,Wallet,4,3.2,No,12979.567999999997
ORD105331,2024-10-28,CUST4353,Regular,Home Decor,5,9690,34884.0,28.0,Yes,Diwali,Wallet,5,3.3,No,25116.48
ORD105332,2024-01-25,CUST2169,Regular,Electronics,5,3146,11011.0,30.0,Yes,Republic Day,Credit Card,5,4.0,No,7707.7
ORD105333,2024-10-03,CUST9729,New,Fashion,4,5936,18282.88,23.0,No,Non-Festival,Credit Card,6,4.2,No,14077.8176
ORD105334,2024-03-10,CUST1018,Regular,Fashion,5,2044,9095.8,11.0,No,Non-Festival,Wallet,1,2.6,No,8095.262
ORD105335,2024-04-22,CUST5324,New,Groceries,5,3811,15434.55,19.0,No,Non-Festival,Credit Card,2,4.8,No,12501.9855
ORD105336,2024-12-28,CUST8706,New,Beauty,5,7759,36855.25,5.0,Yes,Christmas/New Year,UPI,2,4.5,No,35012.487499999996
ORD105337,2024-04-21,CUST7218,Regular,Electronics,5,8384,38985.6,7.0,No,Non-Festival,Wallet,7,2.8,No,36256.60799999999
ORD105338,2024-12-29,CUST2524,Premium,Groceries,2,5886,10241.64,13.0,Yes,Christmas/New Year,COD,3,2.5,No,8910.226799999999
ORD105339,2024-10-29,CUST8358,Regular,Fashion,3,3265,9403.2,4.0,Yes,Diwali,Credit Card,3,4.4,No,9027.072
ORD105340,2024-03-31,CUST4154,Premium,Groceries,2,9494,12342.2,35.0,No,Non-Festival,UPI,4,4.8,No,8022.430000000001
ORD105341,2024-01-18,CUST3194,Premium,Groceries,5,879,2329.35,47.0,No,Non-Festival,Wallet,7,3.3,No,1234.5555
ORD105342,2024-05-28,CUST2625,Regular,Electronics,1,7390,4655.7,37.0,No,Non-Festival,Wallet,6,3.3,No,2933.091
ORD105343,2024-08-14,CUST7015,Regular,Electronics,1,5547,5436.06,2.0,Yes,Independence Day,UPI,1,3.8,No,5327.3388
ORD105344,2024-08-01,CUST9820,Premium,Electronics,4,4247,11042.2,35.0,No,Non-Festival,Credit Card,2,4.2,No,7177.43
ORD105345,2024-12-25,CUST8102,New,Beauty,2,209,330.22,21.0,Yes,,Wallet,3,4.1,No,260.8738
ORD105346,2024-05-30,CUST1643,Regular,Groceries,4,6663,24786.36,7.0,No,Non-Festival,Credit Card,1,4.4,Yes,23051.3148
ORD105347,2024-07-10,CUST6901,Premium,Groceries,4,5521,19213.08,13.0,No,Non-Festival,UPI,6,2.8,No,16715.3796
ORD105348,2024-02-09,CUST7921,Regular,Beauty,1,4416,4151.04,6.0,No,Non-Festival,COD,1,3.8,No,3901.9775999999997
ORD105349,2024-08-29,CUST8746,New,Fashion,2,9065,17586.1,3.0,Yes,Raksha Bandhan,UPI,2,3.8,No,17058.517
ORD105350,2024-05-17,CUST4452,Regular,Home Decor,3,7934,19517.640000000003,18.0,No,Non-Festival,,1,4.9,No,16004.464800000003
ORD105351,2024-12-10,CUST6106,Premium,Fashion,2,7706,8938.960000000001,42.0,No,Non-Festival,Wallet,5,4.8,No,5184.596800000001
ORD105352,2024-06-28,CUST5820,Regular,Beauty,4,1656,3576.96,46.0,No,Non-Festival,Credit Card,3,4.4,Yes,1931.5584000000001
ORD105353,2024-07-18,CUST1996,Premium,Groceries,5,243,935.55,23.0,No,Non-Festival,Credit Card,4,4.7,No,720.3735
ORD105354,2024-07-21,CUST9001,New,Groceries,4,7526,25588.4,15.0,No,Non-Festival,COD,3,4.4,No,21750.14
ORD105355,2024-03-01,CUST8718,Premium,Electronics,2,7976,15154.4,5.0,No,Non-Festival,Wallet,1,4.3,No,14396.679999999998
ORD105356,2024-07-10,CUST6282,Premium,Electronics,1,4770,2718.9,43.0,No,Non-Festival,COD,5,3.0,No,1549.7730000000001
ORD105357,2024-01-05,CUST9041,Premium,Groceries,2,2771,5154.06,7.0,No,Non-Festival,COD,3,4.0,No,4793.2758
ORD105358,2024-08-24,CUST8025,New,Groceries,3,9807,22359.96,24.0,No,Non-Festival,UPI,2,4.8,No,16993.5696
ORD105359,2024-06-29,CUST5018,Premium,Electronics,5,8400,28980.0,31.0,No,Non-Festival,UPI,5,4.4,No,19996.199999999997
ORD105360,2024-11-06,CUST6518,New,Electronics,5,5832,22161.6,24.0,Yes,Diwali,Wallet,6,4.0,No,16842.816
ORD105361,2024-02-06,CUST7062,Premium,Fashion,4,2062,7505.68,25.0,No,Non-Festival,COD,3,3.1,No,5629.26
ORD105362,2024-02-25,CUST4057,Premium,Groceries,2,1433,1662.2800000000002,42.0,No,Non-Festival,COD,1,4.2,No,964.1224000000002
ORD105363,2024-08-24,CUST8188,Regular,Groceries,1,3325,1995.0,40.0,No,Non-Festival,Credit Card,2,3.4,No,1197.0
ORD105364,2024-12-23,CUST5991,Premium,Beauty,3,4911,12375.72,16.0,Yes,Christmas/New Year,Credit Card,7,2.7,No,10395.6048
ORD105365,2024-12-14,CUST9033,Regular,Fashion,4,2657,5845.400000000001,45.0,No,Non-Festival,UPI,1,3.1,No,3214.9700000000007
ORD105366,2024-07-15,CUST9288,New,Home Decor,2,8401,16465.96,2.0,No,Non-Festival,COD,6,3.5,Yes,16136.6408
ORD105367,2024-03-13,CUST9526,Premium,Home Decor,1,6899,6347.08,25.0,No,Non-Festival,Wallet,1,5.0,No,4760.3099999999995
ORD105368,2024-02-28,CUST2887,New,Home Decor,2,8659,14373.94,17.0,No,Non-Festival,COD,6,4.4,No,11930.3702
ORD105369,2024-08-27,CUST2915,Regular,Electronics,1,7357,3825.64,48.0,Yes,Raksha Bandhan,UPI,2,3.2,Yes,1989.3328
ORD105370,2024-01-02,CUST9355,Regular,Home Decor,2,2914,4137.88,29.0,No,Non-Festival,Wallet,5,4.4,No,2937.8948
ORD105371,2024-12-25,CUST8464,New,Beauty,2,4746,9112.32,4.0,Yes,Christmas/New Year,COD,3,3.4,No,8747.8272
ORD105372,2024-07-06,CUST8673,Regular,Electronics,4,7564,20876.64,31.0,No,Non-Festival,Credit Card,5,4.0,No,14404.881599999999
ORD105373,2024-11-02,CUST2964,Regular,Electronics,2,7419,10980.12,26.0,Yes,Diwali,COD,7,4.4,No,8125.2888
ORD105374,2024-01-30,CUST6655,New,Home Decor,2,7836,12537.6,20.0,Yes,Republic Day,UPI,6,3.8,No,10030.080000000002
ORD105375,2024-09-23,CUST5790,Premium,Electronics,4,9783,30131.64,23.0,No,Non-Festival,UPI,2,2.9,No,23201.3628
ORD105376,2024-04-17,CUST3002,Regular,Fashion,4,7741,19507.32,37.0,No,Non-Festival,COD,6,4.6,No,12289.6116
ORD105377,2024-11-27,CUST2194,New,Fashion,5,9474,46422.6,2.0,No,Non-Festival,UPI,3,4.8,No,45494.148
ORD105378,2024-03-30,CUST5584,Regular,Home Decor,5,8685,36911.25,15.0,Yes,Holi,Credit Card,2,3.1,No,31374.5625
ORD105379,2024-07-23,CUST6283,New,Beauty,4,3035,10440.4,14.0,No,Non-Festival,Credit Card,4,3.3,No,8978.743999999999
ORD105380,2024-08-07,CUST6716,Regular,Electronics,3,8213,18725.64,24.0,No,Non-Festival,Credit Card,4,4.8,No,14231.4864
ORD105381,2024-04-03,CUST2964,Premium,Groceries,1,8155,7584.15,7.0,No,Non-Festival,COD,5,5.0,Yes,7053.259499999999
ORD105382,2024-04-12,CUST5266,Regular,Home Decor,4,4405,10572.0,40.0,No,Non-Festival,UPI,2,3.6,No,6343.2
ORD105383,2024-08-10,CUST2440,Premium,Electronics,5,2354,11416.9,3.0,Yes,Independence Day,Credit Card,7,2.6,No,11074.393
ORD105384,2024-07-04,CUST1747,Regular,Home Decor,2,5308,7325.039999999999,31.0,No,Non-Festival,Wallet,3,4.8,No,5054.2775999999985
ORD105385,2024-07-02,CUST8811,New,Home Decor,4,4123,9235.52,44.0,No,Non-Festival,UPI,5,2.6,No,5171.891200000001
ORD105386,2024-06-10,CUST4888,Regular,Beauty,4,6284,16589.76,34.0,No,Non-Festival,UPI,4,3.3,Yes,10949.241599999998
ORD105387,2024-09-03,CUST7557,Regular,Groceries,5,7462,26490.1,29.0,No,Non-Festival,Wallet,4,2.7,No,18807.970999999998
ORD105388,2024-01-31,CUST3259,Premium,Electronics,5,4068,12610.8,38.0,No,Non-Festival,UPI,4,3.8,No,7818.696
ORD105389,2024-02-21,CUST1148,Regular,Home Decor,3,3990,6344.1,47.0,No,Non-Festival,Credit Card,5,2.6,No,3362.3730000000005
ORD105390,2024-12-10,CUST9278,Regular,Home Decor,5,9236,24013.6,48.0,No,Non-Festival,UPI,3,3.1,No,12487.072
ORD105391,2024-03-16,CUST7987,Regular,Electronics,5,2207,7834.849999999999,29.0,No,Non-Festival,Credit Card,4,3.6,No,5562.7435
ORD105392,2024-10-04,CUST5253,Regular,Home Decor,5,1473,6186.599999999999,16.0,No,Non-Festival,Credit Card,7,2.7,No,5196.744
ORD105393,2024-02-09,CUST5969,Regular,Home Decor,2,7073,11599.72,18.0,No,Non-Festival,Credit Card,5,3.7,No,9511.7704
ORD105394,2024-04-10,CUST8016,Regular,Home Decor,4,7052,19745.6,30.0,No,Non-Festival,COD,5,3.2,No,13821.919999999998
ORD105395,2024-04-20,CUST5703,Regular,Fashion,4,9604,32269.44,16.0,No,Non-Festival,UPI,1,3.2,No,27106.329599999997
ORD105396,2024-11-16,CUST3907,Premium,Fashion,5,8011,39654.45,1.0,No,Non-Festival,Wallet,1,4.8,No,39257.90549999999
ORD105397,2024-09-05,CUST1991,Premium,Groceries,3,2464,4730.88,36.0,No,Non-Festival,COD,7,4.2,No,3027.7632000000003
ORD105398,2024-07-09,CUST2609,Regular,Beauty,5,1810,4796.5,47.0,No,Non-Festival,COD,6,4.8,No,2542.145
ORD105399,2024-06-30,CUST9771,New,Electronics,3,9810,21189.6,28.0,No,Non-Festival,COD,3,3.9,No,15256.511999999999
ORD105400,2024-11-30,CUST1487,New,Beauty,4,1986,5640.24,29.0,No,Non-Festival,COD,4,4.8,No,4004.5703999999996
ORD105401,2024-07-27,CUST9487,Regular,Beauty,3,4599,8002.260000000001,42.0,No,Non-Festival,Credit Card,1,4.6,No,4641.310800000001
ORD105402,2024-01-22,CUST3844,Regular,Fashion,3,3682,8726.34,21.0,Yes,Republic Day,Credit Card,3,5.0,No,6893.8086
ORD105403,2024-06-14,CUST6361,New,Groceries,1,6746,4249.9800000000005,25.0,No,Non-Festival,,1,3.8,No,3187.4850000000006
ORD105404,2024-04-08,CUST5059,Regular,Beauty,3,8771,23681.7,10.0,No,Non-Festival,UPI,7,4.2,No,21313.530000000002
ORD105405,2024-07-26,CUST9668,Regular,Beauty,3,6795,13861.8,32.0,No,Non-Festival,Wallet,4,2.9,No,9426.024
ORD105406,2024-01-08,CUST4382,Regular,Home Decor,2,893,1464.5200000000002,18.0,No,Non-Festival,UPI,5,4.8,Yes,1200.9064000000003
ORD105407,2024-07-08,CUST4913,Premium,Electronics,4,9839,38568.88,2.0,No,Non-Festival,Credit Card,4,3.5,Yes,37797.5024
ORD105408,2024-06-23,CUST1543,Regular,Groceries,5,7225,22036.25,39.0,No,Non-Festival,UPI,1,4.8,No,13442.1125
ORD105409,2024-09-29,CUST3979,Premium,Electronics,1,1955,1544.45,21.0,No,Non-Festival,UPI,4,2.8,Yes,1220.1155
ORD105410,2024-01-17,CUST7649,Premium,Fashion,3,7233,18010.17,17.0,No,Non-Festival,COD,7,3.8,Yes,14948.441099999998
ORD105411,2024-03-30,CUST3433,Premium,Beauty,2,7893,8840.160000000002,44.0,Yes,Holi,Wallet,5,2.5,No,4950.489600000002
ORD105412,2024-05-20,CUST6962,New,Beauty,2,1047,1486.74,29.0,No,Non-Festival,COD,2,3.5,No,1055.5854
ORD105413,2024-05-24,CUST6846,Regular,Electronics,5,4261,21305.0,0.0,No,Non-Festival,COD,5,2.7,No,21305.0
ORD105414,2024-06-14,CUST9647,Premium,Fashion,5,1395,5649.75,19.0,No,Non-Festival,COD,1,3.6,No,4576.297500000001
ORD105415,2024-12-02,CUST3775,Regular,Home Decor,4,9904,20600.32,48.0,No,Non-Festival,COD,5,3.9,No,10712.1664
ORD105416,2024-03-18,CUST9734,Regular,Home Decor,3,5678,16352.64,4.0,No,Non-Festival,Credit Card,6,4.6,No,15698.534399999999
ORD105417,2024-09-18,CUST7384,Regular,Beauty,2,6532,11626.96,11.0,No,Non-Festival,Wallet,3,3.2,No,10347.9944
ORD105418,2024-06-11,CUST7487,Regular,Beauty,1,8354,7518.6,10.0,No,Non-Festival,COD,4,3.9,No,6766.740000000001
ORD105419,2024-12-31,CUST1016,Regular,Groceries,4,5848,18011.84,23.0,Yes,Christmas/New Year,Wallet,6,2.7,No,13869.1168
ORD105420,2024-01-14,CUST9904,Regular,Electronics,3,3520,8764.8,17.0,No,Non-Festival,COD,2,4.8,No,7274.783999999999
ORD105421,2024-08-26,CUST4157,Regular,Beauty,5,2657,12355.05,7.0,Yes,Raksha Bandhan,Credit Card,2,3.6,No,11490.196499999998
ORD105422,2024-03-12,CUST5573,Premium,Fashion,3,3650,7884.0,28.0,No,Non-Festival,COD,4,3.1,No,5676.48
ORD105423,2024-05-22,CUST9917,Regular,Electronics,5,8618,34041.1,21.0,No,Non-Festival,UPI,4,3.8,No,26892.469
ORD105424,2024-11-05,CUST5184,Premium,Groceries,3,2007,3371.76,44.0,Yes,Diwali,Credit Card,3,3.7,No,1888.1856000000002
ORD105425,2024-10-09,CUST7882,Regular,Home Decor,1,618,611.82,1.0,No,Non-Festival,Wallet,5,4.4,No,605.7018
ORD105426,2024-09-25,CUST1130,Regular,Groceries,4,3355,10467.6,22.0,No,Non-Festival,UPI,2,4.9,No,8164.728000000001
ORD105427,2024-08-28,CUST8102,Regular,Electronics,5,9310,39567.5,15.0,Yes,Raksha Bandhan,UPI,1,3.0,No,33632.375
ORD105428,2024-09-01,CUST5820,Regular,Home Decor,1,7564,4311.4800000000005,43.0,No,Non-Festival,Credit Card,4,2.6,No,2457.5436000000004
ORD105429,2024-06-11,CUST6544,Premium,Fashion,2,4018,7473.48,7.0,No,Non-Festival,Wallet,4,4.1,No,6950.336399999999
ORD105430,2024-02-29,CUST6931,Regular,Home Decor,1,2831,2746.07,3.0,No,Non-Festival,,6,4.7,No,2663.6879
ORD105431,2024-01-06,CUST3191,New,Home Decor,1,3874,3370.38,13.0,No,Non-Festival,COD,6,3.9,No,2932.2306
ORD105432,2024-07-15,CUST4585,New,Fashion,1,9737,8958.04,8.0,No,Non-Festival,Credit Card,6,2.7,No,8241.3968
ORD105433,2024-02-27,CUST7781,Regular,Beauty,5,4830,21735.0,10.0,No,Non-Festival,Credit Card,2,3.8,No,19561.5
ORD105434,2024-10-31,CUST8407,Premium,Beauty,2,7068,7492.08,47.0,Yes,Diwali,COD,6,4.1,No,3970.8024
ORD105435,2024-08-04,CUST7349,Regular,Home Decor,4,5713,14396.76,37.0,No,Non-Festival,COD,4,3.3,No,9069.9588
ORD105436,2024-01-26,CUST3525,Premium,Home Decor,1,2029,1156.5300000000002,43.0,Yes,Republic Day,Wallet,2,4.6,No,659.2221000000002
ORD105437,2024-10-29,CUST9193,Premium,Groceries,5,8476,36023.0,15.0,Yes,,Credit Card,7,3.1,No,30619.55
ORD105438,2024-01-05,CUST9881,Regular,Beauty,5,4012,17652.8,12.0,No,Non-Festival,COD,1,3.4,No,15534.464
ORD105439,2024-01-20,CUST8721,Regular,Fashion,4,1086,2823.6,35.0,Yes,Republic Day,Wallet,1,4.8,No,1835.34
ORD105440,2024-07-16,CUST6356,Regular,Home Decor,3,7794,13327.740000000002,43.0,No,Non-Festival,Wallet,7,3.9,No,7596.811800000001
ORD105441,2024-02-28,CUST7481,Regular,Home Decor,2,2997,3896.1,35.0,No,Non-Festival,COD,2,2.5,No,2532.465
ORD105442,2024-08-29,CUST1520,Premium,Groceries,2,4347,7302.96,16.0,Yes,Raksha Bandhan,COD,4,3.1,No,6134.4864
ORD105443,2024-05-25,CUST6441,Regular,Groceries,1,2331,2027.97,13.0,No,Non-Festival,Wallet,3,4.4,No,1764.3339
ORD105444,2024-09-29,CUST1242,Regular,Groceries,3,2959,6391.44,28.0,No,Non-Festival,UPI,7,2.6,No,4601.836799999999
ORD105445,2024-09-05,CUST7449,Regular,Electronics,2,9132,15341.76,16.0,No,Non-Festival,COD,3,5.0,No,12887.0784
ORD105446,2024-01-14,CUST6401,Premium,Fashion,1,3076,3076.0,0.0,No,Non-Festival,UPI,5,4.7,No,3076.0
ORD105447,2024-01-13,CUST9861,Regular,Electronics,3,255,619.6500000000001,19.0,No,Non-Festival,Wallet,3,3.1,No,501.9165000000001
ORD105448,2024-02-13,CUST5146,Premium,Home Decor,5,3562,12110.8,32.0,No,Non-Festival,Credit Card,6,4.7,No,8235.344
ORD105449,2024-01-19,CUST9249,Premium,Groceries,1,9198,9106.02,1.0,No,Non-Festival,UPI,4,4.2,Yes,9014.9598
ORD105450,2024-03-03,CUST3572,Premium,Groceries,3,3256,8205.119999999999,16.0,No,Non-Festival,UPI,3,3.6,No,6892.300799999999
ORD105451,2024-08-26,CUST5110,Premium,Groceries,4,4950,15444.0,22.0,Yes,Raksha Bandhan,UPI,5,3.0,Yes,12046.32
ORD105452,2024-12-02,CUST9329,Regular,Beauty,2,9398,14848.84,21.0,No,Non-Festival,UPI,1,3.0,Yes,11730.5836
ORD105453,2024-04-09,CUST1551,Regular,Fashion,1,5203,5203.0,0.0,No,Non-Festival,UPI,2,4.0,No,5203.0
ORD105454,2024-06-11,CUST8826,Premium,Electronics,5,8105,36067.25,11.0,No,Non-Festival,UPI,3,3.5,No,32099.8525
ORD105455,2024-05-01,CUST1464,New,Fashion,1,4303,3786.64,12.0,No,Non-Festival,Credit Card,2,4.0,No,3332.2432
ORD105456,2024-02-13,CUST5201,Premium,Groceries,2,6467,11252.58,13.0,No,Non-Festival,Credit Card,7,3.3,Yes,9789.7446
ORD105457,2024-12-25,CUST5619,Regular,Home Decor,2,1981,3605.42,9.0,Yes,,Credit Card,2,3.1,Yes,3280.9322
ORD105458,2024-11-12,CUST3786,Regular,Beauty,3,1189,3174.63,11.0,No,Non-Festival,UPI,6,4.6,No,2825.4207
ORD105459,2024-05-24,CUST9764,New,Fashion,5,7752,30620.4,21.0,No,Non-Festival,Wallet,6,4.8,No,24190.116
ORD105460,2024-11-22,CUST5510,Regular,Home Decor,3,5399,13443.51,17.0,No,Non-Festival,COD,1,4.3,No,11158.113299999999
ORD105461,2024-12-28,CUST9445,Regular,Groceries,5,3569,11063.9,38.0,Yes,Christmas/New Year,UPI,5,2.9,No,6859.6179999999995
ORD105462,2024-02-19,CUST2146,Regular,Groceries,1,577,473.14,18.0,No,Non-Festival,Credit Card,4,2.7,No,387.9748
ORD105463,2024-03-05,CUST4765,New,Groceries,1,2577,1829.67,29.0,No,Non-Festival,Wallet,4,3.8,No,1299.0656999999999
ORD105464,2024-12-20,CUST2438,Regular,Groceries,3,6245,16112.1,14.0,Yes,Christmas/New Year,Wallet,4,3.9,No,13856.406
ORD105465,2024-10-14,CUST1099,Regular,Beauty,4,481,1192.88,38.0,No,Non-Festival,UPI,7,4.1,No,739.5856000000001
ORD105466,2024-06-12,CUST6645,Premium,Beauty,2,3119,5427.06,13.0,No,Non-Festival,Credit Card,5,4.8,No,4721.542200000001
ORD105467,2024-05-20,CUST5751,Regular,Fashion,3,7184,19827.84,8.0,No,Non-Festival,COD,6,4.1,No,18241.612800000003
ORD105468,2024-11-09,CUST3093,New,Groceries,3,3794,10926.72,4.0,Yes,Diwali,COD,5,4.8,Yes,10489.651199999998
ORD105469,2024-05-07,CUST6749,Premium,Beauty,1,2038,1385.84,32.0,No,Non-Festival,Credit Card,5,2.8,No,942.3711999999998
ORD105470,2024-08-26,CUST6714,Regular,Home Decor,2,6770,7176.200000000001,47.0,Yes,Raksha Bandhan,Credit Card,3,4.3,No,3803.3860000000004
ORD105471,2024-11-19,CUST6497,New,Beauty,3,8606,24785.28,4.0,No,Non-Festival,Wallet,2,4.8,Yes,23793.868799999997
ORD105472,2024-10-22,CUST3063,New,Beauty,1,4930,3796.1,23.0,Yes,Diwali,UPI,5,3.7,Yes,2922.997
ORD105473,2024-07-05,CUST5887,Regular,Fashion,1,2320,2157.6,7.0,No,Non-Festival,UPI,5,4.9,Yes,2006.5679999999998
ORD105474,2024-07-26,CUST5165,Regular,Beauty,3,3070,7552.200000000001,18.0,No,Non-Festival,UPI,7,3.9,No,6192.804000000001
ORD105475,2024-08-07,CUST5497,New,Home Decor,3,985,2629.95,11.0,No,Non-Festival,COD,3,4.9,No,2340.6555
ORD105476,2024-07-08,CUST3010,Regular,Groceries,1,7973,7414.889999999999,7.0,No,Non-Festival,COD,2,4.4,No,6895.847699999999
ORD105477,2024-12-11,CUST2971,New,Electronics,3,1137,3172.23,7.0,No,Non-Festival,COD,7,3.6,No,2950.1739
ORD105478,2024-10-10,CUST4923,New,Fashion,2,9648,12156.48,25.0,No,Non-Festival,UPI,6,2.6,No,9117.36
ORD105479,2024-12-17,CUST3588,Regular,Home Decor,1,3312,2682.7200000000003,19.0,No,Non-Festival,Credit Card,6,4.1,No,2173.0032000000006
ORD105480,2024-08-24,CUST2896,New,Fashion,1,6632,4775.04,28.0,No,Non-Festival,Credit Card,4,3.1,No,3438.0288
ORD105481,2024-07-12,CUST6532,Regular,Groceries,3,6898,12416.4,40.0,No,Non-Festival,UPI,1,3.2,No,7449.839999999999
ORD105482,2024-10-13,CUST4838,Premium,Beauty,3,7637,15350.37,33.0,No,Non-Festival,UPI,5,2.5,No,10284.7479
ORD105483,2024-09-15,CUST9415,Regular,Beauty,3,4734,11787.66,17.0,No,Non-Festival,Credit Card,5,3.9,No,9783.7578
ORD105484,2024-09-02,CUST8753,New,Home Decor,2,9729,19458.0,0.0,No,Non-Festival,Credit Card,1,3.2,Yes,19458.0
ORD105485,2024-05-15,CUST4227,Premium,Groceries,1,5829,5246.1,10.0,No,Non-Festival,COD,5,5.0,No,4721.490000000001
ORD105486,2024-10-06,CUST9666,Premium,Electronics,4,6371,13761.36,46.0,No,Non-Festival,Wallet,6,4.4,No,7431.134400000001
ORD105487,2024-09-27,CUST8071,New,Electronics,2,8661,9873.54,43.0,No,Non-Festival,Wallet,5,3.8,No,5627.917800000001
ORD105488,2024-06-19,CUST6715,Premium,Beauty,2,1690,2230.8,34.0,No,Non-Festival,UPI,5,3.2,No,1472.328
ORD105489,2024-06-07,CUST1351,Regular,Groceries,1,6241,4306.29,31.0,No,Non-Festival,Wallet,1,4.3,No,2971.3401
ORD105490,2024-07-19,CUST3267,New,Groceries,4,4969,11726.840000000002,41.0,No,Non-Festival,Wallet,6,3.1,No,6918.835600000002
ORD105491,2024-02-14,CUST7823,Premium,Home Decor,1,6589,5600.65,15.0,No,Non-Festival,Wallet,3,3.6,No,4760.5525
ORD105492,2024-09-20,CUST5558,New,Electronics,2,8801,16721.899999999998,5.0,No,Non-Festival,COD,3,2.9,No,15885.804999999997
ORD105493,2024-03-11,CUST7002,New,Home Decor,3,6841,18881.16,8.0,No,Non-Festival,COD,1,3.1,No,17370.6672
ORD105494,2024-12-29,CUST9513,Regular,Fashion,1,9833,5998.13,39.0,Yes,Christmas/New Year,Credit Card,3,2.7,Yes,3658.8593
ORD105495,2024-04-12,CUST8003,Regular,Groceries,1,7355,5810.45,21.0,No,Non-Festival,UPI,4,3.6,No,4590.2555
ORD105496,2024-05-04,CUST6961,Regular,Electronics,3,9183,14600.97,47.0,No,Non-Festival,Wallet,4,4.8,No,7738.5141
ORD105497,2024-11-08,CUST4966,Premium,Home Decor,4,5542,20616.24,7.0,Yes,Diwali,Credit Card,6,2.8,Yes,19173.1032
ORD105498,2024-10-12,CUST2991,Regular,Beauty,4,559,1542.84,31.0,No,Non-Festival,COD,1,3.6,No,1064.5595999999998
ORD105499,2024-08-17,CUST6745,Premium,Fashion,1,4877,3657.75,25.0,Yes,Independence Day,Wallet,2,3.2,No,2743.3125
ORD105500,2024-05-25,CUST5446,Regular,Home Decor,3,5339,13294.11,17.0,No,Non-Festival,UPI,6,3.4,No,11034.1113
ORD105501,2024-07-15,CUST2353,Regular,Beauty,1,8814,5640.96,36.0,No,Non-Festival,Wallet,5,4.4,No,3610.2144000000003
ORD105502,2024-08-08,CUST3010,Regular,Electronics,3,8512,22727.04,11.0,No,Non-Festival,COD,2,3.6,No,20227.0656
ORD105503,2024-02-29,CUST9138,Regular,Electronics,2,2420,3049.2,37.0,No,Non-Festival,Wallet,5,4.1,No,1920.9959999999999
ORD105504,2024-04-07,CUST3799,Premium,Fashion,3,4329,8701.289999999999,33.0,No,Non-Festival,Wallet,6,4.9,No,5829.864299999998
ORD105505,2024-06-19,CUST4451,Regular,Beauty,1,8462,8208.14,3.0,No,Non-Festival,Wallet,7,4.0,No,7961.895799999999
ORD105506,2024-06-21,CUST9481,Regular,Groceries,5,3892,16541.0,15.0,No,Non-Festival,Wallet,3,3.3,No,14059.85
ORD105507,2024-05-30,CUST2413,Regular,Electronics,4,4830,14876.4,23.0,No,Non-Festival,COD,3,3.5,No,11454.828
ORD105508,2024-12-15,CUST4982,Premium,Groceries,1,8405,7312.35,13.0,No,Non-Festival,Credit Card,4,4.2,No,6361.744500000001
ORD105509,2024-05-01,CUST3988,New,Groceries,3,5625,14175.0,16.0,No,Non-Festival,Wallet,2,4.2,No,11907.0
ORD105510,2024-04-17,CUST6821,Regular,Home Decor,3,4100,8610.0,30.0,No,Non-Festival,UPI,1,3.4,No,6027.0
ORD105511,2024-01-04,CUST1004,Premium,Home Decor,4,8662,33608.56,3.0,No,Non-Festival,Wallet,7,4.3,Yes,32600.3032
ORD105512,2024-04-02,CUST7140,Regular,Electronics,1,6092,3106.92,49.0,No,Non-Festival,UPI,5,3.9,No,1584.5292000000002
ORD105513,2024-01-06,CUST9521,Regular,Groceries,5,5813,16567.050000000003,43.0,No,Non-Festival,UPI,3,5.0,No,9443.218500000003
ORD105514,2024-10-14,CUST9760,Premium,Home Decor,2,9975,13366.499999999998,33.0,No,Non-Festival,Wallet,7,4.8,No,8955.554999999998
ORD105515,2024-04-15,CUST2921,Regular,Beauty,5,722,2274.3,37.0,No,Non-Festival,Wallet,6,4.6,No,1432.8090000000002
ORD105516,2024-05-25,CUST9970,Premium,Beauty,2,3017,3801.42,37.0,No,Non-Festival,UPI,7,2.6,No,2394.8946
ORD105517,2024-09-27,CUST4948,Regular,Beauty,2,5150,10094.0,2.0,No,Non-Festival,COD,5,3.5,No,9892.119999999999
ORD105518,2024-04-05,CUST1540,New,Beauty,1,3039,2826.27,7.0,No,Non-Festival,Credit Card,1,3.9,No,2628.4311
ORD105519,2024-08-16,CUST5947,Regular,Groceries,2,8089,14398.42,11.0,Yes,Independence Day,UPI,7,3.8,No,12814.5938
ORD105520,2024-07-20,CUST6516,Premium,Beauty,3,7691,15228.179999999998,34.0,No,Non-Festival,COD,5,4.4,No,10050.598799999998
ORD105521,2024-07-30,CUST6849,New,Groceries,2,8214,16263.72,1.0,No,Non-Festival,Credit Card,4,4.8,No,16101.082799999998
ORD105522,2024-01-06,CUST2300,Regular,Electronics,2,7891,11363.04,28.0,No,Non-Festival,Credit Card,1,4.5,Yes,8181.388800000001
ORD105523,2024-04-21,CUST4812,Regular,Electronics,4,642,2003.04,22.0,No,Non-Festival,Credit Card,1,3.1,No,1562.3712
ORD105524,2024-11-18,CUST6654,Regular,Beauty,4,6594,17935.679999999997,32.0,No,Non-Festival,Wallet,5,3.7,Yes,12196.262399999996
ORD105525,2024-04-15,CUST8761,Premium,Beauty,1,8202,4183.02,49.0,No,Non-Festival,Wallet,5,3.5,No,2133.3402
ORD105526,2024-05-18,CUST8064,Regular,Beauty,1,9613,7978.79,17.0,No,Non-Festival,UPI,3,4.4,Yes,6622.3957
ORD105527,2024-10-25,CUST8759,Regular,Electronics,3,1094,2002.02,39.0,Yes,Diwali,Wallet,5,4.7,No,1221.2322
ORD105528,2024-04-05,CUST2544,Premium,Home Decor,4,2453,7751.48,21.0,No,Non-Festival,COD,1,3.2,No,6123.6692
ORD105529,2024-12-02,CUST8351,Regular,Electronics,5,2210,9613.5,13.0,No,Non-Festival,Credit Card,7,3.7,No,8363.745
ORD105530,2024-10-23,CUST8850,Premium,Beauty,1,7057,5081.04,28.0,Yes,Diwali,Credit Card,6,4.3,No,3658.3487999999998
ORD105531,2024-08-01,CUST8315,Regular,Home Decor,1,5193,2908.0800000000004,44.0,No,Non-Festival,Credit Card,5,2.6,No,1628.5248000000004
ORD105532,2024-10-17,CUST6542,Regular,Home Decor,4,4835,16632.4,14.0,No,Non-Festival,Wallet,6,4.9,No,14303.864000000001
ORD105533,2024-01-22,CUST8360,Premium,Fashion,4,8008,27547.52,14.0,Yes,Republic Day,Wallet,6,4.5,No,23690.8672
ORD105534,2024-07-11,CUST1898,Premium,Groceries,3,7197,12090.96,44.0,No,Non-Festival,Wallet,3,3.9,No,6770.9376
ORD105535,2024-05-29,CUST4437,Regular,Beauty,4,9437,36615.56,3.0,No,Non-Festival,COD,2,4.4,No,35517.093199999996
ORD105536,2024-09-03,CUST5329,Regular,Groceries,2,5033,6542.900000000001,35.0,No,Non-Festival,Wallet,6,4.6,No,4252.885
ORD105537,2024-09-23,CUST2061,Regular,Fashion,5,3134,15043.2,4.0,No,Non-Festival,Wallet,4,3.7,No,14441.472
ORD105538,2024-09-07,CUST7638,Regular,Groceries,2,8862,17369.52,2.0,No,Non-Festival,Wallet,6,3.6,No,17022.1296
ORD105539,2024-01-03,CUST8895,Regular,Beauty,2,571,1016.38,11.0,No,Non-Festival,COD,7,4.6,No,904.5782
ORD105540,2024-11-11,CUST3755,Regular,Fashion,2,7198,11660.76,19.0,No,Non-Festival,Wallet,1,4.6,No,9445.215600000001
ORD105541,2024-03-16,CUST1734,Premium,Groceries,1,1603,913.7100000000002,43.0,No,Non-Festival,UPI,7,2.8,No,520.8147000000001
ORD105542,2024-03-27,CUST8958,Premium,Electronics,2,4802,7779.240000000001,25.0,Yes,Holi,Wallet,3,4.8,No,5834.43
ORD105543,2024-09-26,CUST8734,Regular,Home Decor,1,4146,2570.52,38.0,No,Non-Festival,UPI,4,3.2,No,1593.7223999999999
ORD105544,2024-08-12,CUST3628,Regular,Fashion,4,4873,12085.04,38.0,Yes,Independence Day,COD,7,4.2,No,7492.724800000001
ORD105545,2024-01-18,CUST2181,Regular,Electronics,5,1207,6035.0,0.0,No,Non-Festival,UPI,5,4.3,No,6035.0
ORD105546,2024-04-22,CUST4110,Premium,Beauty,5,867,2470.9500000000003,25.0,No,Non-Festival,COD,6,3.2,No,1853.2125
ORD105547,2024-09-07,CUST7537,New,Home Decor,2,1646,3226.16,2.0,No,Non-Festival,Wallet,5,3.3,No,3161.6367999999998
ORD105548,2024-08-20,CUST6312,Premium,Fashion,5,4166,11248.2,25.0,Yes,Independence Day,Wallet,2,4.3,No,8436.150000000001
ORD105549,2024-11-24,CUST7094,Premium,Home Decor,1,4568,4202.56,8.0,No,Non-Festival,UPI,5,2.9,No,3866.3552000000004
ORD105550,2024-10-05,CUST7058,New,Fashion,4,5517,17875.08,19.0,No,Non-Festival,Wallet,4,4.6,No,14478.814800000002
ORD105551,2024-07-20,CUST9616,Regular,Fashion,2,7446,13700.64,8.0,No,Non-Festival,UPI,3,3.1,No,12604.5888
ORD105552,2024-03-23,CUST4245,Regular,Groceries,3,3229,6780.9,30.0,Yes,Holi,COD,7,3.8,No,4746.629999999999
ORD105553,2024-05-04,CUST9005,Premium,Home Decor,5,8432,23188.000000000004,45.0,No,Non-Festival,Wallet,2,3.2,No,12753.400000000003
ORD105554,2024-06-23,CUST3725,Regular,Home Decor,5,6092,22235.8,27.0,No,Non-Festival,Wallet,4,3.1,No,16232.133999999998
ORD105555,2024-03-09,CUST9473,Premium,Electronics,2,7390,9754.8,34.0,No,Non-Festival,Wallet,3,4.9,No,6438.167999999999
ORD105556,2024-02-16,CUST1967,Premium,Beauty,5,5004,15262.2,39.0,No,Non-Festival,Credit Card,7,3.1,No,9309.942000000001
ORD105557,2024-09-12,CUST1189,Premium,Electronics,5,6579,20723.85,37.0,No,Non-Festival,Credit Card,4,3.9,No,13056.0255
ORD105558,2024-08-02,CUST7770,Regular,Groceries,3,8517,14564.070000000002,43.0,No,Non-Festival,UPI,5,4.4,No,8301.519900000001
ORD105559,2024-01-30,CUST6586,Premium,Fashion,1,977,967.23,1.0,Yes,Republic Day,Credit Card,4,2.6,Yes,957.5577
ORD105560,2024-10-07,CUST3393,Premium,Groceries,2,9227,18084.92,2.0,No,Non-Festival,Wallet,2,4.7,No,17723.221599999997
ORD105561,2024-08-24,CUST9326,New,Groceries,2,9270,16129.8,13.0,No,Non-Festival,Credit Card,4,2.9,No,14032.926
ORD105562,2024-09-04,CUST3113,Premium,Electronics,3,4689,11816.28,16.0,No,Non-Festival,UPI,1,4.0,No,9925.6752
ORD105563,2024-01-25,CUST6511,New,Fashion,3,6470,12810.6,34.0,Yes,Republic Day,Credit Card,5,4.1,No,8454.996
ORD105564,2024-03-14,CUST2755,Regular,Beauty,1,7481,7256.57,3.0,No,Non-Festival,COD,4,4.1,No,7038.872899999999
ORD105565,2024-07-24,CUST1761,Regular,Groceries,4,9228,19932.48,46.0,No,Non-Festival,,3,4.3,No,10763.539200000001
ORD105566,2024-11-09,CUST7187,Regular,Beauty,2,8916,12660.72,29.0,Yes,Diwali,Credit Card,5,4.8,No,8989.1112
ORD105567,2024-04-03,CUST1900,Regular,Fashion,5,9643,29893.3,38.0,No,Non-Festival,COD,6,4.8,No,18533.845999999998
ORD105568,2024-05-06,CUST8129,New,Fashion,1,7888,6862.56,13.0,No,Non-Festival,COD,3,3.9,No,5970.4272
ORD105569,2024-01-25,CUST6165,New,Electronics,2,4441,4707.46,47.0,Yes,Republic Day,Credit Card,2,3.4,No,2494.9538000000002
ORD105570,2024-11-29,CUST3481,Regular,Home Decor,1,7530,5572.2,26.0,No,Non-Festival,COD,6,3.3,No,4123.428
ORD105571,2024-12-20,CUST8067,Regular,Electronics,4,9126,32123.52,12.0,Yes,Christmas/New Year,UPI,6,4.7,No,28268.6976
ORD105572,2024-04-25,CUST8646,Regular,Beauty,2,7071,11455.02,19.0,No,Non-Festival,UPI,6,4.6,No,9278.566200000001
ORD105573,2024-02-17,CUST5692,New,Electronics,5,368,956.8,48.0,No,Non-Festival,Wallet,1,3.2,No,497.536
ORD105574,2024-08-13,CUST7604,Regular,Fashion,2,9540,9921.6,48.0,Yes,Independence Day,UPI,7,2.9,No,5159.232
ORD105575,2024-09-22,CUST2041,Regular,Groceries,1,8691,6692.07,23.0,No,Non-Festival,Wallet,4,4.7,No,5152.8939
ORD105576,2024-04-08,CUST3363,Regular,Home Decor,4,5233,19048.12,9.0,No,Non-Festival,Wallet,5,4.0,No,17333.7892
ORD105577,2024-01-11,CUST5479,Regular,Fashion,1,721,677.74,6.0,No,Non-Festival,Credit Card,7,3.3,No,637.0756
ORD105578,2024-03-25,CUST1354,New,Groceries,1,9009,7567.559999999999,16.0,Yes,Holi,COD,4,4.0,No,6356.750399999999
ORD105579,2024-08-01,CUST4755,Regular,Beauty,3,8693,20602.41,21.0,No,Non-Festival,Credit Card,4,2.7,No,16275.903900000001
ORD105580,2024-06-21,CUST6650,Regular,Beauty,1,9044,5155.080000000001,43.0,No,Non-Festival,Wallet,5,3.0,No,2938.3956000000007
ORD105581,2024-07-27,CUST1190,Regular,Beauty,4,3501,12603.6,10.0,No,Non-Festival,Credit Card,7,3.9,No,11343.24
ORD105582,2024-03-04,CUST6495,Regular,Electronics,5,4359,12859.05,41.0,No,Non-Festival,COD,6,3.8,No,7586.839500000001
ORD105583,2024-09-14,CUST8203,Premium,Beauty,3,2479,5800.860000000001,22.0,No,Non-Festival,COD,6,3.1,No,4524.670800000001
ORD105584,2024-11-27,CUST8843,Regular,Beauty,1,1881,1485.99,21.0,No,Non-Festival,COD,1,5.0,Yes,1173.9321
ORD105585,2024-04-30,CUST6119,Regular,Electronics,2,291,355.02,25.0,No,Non-Festival,Wallet,1,3.5,No,266.265
ORD105586,2024-10-24,CUST5814,New,Groceries,3,3906,6327.72,25.0,Yes,Diwali,Credit Card,2,4.3,No,4745.79
ORD105587,2024-02-23,CUST1196,Regular,Fashion,4,1160,3851.2,17.0,No,Non-Festival,Credit Card,5,3.1,Yes,3196.4959999999996
ORD105588,2024-11-26,CUST8691,Premium,Home Decor,2,4359,4882.080000000001,44.0,No,Non-Festival,Wallet,5,3.6,No,2733.9648000000007
ORD105589,2024-09-28,CUST9376,Regular,Beauty,4,1043,3129.0,25.0,No,Non-Festival,Wallet,3,4.6,No,2346.75
ORD105590,2024-08-28,CUST8380,Regular,Beauty,2,418,443.08,47.0,Yes,Raksha Bandhan,UPI,3,4.6,No,234.8324
ORD105591,2024-08-30,CUST2613,Premium,Beauty,5,9095,32287.25,29.0,Yes,Raksha Bandhan,Credit Card,3,2.8,No,22923.9475
ORD105592,2024-01-18,CUST2886,New,Electronics,4,6228,21922.56,12.0,No,Non-Festival,COD,1,3.4,No,19291.8528
ORD105593,2024-07-05,CUST6690,Premium,Electronics,2,446,865.24,3.0,No,Non-Festival,Credit Card,2,3.0,No,839.2828
ORD105594,2024-12-11,CUST4283,Regular,Electronics,4,5309,12316.88,42.0,No,Non-Festival,UPI,2,4.7,No,7143.790400000001
ORD105595,2024-05-23,CUST9846,Regular,Home Decor,3,8448,18754.56,26.0,No,Non-Festival,COD,6,4.4,No,13878.3744
ORD105596,2024-09-18,CUST2208,Regular,Fashion,4,6324,15430.56,39.0,No,Non-Festival,UPI,4,3.9,No,9412.641599999999
ORD105597,2024-12-29,CUST8170,Premium,Beauty,4,6525,23751.0,9.0,Yes,Christmas/New Year,Wallet,2,4.1,No,21613.41
ORD105598,2024-08-26,CUST2944,Premium,Groceries,2,6507,7417.98,43.0,Yes,Raksha Bandhan,Wallet,7,4.8,No,4228.2486
ORD105599,2024-10-30,CUST5182,Regular,Beauty,4,2112,6167.04,27.0,Yes,Diwali,Credit Card,3,3.3,No,4501.9392
ORD105600,2024-10-24,CUST9289,Premium,Beauty,5,4421,17684.0,20.0,Yes,Diwali,Wallet,5,2.5,No,14147.2
ORD105601,2024-03-16,CUST6923,Premium,Beauty,1,7574,6816.6,10.0,No,Non-Festival,Wallet,4,2.6,No,6134.9400000000005
ORD105602,2024-07-06,CUST5555,Regular,Beauty,3,466,1132.38,19.0,No,Non-Festival,Credit Card,6,2.6,No,917.2278000000001
ORD105603,2024-11-28,CUST3672,Premium,Fashion,2,3682,4786.6,35.0,No,Non-Festival,UPI,1,2.8,No,3111.2900000000004
ORD105604,2024-09-02,CUST2261,Regular,Groceries,4,1731,5677.68,18.0,No,Non-Festival,UPI,2,3.9,No,4655.6976
ORD105605,2024-05-09,CUST9231,Regular,Electronics,4,4764,17340.96,9.0,No,Non-Festival,COD,6,5.0,No,15780.2736
ORD105606,2024-11-10,CUST2872,New,Groceries,4,4428,15232.32,14.0,Yes,Diwali,COD,5,3.5,No,13099.795199999999
ORD105607,2024-10-09,CUST5208,Regular,Beauty,3,7355,12356.4,44.0,No,Non-Festival,UPI,3,4.3,No,6919.584000000001
ORD105608,2024-03-19,CUST4992,Regular,Groceries,1,9411,5270.160000000001,25.0,No,Non-Festival,Wallet,1,4.5,Yes,3952.620000000001
ORD105609,2024-03-12,CUST6838,Premium,Beauty,5,517,2145.55,17.0,No,Non-Festival,COD,1,4.5,No,1780.8065000000001
ORD105610,2024-09-19,CUST6188,New,Groceries,5,9992,46962.4,6.0,No,Non-Festival,UPI,2,3.6,No,44144.655999999995
ORD105611,2024-07-09,CUST4563,New,Home Decor,2,910,1292.2,29.0,No,Non-Festival,Wallet,7,3.9,No,917.462
ORD105612,2024-03-03,CUST9880,Premium,Groceries,1,8842,7692.54,13.0,No,Non-Festival,Wallet,5,3.3,No,6692.5098
ORD105613,2024-01-12,CUST7913,Regular,Electronics,1,1943,1243.52,36.0,No,Non-Festival,UPI,3,4.2,No,795.8528
ORD105614,2024-05-20,CUST2812,New,Electronics,3,1523,2741.4,40.0,No,Non-Festival,Credit Card,3,3.5,No,1644.84
ORD105615,2024-09-10,CUST5706,Premium,Groceries,4,2880,8179.2,29.0,No,Non-Festival,UPI,3,3.3,No,5807.232
ORD105616,2024-02-12,CUST4266,Regular,Groceries,1,4437,3283.38,26.0,No,Non-Festival,Wallet,3,4.1,Yes,2429.7012
ORD105617,2024-01-17,CUST5594,New,Fashion,4,3251,6762.08,48.0,No,Non-Festival,COD,2,3.4,No,3516.2816000000003
ORD105618,2024-03-03,CUST6252,Regular,Groceries,3,4864,9338.88,36.0,No,Non-Festival,Wallet,6,3.5,No,5976.883199999999
ORD105619,2024-09-09,CUST9577,Regular,Electronics,2,2904,3078.24,47.0,No,Non-Festival,Wallet,6,4.3,Yes,1631.4672
ORD105620,2024-10-18,CUST3607,New,Home Decor,2,5875,7050.0,40.0,No,Non-Festival,UPI,6,4.6,No,4230.0
ORD105621,2024-01-08,CUST4827,Premium,Electronics,4,6987,23476.32,16.0,No,Non-Festival,Wallet,2,3.6,No,19720.108799999998
ORD105622,2024-11-20,CUST5868,Regular,Fashion,4,2840,8065.599999999999,29.0,No,Non-Festival,Credit Card,5,3.8,No,5726.575999999999
ORD105623,2024-03-30,CUST5664,Regular,Groceries,1,7576,6288.08,17.0,Yes,Holi,COD,7,4.4,No,5219.1064
ORD105624,2024-07-26,CUST6225,Premium,Home Decor,3,8338,24513.72,2.0,No,Non-Festival,UPI,4,3.1,No,24023.4456
ORD105625,2024-10-18,CUST7908,Regular,Electronics,2,5562,8120.519999999999,27.0,No,Non-Festival,Credit Card,2,3.5,No,5927.979599999999
ORD105626,2024-10-10,CUST5665,Regular,Home Decor,1,894,572.16,36.0,No,Non-Festival,COD,3,4.5,Yes,366.1824
ORD105627,2024-04-27,CUST2223,Premium,Beauty,5,4453,15808.15,29.0,No,Non-Festival,Credit Card,6,4.7,No,11223.786499999998
ORD105628,2024-12-14,CUST3118,New,Electronics,1,8731,6984.8,20.0,No,Non-Festival,Wallet,6,4.1,No,5587.84
ORD105629,2024-06-23,CUST4501,Premium,Beauty,4,1968,4093.44,48.0,No,Non-Festival,Wallet,5,3.5,No,2128.5888
ORD105630,2024-03-16,CUST6215,Premium,Home Decor,5,8483,34356.15,19.0,No,Non-Festival,Credit Card,3,4.0,No,27828.4815
ORD105631,2024-04-10,CUST9927,Premium,Groceries,1,371,293.09000000000003,21.0,No,Non-Festival,COD,2,2.9,No,231.54110000000003
ORD105632,2024-05-30,CUST1357,Premium,Groceries,3,2949,5750.55,35.0,No,Non-Festival,Credit Card,6,2.6,No,3737.8575
ORD105633,2024-09-26,CUST9059,Regular,Groceries,2,3302,4292.6,35.0,No,Non-Festival,Credit Card,5,2.7,No,2790.1900000000005
ORD105634,2024-03-11,CUST1516,New,Beauty,5,820,3280.0,20.0,No,Non-Festival,Credit Card,7,2.8,No,2624.0
ORD105635,2024-06-28,CUST1726,Regular,Groceries,3,5414,12506.34,23.0,No,Non-Festival,COD,3,3.1,No,9629.881800000001
ORD105636,2024-05-03,CUST6268,Regular,Fashion,1,9380,7504.0,20.0,No,Non-Festival,Credit Card,6,3.7,No,6003.200000000001
ORD105637,2024-10-19,CUST9345,Regular,Electronics,4,276,1037.76,6.0,No,Non-Festival,Wallet,4,3.1,No,975.4943999999999
ORD105638,2024-10-11,CUST6629,Premium,Electronics,4,2398,8920.56,7.0,No,Non-Festival,UPI,1,3.8,No,8296.120799999999
ORD105639,2024-07-13,CUST2149,Regular,Home Decor,3,4437,10515.69,21.0,No,Non-Festival,Wallet,1,5.0,Yes,8307.395100000002
ORD105640,2024-08-15,CUST9879,Regular,Beauty,4,8622,27245.52,21.0,Yes,Independence Day,Wallet,6,3.7,No,21523.9608
ORD105641,2024-10-01,CUST7224,Premium,Electronics,2,6227,8842.34,29.0,No,Non-Festival,Credit Card,3,4.4,No,6278.0614
ORD105642,2024-04-15,CUST2466,New,Beauty,3,6055,12170.55,33.0,No,Non-Festival,UPI,6,3.2,No,8154.268499999998
ORD105643,2024-01-21,CUST7843,Premium,Home Decor,3,2744,5927.04,28.0,Yes,Republic Day,Credit Card,7,4.9,No,4267.4688
ORD105644,2024-03-04,CUST4945,Regular,Groceries,4,3057,11127.48,9.0,No,Non-Festival,UPI,1,3.1,Yes,10126.0068
ORD105645,2024-06-13,CUST7543,Regular,Home Decor,3,1753,5048.639999999999,4.0,No,Non-Festival,Wallet,6,4.0,No,4846.694399999999
ORD105646,2024-01-27,CUST4857,Premium,Fashion,1,6474,3366.48,48.0,Yes,Republic Day,COD,6,5.0,No,1750.5696
ORD105647,2024-11-06,CUST3789,Regular,Groceries,5,3940,12214.0,38.0,Yes,Diwali,Credit Card,4,4.5,No,7572.68
ORD105648,2024-10-11,CUST4359,Premium,Groceries,5,9353,31332.55,33.0,No,Non-Festival,Wallet,6,5.0,No,20992.808499999996
ORD105649,2024-05-27,CUST1935,Regular,Groceries,4,1827,4604.04,37.0,No,Non-Festival,UPI,7,3.4,No,2900.5452
ORD105650,2024-10-07,CUST1374,New,Home Decor,2,1274,2318.6800000000003,9.0,No,Non-Festival,Wallet,4,2.7,No,2109.9988000000003
ORD105651,2024-11-21,CUST8309,Regular,Fashion,2,3404,6263.360000000001,8.0,No,Non-Festival,,3,3.1,No,5762.291200000001
ORD105652,2024-11-14,CUST2780,Regular,Beauty,4,1228,3389.28,31.0,No,Non-Festival,Wallet,4,4.9,No,2338.6032
ORD105653,2024-06-12,CUST3579,New,Home Decor,4,847,3252.48,4.0,No,Non-Festival,COD,1,3.4,No,3122.3808
ORD105654,2024-08-11,CUST1428,Regular,Electronics,3,5503,10895.94,34.0,Yes,Independence Day,Credit Card,3,2.8,No,7191.3204
ORD105655,2024-09-28,CUST9325,Regular,Electronics,2,3362,6051.6,10.0,No,Non-Festival,Credit Card,7,4.0,No,5446.4400000000005
ORD105656,2024-05-25,CUST9908,New,Home Decor,5,1102,3250.9000000000005,41.0,No,Non-Festival,Credit Card,6,3.8,No,1918.0310000000006
ORD105657,2024-12-21,CUST6376,Regular,Beauty,4,4267,14507.8,15.0,Yes,Christmas/New Year,COD,1,2.7,No,12331.63
ORD105658,2024-01-30,CUST3004,Regular,Electronics,5,9895,36611.5,26.0,Yes,Republic Day,COD,4,3.6,No,27092.51
ORD105659,2024-02-14,CUST5280,Regular,Beauty,5,5276,21367.800000000003,19.0,No,Non-Festival,UPI,4,4.1,No,17307.918000000005
ORD105660,2024-10-01,CUST6829,Regular,Groceries,2,3097,6194.0,0.0,No,Non-Festival,Credit Card,5,3.1,No,6194.0
ORD105661,2024-02-03,CUST9429,Regular,Home Decor,5,9737,36513.75,25.0,No,Non-Festival,UPI,2,2.8,No,27385.3125
ORD105662,2024-05-20,CUST1165,Premium,Groceries,3,5762,15557.4,10.0,No,Non-Festival,Wallet,7,3.8,No,14001.66
ORD105663,2024-11-13,CUST1860,Premium,Electronics,3,8373,21602.34,14.0,No,Non-Festival,UPI,7,4.1,No,18578.0124
ORD105664,2024-08-08,CUST6450,Regular,Beauty,2,8881,11012.44,38.0,No,Non-Festival,UPI,6,2.9,No,6827.7128
ORD105665,2024-12-21,CUST6310,Regular,Groceries,3,5452,9977.16,39.0,Yes,Christmas/New Year,Wallet,2,4.1,No,6086.067599999999
ORD105666,2024-01-22,CUST1788,New,Electronics,4,8051,17068.120000000003,47.0,Yes,Republic Day,Wallet,3,4.3,No,9046.103600000002
ORD105667,2024-06-28,CUST4283,New,Fashion,2,8817,14636.22,17.0,No,Non-Festival,UPI,1,4.0,No,12148.0626
ORD105668,2024-11-24,CUST6018,Regular,Groceries,5,7428,28597.8,23.0,No,Non-Festival,UPI,2,2.8,No,22020.306
ORD105669,2024-08-18,CUST7119,New,Fashion,4,5881,17172.52,27.0,Yes,Independence Day,Credit Card,3,2.8,No,12535.9396
ORD105670,2024-02-07,CUST6832,Premium,Fashion,2,5795,8808.4,24.0,No,Non-Festival,COD,4,2.6,No,6694.384
ORD105671,2024-03-10,CUST9632,Regular,Electronics,5,7590,29601.0,22.0,No,Non-Festival,Wallet,2,3.1,No,23088.780000000002
ORD105672,2024-04-25,CUST2350,Regular,Home Decor,5,4191,18859.5,10.0,No,Non-Festival,UPI,1,2.6,No,16973.55
ORD105673,2024-08-26,CUST3339,Regular,Beauty,5,9799,33316.6,32.0,Yes,Raksha Bandhan,COD,5,4.5,No,22655.287999999997
ORD105674,2024-11-30,CUST7969,New,Electronics,5,6662,28313.5,15.0,No,Non-Festival,UPI,7,2.5,No,24066.475
ORD105675,2024-05-27,CUST3445,Premium,Groceries,5,6568,21346.0,35.0,No,Non-Festival,Credit Card,5,4.0,Yes,13874.9
ORD105676,2024-01-09,CUST5007,Premium,Beauty,2,8814,13749.84,22.0,No,Non-Festival,UPI,2,4.5,No,10724.8752
ORD105677,2024-10-14,CUST1016,Regular,Home Decor,3,9606,27377.1,5.0,No,Non-Festival,Wallet,5,4.7,Yes,26008.245
ORD105678,2024-02-19,CUST9246,Premium,Electronics,5,4142,12011.8,42.0,No,Non-Festival,UPI,3,3.5,No,6966.844
ORD105679,2024-12-03,CUST4242,Premium,Home Decor,4,2000,6160.0,23.0,No,Non-Festival,UPI,6,4.1,No,4743.2
ORD105680,2024-01-05,CUST1495,New,Groceries,2,2577,3247.02,37.0,No,Non-Festival,Wallet,1,4.9,No,2045.6226
ORD105681,2024-12-08,CUST7134,Regular,Electronics,1,7523,4438.570000000001,41.0,No,Non-Festival,Credit Card,4,4.2,No,2618.756300000001
ORD105682,2024-05-05,CUST1493,Premium,Groceries,3,2303,6563.549999999999,5.0,No,Non-Festival,Wallet,1,4.8,No,6235.372499999999
ORD105683,2024-03-15,CUST6173,Regular,Beauty,4,1471,5354.4400000000005,9.0,No,Non-Festival,UPI,4,4.2,No,4872.540400000001
ORD105684,2024-06-13,CUST2283,Premium,Beauty,5,5220,20619.0,21.0,No,Non-Festival,Credit Card,5,2.7,No,16289.01
ORD105685,2024-10-04,CUST8409,Premium,Home Decor,2,634,989.04,22.0,No,Non-Festival,Wallet,3,3.0,Yes,771.4512
ORD105686,2024-11-19,CUST7589,Regular,Home Decor,2,3798,7292.16,4.0,No,Non-Festival,COD,4,4.9,No,7000.473599999999
ORD105687,2024-10-26,CUST4749,Premium,Beauty,5,3971,14494.15,27.0,Yes,Diwali,COD,7,4.6,No,10580.7295
ORD105688,2024-10-16,CUST7561,Regular,Fashion,4,8926,32847.68,8.0,No,Non-Festival,COD,5,3.6,No,30219.8656
ORD105689,2024-03-17,CUST6085,New,Beauty,2,8772,10877.28,38.0,No,Non-Festival,Wallet,4,2.9,No,6743.913600000001
ORD105690,2024-10-24,CUST8360,Regular,Electronics,3,2350,3666.0,48.0,Yes,Diwali,Credit Card,2,2.9,No,1906.3200000000002
ORD105691,2024-05-16,CUST6577,Premium,Groceries,4,4324,9858.72,43.0,No,Non-Festival,Wallet,1,4.8,No,5619.4704
ORD105692,2024-04-15,CUST9804,New,Beauty,5,5802,21177.3,27.0,No,Non-Festival,UPI,6,2.9,No,15459.428999999998
ORD105693,2024-04-04,CUST6431,Regular,Beauty,4,5367,16315.68,24.0,No,Non-Festival,,6,3.5,No,12399.9168
ORD105694,2024-05-14,CUST8018,Premium,Groceries,4,5686,13191.520000000002,42.0,No,Non-Festival,COD,3,4.8,No,7651.081600000002
ORD105695,2024-03-08,CUST6464,Regular,Groceries,1,4249,2676.87,37.0,No,Non-Festival,COD,5,2.6,No,1686.4280999999999
ORD105696,2024-05-26,CUST8617,Regular,Electronics,5,746,2760.2,26.0,No,Non-Festival,UPI,3,4.1,No,2042.5479999999998
ORD105697,2024-06-07,CUST1987,Premium,Groceries,3,4622,10676.82,23.0,No,Non-Festival,Wallet,1,3.4,No,8221.1514
ORD105698,2024-06-11,CUST8818,Premium,Home Decor,5,5024,14569.600000000002,42.0,No,Non-Festival,COD,6,2.8,No,8450.368000000002
ORD105699,2024-12-06,CUST7085,New,Beauty,1,3315,1922.7000000000005,42.0,No,Non-Festival,Wallet,4,3.9,No,1115.1660000000004
ORD105700,2024-07-07,CUST1046,New,Groceries,5,418,1149.5,45.0,No,Non-Festival,COD,4,3.7,No,632.225
ORD105701,2024-12-04,CUST7797,Premium,Electronics,5,325,1381.25,15.0,No,Non-Festival,UPI,3,2.7,Yes,1174.0625
ORD105702,2024-04-04,CUST3508,Premium,Groceries,3,9720,28868.4,1.0,No,Non-Festival,Credit Card,4,3.2,No,28579.716
ORD105703,2024-06-29,CUST5903,New,Beauty,1,9615,9518.85,1.0,No,Non-Festival,Credit Card,4,4.4,Yes,9423.6615
ORD105704,2024-10-14,CUST7628,Regular,Fashion,5,4380,21024.0,4.0,No,Non-Festival,COD,7,4.4,No,20183.04
ORD105705,2024-11-17,CUST7543,Regular,Groceries,5,5360,14740.000000000002,45.0,No,Non-Festival,COD,7,4.0,No,8107.000000000002
ORD105706,2024-07-05,CUST8887,Regular,Home Decor,2,2970,4752.0,20.0,No,Non-Festival,Wallet,4,2.8,No,3801.6000000000004
ORD105707,2024-05-17,CUST6773,New,Beauty,5,9966,45345.3,9.0,No,Non-Festival,Credit Card,2,4.6,No,41264.223000000005
ORD105708,2024-05-09,CUST6900,Premium,Electronics,3,2142,3791.3400000000006,41.0,No,Non-Festival,Wallet,7,2.9,No,2236.8906000000006
ORD105709,2024-07-12,CUST6920,Premium,Beauty,2,4657,7730.62,17.0,No,Non-Festival,COD,5,4.3,No,6416.414599999999
ORD105710,2024-11-11,CUST2547,Regular,Fashion,1,1454,1090.5,25.0,No,Non-Festival,Credit Card,5,2.6,No,817.875
ORD105711,2024-09-29,CUST4767,New,Electronics,4,1187,3845.88,19.0,No,Non-Festival,,6,3.3,No,3115.1628000000005
ORD105712,2024-12-17,CUST8001,Regular,Fashion,3,7437,13386.6,40.0,No,Non-Festival,COD,7,3.7,No,8031.96
ORD105713,2024-05-23,CUST3101,Premium,Fashion,1,8311,5402.150000000001,35.0,No,Non-Festival,Wallet,1,2.6,No,3511.3975000000005
ORD105714,2024-01-16,CUST6444,Regular,Home Decor,2,8155,8481.2,48.0,No,Non-Festival,Wallet,4,2.9,Yes,4410.224
ORD105715,2024-10-28,CUST2023,Regular,Groceries,4,5553,17769.600000000002,20.0,Yes,Diwali,COD,3,3.3,No,14215.680000000002
ORD105716,2024-09-01,CUST4401,Premium,Home Decor,1,9709,9611.91,1.0,No,Non-Festival,Wallet,4,5.0,No,9515.7909
ORD105717,2024-04-16,CUST9017,New,Home Decor,3,1571,2592.15,45.0,No,Non-Festival,Wallet,1,4.4,Yes,1425.6825000000001
ORD105718,2024-03-28,CUST5982,Regular,Home Decor,2,560,761.5999999999999,32.0,Yes,Holi,Credit Card,4,4.6,No,517.8879999999999
ORD105719,2024-05-08,CUST2114,Regular,Electronics,3,8304,19431.36,22.0,No,Non-Festival,Wallet,2,4.2,No,15156.4608
ORD105720,2024-12-06,CUST8522,Regular,Groceries,3,8749,16273.14,38.0,No,Non-Festival,UPI,1,3.2,No,10089.3468
ORD105721,2024-01-04,CUST5676,Regular,Groceries,2,7984,11177.6,25.0,No,Non-Festival,COD,5,4.3,No,8383.2
ORD105722,2024-11-22,CUST4969,Regular,Electronics,5,8288,40196.8,3.0,No,Non-Festival,Wallet,5,4.2,No,38990.896
ORD105723,2024-11-01,CUST5040,Premium,Home Decor,3,7929,14272.2,40.0,Yes,Diwali,COD,2,4.0,No,8563.32
ORD105724,2024-04-04,CUST5922,New,Home Decor,2,2983,5846.68,2.0,No,Non-Festival,UPI,5,3.2,No,5729.7464
ORD105725,2024-07-27,CUST4918,Regular,Fashion,3,263,504.96,36.0,No,Non-Festival,COD,6,3.2,No,323.1744
ORD105726,2024-08-12,CUST8780,Premium,Fashion,5,2428,11047.4,9.0,Yes,Independence Day,UPI,2,3.8,No,10053.134
ORD105727,2024-12-13,CUST3417,Regular,Beauty,2,4049,4777.820000000001,41.0,No,Non-Festival,UPI,5,3.3,No,2818.9138000000007
ORD105728,2024-11-16,CUST2458,Regular,Fashion,1,6532,4507.08,31.0,No,Non-Festival,Credit Card,7,2.7,No,3109.8851999999997
ORD105729,2024-02-16,CUST3875,Regular,Groceries,1,4138,2689.7000000000003,35.0,No,Non-Festival,UPI,5,4.5,No,1748.3050000000003
ORD105730,2024-06-29,CUST3375,Premium,Electronics,1,1715,891.8000000000001,48.0,No,Non-Festival,Credit Card,6,3.4,No,463.73600000000005
ORD105731,2024-04-15,CUST9502,Regular,Home Decor,4,8971,26554.16,26.0,No,Non-Festival,Wallet,4,4.3,No,19650.0784
ORD105732,2024-07-17,CUST7805,Regular,Beauty,3,6513,10160.28,48.0,No,Non-Festival,Credit Card,7,3.2,No,5283.345600000001
ORD105733,2024-04-15,CUST9190,Regular,Fashion,3,7986,19645.56,18.0,No,Non-Festival,Credit Card,1,4.0,No,16109.359200000003
ORD105734,2024-10-06,CUST8164,Regular,Beauty,2,2358,2971.08,37.0,No,Non-Festival,Wallet,5,2.6,No,1871.7803999999999
ORD105735,2024-09-16,CUST7447,Regular,Electronics,4,2325,9300.0,0.0,No,Non-Festival,COD,1,2.8,No,9300.0
ORD105736,2024-04-17,CUST6532,New,Electronics,3,6596,14841.0,25.0,No,Non-Festival,COD,1,3.4,No,11130.75
ORD105737,2024-01-19,CUST8120,Premium,Beauty,2,2483,2731.3,45.0,No,Non-Festival,Wallet,5,3.2,Yes,1502.2150000000001
ORD105738,2024-10-22,CUST2968,New,Beauty,5,6436,28318.4,12.0,Yes,Diwali,UPI,7,3.4,No,24920.192000000003
ORD105739,2024-11-01,CUST5551,Regular,Beauty,3,8009,15857.819999999998,34.0,Yes,Diwali,Credit Card,1,4.8,No,10466.161199999997
ORD105740,2024-06-19,CUST6355,Regular,Home Decor,3,3305,9815.85,1.0,No,Non-Festival,COD,6,3.8,No,9717.6915
ORD105741,2024-11-26,CUST1421,Regular,Groceries,5,3752,14820.4,21.0,No,Non-Festival,COD,2,3.7,No,11708.116
ORD105742,2024-07-13,CUST3945,Regular,Fashion,5,3675,11392.5,38.0,No,Non-Festival,UPI,7,3.0,No,7063.35
ORD105743,2024-01-12,CUST3457,Premium,Fashion,3,2038,4463.22,27.0,No,Non-Festival,COD,6,3.4,No,3258.1506
ORD105744,2024-07-13,CUST7323,Regular,Fashion,5,8613,24547.050000000003,43.0,No,Non-Festival,COD,3,4.2,No,13991.818500000003
ORD105745,2024-10-09,CUST7572,Regular,Beauty,2,8253,16340.94,1.0,No,Non-Festival,COD,2,4.9,No,16177.5306
ORD105746,2024-06-30,CUST2374,Premium,Beauty,3,1095,2956.5,10.0,No,Non-Festival,Wallet,7,4.2,No,2660.85
ORD105747,2024-10-31,CUST1144,Regular,Beauty,3,5809,9236.31,47.0,Yes,Diwali,COD,5,4.7,No,4895.2443
ORD105748,2024-05-23,CUST9110,New,Home Decor,1,6113,3912.32,36.0,No,Non-Festival,COD,2,2.9,No,2503.8848000000003
ORD105749,2024-11-11,CUST5832,Regular,Home Decor,3,3611,8124.75,25.0,No,Non-Festival,Wallet,6,3.0,No,6093.5625
ORD105750,2024-06-30,CUST6761,Premium,Home Decor,1,3208,2341.84,27.0,No,Non-Festival,COD,7,4.7,No,1709.5432
ORD105751,2024-01-30,CUST5520,Regular,Home Decor,5,9376,35160.0,25.0,Yes,Republic Day,UPI,3,4.0,No,26370.0
ORD105752,2024-03-24,CUST2354,New,Electronics,5,3870,16254.0,16.0,Yes,Holi,Credit Card,7,4.5,Yes,13653.359999999999
ORD105753,2024-06-14,CUST8521,Regular,Home Decor,2,3090,6056.4,2.0,No,Non-Festival,Wallet,2,3.1,No,5935.272
ORD105754,2024-10-10,CUST1216,Premium,Home Decor,1,6485,5641.95,13.0,No,Non-Festival,Wallet,7,3.4,No,4908.4965
ORD105755,2024-10-07,CUST3408,Regular,Home Decor,3,1608,4100.4,15.0,No,Non-Festival,COD,1,2.7,No,3485.3399999999997
ORD105756,2024-04-05,CUST6177,Premium,Fashion,1,4072,2117.44,48.0,No,Non-Festival,Credit Card,7,4.7,No,1101.0688
ORD105757,2024-09-22,CUST6779,Regular,Fashion,5,4877,15850.25,35.0,No,Non-Festival,UPI,5,4.9,No,10302.6625
ORD105758,2024-10-24,CUST2245,Regular,Fashion,5,9727,35503.55,27.0,Yes,Diwali,UPI,1,4.6,No,25917.591500000002
ORD105759,2024-10-22,CUST9860,New,Groceries,2,7646,11163.16,27.0,Yes,Diwali,Credit Card,7,3.6,No,8149.1068
ORD105760,2024-08-12,CUST7544,New,Electronics,5,6689,25418.2,24.0,Yes,Independence Day,Credit Card,1,3.4,No,19317.832000000002
ORD105761,2024-11-28,CUST9681,Regular,Beauty,1,3658,3365.36,8.0,No,Non-Festival,UPI,5,3.7,No,3096.1312000000003
ORD105762,2024-12-26,CUST2179,New,Home Decor,3,4597,12411.9,10.0,Yes,Christmas/New Year,COD,5,4.1,No,11170.71
ORD105763,2024-02-11,CUST2493,Regular,Fashion,3,6083,11679.36,36.0,No,Non-Festival,Credit Card,4,3.6,No,7474.790400000001
ORD105764,2024-10-29,CUST3064,New,Electronics,1,8288,4807.040000000001,42.0,Yes,Diwali,Credit Card,3,3.6,No,2788.083200000001
ORD105765,2024-09-02,CUST8538,Premium,Home Decor,2,7606,8518.720000000001,44.0,No,Non-Festival,,7,3.6,No,4770.4832000000015
ORD105766,2024-07-26,CUST1557,Regular,Groceries,3,3800,9120.0,20.0,No,Non-Festival,Wallet,1,4.4,No,7296.0
ORD105767,2024-08-24,CUST7870,New,Beauty,1,7271,7198.29,1.0,No,Non-Festival,Credit Card,6,4.5,Yes,7126.3071
ORD105768,2024-01-22,CUST3253,New,Home Decor,1,5668,3797.56,33.0,Yes,Republic Day,COD,1,4.7,No,2544.3651999999997
ORD105769,2024-07-03,CUST5834,Regular,Beauty,5,5207,15360.65,41.0,No,Non-Festival,UPI,7,3.1,No,9062.783500000001
ORD105770,2024-08-29,CUST4984,Premium,Home Decor,5,9767,42974.8,12.0,Yes,Raksha Bandhan,Wallet,5,2.9,No,37817.824
ORD105771,2024-12-28,CUST2144,Regular,Groceries,2,6497,12474.24,4.0,Yes,Christmas/New Year,Credit Card,5,3.4,No,11975.2704
ORD105772,2024-10-09,CUST7547,New,Electronics,2,9925,17865.0,10.0,No,Non-Festival,COD,7,3.6,Yes,16078.5
ORD105773,2024-02-10,CUST2849,Premium,Beauty,2,4890,7041.599999999999,28.0,No,Non-Festival,Wallet,7,4.3,No,5069.951999999999
ORD105774,2024-12-01,CUST3448,Regular,Beauty,1,5886,3178.44,46.0,No,Non-Festival,COD,2,4.4,No,1716.3576
ORD105775,2024-06-10,CUST4826,Premium,Electronics,1,3696,2698.08,27.0,No,Non-Festival,UPI,1,5.0,Yes,1969.5983999999999
ORD105776,2024-06-08,CUST4260,Premium,Beauty,5,3672,13402.8,27.0,No,Non-Festival,Credit Card,1,3.4,No,9784.044
ORD105777,2024-03-29,CUST7014,Premium,Fashion,3,7426,21386.88,4.0,Yes,Holi,COD,5,3.5,No,20531.4048
ORD105778,2024-11-17,CUST7483,Regular,Electronics,2,9557,15482.34,19.0,No,Non-Festival,Credit Card,6,3.9,No,12540.6954
ORD105779,2024-01-12,CUST8985,Regular,Groceries,4,4761,12188.16,36.0,No,Non-Festival,COD,6,4.6,No,7800.4224
ORD105780,2024-03-13,CUST2631,Premium,Home Decor,2,7814,9689.36,38.0,No,Non-Festival,Credit Card,1,4.2,No,6007.403200000001
ORD105781,2024-03-16,CUST5556,Regular,Home Decor,5,2558,11638.9,9.0,No,Non-Festival,Credit Card,3,3.9,No,10591.399
ORD105782,2024-12-11,CUST1100,Regular,Electronics,1,8450,5830.5,31.0,No,Non-Festival,Wallet,4,4.1,No,4023.0449999999996
ORD105783,2024-07-19,CUST5803,Premium,Fashion,5,7457,26845.2,28.0,No,Non-Festival,COD,5,3.7,No,19328.543999999998
ORD105784,2024-01-10,CUST7682,Regular,Groceries,5,6413,31744.35,1.0,No,Non-Festival,COD,5,4.4,No,31426.906499999997
ORD105785,2024-12-17,CUST4858,Premium,Home Decor,5,8576,42880.0,0.0,No,Non-Festival,Credit Card,1,3.8,Yes,42880.0
ORD105786,2024-08-13,CUST8555,Premium,Home Decor,4,7805,25288.2,19.0,Yes,Independence Day,Credit Card,7,3.8,No,20483.442000000003
ORD105787,2024-06-24,CUST8323,Premium,Fashion,4,2819,11276.0,0.0,No,Non-Festival,Wallet,6,4.5,No,11276.0
ORD105788,2024-10-02,CUST6229,Regular,Beauty,2,777,1507.38,3.0,No,Non-Festival,UPI,4,3.3,No,1462.1586
ORD105789,2024-02-08,CUST2894,Regular,Electronics,1,5443,4680.98,14.0,No,Non-Festival,COD,4,4.6,No,4025.6427999999996
ORD105790,2024-02-29,CUST5668,Regular,Fashion,5,8462,22847.4,46.0,No,Non-Festival,Credit Card,6,4.5,No,12337.596000000001
ORD105791,2024-03-06,CUST2963,New,Fashion,3,755,1608.15,29.0,No,Non-Festival,,5,4.0,No,1141.7865
ORD105792,2024-11-16,CUST5941,Regular,Fashion,2,1051,1996.9,5.0,No,Non-Festival,Credit Card,5,3.1,No,1897.055
ORD105793,2024-05-03,CUST6232,New,Fashion,2,9610,12108.6,37.0,No,Non-Festival,COD,5,4.7,No,7628.418000000001
ORD105794,2024-06-12,CUST5302,Premium,Beauty,5,3840,19200.0,0.0,No,Non-Festival,Wallet,3,2.6,No,19200.0
ORD105795,2024-06-07,CUST1484,New,Groceries,2,2112,3970.56,6.0,No,Non-Festival,Wallet,1,4.0,No,3732.3264
ORD105796,2024-02-26,CUST5468,Regular,Fashion,5,2930,14064.0,4.0,No,Non-Festival,Credit Card,3,4.5,No,13501.439999999999
ORD105797,2024-03-18,CUST9364,Regular,Fashion,2,5619,5843.76,48.0,No,Non-Festival,Credit Card,5,3.7,No,3038.7552
ORD105798,2024-07-12,CUST2024,New,Electronics,1,2565,2411.1,6.0,No,Non-Festival,UPI,4,2.8,No,2266.4339999999997
ORD105799,2024-10-11,CUST2583,Regular,Home Decor,2,7738,10059.4,35.0,No,Non-Festival,UPI,1,4.6,No,6538.61
ORD105800,2024-01-15,CUST6228,Regular,Beauty,2,466,913.36,2.0,No,Non-Festival,COD,1,4.8,No,895.0928
ORD105801,2024-01-12,CUST1284,Regular,Fashion,3,4116,10989.72,11.0,No,Non-Festival,COD,6,3.9,No,9780.8508
ORD105802,2024-04-10,CUST1878,New,Groceries,1,7528,6474.08,14.0,No,Non-Festival,Wallet,5,4.5,No,5567.708799999999
ORD105803,2024-06-04,CUST4807,Premium,Groceries,1,9792,7931.52,19.0,No,Non-Festival,COD,5,4.0,No,6424.5312
ORD105804,2024-12-05,CUST6317,Premium,Groceries,1,2526,1515.6,40.0,No,Non-Festival,UPI,5,3.9,No,909.3599999999999
ORD105805,2024-05-04,CUST1786,Premium,Electronics,2,3001,4801.6,20.0,No,Non-Festival,UPI,5,2.8,No,3841.2800000000007
ORD105806,2024-12-24,CUST6525,Regular,Groceries,4,5752,15875.52,31.0,Yes,Christmas/New Year,UPI,7,3.6,No,10954.1088
ORD105807,2024-10-06,CUST6615,Premium,Electronics,2,2234,3976.52,11.0,No,Non-Festival,Credit Card,7,4.2,No,3539.1028
ORD105808,2024-04-19,CUST6503,Regular,Beauty,5,7653,24489.6,36.0,No,Non-Festival,UPI,5,3.6,No,15673.344
ORD105809,2024-11-29,CUST8806,New,Groceries,3,1184,2166.72,39.0,No,Non-Festival,UPI,7,4.0,No,1321.6991999999998
ORD105810,2024-12-22,CUST8857,Regular,Home Decor,1,4299,2321.46,46.0,Yes,Christmas/New Year,COD,5,4.7,No,1253.5884
ORD105811,2024-05-25,CUST1194,Regular,Fashion,5,6663,31316.1,6.0,No,Non-Festival,UPI,1,3.4,No,29437.134
ORD105812,2024-08-03,CUST2190,Premium,Beauty,5,1275,3570.0000000000005,44.0,No,Non-Festival,UPI,3,4.6,No,1999.2000000000005
ORD105813,2024-06-10,CUST1545,Regular,Home Decor,4,1223,3424.4,30.0,No,Non-Festival,Credit Card,4,2.6,No,2397.08
ORD105814,2024-05-07,CUST2356,Premium,Beauty,1,4097,4097.0,0.0,No,Non-Festival,UPI,7,4.6,No,4097.0
ORD105815,2024-11-09,CUST1189,Regular,Groceries,2,7170,12906.0,25.0,Yes,Diwali,COD,5,2.8,No,9679.5
ORD105816,2024-11-27,CUST2412,Regular,Beauty,1,8671,4855.76,44.0,No,Non-Festival,Credit Card,4,3.3,No,2719.2256
ORD105817,2024-05-29,CUST7614,Regular,Beauty,3,1311,2635.11,33.0,No,Non-Festival,Wallet,6,3.8,No,1765.5237
ORD105818,2024-02-05,CUST6608,Premium,Beauty,1,9575,7851.500000000001,18.0,No,Non-Festival,UPI,1,4.1,No,6438.230000000001
ORD105819,2024-06-21,CUST6811,Regular,Electronics,5,5280,23760.0,10.0,No,Non-Festival,UPI,4,4.9,No,21384.0
ORD105820,2024-01-22,CUST7247,Premium,Home Decor,5,8181,27815.4,32.0,Yes,Republic Day,UPI,1,3.3,No,18914.471999999998
ORD105821,2024-07-24,CUST2162,Regular,Groceries,2,2275,3093.9999999999995,32.0,No,Non-Festival,Wallet,2,2.7,No,2103.9199999999996
ORD105822,2024-05-06,CUST9210,Regular,Fashion,2,4142,7704.12,7.0,No,Non-Festival,Credit Card,3,3.6,No,7164.8315999999995
ORD105823,2024-12-01,CUST1522,Regular,Groceries,2,471,527.5200000000001,44.0,No,Non-Festival,Credit Card,2,3.4,No,295.41120000000006
ORD105824,2024-12-21,CUST8463,New,Groceries,3,9515,26546.85,7.0,Yes,Christmas/New Year,UPI,1,4.0,No,24688.570499999998
ORD105825,2024-08-04,CUST2293,Premium,Electronics,1,9619,6444.73,33.0,No,Non-Festival,Wallet,7,4.8,No,4317.969099999999
ORD105826,2024-04-05,CUST2850,Regular,Electronics,4,389,949.16,39.0,No,Non-Festival,COD,6,4.1,No,578.9875999999999
ORD105827,2024-06-12,CUST6943,Premium,Beauty,1,8937,6613.38,25.0,No,Non-Festival,Wallet,2,3.9,No,4960.035
ORD105828,2024-05-27,CUST4563,New,Groceries,2,4214,6068.16,28.0,No,Non-Festival,UPI,1,3.1,No,4369.075199999999
ORD105829,2024-01-18,CUST5956,Regular,Home Decor,3,8342,21772.62,13.0,No,Non-Festival,Wallet,2,3.2,No,18942.179399999997
ORD105830,2024-10-20,CUST1442,New,Electronics,1,5143,3445.8099999999995,33.0,Yes,Diwali,Credit Card,1,3.6,No,2308.6926999999996
ORD105831,2024-07-13,CUST8057,Regular,Electronics,5,5066,14184.8,44.0,No,Non-Festival,Credit Card,3,4.7,No,7943.488
ORD105832,2024-05-30,CUST7651,New,Home Decor,1,968,619.52,36.0,No,Non-Festival,Credit Card,6,3.9,No,396.4928
ORD105833,2024-12-30,CUST4447,Premium,Electronics,5,5366,26830.0,0.0,Yes,Christmas/New Year,COD,3,3.7,No,26830.0
ORD105834,2024-05-02,CUST9028,Regular,Home Decor,1,9402,8649.84,8.0,No,Non-Festival,Wallet,3,3.9,No,7957.852800000001
ORD105835,2024-07-05,CUST7988,Regular,Fashion,1,7789,7087.990000000001,9.0,No,Non-Festival,UPI,1,4.6,No,6450.070900000001
ORD105836,2024-05-28,CUST6695,New,Home Decor,1,4998,3548.58,29.0,No,Non-Festival,UPI,4,4.2,No,2519.4918
ORD105837,2024-04-13,CUST5098,Premium,Fashion,2,664,770.2400000000001,42.0,No,Non-Festival,Credit Card,2,4.8,No,446.73920000000015
ORD105838,2024-08-30,CUST6779,Premium,Beauty,5,2800,11620.0,17.0,Yes,Raksha Bandhan,UPI,7,4.0,No,9644.6
ORD105839,2024-08-18,CUST5933,Regular,Beauty,3,1116,2812.32,16.0,Yes,Independence Day,COD,2,3.0,No,2362.3488
ORD105840,2024-07-24,CUST7712,Regular,Electronics,4,9844,37407.2,5.0,No,Non-Festival,Wallet,2,2.5,No,35536.84
ORD105841,2024-07-16,CUST1715,Regular,Home Decor,5,6326,28467.0,10.0,No,Non-Festival,COD,6,3.3,No,25620.3
ORD105842,2024-12-02,CUST8154,Regular,Electronics,2,7351,11320.54,23.0,No,Non-Festival,Wallet,2,2.7,No,8716.8158
ORD105843,2024-03-27,CUST9867,Premium,Home Decor,5,265,861.25,35.0,Yes,Holi,Wallet,3,3.5,No,559.8125
ORD105844,2024-05-21,CUST8673,New,Electronics,3,9891,20177.64,32.0,No,Non-Festival,Wallet,4,3.8,No,13720.795199999999
ORD105845,2024-11-12,CUST7717,Premium,Beauty,5,2104,7153.599999999999,25.0,No,Non-Festival,UPI,2,3.5,No,5365.2
ORD105846,2024-07-17,CUST4091,Regular,Beauty,2,7393,12272.38,17.0,No,Non-Festival,UPI,4,3.5,No,10186.0754
ORD105847,2024-02-15,CUST2956,Premium,Electronics,2,4771,9160.32,4.0,No,Non-Festival,UPI,1,3.2,No,8793.9072
ORD105848,2024-10-14,CUST9486,New,Home Decor,4,6916,19364.8,30.0,No,Non-Festival,UPI,1,4.1,No,13555.359999999999
ORD105849,2024-01-15,CUST6431,Premium,Groceries,3,9278,23658.9,15.0,No,Non-Festival,UPI,6,3.6,No,20110.065000000002
ORD105850,2024-02-13,CUST6107,Premium,Home Decor,4,7173,28405.08,1.0,No,Non-Festival,UPI,2,4.7,No,28121.0292
ORD105851,2024-06-17,CUST9559,New,Electronics,1,4008,3687.36,8.0,No,Non-Festival,Credit Card,5,2.7,No,3392.3712
ORD105852,2024-11-05,CUST1569,Premium,Home Decor,2,7765,15374.7,1.0,Yes,Diwali,Credit Card,6,3.5,No,15220.953000000001
ORD105853,2024-02-13,CUST3080,Regular,Fashion,4,8061,20636.16,36.0,No,Non-Festival,Credit Card,3,4.4,No,13207.1424
ORD105854,2024-04-07,CUST4006,Regular,Home Decor,2,2160,3499.2000000000003,19.0,No,Non-Festival,COD,6,3.7,No,2834.3520000000003
ORD105855,2024-09-17,CUST1541,New,Beauty,2,2947,4950.96,16.0,No,Non-Festival,COD,2,4.9,No,4158.8063999999995
ORD105856,2024-04-18,CUST9903,Regular,Beauty,1,243,184.68,24.0,No,Non-Festival,COD,3,2.9,No,140.3568
ORD105857,2024-10-09,CUST4449,Regular,Fashion,2,4042,6628.88,18.0,No,Non-Festival,Wallet,2,3.3,No,5435.681600000001
ORD105858,2024-12-08,CUST6805,Regular,Home Decor,4,4905,11575.8,41.0,No,Non-Festival,Wallet,3,2.8,No,6829.722000000001
ORD105859,2024-04-13,CUST1236,Premium,Groceries,3,2088,5825.52,7.0,No,Non-Festival,COD,7,3.1,No,5417.7336000000005
ORD105860,2024-09-12,CUST8682,New,Home Decor,5,4098,18441.0,10.0,No,Non-Festival,Credit Card,5,4.2,No,16596.9
ORD105861,2024-07-24,CUST5598,Regular,Beauty,4,6083,21412.16,12.0,No,Non-Festival,UPI,5,3.7,No,18842.7008
ORD105862,2024-11-30,CUST9924,Premium,Beauty,1,9111,8017.68,12.0,No,Non-Festival,UPI,6,2.9,No,7055.5584
ORD105863,2024-02-12,CUST5751,New,Electronics,5,890,4094.0,8.0,No,Non-Festival,UPI,1,3.7,No,3766.48
ORD105864,2024-12-18,CUST9218,Regular,Beauty,2,7042,13520.64,4.0,No,Non-Festival,Wallet,6,3.8,No,12979.8144
ORD105865,2024-09-01,CUST3592,Regular,Electronics,4,8501,28223.32,17.0,No,Non-Festival,COD,2,3.6,No,23425.3556
ORD105866,2024-10-13,CUST2044,New,Beauty,5,4758,14511.9,39.0,No,Non-Festival,Credit Card,5,2.5,No,8852.259
ORD105867,2024-12-20,CUST5586,Regular,Beauty,4,8906,30992.88,13.0,Yes,Christmas/New Year,UPI,5,2.6,Yes,26963.8056
ORD105868,2024-09-29,CUST1681,Premium,Groceries,2,7920,10612.8,33.0,No,Non-Festival,COD,6,3.6,No,7110.575999999999
ORD105869,2024-03-23,CUST5793,Premium,Electronics,4,9028,28528.48,21.0,Yes,Holi,COD,2,4.0,No,22537.499200000002
ORD105870,2024-04-19,CUST2011,Regular,Electronics,1,3528,1869.84,47.0,No,Non-Festival,,6,4.7,No,991.0152
ORD105871,2024-07-08,CUST5174,New,Beauty,5,5512,18740.8,32.0,No,Non-Festival,Wallet,7,5.0,No,12743.743999999999
ORD105872,2024-10-14,CUST3579,Regular,Electronics,5,826,3180.1,23.0,No,Non-Festival,,6,5.0,No,2448.677
ORD105873,2024-09-07,CUST4979,Regular,Beauty,5,269,968.4,28.0,No,Non-Festival,Wallet,6,3.9,No,697.2479999999999
ORD105874,2024-07-30,CUST7693,Regular,Beauty,4,7749,27276.48,12.0,No,Non-Festival,COD,2,2.6,No,24003.3024
ORD105875,2024-10-17,CUST4679,Regular,Home Decor,2,5813,5929.26,49.0,No,Non-Festival,Wallet,1,3.0,No,3023.9226000000003
ORD105876,2024-05-12,CUST4133,New,Electronics,4,4519,13376.24,26.0,No,Non-Festival,UPI,5,3.6,No,9898.417599999999
ORD105877,2024-07-19,CUST2661,Premium,Fashion,4,6161,24644.0,0.0,No,Non-Festival,Credit Card,3,4.7,No,24644.0
ORD105878,2024-10-11,CUST4855,New,Electronics,5,4177,19631.9,6.0,No,Non-Festival,Wallet,2,2.6,Yes,18453.986
ORD105879,2024-11-21,CUST7637,Regular,Electronics,2,7700,14938.0,3.0,No,Non-Festival,UPI,2,3.8,No,14489.859999999999
ORD105880,2024-04-04,CUST7712,Premium,Groceries,3,8259,22547.07,9.0,No,Non-Festival,Credit Card,2,4.1,No,20517.8337
ORD105881,2024-10-04,CUST1524,Premium,Fashion,2,6984,8520.48,39.0,No,Non-Festival,Wallet,6,3.2,No,5197.4928
ORD105882,2024-11-20,CUST1490,New,Fashion,4,1834,4841.759999999999,34.0,No,Non-Festival,Wallet,6,3.3,No,3195.561599999999
ORD105883,2024-08-06,CUST4488,Premium,Groceries,1,2743,1700.66,38.0,No,Non-Festival,Credit Card,2,3.5,No,1054.4092
ORD105884,2024-03-29,CUST3278,Regular,Groceries,2,7553,12840.1,15.0,Yes,Holi,UPI,5,3.2,No,10914.085
ORD105885,2024-03-12,CUST4846,Regular,Electronics,5,968,3581.6,26.0,No,Non-Festival,,3,3.6,No,2650.384
ORD105886,2024-09-03,CUST6107,Regular,Home Decor,1,5964,4830.84,19.0,No,Non-Festival,COD,1,2.9,No,3912.9804000000004
ORD105887,2024-05-08,CUST9754,Premium,Groceries,3,2803,7652.19,9.0,No,Non-Festival,COD,4,3.0,No,6963.4929
ORD105888,2024-07-30,CUST1849,New,Fashion,3,1191,2000.88,25.0,No,Non-Festival,Wallet,5,2.6,No,1500.66
ORD105889,2024-12-08,CUST4451,Regular,Fashion,1,9921,6746.28,32.0,No,Non-Festival,UPI,5,3.5,No,4587.470399999999
ORD105890,2024-04-05,CUST4041,Regular,Electronics,3,688,1940.16,6.0,No,Non-Festival,UPI,7,4.3,No,1823.7504
ORD105891,2024-03-15,CUST2472,Regular,Home Decor,1,8379,4943.610000000001,41.0,No,Non-Festival,Wallet,4,3.8,Yes,2916.7299000000007
ORD105892,2024-02-23,CUST8293,Premium,Beauty,4,4352,9922.56,43.0,No,Non-Festival,Credit Card,4,3.8,No,5655.8592
ORD105893,2024-12-09,CUST7447,Regular,Groceries,1,711,391.05,45.0,No,Non-Festival,Credit Card,2,3.6,No,215.07750000000001
ORD105894,2024-02-23,CUST6471,Regular,Groceries,4,5897,18634.52,21.0,No,Non-Festival,COD,3,4.0,No,14721.2708
ORD105895,2024-08-05,CUST1935,Regular,Electronics,5,934,2708.6000000000004,42.0,No,Non-Festival,Wallet,5,3.1,No,1570.9880000000005
ORD105896,2024-01-16,CUST7319,Premium,Home Decor,5,5878,24687.6,16.0,No,Non-Festival,Credit Card,5,3.0,No,20737.584
ORD105897,2024-04-08,CUST3782,Premium,Fashion,3,3509,9684.84,8.0,No,Non-Festival,Wallet,1,4.9,No,8910.052800000001
ORD105898,2024-01-20,CUST6334,Premium,Fashion,1,8762,5344.82,39.0,Yes,Republic Day,UPI,4,3.6,No,3260.3401999999996
ORD105899,2024-02-15,CUST7595,Regular,Beauty,4,4901,17839.64,9.0,No,Non-Festival,Credit Card,4,4.6,No,16234.072400000001
ORD105900,2024-07-11,CUST2084,Regular,Fashion,5,2059,6691.75,35.0,No,Non-Festival,Credit Card,5,4.8,No,4349.6375
ORD105901,2024-02-27,CUST1256,Regular,Groceries,5,7919,27716.5,30.0,No,Non-Festival,Credit Card,4,4.0,No,19401.55
ORD105902,2024-04-20,CUST7206,Regular,Beauty,5,1116,3906.0,30.0,No,Non-Festival,UPI,2,3.2,No,2734.2
ORD105903,2024-05-08,CUST6841,Regular,Home Decor,3,7109,20473.92,4.0,No,Non-Festival,COD,1,4.2,No,19654.9632
ORD105904,2024-12-02,CUST4734,Regular,Beauty,5,7464,30975.6,17.0,No,Non-Festival,Wallet,5,3.6,No,25709.747999999996
ORD105905,2024-07-12,CUST3160,Premium,Home Decor,2,6881,13073.9,5.0,No,Non-Festival,Credit Card,6,4.9,No,12420.205
ORD105906,2024-12-05,CUST7846,Regular,Fashion,3,2862,5065.740000000001,41.0,No,Non-Festival,UPI,1,4.5,No,2988.786600000001
ORD105907,2024-11-21,CUST3893,Regular,Electronics,1,4892,2494.92,49.0,No,Non-Festival,Credit Card,6,4.5,No,1272.4092
ORD105908,2024-01-08,CUST7523,New,Beauty,2,9629,14058.34,27.0,No,Non-Festival,Wallet,7,4.0,No,10262.5882
ORD105909,2024-01-29,CUST3251,Premium,Beauty,3,1535,2670.9000000000005,42.0,Yes,Republic Day,Wallet,2,2.5,Yes,1549.1220000000005
ORD105910,2024-04-21,CUST6850,Premium,Groceries,3,5250,12127.5,23.0,No,Non-Festival,Credit Card,1,4.6,No,9338.175000000001
ORD105911,2024-06-09,CUST2788,New,Groceries,4,961,3690.24,4.0,No,Non-Festival,UPI,6,2.6,No,3542.6303999999996
ORD105912,2024-05-10,CUST7847,Regular,Home Decor,2,2331,3403.26,27.0,No,Non-Festival,Credit Card,4,2.8,No,2484.3798
ORD105913,2024-07-06,CUST3526,Premium,Electronics,2,5014,9827.44,2.0,No,Non-Festival,UPI,5,4.6,No,9630.8912
ORD105914,2024-06-11,CUST9808,Premium,Groceries,2,9340,15504.4,17.0,No,Non-Festival,COD,1,3.0,No,12868.651999999998
ORD105915,2024-07-15,CUST3637,Regular,Groceries,5,501,2429.85,3.0,No,Non-Festival,Credit Card,3,4.6,No,2356.9545
ORD105916,2024-12-29,CUST7324,Regular,Fashion,5,7940,24217.0,39.0,Yes,Christmas/New Year,UPI,5,3.1,No,14772.369999999999
ORD105917,2024-07-22,CUST6171,Regular,Fashion,1,3894,2024.88,48.0,No,Non-Festival,Credit Card,1,4.4,No,1052.9376000000002
ORD105918,2024-07-30,CUST5488,Regular,Groceries,1,2901,1711.59,41.0,No,Non-Festival,Wallet,5,3.9,No,1009.8381
ORD105919,2024-04-18,CUST3670,Regular,Home Decor,1,9867,6808.23,31.0,No,Non-Festival,Wallet,6,4.2,No,4697.6786999999995
ORD105920,2024-10-02,CUST1204,Regular,Electronics,5,9005,31067.25,31.0,No,Non-Festival,Credit Card,1,4.6,Yes,21436.4025
ORD105921,2024-03-13,CUST3925,Regular,Groceries,4,6414,21037.92,18.0,No,Non-Festival,Credit Card,1,5.0,Yes,17251.094399999998
ORD105922,2024-06-15,CUST5288,Regular,Home Decor,1,5844,4207.68,28.0,No,Non-Festival,UPI,4,2.7,No,3029.5296000000003
ORD105923,2024-09-16,CUST1636,Regular,Home Decor,3,5720,11668.8,32.0,No,Non-Festival,UPI,1,4.2,Yes,7934.783999999999
ORD105924,2024-08-30,CUST6235,Regular,Groceries,5,868,4296.6,1.0,Yes,Raksha Bandhan,Wallet,3,4.9,No,4253.634
ORD105925,2024-10-01,CUST4994,Regular,Home Decor,4,2328,8380.800000000001,10.0,No,Non-Festival,UPI,4,3.4,No,7542.720000000001
ORD105926,2024-04-11,CUST6233,Premium,Beauty,3,6938,11239.56,46.0,No,Non-Festival,Wallet,3,3.3,No,6069.3624
ORD105927,2024-06-21,CUST8484,Regular,Home Decor,3,417,850.68,32.0,No,Non-Festival,COD,6,4.2,No,578.4623999999999
ORD105928,2024-06-19,CUST5060,New,Groceries,5,9140,27420.0,40.0,No,Non-Festival,Credit Card,3,3.5,No,16452.0
ORD105929,2024-05-20,CUST6922,New,Home Decor,2,4420,5392.4,39.0,No,Non-Festival,UPI,7,3.0,No,3289.3639999999996
ORD105930,2024-07-06,CUST6653,Premium,Groceries,4,8592,34368.0,0.0,No,Non-Festival,Wallet,2,2.9,No,34368.0
ORD105931,2024-03-26,CUST2461,Premium,Fashion,5,2821,8321.95,41.0,Yes,Holi,Wallet,3,3.0,No,4909.950500000001
ORD105932,2024-02-21,CUST7556,Regular,Groceries,2,5339,8969.52,16.0,No,Non-Festival,Credit Card,1,4.3,No,7534.3968
ORD105933,2024-04-20,CUST8097,Regular,Home Decor,5,921,2348.55,49.0,No,Non-Festival,Credit Card,5,4.8,No,1197.7605
ORD105934,2024-12-30,CUST1331,New,Groceries,5,9343,39707.75,15.0,Yes,Christmas/New Year,Credit Card,4,4.5,No,33751.5875
ORD105935,2024-12-07,CUST8941,Regular,Electronics,3,2081,6180.57,1.0,No,Non-Festival,UPI,4,3.6,No,6118.7643
ORD105936,2024-02-12,CUST3353,New,Groceries,5,1632,4243.2,48.0,No,Non-Festival,COD,4,3.8,No,2206.464
ORD105937,2024-07-29,CUST6176,Premium,Groceries,2,5381,10439.14,3.0,No,Non-Festival,COD,5,4.1,No,10125.9658
ORD105938,2024-07-18,CUST4786,Regular,Electronics,3,2520,5216.4,31.0,No,Non-Festival,COD,3,3.9,No,3599.3159999999993
ORD105939,2024-10-24,CUST2860,Regular,Electronics,2,7150,13442.0,6.0,Yes,Diwali,COD,6,4.9,No,12635.48
ORD105940,2024-12-11,CUST5864,Premium,Electronics,2,7377,10622.88,28.0,No,Non-Festival,Wallet,7,4.7,No,7648.473599999999
ORD105941,2024-08-27,CUST5472,Regular,Beauty,3,9090,25088.4,25.0,Yes,Raksha Bandhan,UPI,2,2.6,Yes,18816.300000000003
ORD105942,2024-04-24,CUST1787,Regular,Groceries,2,821,1083.7199999999998,34.0,No,Non-Festival,COD,1,4.6,No,715.2551999999998
ORD105943,2024-01-26,CUST9261,Premium,Electronics,1,659,632.64,4.0,Yes,Republic Day,COD,6,2.8,No,607.3344
ORD105944,2024-10-25,CUST9341,Premium,Electronics,5,9476,24163.8,49.0,Yes,Diwali,UPI,4,4.2,Yes,12323.538
ORD105945,2024-03-17,CUST7543,Regular,Fashion,3,7425,17820.0,20.0,No,Non-Festival,UPI,1,3.2,No,14256.0
ORD105946,2024-05-16,CUST3627,Regular,Beauty,3,8691,21901.32,16.0,No,Non-Festival,Credit Card,3,4.4,No,18397.108799999998
ORD105947,2024-01-20,CUST5552,New,Groceries,1,9667,5993.54,38.0,Yes,Republic Day,Credit Card,7,2.5,No,3715.9948
ORD105948,2024-07-29,CUST9666,Premium,Home Decor,1,9822,8545.14,13.0,No,Non-Festival,COD,6,3.5,Yes,7434.2717999999995
ORD105949,2024-08-27,CUST4572,Premium,Beauty,1,8341,5755.29,31.0,Yes,Raksha Bandhan,Wallet,7,2.6,No,3971.1501
ORD105950,2024-02-08,CUST1734,New,Beauty,1,5575,4794.5,14.0,No,Non-Festival,Credit Card,2,4.9,No,4123.2699999999995
ORD105951,2024-09-24,CUST1778,Regular,Fashion,4,3652,11686.4,20.0,No,Non-Festival,UPI,7,2.5,No,9349.12
ORD105952,2024-07-25,CUST6361,Regular,Groceries,3,7512,19606.32,13.0,No,Non-Festival,Credit Card,4,2.9,No,17057.4984
ORD105953,2024-09-23,CUST9930,New,Groceries,2,6125,7350.0,40.0,No,Non-Festival,Credit Card,7,3.8,No,4410.0
ORD105954,2024-06-02,CUST6500,Premium,Electronics,3,2021,5153.55,25.0,No,Non-Festival,UPI,3,4.1,No,3865.1625000000004
ORD105955,2024-02-11,CUST7977,Regular,Electronics,3,6631,19893.0,0.0,No,Non-Festival,,6,4.3,No,19893.0
ORD105956,2024-01-11,CUST9093,Regular,Beauty,3,1188,2174.04,39.0,No,Non-Festival,Credit Card,2,3.1,No,1326.1644
ORD105957,2024-10-20,CUST6491,Premium,Fashion,1,8605,7142.15,17.0,Yes,Diwali,Credit Card,6,3.3,No,5927.9845
ORD105958,2024-04-07,CUST6571,Regular,Groceries,1,731,489.7699999999999,33.0,No,Non-Festival,COD,4,3.1,No,328.1458999999999
ORD105959,2024-10-01,CUST7088,New,Fashion,4,3117,9351.0,25.0,No,Non-Festival,Credit Card,3,3.1,No,7013.25
ORD105960,2024-08-17,CUST2508,Regular,Home Decor,3,7085,13815.75,35.0,Yes,Independence Day,Wallet,1,4.5,No,8980.237500000001
ORD105961,2024-08-07,CUST7464,Regular,Groceries,5,3819,15276.0,20.0,No,Non-Festival,COD,6,4.9,No,12220.800000000001
ORD105962,2024-03-05,CUST3256,Regular,Electronics,4,6764,27056.0,0.0,No,Non-Festival,Wallet,5,4.0,No,27056.0
ORD105963,2024-12-20,CUST3169,Premium,Beauty,1,3260,2412.4,26.0,Yes,Christmas/New Year,UPI,4,2.9,No,1785.1760000000002
ORD105964,2024-08-19,CUST5920,New,Fashion,3,2724,7354.8,10.0,Yes,Independence Day,Wallet,2,2.7,No,6619.320000000001
ORD105965,2024-11-23,CUST8291,Premium,Electronics,1,889,560.07,37.0,No,Non-Festival,UPI,2,3.1,No,352.8441
ORD105966,2024-02-21,CUST2863,New,Beauty,2,1300,2262.0,13.0,No,Non-Festival,COD,5,2.9,No,1967.94
ORD105967,2024-09-19,CUST1332,Regular,Electronics,1,8510,6212.3,27.0,No,Non-Festival,UPI,5,3.9,No,4534.979
ORD105968,2024-09-23,CUST3653,Regular,Groceries,1,5501,4070.74,26.0,No,Non-Festival,UPI,3,4.2,No,3012.3475999999996
ORD105969,2024-12-24,CUST5253,New,Fashion,4,8897,28114.52,21.0,Yes,Christmas/New Year,UPI,5,2.5,No,22210.470800000003
ORD105970,2024-11-12,CUST2779,New,Home Decor,2,8017,12827.2,20.0,No,Non-Festival,UPI,4,3.6,No,10261.760000000002
ORD105971,2024-11-19,CUST1881,New,Electronics,5,2400,9240.0,23.0,No,Non-Festival,Wallet,6,4.1,No,7114.8
ORD105972,2024-06-02,CUST7463,Premium,Fashion,5,9433,38675.3,18.0,No,Non-Festival,UPI,5,3.0,No,31713.746000000006
ORD105973,2024-12-23,CUST5701,Regular,Groceries,5,696,2679.6,23.0,Yes,Christmas/New Year,UPI,4,4.8,No,2063.292
ORD105974,2024-12-31,CUST7232,Regular,Electronics,3,4374,9841.5,25.0,Yes,Christmas/New Year,Credit Card,1,3.9,No,7381.125
ORD105975,2024-05-19,CUST6177,New,Groceries,5,8450,32110.0,24.0,No,Non-Festival,Credit Card,5,3.4,No,24403.6
ORD105976,2024-02-20,CUST4941,Regular,Home Decor,3,5730,9626.4,44.0,No,Non-Festival,Credit Card,1,2.5,No,5390.784000000001
ORD105977,2024-04-26,CUST9696,Regular,Home Decor,1,7169,4086.33,43.0,No,Non-Festival,UPI,7,3.7,No,2329.2081000000003
ORD105978,2024-02-15,CUST7878,Premium,Beauty,5,1853,6670.8,28.0,No,Non-Festival,Credit Card,6,3.3,No,4802.976
ORD105979,2024-11-04,CUST1362,Regular,Beauty,4,7446,27103.44,9.0,Yes,Diwali,Wallet,2,4.9,No,24664.1304
ORD105980,2024-03-28,CUST8471,New,Beauty,2,443,797.4,10.0,Yes,Holi,COD,6,3.4,Yes,717.66
ORD105981,2024-07-26,CUST1388,Regular,Groceries,2,2455,3780.7,23.0,No,Non-Festival,COD,7,4.8,No,2911.139
ORD105982,2024-09-25,CUST1638,Premium,Beauty,1,7199,5543.2300000000005,23.0,No,Non-Festival,COD,5,4.2,No,4268.2871000000005
ORD105983,2024-03-29,CUST6775,Premium,Fashion,2,6943,12358.54,11.0,Yes,Holi,Credit Card,2,2.7,Yes,10999.100600000002
ORD105984,2024-04-27,CUST6306,Premium,Groceries,2,2892,5436.96,6.0,No,Non-Festival,UPI,6,4.8,No,5110.7424
ORD105985,2024-02-23,CUST1544,Regular,Groceries,1,6273,3826.53,39.0,No,Non-Festival,COD,1,2.9,No,2334.1833
ORD105986,2024-04-25,CUST7206,Regular,Beauty,1,8430,7081.2,16.0,No,Non-Festival,Wallet,2,3.6,No,5948.208
ORD105987,2024-04-27,CUST9769,Regular,Beauty,1,3447,2275.0199999999995,34.0,No,Non-Festival,Credit Card,1,4.8,No,1501.5131999999994
ORD105988,2024-09-16,CUST9895,Regular,Groceries,4,6821,25919.8,5.0,No,Non-Festival,Credit Card,3,4.6,No,24623.809999999998
ORD105989,2024-03-15,CUST8693,Premium,Home Decor,1,1815,1615.35,11.0,No,Non-Festival,Wallet,6,3.7,No,1437.6615
ORD105990,2024-10-31,CUST7383,Regular,Home Decor,1,219,188.34,14.0,Yes,Diwali,UPI,6,3.0,No,161.9724
ORD105991,2024-01-07,CUST6603,Regular,Beauty,1,420,289.79999999999995,31.0,No,Non-Festival,UPI,1,3.8,No,199.96199999999996
ORD105992,2024-12-31,CUST6992,Regular,Home Decor,5,3971,15486.9,22.0,Yes,Christmas/New Year,Wallet,3,3.9,No,12079.782
ORD105993,2024-05-01,CUST4121,Premium,Fashion,5,7521,35348.7,6.0,No,Non-Festival,Wallet,2,5.0,No,33227.778
ORD105994,2024-01-11,CUST2458,Regular,Fashion,4,6806,17151.12,37.0,No,Non-Festival,Credit Card,1,4.6,No,10805.2056
ORD105995,2024-12-13,CUST4328,New,Fashion,4,7776,21772.8,30.0,No,Non-Festival,Wallet,3,4.7,No,15240.96
ORD105996,2024-08-02,CUST1329,Premium,Groceries,2,8642,12444.48,28.0,No,Non-Festival,UPI,1,5.0,Yes,8960.025599999999
ORD105997,2024-10-05,CUST2543,Premium,Groceries,5,8028,22879.800000000003,43.0,No,Non-Festival,UPI,4,3.8,No,13041.486000000003
ORD105998,2024-01-28,CUST4870,New,Groceries,4,706,2061.52,27.0,Yes,Republic Day,UPI,6,4.0,No,1504.9096
ORD105999,2024-08-22,CUST1931,Regular,Groceries,4,4941,17589.96,11.0,No,Non-Festival,UPI,4,3.6,No,15655.0644
ORD106000,2024-11-08,CUST2132,New,Groceries,2,9260,13704.8,26.0,Yes,Diwali,UPI,2,2.8,No,10141.552
ORD106001,2024-01-26,CUST5890,Premium,Beauty,1,4787,4643.389999999999,3.0,Yes,Republic Day,Credit Card,4,3.8,No,4504.088299999999
ORD106002,2024-02-23,CUST7058,New,Home Decor,3,6638,15931.2,20.0,No,Non-Festival,Wallet,6,4.0,No,12744.960000000001
ORD106003,2024-01-29,CUST8816,New,Beauty,2,6800,12512.0,8.0,Yes,Republic Day,Wallet,5,3.1,No,11511.04
ORD106004,2024-12-18,CUST7924,Regular,Home Decor,3,9561,14915.16,48.0,No,Non-Festival,COD,3,4.5,No,7755.8832
ORD106005,2024-06-12,CUST2101,Regular,Beauty,2,5557,7446.379999999999,33.0,No,Non-Festival,Credit Card,6,2.8,No,4989.074599999999
ORD106006,2024-09-26,CUST6825,Premium,Fashion,2,939,1201.92,36.0,No,Non-Festival,Credit Card,6,3.8,No,769.2288000000001
ORD106007,2024-11-29,CUST8394,Premium,Electronics,1,8815,7052.0,20.0,No,Non-Festival,Credit Card,5,4.2,No,5641.6
ORD106008,2024-02-04,CUST1891,Regular,Groceries,4,3255,10155.6,22.0,No,Non-Festival,Credit Card,4,2.6,No,7921.368
ORD106009,2024-10-12,CUST5244,Regular,Electronics,5,4587,17659.95,23.0,No,Non-Festival,Credit Card,2,4.5,No,13598.1615
ORD106010,2024-12-13,CUST8122,Regular,Electronics,2,2403,4373.46,9.0,No,Non-Festival,UPI,5,3.3,No,3979.8486000000003
ORD106011,2024-09-29,CUST5683,Premium,Fashion,1,4122,2596.86,37.0,No,Non-Festival,COD,6,4.3,No,1636.0218
ORD106012,2024-07-26,CUST2023,New,Electronics,3,2157,6147.45,5.0,No,Non-Festival,UPI,7,3.8,Yes,5840.077499999999
ORD106013,2024-08-25,CUST1878,Premium,Electronics,4,5526,17683.2,20.0,Yes,Raksha Bandhan,COD,2,4.1,No,14146.560000000001
ORD106014,2024-04-02,CUST7657,Regular,Fashion,2,1989,2545.92,36.0,No,Non-Festival,Credit Card,1,3.9,No,1629.3888000000002
ORD106015,2024-06-21,CUST7260,Regular,Home Decor,3,6601,14258.16,28.0,No,Non-Festival,Credit Card,6,2.9,Yes,10265.8752
ORD106016,2024-03-19,CUST4821,Regular,Beauty,2,784,956.48,39.0,No,Non-Festival,Wallet,5,4.1,No,583.4528
ORD106017,2024-04-19,CUST6064,Regular,Electronics,5,6378,25512.0,20.0,No,Non-Festival,Credit Card,1,4.2,No,20409.600000000002
ORD106018,2024-08-04,CUST4291,New,Groceries,5,3400,13430.0,21.0,No,Non-Festival,Credit Card,5,3.7,No,10609.7
ORD106019,2024-12-23,CUST2463,Regular,Fashion,4,1542,4070.88,34.0,Yes,Christmas/New Year,Credit Card,7,3.9,No,2686.7807999999995
ORD106020,2024-04-15,CUST6665,Premium,Electronics,3,4390,7243.500000000001,45.0,No,Non-Festival,Credit Card,3,4.7,No,3983.9250000000006
ORD106021,2024-02-16,CUST6420,New,Home Decor,5,9600,46080.0,4.0,No,Non-Festival,Credit Card,2,4.2,No,44236.799999999996
ORD106022,2024-06-29,CUST7823,New,Home Decor,1,4985,4287.1,25.0,No,Non-Festival,COD,1,4.8,No,3215.3250000000003
ORD106023,2024-03-04,CUST1489,Regular,Groceries,4,9557,22936.8,40.0,No,Non-Festival,Wallet,7,3.9,No,13762.08
ORD106024,2024-09-02,CUST6277,Regular,Electronics,2,4956,5352.4800000000005,46.0,No,Non-Festival,Credit Card,4,2.9,Yes,2890.3392000000003
ORD106025,2024-08-31,CUST4561,Regular,Groceries,3,6225,15313.500000000002,18.0,Yes,Raksha Bandhan,Credit Card,5,3.1,No,12557.070000000003
ORD106026,2024-11-15,CUST3166,Premium,Home Decor,3,7655,19520.25,15.0,No,Non-Festival,Credit Card,6,2.9,No,16592.212499999998
ORD106027,2024-03-27,CUST9084,New,Home Decor,1,1262,769.8199999999999,39.0,Yes,Holi,COD,1,3.3,No,469.5901999999999
ORD106028,2024-08-04,CUST9186,Regular,Beauty,5,8917,24075.9,46.0,No,Non-Festival,COD,7,3.7,No,13000.986
ORD106029,2024-01-07,CUST5737,Regular,Home Decor,3,4702,8181.480000000001,42.0,No,Non-Festival,Wallet,7,3.1,No,4745.2584000000015
ORD106030,2024-10-04,CUST9001,New,Fashion,1,9774,7623.72,22.0,No,Non-Festival,Credit Card,5,3.7,No,5946.5016000000005
ORD106031,2024-12-02,CUST5997,Premium,Beauty,1,5181,5025.57,3.0,No,Non-Festival,Wallet,5,3.4,No,4874.8029
ORD106032,2024-07-28,CUST5894,New,Groceries,2,6812,10899.2,20.0,No,Non-Festival,UPI,5,3.9,No,8719.36
ORD106033,2024-06-17,CUST8635,Regular,Home Decor,1,5168,3979.36,23.0,No,Non-Festival,COD,1,3.6,No,3064.1072000000004
ORD106034,2024-11-25,CUST6894,Regular,Fashion,4,6266,14787.760000000002,41.0,No,Non-Festival,Credit Card,1,3.6,No,8724.778400000003
ORD106035,2024-05-17,CUST9761,Regular,Beauty,3,5600,12600.0,25.0,No,Non-Festival,COD,5,3.7,No,9450.0
ORD106036,2024-11-01,CUST7675,Regular,Fashion,4,5884,13886.240000000002,41.0,Yes,Diwali,Wallet,4,5.0,No,8192.881600000002
ORD106037,2024-08-17,CUST3429,Premium,Beauty,1,7038,6967.62,1.0,Yes,Independence Day,UPI,6,3.9,No,6897.9438
ORD106038,2024-11-03,CUST1740,Regular,Beauty,1,7553,4607.33,39.0,Yes,Diwali,Credit Card,2,4.3,No,2810.4712999999997
ORD106039,2024-06-09,CUST5693,Regular,Beauty,4,2187,8135.639999999999,7.0,No,Non-Festival,COD,7,3.5,No,7566.145199999999
ORD106040,2024-01-01,CUST2338,New,Groceries,2,4267,7851.280000000001,8.0,No,Non-Festival,UPI,5,3.8,No,7223.177600000001
ORD106041,2024-08-23,CUST1951,Regular,Beauty,1,5268,5215.32,1.0,No,Non-Festival,Wallet,4,4.8,No,5163.1668
ORD106042,2024-07-06,CUST1167,Premium,Beauty,4,4304,14977.92,13.0,No,Non-Festival,Wallet,2,4.4,No,13030.7904
ORD106043,2024-01-04,CUST1714,Regular,Fashion,4,9077,29409.480000000003,19.0,No,Non-Festival,COD,5,4.0,No,23821.678800000005
ORD106044,2024-05-11,CUST4013,New,Beauty,3,8006,23777.82,1.0,No,Non-Festival,COD,7,3.3,No,23540.0418
ORD106045,2024-08-05,CUST4377,Regular,Groceries,2,6854,13296.76,3.0,No,Non-Festival,Credit Card,2,3.1,No,12897.8572
ORD106046,2024-09-16,CUST4029,Premium,Fashion,5,3934,12982.2,34.0,No,Non-Festival,Wallet,5,3.1,Yes,8568.251999999999
ORD106047,2024-01-01,CUST8938,Regular,Beauty,4,7004,24373.92,13.0,No,Non-Festival,Credit Card,1,3.8,No,21205.3104
ORD106048,2024-03-11,CUST1666,Regular,Fashion,3,1441,3458.4,20.0,No,Non-Festival,COD,5,4.7,No,2766.7200000000003
ORD106049,2024-06-26,CUST6188,Premium,Groceries,5,3700,9805.0,47.0,No,Non-Festival,UPI,5,4.7,No,5196.650000000001
ORD106050,2024-07-07,CUST1120,Regular,Fashion,3,5930,15299.4,14.0,No,Non-Festival,Credit Card,5,4.4,Yes,13157.484
ORD106051,2024-10-17,CUST9217,Regular,Groceries,3,5730,10657.8,38.0,No,Non-Festival,Wallet,5,3.9,No,6607.835999999999
ORD106052,2024-01-08,CUST7492,New,Home Decor,2,3461,3530.2200000000003,49.0,No,Non-Festival,COD,4,3.1,No,1800.4122000000002
ORD106053,2024-09-09,CUST4803,New,Beauty,1,7464,6045.84,19.0,No,Non-Festival,COD,3,3.7,No,4897.1304
ORD106054,2024-10-18,CUST5414,Regular,Groceries,2,4043,7681.7,5.0,No,Non-Festival,Credit Card,4,4.2,No,7297.615
ORD106055,2024-08-31,CUST3331,Regular,Beauty,5,5025,18341.25,27.0,Yes,Raksha Bandhan,Credit Card,4,4.0,No,13389.1125
ORD106056,2024-05-02,CUST5255,Regular,Groceries,2,2181,2311.86,47.0,No,Non-Festival,COD,1,3.8,No,1225.2858
ORD106057,2024-10-25,CUST2779,Regular,Electronics,1,847,491.2600000000001,42.0,Yes,Diwali,Credit Card,5,3.6,No,284.9308000000001
ORD106058,2024-10-09,CUST5327,New,Electronics,2,4123,8163.54,1.0,No,Non-Festival,COD,4,4.4,No,8081.9046
ORD106059,2024-02-01,CUST9119,Premium,Electronics,2,2182,3185.72,27.0,No,Non-Festival,Wallet,2,4.6,No,2325.5755999999997
ORD106060,2024-11-29,CUST3700,Regular,Groceries,2,5455,7309.699999999999,25.0,No,Non-Festival,UPI,5,4.3,No,5482.275
ORD106061,2024-05-25,CUST6695,New,Beauty,4,2219,7722.12,13.0,No,Non-Festival,Credit Card,1,4.8,No,6718.2444
ORD106062,2024-06-04,CUST7374,Premium,Electronics,4,9214,33907.520000000004,8.0,No,Non-Festival,Wallet,6,4.4,No,31194.918400000006
ORD106063,2024-01-16,CUST7067,Premium,Beauty,2,4874,7603.44,22.0,No,Non-Festival,Wallet,6,3.6,No,5930.6831999999995
ORD106064,2024-12-20,CUST4900,Regular,Groceries,1,8271,4714.47,43.0,Yes,Christmas/New Year,Credit Card,1,4.0,No,2687.2479000000003
ORD106065,2024-02-16,CUST6695,Regular,Beauty,1,7180,4738.799999999999,34.0,No,Non-Festival,Wallet,7,3.8,No,3127.6079999999993
ORD106066,2024-09-07,CUST7896,Premium,Beauty,1,3032,2395.28,21.0,No,Non-Festival,COD,2,3.9,No,1892.2712000000001
ORD106067,2024-07-05,CUST4958,Regular,Electronics,1,9412,9035.52,4.0,No,Non-Festival,Credit Card,6,4.7,No,8674.0992
ORD106068,2024-01-31,CUST6091,Regular,Fashion,3,9473,17051.399999999998,40.0,No,Non-Festival,UPI,1,3.3,No,10230.839999999998
ORD106069,2024-09-16,CUST2914,Regular,Home Decor,2,7302,10514.88,28.0,No,Non-Festival,COD,6,2.5,No,7570.713599999999
ORD106070,2024-01-17,CUST2860,Regular,Groceries,2,6191,8172.119999999999,34.0,No,Non-Festival,,5,4.2,No,5393.599199999999
ORD106071,2024-02-08,CUST4949,Premium,Groceries,3,4408,6744.24,49.0,No,Non-Festival,Wallet,3,3.0,No,3439.5624
ORD106072,2024-10-30,CUST4806,Premium,Groceries,1,3875,2596.2499999999995,33.0,Yes,Diwali,UPI,3,2.9,No,1739.4874999999995
ORD106073,2024-02-08,CUST9623,Regular,Home Decor,5,1979,9598.15,3.0,No,Non-Festival,UPI,4,5.0,Yes,9310.2055
ORD106074,2024-05-11,CUST6885,Regular,Fashion,5,4896,13708.8,44.0,No,Non-Festival,Wallet,1,3.2,No,7676.928
ORD106075,2024-01-30,CUST2506,Premium,Beauty,3,4737,7389.72,48.0,Yes,Republic Day,,7,3.0,No,3842.6544000000004
ORD106076,2024-06-06,CUST8425,Regular,Groceries,5,8619,39647.4,8.0,No,Non-Festival,UPI,5,3.0,No,36475.608
ORD106077,2024-10-04,CUST4491,Premium,Beauty,4,1073,3734.04,13.0,No,Non-Festival,Wallet,2,3.5,No,3248.6148
ORD106078,2024-07-21,CUST8343,Premium,Electronics,2,4966,5561.920000000001,44.0,No,Non-Festival,COD,2,3.5,No,3114.675200000001
ORD106079,2024-03-06,CUST6193,Regular,Electronics,5,3628,17414.399999999998,4.0,No,Non-Festival,Credit Card,5,4.1,No,16717.823999999997
ORD106080,2024-04-17,CUST2705,Premium,Electronics,4,9683,19753.32,49.0,No,Non-Festival,Wallet,5,2.8,No,10074.1932
ORD106081,2024-09-24,CUST4032,Premium,Groceries,2,5804,6268.320000000001,46.0,No,Non-Festival,UPI,2,4.1,No,3384.8928000000005
ORD106082,2024-08-09,CUST7857,Regular,Home Decor,4,9419,27880.24,26.0,No,Non-Festival,UPI,1,3.6,No,20631.3776
ORD106083,2024-10-18,CUST5160,Regular,Groceries,2,3749,6748.2,10.0,No,Non-Festival,COD,6,3.0,No,6073.38
ORD106084,2024-01-18,CUST9339,New,Electronics,2,8512,12087.04,29.0,No,Non-Festival,Wallet,4,4.4,Yes,8581.7984
ORD106085,2024-03-30,CUST2450,Regular,Electronics,5,9133,29225.6,36.0,Yes,Holi,Wallet,4,3.7,No,18704.384
ORD106086,2024-06-29,CUST9629,New,Groceries,3,4081,7590.66,38.0,No,Non-Festival,UPI,4,4.3,No,4706.2092
ORD106087,2024-09-11,CUST6022,Premium,Home Decor,5,9901,33168.35,33.0,No,Non-Festival,Wallet,5,4.8,No,22222.794499999996
ORD106088,2024-09-09,CUST9101,Regular,Home Decor,1,9634,7418.18,23.0,No,Non-Festival,UPI,2,3.4,No,5711.998600000001
ORD106089,2024-09-13,CUST8308,Regular,Beauty,4,4989,16962.6,15.0,No,Non-Festival,UPI,7,4.7,No,14418.21
ORD106090,2024-12-11,CUST8985,Regular,Fashion,1,7645,5427.95,29.0,No,Non-Festival,UPI,7,3.0,No,3853.8444999999997
ORD106091,2024-03-27,CUST6370,Regular,Electronics,2,4552,7010.08,23.0,Yes,Holi,Credit Card,2,3.1,No,5397.7616
ORD106092,2024-03-30,CUST1557,Premium,Home Decor,5,7671,37587.9,2.0,Yes,Holi,UPI,2,4.2,No,36836.142
ORD106093,2024-08-24,CUST8918,New,Electronics,1,7259,5226.48,28.0,No,Non-Festival,COD,6,2.8,No,3763.0655999999994
ORD106094,2024-03-10,CUST2524,New,Fashion,1,5849,3450.9100000000003,41.0,No,Non-Festival,Wallet,2,3.6,No,2036.0369000000005
ORD106095,2024-02-13,CUST3219,Regular,Electronics,1,5208,4635.12,11.0,No,Non-Festival,Credit Card,2,3.0,No,4125.2568
ORD106096,2024-07-18,CUST7962,New,Home Decor,2,7517,11125.16,26.0,No,Non-Festival,Wallet,3,3.9,No,8232.6184
ORD106097,2024-05-31,CUST4554,New,Beauty,2,8985,12938.4,28.0,No,Non-Festival,COD,6,4.5,No,9315.648
ORD106098,2024-03-26,CUST9364,New,Groceries,2,1233,2441.34,1.0,Yes,Holi,Credit Card,5,2.6,No,2416.9266000000002
ORD106099,2024-01-19,CUST8298,Regular,Groceries,1,411,295.92,28.0,No,Non-Festival,Wallet,7,3.5,No,213.0624
ORD106100,2024-04-10,CUST3448,Premium,Home Decor,4,6257,15267.08,39.0,No,Non-Festival,Credit Card,6,4.3,No,9312.9188
ORD106101,2024-04-04,CUST8326,Premium,Home Decor,5,9797,45066.2,8.0,No,Non-Festival,UPI,5,3.4,No,41460.904
ORD106102,2024-09-10,CUST6037,Regular,Fashion,5,5708,16267.8,43.0,No,Non-Festival,UPI,3,2.6,No,9272.646
ORD106103,2024-12-22,CUST6156,New,Electronics,2,5217,7616.82,27.0,Yes,Christmas/New Year,Wallet,4,4.0,No,5560.2786
ORD106104,2024-01-30,CUST8631,Regular,Fashion,1,8322,5326.08,36.0,Yes,Republic Day,COD,1,2.8,No,3408.6912
ORD106105,2024-09-05,CUST5669,Regular,Groceries,4,8325,25974.0,22.0,No,Non-Festival,Credit Card,6,3.4,No,20259.72
ORD106106,2024-02-02,CUST9475,New,Electronics,3,6679,17632.56,12.0,No,Non-Festival,Credit Card,5,5.0,Yes,15516.652800000002
ORD106107,2024-08-16,CUST8963,Regular,Fashion,2,9313,17880.96,4.0,Yes,Independence Day,Wallet,5,3.5,No,17165.721599999997
ORD106108,2024-01-12,CUST9343,New,Groceries,3,4262,8822.34,31.0,No,Non-Festival,UPI,3,3.8,No,6087.4146
ORD106109,2024-04-27,CUST5608,Premium,Electronics,5,7548,27550.2,27.0,No,Non-Festival,Credit Card,5,4.6,No,20111.646
ORD106110,2024-12-15,CUST1704,Regular,Beauty,5,8142,35010.6,14.0,No,Non-Festival,UPI,5,3.2,No,30109.115999999998
ORD106111,2024-06-03,CUST7198,Regular,Beauty,4,8145,25086.6,23.0,No,Non-Festival,UPI,4,4.0,No,19316.682
ORD106112,2024-09-02,CUST8258,Premium,Fashion,4,3438,9488.88,31.0,No,Non-Festival,COD,3,4.9,No,6547.327199999999
ORD106113,2024-11-27,CUST2929,Premium,Home Decor,3,1693,4063.2,20.0,No,Non-Festival,UPI,6,4.0,No,3250.56
ORD106114,2024-09-03,CUST4137,New,Electronics,5,1777,8529.6,4.0,No,Non-Festival,UPI,5,4.5,No,8188.416
ORD106115,2024-01-29,CUST5504,New,Fashion,4,1797,4600.32,36.0,Yes,Republic Day,Credit Card,2,3.7,No,2944.2048
ORD106116,2024-06-09,CUST3908,Regular,Home Decor,4,2628,6832.8,35.0,No,Non-Festival,COD,3,3.8,Yes,4441.320000000001
ORD106117,2024-08-22,CUST2481,Regular,Home Decor,5,512,1868.8,27.0,No,Non-Festival,COD,4,2.6,No,1364.224
ORD106118,2024-07-08,CUST9127,New,Electronics,5,6886,23756.7,31.0,No,Non-Festival,Wallet,6,4.5,No,16392.123
ORD106119,2024-04-26,CUST9576,Premium,Electronics,1,4275,3334.5,22.0,No,Non-Festival,Wallet,1,4.2,No,2600.9100000000003
ORD106120,2024-09-27,CUST2807,Regular,Home Decor,4,203,690.1999999999999,15.0,No,Non-Festival,Wallet,5,3.4,No,586.67
ORD106121,2024-09-14,CUST7686,New,Groceries,3,7261,11109.33,49.0,No,Non-Festival,COD,2,3.5,No,5665.7583
ORD106122,2024-06-28,CUST2076,New,Fashion,2,9277,16884.14,9.0,No,Non-Festival,UPI,2,3.3,Yes,15364.5674
ORD106123,2024-06-20,CUST5031,Premium,Electronics,2,5418,7801.92,28.0,No,Non-Festival,COD,1,3.8,No,5617.3823999999995
ORD106124,2024-09-30,CUST3678,Regular,Home Decor,5,391,1446.7,26.0,No,Non-Festival,UPI,3,2.8,Yes,1070.558
ORD106125,2024-09-15,CUST8642,Premium,Groceries,3,2580,5108.4,34.0,No,Non-Festival,Wallet,4,4.6,No,3371.5439999999994
ORD106126,2024-05-14,CUST8462,Premium,Beauty,1,1435,846.6500000000001,41.0,No,Non-Festival,Wallet,5,3.7,No,499.5235000000001
ORD106127,2024-06-19,CUST2302,New,Home Decor,4,7962,17834.88,44.0,No,Non-Festival,UPI,5,2.6,No,9987.5328
ORD106128,2024-07-28,CUST2276,New,Groceries,1,8131,6260.87,23.0,No,Non-Festival,UPI,6,3.9,Yes,4820.8699
ORD106129,2024-08-23,CUST8075,Premium,Beauty,3,2603,6091.02,22.0,No,Non-Festival,Wallet,5,4.8,No,4750.9956
ORD106130,2024-07-04,CUST4049,Premium,Groceries,1,6221,6096.58,2.0,No,Non-Festival,UPI,2,2.7,No,5974.6484
ORD106131,2024-12-29,CUST5296,New,Electronics,5,7620,24765.0,35.0,Yes,Christmas/New Year,COD,3,2.8,No,16097.25
ORD106132,2024-04-04,CUST9272,Regular,Home Decor,2,6934,7766.080000000001,44.0,No,Non-Festival,Wallet,1,3.5,No,4349.004800000001
ORD106133,2024-01-11,CUST1429,Regular,Beauty,5,8653,37640.55,13.0,No,Non-Festival,COD,3,3.8,No,32747.278500000004
ORD106134,2024-03-08,CUST7780,New,Groceries,4,2569,9967.72,3.0,No,Non-Festival,Wallet,4,4.0,No,9668.6884
ORD106135,2024-07-28,CUST3464,Regular,Beauty,5,2667,7600.950000000001,43.0,No,Non-Festival,Credit Card,4,3.6,No,4332.541500000001
ORD106136,2024-07-14,CUST1695,Regular,Fashion,3,4627,7356.93,47.0,No,Non-Festival,COD,7,5.0,No,3899.1729000000005
ORD106137,2024-04-07,CUST1882,Regular,Home Decor,3,1459,2582.4300000000003,41.0,No,Non-Festival,Credit Card,1,3.0,No,1523.6337000000003
ORD106138,2024-04-02,CUST5877,Regular,Electronics,4,2254,6221.04,31.0,No,Non-Festival,Wallet,2,4.6,No,4292.517599999999
ORD106139,2024-01-22,CUST2213,Regular,Beauty,4,733,2374.92,19.0,Yes,Republic Day,COD,6,2.8,No,1923.6852000000001
ORD106140,2024-06-20,CUST2388,Regular,Groceries,2,2319,3895.92,16.0,No,Non-Festival,COD,1,2.9,No,3272.5728
ORD106141,2024-05-13,CUST6914,New,Beauty,1,1723,1240.56,28.0,No,Non-Festival,COD,6,3.2,No,893.2031999999999
ORD106142,2024-01-25,CUST8728,Premium,Groceries,2,3657,4534.68,38.0,Yes,Republic Day,UPI,4,4.7,No,2811.5016
ORD106143,2024-07-03,CUST5054,Premium,Beauty,5,2789,9622.05,31.0,No,Non-Festival,COD,2,3.6,No,6639.214499999999
ORD106144,2024-03-25,CUST1410,Regular,Electronics,1,4619,4480.43,3.0,Yes,Holi,COD,3,3.5,Yes,4346.0171
ORD106145,2024-02-24,CUST4640,Premium,Electronics,4,7292,22459.36,23.0,No,Non-Festival,Credit Card,4,3.7,No,17293.7072
ORD106146,2024-09-07,CUST5647,Premium,Home Decor,3,6944,11874.240000000002,43.0,No,Non-Festival,COD,2,4.1,No,6768.316800000001
ORD106147,2024-05-23,CUST4104,Premium,Electronics,5,2140,6313.000000000001,41.0,No,Non-Festival,UPI,2,3.6,No,3724.670000000001
ORD106148,2024-12-16,CUST4960,Regular,Beauty,2,3936,7793.28,1.0,No,Non-Festival,COD,5,4.9,No,7715.347199999999
ORD106149,2024-06-15,CUST6886,Regular,Beauty,4,272,946.56,13.0,No,Non-Festival,Credit Card,3,3.8,No,823.5071999999999
ORD106150,2024-08-11,CUST6508,New,Electronics,1,3087,1883.07,39.0,Yes,Independence Day,COD,2,3.7,No,1148.6726999999998
ORD106151,2024-08-07,CUST3352,Premium,Fashion,1,5557,3278.630000000001,41.0,No,Non-Festival,COD,1,3.5,No,1934.3917000000008
ORD106152,2024-06-27,CUST8685,Premium,Beauty,3,9379,17726.31,37.0,No,Non-Festival,Credit Card,6,4.2,No,11167.5753
ORD106153,2024-04-28,CUST1704,Premium,Home Decor,4,1545,4140.599999999999,33.0,No,Non-Festival,Wallet,7,4.9,No,2774.2019999999993
ORD106154,2024-09-21,CUST4390,Regular,Fashion,4,9423,20730.6,45.0,No,Non-Festival,COD,3,3.2,No,11401.83
ORD106155,2024-05-29,CUST8673,Premium,Electronics,5,2206,6397.400000000001,42.0,No,Non-Festival,Wallet,3,4.9,No,3710.4920000000006
ORD106156,2024-08-02,CUST8628,Regular,Groceries,5,9622,47628.9,1.0,No,Non-Festival,Credit Card,7,4.6,No,47152.611000000004
ORD106157,2024-07-15,CUST6148,Premium,Beauty,1,8802,5721.3,35.0,No,Non-Festival,Credit Card,4,4.5,No,3718.8450000000003
ORD106158,2024-02-11,CUST9898,New,Groceries,2,2019,3836.1,5.0,No,Non-Festival,Wallet,3,2.7,No,3644.2949999999996
ORD106159,2024-02-22,CUST5587,Premium,Home Decor,1,6994,4546.1,35.0,No,Non-Festival,UPI,3,4.9,No,2954.965
ORD106160,2024-11-25,CUST4347,Regular,Fashion,5,7413,29281.35,21.0,No,Non-Festival,UPI,5,4.6,No,23132.2665
ORD106161,2024-09-07,CUST2885,Regular,Groceries,5,3292,15801.6,4.0,No,Non-Festival,Credit Card,3,4.2,No,15169.536
ORD106162,2024-10-21,CUST3237,Premium,Home Decor,5,5489,17290.35,37.0,Yes,Diwali,UPI,6,2.8,No,10892.920499999998
ORD106163,2024-09-27,CUST1388,New,Groceries,1,2791,1674.6,40.0,No,Non-Festival,UPI,6,3.6,No,1004.7599999999999
ORD106164,2024-05-02,CUST5005,Premium,Groceries,4,7783,24594.28,21.0,No,Non-Festival,Credit Card,6,4.6,No,19429.4812
ORD106165,2024-12-04,CUST8664,Premium,Home Decor,2,2702,2864.1200000000003,47.0,No,Non-Festival,COD,2,3.6,No,1517.9836000000003
ORD106166,2024-09-22,CUST2601,Regular,Beauty,2,9053,16295.4,10.0,No,Non-Festival,COD,7,3.6,No,14665.86
ORD106167,2024-12-13,CUST8167,Premium,Groceries,5,9621,27900.900000000005,42.0,No,Non-Festival,COD,7,3.2,No,16182.522000000004
ORD106168,2024-01-29,CUST5062,Premium,Home Decor,3,9748,20470.8,30.0,Yes,Republic Day,UPI,1,2.6,Yes,14329.56
ORD106169,2024-02-04,CUST5980,New,Groceries,1,3292,1942.28,41.0,No,Non-Festival,Wallet,7,3.8,No,1145.9452
ORD106170,2024-01-06,CUST1712,Regular,Beauty,4,7261,20911.68,28.0,No,Non-Festival,UPI,6,4.4,No,15056.409599999999
ORD106171,2024-04-20,CUST1689,Premium,Home Decor,5,1873,6368.2,32.0,No,Non-Festival,COD,5,2.9,No,4330.375999999999
ORD106172,2024-10-20,CUST2900,Regular,Groceries,3,9480,22467.6,21.0,Yes,Diwali,Credit Card,5,4.7,No,17749.404
ORD106173,2024-03-17,CUST9275,Premium,Electronics,5,6202,16125.2,48.0,No,Non-Festival,Credit Card,5,3.9,No,8385.104000000001
ORD106174,2024-12-14,CUST7671,New,Beauty,3,7508,16667.76,26.0,No,Non-Festival,Credit Card,5,4.5,No,12334.142399999999
ORD106175,2024-05-26,CUST3201,Regular,Groceries,2,6859,12757.74,7.0,No,Non-Festival,,4,4.2,No,11864.698199999999
ORD106176,2024-03-07,CUST4058,Regular,Fashion,3,699,1111.41,47.0,No,Non-Festival,Wallet,7,2.8,No,589.0473000000001
ORD106177,2024-01-08,CUST5505,Premium,Home Decor,2,525,997.5,5.0,No,Non-Festival,COD,5,4.8,No,947.625
ORD106178,2024-05-01,CUST4878,Premium,Groceries,2,6233,6856.3,45.0,No,Non-Festival,Credit Card,4,4.3,No,3770.9650000000006
ORD106179,2024-12-05,CUST1369,Regular,Beauty,1,1087,826.12,24.0,No,Non-Festival,COD,4,2.6,No,627.8512000000001
ORD106180,2024-06-23,CUST9789,Regular,Beauty,3,9387,18867.87,33.0,No,Non-Festival,COD,3,4.0,No,12641.472899999999
ORD106181,2024-06-27,CUST2783,Premium,Fashion,4,3873,14252.64,8.0,No,Non-Festival,UPI,1,3.8,No,13112.4288
ORD106182,2024-03-25,CUST2330,New,Fashion,4,8135,21151.0,35.0,Yes,Holi,Credit Card,3,4.6,No,13748.15
ORD106183,2024-02-14,CUST3430,Regular,Groceries,3,1128,2368.8,30.0,No,Non-Festival,UPI,4,2.8,No,1658.16
ORD106184,2024-05-15,CUST5383,New,Electronics,1,4603,3774.460000000001,18.0,No,Non-Festival,COD,3,4.0,No,3095.057200000001
ORD106185,2024-12-08,CUST2589,Regular,Beauty,4,5626,11702.08,48.0,No,Non-Festival,COD,2,3.3,No,6085.0816
ORD106186,2024-01-16,CUST7789,Regular,Electronics,5,8190,40950.0,0.0,No,Non-Festival,COD,7,3.1,No,40950.0
ORD106187,2024-11-28,CUST4414,Regular,Electronics,4,824,2537.92,23.0,No,Non-Festival,Credit Card,5,2.6,No,1954.1984
ORD106188,2024-07-13,CUST1116,New,Groceries,1,4544,3044.48,33.0,No,Non-Festival,Credit Card,5,3.3,No,2039.8015999999998
ORD106189,2024-01-09,CUST6766,Regular,Home Decor,2,2571,4319.28,25.0,No,Non-Festival,Credit Card,7,3.5,No,3239.46
ORD106190,2024-11-11,CUST3981,Premium,Home Decor,2,4899,6564.659999999999,33.0,No,Non-Festival,COD,7,3.6,No,4398.322199999999
ORD106191,2024-11-29,CUST3746,Regular,Home Decor,2,8450,11153.999999999998,34.0,No,Non-Festival,COD,4,4.3,No,7361.639999999998
ORD106192,2024-11-28,CUST6827,New,Fashion,1,5316,3455.4,35.0,No,Non-Festival,Wallet,3,3.5,No,2246.01
ORD106193,2024-11-22,CUST2859,New,Beauty,2,6437,11329.12,12.0,No,Non-Festival,Credit Card,7,3.0,No,9969.625600000001
ORD106194,2024-01-15,CUST4268,Premium,Fashion,2,9669,14696.88,24.0,No,Non-Festival,COD,2,3.5,No,11169.6288
ORD106195,2024-11-22,CUST8230,New,Beauty,1,9078,8079.42,11.0,No,Non-Festival,COD,2,2.7,No,7190.6838
ORD106196,2024-04-11,CUST6446,Premium,Beauty,5,7827,31308.0,20.0,No,Non-Festival,Wallet,6,4.9,Yes,25046.4
ORD106197,2024-08-13,CUST1343,New,Beauty,4,4810,12313.6,36.0,Yes,Independence Day,Wallet,2,2.7,Yes,7880.704000000001
ORD106198,2024-10-04,CUST4644,Regular,Groceries,1,732,402.6,45.0,No,Non-Festival,COD,4,3.0,Yes,221.43000000000004
ORD106199,2024-04-22,CUST1731,Regular,Home Decor,1,4697,2959.11,37.0,No,Non-Festival,Credit Card,6,3.6,No,1864.2393000000002
ORD106200,2024-01-01,CUST8310,Premium,Fashion,3,4052,12156.0,0.0,No,Non-Festival,UPI,3,4.8,No,12156.0
ORD106201,2024-09-22,CUST4480,Regular,Fashion,2,3604,3820.24,47.0,No,Non-Festival,UPI,2,2.9,No,2024.7272
ORD106202,2024-07-26,CUST3223,Regular,Groceries,5,2968,14098.0,5.0,No,Non-Festival,UPI,2,3.5,No,13393.099999999999
ORD106203,2024-04-19,CUST6436,Premium,Beauty,3,2855,4796.400000000001,44.0,No,Non-Festival,Credit Card,3,3.8,No,2685.9840000000004
ORD106204,2024-07-18,CUST5870,Regular,Home Decor,5,2340,6552.000000000001,44.0,No,Non-Festival,COD,3,4.0,No,3669.120000000001
ORD106205,2024-11-01,CUST8742,Premium,Electronics,2,7924,14263.2,10.0,Yes,Diwali,UPI,5,4.0,No,12836.880000000001
ORD106206,2024-01-12,CUST6553,Regular,Electronics,2,773,1314.1,15.0,No,Non-Festival,UPI,1,4.9,No,1116.985
ORD106207,2024-12-10,CUST6867,New,Groceries,2,1765,2788.7000000000003,21.0,No,Non-Festival,Credit Card,1,3.8,No,2203.0730000000003
ORD106208,2024-07-06,CUST1852,New,Home Decor,4,636,1399.2,45.0,No,Non-Festival,COD,2,2.5,No,769.5600000000001
ORD106209,2024-06-02,CUST4121,New,Electronics,5,3789,17050.5,10.0,No,Non-Festival,COD,3,2.6,No,15345.45
ORD106210,2024-11-29,CUST7781,Regular,Electronics,5,1598,5113.6,36.0,No,Non-Festival,Credit Card,5,4.2,No,3272.704
ORD106211,2024-10-05,CUST5372,Premium,Fashion,3,9946,22378.5,25.0,No,Non-Festival,UPI,4,3.0,No,16783.875
ORD106212,2024-06-19,CUST9936,New,Home Decor,1,7891,5918.25,25.0,No,Non-Festival,COD,1,3.7,No,4438.6875
ORD106213,2024-05-13,CUST6659,New,Electronics,2,3466,4089.880000000001,41.0,No,Non-Festival,COD,6,3.9,No,2413.029200000001
ORD106214,2024-01-25,CUST8841,Premium,Fashion,2,6608,10572.8,20.0,Yes,Republic Day,UPI,1,4.2,No,8458.24
ORD106215,2024-01-18,CUST6573,Regular,Home Decor,3,3697,8318.25,25.0,No,Non-Festival,,3,2.7,No,6238.6875
ORD106216,2024-07-08,CUST8847,Premium,Beauty,5,5156,22170.8,14.0,No,Non-Festival,UPI,7,4.4,No,19066.888
ORD106217,2024-05-20,CUST8403,Premium,Home Decor,4,2174,5391.52,38.0,No,Non-Festival,Wallet,4,4.8,No,3342.7424
ORD106218,2024-02-12,CUST5982,Regular,Groceries,5,9258,30551.4,34.0,No,Non-Festival,COD,1,3.1,No,20163.924
ORD106219,2024-11-29,CUST6005,Premium,Fashion,4,9445,34002.0,10.0,No,Non-Festival,Credit Card,7,3.5,No,30601.8
ORD106220,2024-10-10,CUST1283,New,Beauty,4,5610,20644.8,8.0,No,Non-Festival,UPI,5,4.4,No,18993.216
ORD106221,2024-05-25,CUST3226,Premium,Fashion,5,7942,23428.9,41.0,No,Non-Festival,UPI,1,3.1,No,13823.051000000003
ORD106222,2024-11-10,CUST2195,Regular,Fashion,2,2734,4265.04,22.0,Yes,Diwali,Credit Card,3,3.9,No,3326.7312
ORD106223,2024-11-14,CUST2284,Premium,Electronics,4,7773,30159.24,3.0,No,Non-Festival,COD,3,4.1,No,29254.4628
ORD106224,2024-04-01,CUST5291,New,Home Decor,3,8419,17932.469999999998,29.0,No,Non-Festival,Credit Card,6,4.7,No,12732.053699999997
ORD106225,2024-06-27,CUST5850,Premium,Fashion,3,3417,7483.23,27.0,No,Non-Festival,Wallet,6,3.4,No,5462.7579
ORD106226,2024-02-25,CUST6441,Premium,Fashion,4,2535,7706.4,24.0,No,Non-Festival,Credit Card,4,3.7,No,5856.864
ORD106227,2024-06-03,CUST1228,Premium,Groceries,2,4876,7704.08,25.0,No,Non-Festival,Wallet,1,3.0,No,5778.0599999999995
ORD106228,2024-06-08,CUST8831,Premium,Groceries,4,6595,20048.8,24.0,No,Non-Festival,COD,4,3.3,No,15237.088
ORD106229,2024-04-20,CUST2246,Premium,Groceries,3,7529,16940.25,25.0,No,Non-Festival,UPI,7,2.7,No,12705.1875
ORD106230,2024-05-16,CUST6337,Regular,Fashion,3,2357,3606.21,49.0,No,Non-Festival,Wallet,1,3.0,No,1839.1671000000001
ORD106231,2024-08-19,CUST4845,Regular,Beauty,5,2891,10407.6,28.0,Yes,Independence Day,Wallet,2,3.4,No,7493.472
ORD106232,2024-08-07,CUST8738,Regular,Home Decor,2,6741,7415.1,45.0,No,Non-Festival,Credit Card,1,3.6,No,4078.3050000000007
ORD106233,2024-03-08,CUST8456,Regular,Fashion,5,3542,10626.0,40.0,No,Non-Festival,Credit Card,3,4.3,No,6375.599999999999
ORD106234,2024-10-28,CUST9965,Regular,Electronics,1,1755,1210.9499999999998,31.0,Yes,Diwali,UPI,3,3.6,No,835.5554999999998
ORD106235,2024-09-05,CUST3131,Regular,Beauty,4,475,1425.0,25.0,No,Non-Festival,COD,2,2.6,No,1068.75
ORD106236,2024-11-18,CUST2684,New,Beauty,5,2936,10716.4,27.0,No,Non-Festival,Wallet,1,4.4,No,7822.972
ORD106237,2024-01-06,CUST8977,Regular,Home Decor,2,9739,15777.18,19.0,No,Non-Festival,UPI,1,3.8,No,12779.515800000001
ORD106238,2024-10-06,CUST8281,Regular,Beauty,4,3289,6972.68,47.0,No,Non-Festival,Wallet,3,4.8,No,3695.5204000000003
ORD106239,2024-04-03,CUST8697,Regular,Home Decor,4,7778,30800.88,1.0,No,Non-Festival,UPI,2,4.1,No,30492.8712
ORD106240,2024-09-25,CUST6712,Premium,Beauty,4,8168,25484.16,22.0,No,Non-Festival,Credit Card,3,3.8,No,19877.644800000002
ORD106241,2024-07-15,CUST1273,Regular,Home Decor,4,2372,5882.56,38.0,No,Non-Festival,Credit Card,7,3.2,No,3647.1872000000003
ORD106242,2024-01-25,CUST2497,Regular,Groceries,4,352,1351.6799999999998,4.0,Yes,Republic Day,COD,2,3.1,No,1297.6127999999999
ORD106243,2024-05-27,CUST4395,Regular,Groceries,2,1804,2886.4,20.0,No,Non-Festival,Credit Card,3,3.1,No,2309.1200000000003
ORD106244,2024-04-27,CUST4113,New,Beauty,1,7001,5530.79,21.0,No,Non-Festival,UPI,5,3.5,No,4369.3241
ORD106245,2024-12-03,CUST6966,New,Beauty,3,7924,12361.44,48.0,No,Non-Festival,Wallet,1,2.9,No,6427.9488
ORD106246,2024-12-03,CUST1475,New,Home Decor,1,2026,1823.4,10.0,No,Non-Festival,UPI,4,4.6,No,1641.0600000000002
ORD106247,2024-03-06,CUST9589,Regular,Home Decor,3,8638,18398.94,25.0,No,Non-Festival,COD,5,4.5,No,13799.204999999998
ORD106248,2024-10-27,CUST9485,Premium,Fashion,5,5709,20837.85,27.0,Yes,Diwali,Credit Card,3,4.3,No,15211.6305
ORD106249,2024-06-23,CUST6174,Premium,Groceries,4,1570,4082.0,35.0,No,Non-Festival,Credit Card,2,2.6,No,2653.3
ORD106250,2024-11-14,CUST6472,Regular,Fashion,5,5522,23192.4,16.0,No,Non-Festival,Wallet,4,2.7,No,19481.616
ORD106251,2024-03-16,CUST6239,Regular,Fashion,5,5328,21312.0,20.0,No,Non-Festival,COD,2,4.1,Yes,17049.600000000002
ORD106252,2024-04-23,CUST5482,Regular,Electronics,3,6011,11541.12,36.0,No,Non-Festival,COD,6,4.4,No,7386.3168000000005
ORD106253,2024-04-20,CUST3639,Premium,Home Decor,2,1891,2458.3,35.0,No,Non-Festival,Credit Card,2,2.6,No,1597.8950000000002
ORD106254,2024-09-05,CUST6750,Regular,Electronics,4,6874,20896.96,24.0,No,Non-Festival,COD,6,3.2,No,15881.6896
ORD106255,2024-07-21,CUST9920,Regular,Electronics,5,3590,13821.5,23.0,No,Non-Festival,UPI,7,2.8,Yes,10642.555
ORD106256,2024-05-26,CUST9602,Regular,Fashion,1,2598,1844.58,29.0,No,Non-Festival,COD,6,3.1,No,1309.6517999999999
ORD106257,2024-02-04,CUST5515,Premium,Electronics,4,236,556.96,41.0,No,Non-Festival,UPI,1,3.8,No,328.60640000000006
ORD106258,2024-11-04,CUST1836,New,Home Decor,2,1827,2411.64,34.0,Yes,Diwali,UPI,3,2.8,No,1591.6823999999997
ORD106259,2024-01-26,CUST8518,Premium,Fashion,4,2539,8124.8,20.0,Yes,,UPI,1,3.1,No,6499.84
ORD106260,2024-08-25,CUST2209,Premium,Home Decor,5,6360,30210.0,5.0,Yes,Raksha Bandhan,Credit Card,6,3.9,No,28699.5
ORD106261,2024-01-14,CUST2140,Premium,Beauty,1,1571,1256.8000000000002,20.0,No,Non-Festival,UPI,2,3.8,No,1005.4400000000002
ORD106262,2024-02-14,CUST4049,Regular,Electronics,5,876,4073.4,7.0,No,Non-Festival,Wallet,1,4.6,No,3788.2619999999997
ORD106263,2024-08-03,CUST7107,Regular,Fashion,2,5272,10122.24,4.0,No,Non-Festival,COD,5,2.9,No,9717.3504
ORD106264,2024-08-20,CUST7023,New,Groceries,3,452,827.16,39.0,Yes,Independence Day,UPI,7,3.4,No,504.56759999999997
ORD106265,2024-07-11,CUST8621,New,Home Decor,1,3064,2788.24,9.0,No,Non-Festival,Wallet,6,4.8,No,2537.2983999999997
ORD106266,2024-02-20,CUST3066,Premium,Electronics,2,1816,2542.4,30.0,No,Non-Festival,Credit Card,2,4.5,No,1779.68
ORD106267,2024-08-01,CUST7578,Regular,Home Decor,2,2431,3452.02,29.0,No,Non-Festival,Credit Card,2,4.0,No,2450.9341999999997
ORD106268,2024-05-30,CUST7151,Regular,Home Decor,5,6633,26532.0,20.0,No,Non-Festival,Credit Card,5,4.4,No,21225.600000000002
ORD106269,2024-10-01,CUST9486,Regular,Beauty,5,960,3120.0,35.0,No,Non-Festival,Credit Card,2,3.6,No,2028.0
ORD106270,2024-12-03,CUST9715,New,Home Decor,5,3486,12898.2,26.0,No,Non-Festival,COD,4,4.8,No,9544.668
ORD106271,2024-03-16,CUST9666,Premium,Beauty,3,6501,12286.89,37.0,No,Non-Festival,Credit Card,4,4.0,No,7740.740699999999
ORD106272,2024-08-07,CUST6261,New,Beauty,4,7266,19182.24,34.0,No,Non-Festival,COD,3,4.2,No,12660.2784
ORD106273,2024-12-13,CUST5845,Premium,Beauty,4,7034,19413.84,31.0,No,Non-Festival,Wallet,3,4.1,No,13395.549599999998
ORD106274,2024-07-05,CUST9339,Regular,Electronics,5,592,2220.0,25.0,No,Non-Festival,Credit Card,1,4.2,No,1665.0
ORD106275,2024-10-15,CUST4203,Regular,Home Decor,5,8822,42786.7,3.0,No,Non-Festival,Credit Card,1,4.1,No,41503.098999999995
ORD106276,2024-01-28,CUST3392,Regular,Home Decor,3,1196,2655.12,26.0,Yes,Republic Day,,7,2.7,No,1964.7887999999998
ORD106277,2024-06-28,CUST1049,Premium,Beauty,4,7348,19104.8,35.0,No,Non-Festival,Wallet,5,4.0,No,12418.12
ORD106278,2024-09-09,CUST4351,Regular,Home Decor,3,9483,18207.36,36.0,No,Non-Festival,COD,5,4.5,No,11652.7104
ORD106279,2024-05-05,CUST7347,Premium,Home Decor,2,1300,1924.0,26.0,No,Non-Festival,UPI,6,2.5,No,1423.76
ORD106280,2024-06-25,CUST9752,Premium,Beauty,4,8493,18344.88,46.0,No,Non-Festival,COD,7,4.7,No,9906.235200000001
ORD106281,2024-02-06,CUST8976,Regular,Groceries,5,9284,24602.6,47.0,No,Non-Festival,UPI,2,4.9,Yes,13039.378
ORD106282,2024-04-08,CUST9640,Regular,Groceries,1,2460,2337.0,5.0,No,Non-Festival,COD,3,2.8,No,2220.15
ORD106283,2024-04-07,CUST1124,Regular,Beauty,2,2380,3950.8,17.0,No,Non-Festival,UPI,6,3.8,No,3279.164
ORD106284,2024-05-06,CUST9231,Premium,Electronics,1,5516,4137.0,25.0,No,Non-Festival,Credit Card,3,2.8,No,3102.75
ORD106285,2024-06-16,CUST5154,Regular,Home Decor,3,1980,3385.8,43.0,No,Non-Festival,UPI,3,3.2,No,1929.9060000000004
ORD106286,2024-03-20,CUST6404,Regular,Home Decor,3,6633,15322.23,23.0,Yes,Holi,Wallet,3,4.1,No,11798.1171
ORD106287,2024-10-20,CUST2742,New,Groceries,3,9671,27272.22,6.0,Yes,Diwali,Wallet,1,3.3,No,25635.8868
ORD106288,2024-11-28,CUST2099,Premium,Beauty,5,4208,11992.8,43.0,No,Non-Festival,UPI,4,3.4,No,6835.896000000001
ORD106289,2024-05-05,CUST3449,Premium,Electronics,3,7573,19765.53,13.0,No,Non-Festival,Credit Card,6,4.4,No,17196.0111
ORD106290,2024-12-08,CUST5085,Premium,Beauty,1,3486,3067.68,12.0,No,Non-Festival,Credit Card,5,3.9,No,2699.5584
ORD106291,2024-11-05,CUST6417,New,Groceries,2,4717,7075.5,25.0,Yes,Diwali,UPI,5,3.8,No,5306.625
ORD106292,2024-05-29,CUST6868,Premium,Groceries,5,2828,8201.2,42.0,No,Non-Festival,UPI,3,3.3,No,4756.696000000001
ORD106293,2024-01-16,CUST4070,Regular,Home Decor,2,738,856.0800000000002,42.0,No,Non-Festival,Wallet,3,4.3,No,496.52640000000014
ORD106294,2024-01-28,CUST1746,Regular,Fashion,3,1980,5880.6,1.0,Yes,Republic Day,Wallet,1,3.6,No,5821.794
ORD106295,2024-06-21,CUST3723,Premium,Electronics,4,6805,14971.000000000002,45.0,No,Non-Festival,,1,4.7,No,8234.050000000001
ORD106296,2024-02-15,CUST7668,Premium,Electronics,5,2548,6879.6,46.0,No,Non-Festival,Credit Card,5,4.0,No,3714.9840000000004
ORD106297,2024-11-23,CUST5674,Premium,Fashion,3,5607,13120.38,22.0,No,Non-Festival,Credit Card,3,3.8,No,10233.8964
ORD106298,2024-08-23,CUST5503,New,Groceries,5,7369,26896.85,27.0,No,Non-Festival,Credit Card,3,4.5,No,19634.7005
ORD106299,2024-08-01,CUST3754,New,Beauty,4,2160,8640.0,0.0,No,Non-Festival,COD,7,3.7,No,8640.0
ORD106300,2024-03-25,CUST9340,Regular,Electronics,1,3291,2270.79,31.0,Yes,,COD,6,3.2,No,1566.8450999999998
ORD106301,2024-10-08,CUST9495,Regular,Fashion,1,7297,6494.33,11.0,No,Non-Festival,Wallet,5,2.9,No,5779.9537
ORD106302,2024-08-19,CUST8567,Regular,Home Decor,1,3762,2069.1000000000004,45.0,Yes,Independence Day,Wallet,1,3.9,No,1138.0050000000003
ORD106303,2024-03-25,CUST8076,Premium,Home Decor,4,5281,10773.24,49.0,Yes,Holi,UPI,6,3.6,No,5494.3524
ORD106304,2024-03-05,CUST9689,Regular,Groceries,2,5101,6733.319999999999,34.0,No,Non-Festival,COD,5,3.5,No,4443.991199999999
ORD106305,2024-05-13,CUST3032,Regular,Electronics,4,2504,7512.0,25.0,No,Non-Festival,COD,1,3.4,No,5634.0
ORD106306,2024-05-30,CUST1572,Regular,Beauty,4,2685,7517.999999999999,30.0,No,Non-Festival,COD,1,4.2,No,5262.599999999999
ORD106307,2024-04-24,CUST9812,Regular,Electronics,3,8128,21701.76,11.0,No,Non-Festival,Credit Card,6,3.8,Yes,19314.5664
ORD106308,2024-03-04,CUST3000,Regular,Home Decor,1,8375,6030.0,28.0,No,Non-Festival,Wallet,6,3.8,No,4341.599999999999
ORD106309,2024-12-08,CUST6204,Regular,Electronics,5,848,4070.4,4.0,No,Non-Festival,UPI,1,3.3,No,3907.584
ORD106310,2024-12-28,CUST4080,Premium,Home Decor,2,8090,10678.8,34.0,Yes,Christmas/New Year,COD,3,4.0,No,7048.007999999999
ORD106311,2024-12-17,CUST5185,Regular,Fashion,5,4015,18870.5,6.0,No,Non-Festival,COD,5,3.5,No,17738.27
ORD106312,2024-06-06,CUST9258,Regular,Fashion,3,6479,16521.45,15.0,No,Non-Festival,COD,1,4.4,No,14043.2325
ORD106313,2024-03-17,CUST4312,New,Home Decor,3,9943,20582.01,31.0,No,Non-Festival,Credit Card,4,3.8,No,14201.586899999998
ORD106314,2024-05-25,CUST7302,New,Beauty,2,9694,16285.92,16.0,No,Non-Festival,UPI,7,3.2,No,13680.1728
ORD106315,2024-12-08,CUST2186,Regular,Beauty,5,2832,11328.0,20.0,No,Non-Festival,UPI,1,2.9,No,9062.4
ORD106316,2024-08-12,CUST2801,Regular,Electronics,2,8103,11992.44,26.0,Yes,Independence Day,COD,1,4.2,No,8874.4056
ORD106317,2024-11-08,CUST3953,Premium,Home Decor,2,1468,1790.96,39.0,Yes,Diwali,UPI,6,3.4,No,1092.4856
ORD106318,2024-04-12,CUST9260,Regular,Groceries,1,1973,1065.42,46.0,No,Non-Festival,Credit Card,1,2.7,No,575.3268
ORD106319,2024-12-12,CUST1903,Regular,Beauty,5,7220,31046.0,14.0,No,Non-Festival,COD,7,4.8,No,26699.56
ORD106320,2024-10-27,CUST2071,Regular,Beauty,1,3827,2985.06,22.0,Yes,Diwali,Wallet,2,3.5,No,2328.3468000000003
ORD106321,2024-03-28,CUST1536,Regular,Fashion,1,1366,1270.38,7.0,Yes,Holi,Wallet,6,4.4,No,1181.4534
ORD106322,2024-10-29,CUST4331,Premium,Beauty,1,2748,2088.48,24.0,Yes,Diwali,UPI,4,3.6,No,1587.2448
ORD106323,2024-06-16,CUST6753,New,Beauty,4,1750,6300.0,10.0,No,Non-Festival,Wallet,3,4.7,No,5670.0
ORD106324,2024-06-18,CUST4020,Premium,Beauty,3,2340,5616.0,20.0,No,Non-Festival,Wallet,7,2.6,No,4492.8
ORD106325,2024-05-14,CUST9123,Premium,Home Decor,3,5702,15566.46,9.0,No,Non-Festival,COD,6,3.1,Yes,14165.4786
ORD106326,2024-02-19,CUST4068,Regular,Home Decor,4,6208,12664.32,49.0,No,Non-Festival,Credit Card,5,3.9,No,6458.8032
ORD106327,2024-12-05,CUST7365,Premium,Fashion,2,6622,12184.48,8.0,No,Non-Festival,COD,5,3.3,No,11209.7216
ORD106328,2024-12-12,CUST3399,Regular,Electronics,5,6046,16021.9,47.0,No,Non-Festival,Credit Card,6,4.4,No,8491.607
ORD106329,2024-05-13,CUST6835,Regular,Beauty,5,3720,18600.0,0.0,No,Non-Festival,COD,5,4.2,No,18600.0
ORD106330,2024-12-12,CUST7540,Premium,Electronics,5,8128,32105.6,21.0,No,Non-Festival,Wallet,6,2.6,No,25363.424
ORD106331,2024-05-16,CUST3116,New,Home Decor,1,7325,6958.75,5.0,No,Non-Festival,COD,3,4.0,No,6610.8125
ORD106332,2024-09-01,CUST3180,Regular,Beauty,5,9012,31992.6,29.0,No,Non-Festival,UPI,1,4.6,No,22714.746
ORD106333,2024-04-18,CUST8009,New,Electronics,5,5607,18783.45,33.0,No,Non-Festival,UPI,4,3.3,Yes,12584.911499999998
ORD106334,2024-11-08,CUST6472,Regular,Electronics,5,2723,11981.2,12.0,Yes,Diwali,Credit Card,5,2.8,Yes,10543.456
ORD106335,2024-10-13,CUST6380,Regular,Groceries,3,4967,11771.79,21.0,No,Non-Festival,Credit Card,2,4.3,No,9299.714100000001
ORD106336,2024-01-21,CUST2548,Regular,Home Decor,4,8562,32535.6,5.0,Yes,Republic Day,Credit Card,2,4.8,No,30908.819999999996
ORD106337,2024-03-30,CUST2889,Premium,Fashion,2,5844,7012.8,40.0,Yes,Holi,UPI,4,4.1,No,4207.68
ORD106338,2024-10-22,CUST9252,New,Fashion,4,2619,5761.8,45.0,Yes,Diwali,COD,5,4.6,No,3168.9900000000002
ORD106339,2024-04-21,CUST8817,Premium,Groceries,5,9808,37760.8,23.0,No,Non-Festival,Wallet,1,5.0,No,29075.816000000003
ORD106340,2024-10-27,CUST5218,Regular,Electronics,2,6277,10043.2,20.0,Yes,Diwali,Credit Card,5,3.7,No,8034.560000000001
ORD106341,2024-03-17,CUST7981,Regular,Groceries,2,7877,9767.48,38.0,No,Non-Festival,COD,7,4.8,No,6055.8376
ORD106342,2024-06-25,CUST4388,Premium,Groceries,4,1138,3550.56,22.0,No,Non-Festival,COD,1,3.4,No,2769.4368
ORD106343,2024-12-08,CUST9932,Regular,Home Decor,4,5130,19699.2,4.0,No,Non-Festival,UPI,5,4.4,No,18911.232
ORD106344,2024-05-27,CUST7547,Regular,Beauty,4,6552,24635.52,6.0,No,Non-Festival,UPI,2,4.8,No,23157.3888
ORD106345,2024-04-10,CUST7591,New,Electronics,4,7143,28000.56,2.0,No,Non-Festival,Wallet,3,3.8,No,27440.5488
ORD106346,2024-09-02,CUST3942,Premium,Fashion,1,7811,6873.68,12.0,No,Non-Festival,COD,6,4.1,No,6048.838400000001
ORD106347,2024-04-26,CUST3539,Regular,Fashion,3,8264,22064.88,11.0,No,Non-Festival,Credit Card,4,4.9,No,19637.7432
ORD106348,2024-04-01,CUST4985,Regular,Groceries,3,3377,9624.45,5.0,No,Non-Festival,UPI,1,3.1,No,9143.2275
ORD106349,2024-01-28,CUST1228,Regular,Groceries,5,5551,18595.85,33.0,Yes,Republic Day,COD,3,3.4,No,12459.219499999997
ORD106350,2024-01-25,CUST9154,Premium,Groceries,1,5300,4558.0,14.0,Yes,Republic Day,UPI,1,4.4,No,3919.88
ORD106351,2024-02-27,CUST4507,New,Electronics,2,3996,4315.68,46.0,No,Non-Festival,COD,7,3.4,No,2330.4672000000005
ORD106352,2024-10-23,CUST4323,Premium,Groceries,4,3084,10238.88,17.0,Yes,Diwali,UPI,4,3.8,No,8498.2704
ORD106353,2024-05-13,CUST4923,Regular,Groceries,5,1472,3827.2,48.0,No,Non-Festival,Credit Card,7,3.8,No,1990.144
ORD106354,2024-11-26,CUST8351,Regular,Beauty,2,6607,12949.72,2.0,No,Non-Festival,Wallet,7,3.9,No,12690.7256
ORD106355,2024-09-05,CUST6988,New,Electronics,3,1952,4626.24,21.0,No,Non-Festival,Credit Card,3,4.1,No,3654.7296
ORD106356,2024-02-07,CUST8659,New,Home Decor,2,7870,10388.4,34.0,No,Non-Festival,UPI,7,2.7,No,6856.343999999999
ORD106357,2024-03-15,CUST7285,Premium,Home Decor,4,7630,22279.6,27.0,No,Non-Festival,UPI,3,3.1,No,16264.107999999998
ORD106358,2024-05-21,CUST8950,Regular,Beauty,4,1891,4538.4,40.0,No,Non-Festival,UPI,6,3.6,No,2723.0399999999995
ORD106359,2024-11-17,CUST1654,Premium,Fashion,3,9649,17078.730000000003,25.0,No,Non-Festival,Credit Card,6,4.5,No,12809.047500000002
ORD106360,2024-06-16,CUST2580,New,Home Decor,4,8823,31409.88,11.0,No,Non-Festival,UPI,4,2.6,No,27954.7932
ORD106361,2024-09-15,CUST7291,Premium,Electronics,1,5373,5373.0,0.0,No,Non-Festival,Credit Card,4,3.3,No,5373.0
ORD106362,2024-12-20,CUST6759,Premium,Fashion,5,4105,13341.25,35.0,Yes,Christmas/New Year,UPI,1,2.5,No,8671.8125
ORD106363,2024-08-12,CUST2731,Regular,Groceries,3,6246,13303.98,29.0,Yes,Independence Day,Wallet,7,3.8,No,9445.825799999999
ORD106364,2024-05-31,CUST9698,Regular,Electronics,3,6280,14695.2,22.0,No,Non-Festival,Wallet,3,3.7,No,11462.256000000001
ORD106365,2024-01-19,CUST8154,Regular,Fashion,2,6356,8135.68,36.0,No,Non-Festival,UPI,4,4.4,No,5206.8352
ORD106366,2024-05-25,CUST1170,New,Home Decor,3,7014,15360.66,27.0,No,Non-Festival,COD,6,2.5,No,11213.281799999999
ORD106367,2024-08-28,CUST5248,Premium,Groceries,5,6884,17898.4,48.0,Yes,Raksha Bandhan,Credit Card,1,4.4,No,9307.168000000001
ORD106368,2024-12-09,CUST2129,Premium,Groceries,1,2304,2211.84,4.0,No,Non-Festival,UPI,5,4.7,No,2123.3664
ORD106369,2024-08-24,CUST7441,Regular,Electronics,2,5299,6888.7,35.0,No,Non-Festival,Credit Card,6,3.3,Yes,4477.655
ORD106370,2024-02-04,CUST9832,New,Groceries,5,9576,25855.2,46.0,No,Non-Festival,COD,4,3.3,No,13961.808
ORD106371,2024-07-08,CUST5896,New,Fashion,3,636,1736.28,9.0,No,Non-Festival,Wallet,6,2.5,No,1580.0148
ORD106372,2024-01-01,CUST8353,Regular,Beauty,4,4525,17376.0,4.0,No,Non-Festival,Credit Card,7,3.6,No,16680.96
ORD106373,2024-06-01,CUST7409,New,Home Decor,4,7208,25083.84,13.0,No,Non-Festival,Credit Card,6,4.0,No,21822.9408
ORD106374,2024-05-05,CUST5499,Regular,Electronics,5,9013,34700.05,23.0,No,Non-Festival,Credit Card,3,2.8,No,26719.038500000002
ORD106375,2024-12-10,CUST1652,Regular,Beauty,1,9026,6588.98,27.0,No,Non-Festival,Credit Card,5,4.1,No,4809.9554
ORD106376,2024-08-13,CUST5472,Regular,Beauty,4,2193,7017.6,20.0,Yes,Independence Day,Credit Card,4,3.4,Yes,5614.080000000001
ORD106377,2024-08-08,CUST2445,New,Electronics,5,2875,8050.000000000001,44.0,No,Non-Festival,Wallet,7,4.2,No,4508.000000000001
ORD106378,2024-07-29,CUST5121,New,Fashion,2,6061,7394.42,39.0,No,Non-Festival,Credit Card,2,3.1,No,4510.5962
ORD106379,2024-01-25,CUST3379,Regular,Home Decor,3,2540,6781.8,11.0,Yes,Republic Day,Credit Card,3,4.4,No,6035.802000000001
ORD106380,2024-01-16,CUST2958,Premium,Electronics,1,9801,7938.81,19.0,No,Non-Festival,Wallet,7,3.9,No,6430.436100000001
ORD106381,2024-06-30,CUST4809,Premium,Beauty,1,4016,2771.04,31.0,No,Non-Festival,UPI,6,3.8,No,1912.0176
ORD106382,2024-11-24,CUST1375,New,Beauty,2,9220,11617.2,37.0,No,Non-Festival,UPI,3,3.7,Yes,7318.836
ORD106383,2024-05-08,CUST9297,Regular,Electronics,1,2481,1513.41,39.0,No,Non-Festival,Credit Card,1,4.6,No,923.1801
ORD106384,2024-02-11,CUST4474,Premium,Beauty,5,7663,22605.85,41.0,No,Non-Festival,Wallet,7,3.9,No,13337.451500000001
ORD106385,2024-12-01,CUST4418,Premium,Electronics,1,6022,4817.6,20.0,No,Non-Festival,Credit Card,2,2.9,No,3854.0800000000004
ORD106386,2024-08-23,CUST8887,Regular,Electronics,1,8928,7499.519999999999,16.0,No,Non-Festival,UPI,4,4.1,No,6299.596799999998
ORD106387,2024-12-25,CUST9794,Regular,Home Decor,1,9794,9794.0,0.0,Yes,Christmas/New Year,Wallet,2,3.8,No,9794.0
ORD106388,2024-02-03,CUST7908,Premium,Electronics,5,9196,26208.6,43.0,No,Non-Festival,COD,6,2.7,No,14938.902
ORD106389,2024-12-10,CUST2273,Regular,Beauty,3,6882,15071.58,27.0,No,Non-Festival,Wallet,4,4.0,No,11002.2534
ORD106390,2024-02-14,CUST1862,New,Groceries,4,9243,36602.28,1.0,No,Non-Festival,UPI,7,2.7,No,36236.2572
ORD106391,2024-05-13,CUST1177,Regular,Home Decor,1,8297,6969.48,16.0,No,Non-Festival,Wallet,1,4.3,No,5854.3632
ORD106392,2024-01-21,CUST5612,New,Beauty,2,755,936.2,38.0,Yes,Republic Day,COD,6,4.1,No,580.4440000000001
ORD106393,2024-05-01,CUST2800,Regular,Beauty,2,8267,14384.58,13.0,No,Non-Festival,Wallet,6,3.7,No,12514.5846
ORD106394,2024-03-10,CUST9299,Regular,Home Decor,5,5541,24103.35,13.0,No,Non-Festival,Credit Card,5,4.4,No,20969.9145
ORD106395,2024-12-17,CUST4153,Regular,Home Decor,3,5243,8965.53,43.0,No,Non-Festival,Credit Card,2,3.2,No,5110.352100000001
ORD106396,2024-12-26,CUST2632,Premium,Beauty,1,7600,4028.0,47.0,Yes,Christmas/New Year,,3,3.6,No,2134.84
ORD106397,2024-02-17,CUST6997,Premium,Groceries,5,6229,25850.35,17.0,No,Non-Festival,Wallet,4,2.5,No,21455.7905
ORD106398,2024-02-08,CUST5247,Regular,Fashion,4,7018,17123.92,39.0,No,Non-Festival,UPI,2,5.0,No,10445.591199999999
ORD106399,2024-10-13,CUST9319,Regular,Beauty,3,2294,4610.94,33.0,No,Non-Festival,,4,2.6,No,3089.3297999999995
ORD106400,2024-01-10,CUST4552,Premium,Home Decor,3,3678,6399.720000000001,42.0,No,Non-Festival,UPI,2,2.8,No,3711.837600000001
ORD106401,2024-01-30,CUST5990,Regular,Electronics,5,3130,15650.0,0.0,Yes,Republic Day,Wallet,3,3.7,No,15650.0
ORD106402,2024-08-31,CUST2206,Premium,Electronics,2,8645,10201.100000000002,41.0,Yes,Raksha Bandhan,Credit Card,4,3.4,No,6018.649000000002
ORD106403,2024-09-30,CUST3414,Regular,Home Decor,3,3720,9262.8,17.0,No,Non-Festival,UPI,4,3.8,No,7688.123999999999
ORD106404,2024-03-28,CUST6954,Premium,Home Decor,2,258,273.48,47.0,Yes,Holi,UPI,5,4.6,No,144.94440000000003
ORD106405,2024-08-31,CUST2039,Premium,Fashion,3,3902,7843.019999999999,33.0,Yes,Raksha Bandhan,COD,1,2.9,No,5254.823399999998
ORD106406,2024-11-24,CUST3984,New,Home Decor,3,2807,6568.38,22.0,No,Non-Festival,Wallet,2,3.8,No,5123.3364
ORD106407,2024-01-15,CUST4775,Premium,Electronics,3,5310,8283.6,48.0,No,Non-Festival,Credit Card,3,2.5,No,4307.472000000001
ORD106408,2024-01-04,CUST5665,Regular,Groceries,4,8656,29430.4,15.0,No,Non-Festival,Credit Card,7,4.5,Yes,25015.84
ORD106409,2024-07-09,CUST5664,Regular,Home Decor,2,1907,3127.48,18.0,No,Non-Festival,Credit Card,5,4.5,No,2564.5336
ORD106410,2024-06-16,CUST1813,Premium,Fashion,4,2493,6382.08,36.0,No,Non-Festival,UPI,5,3.4,No,4084.5312
ORD106411,2024-01-09,CUST1699,Premium,Groceries,2,2684,5099.599999999999,5.0,No,Non-Festival,Credit Card,1,2.9,No,4844.619999999999
ORD106412,2024-04-18,CUST1492,New,Fashion,4,2935,9039.8,23.0,No,Non-Festival,UPI,7,4.5,No,6960.646
ORD106413,2024-05-16,CUST6820,Premium,Groceries,4,3655,12280.8,16.0,No,Non-Festival,COD,3,4.8,No,10315.872
ORD106414,2024-06-02,CUST5141,Premium,Home Decor,4,1137,2410.44,47.0,No,Non-Festival,Credit Card,7,2.7,Yes,1277.5332
ORD106415,2024-07-27,CUST9210,Regular,Electronics,5,1077,4577.25,15.0,No,Non-Festival,COD,6,3.9,No,3890.6625
ORD106416,2024-09-28,CUST2620,Regular,Groceries,4,8938,22166.24,38.0,No,Non-Festival,Wallet,2,4.8,No,13743.068800000001
ORD106417,2024-05-22,CUST4030,Regular,Beauty,3,2662,4232.58,47.0,No,Non-Festival,Wallet,4,4.1,No,2243.2674
ORD106418,2024-04-08,CUST9579,Regular,Fashion,1,4693,2815.8,40.0,No,Non-Festival,COD,1,4.6,No,1689.48
ORD106419,2024-11-03,CUST1439,Premium,Groceries,4,6335,24073.0,5.0,Yes,Diwali,Wallet,4,3.1,No,22869.35
ORD106420,2024-03-09,CUST2868,Regular,Fashion,1,8181,6953.849999999999,15.0,No,Non-Festival,Credit Card,5,2.8,No,5910.772499999999
ORD106421,2024-09-03,CUST8288,Regular,Electronics,1,2415,2221.8,25.0,No,Non-Festival,Credit Card,4,3.4,Yes,1666.3500000000001
ORD106422,2024-09-17,CUST2222,Regular,Fashion,3,5926,12800.16,28.0,No,Non-Festival,UPI,2,3.5,No,9216.1152
ORD106423,2024-10-02,CUST7641,Regular,Fashion,1,6147,5962.59,3.0,No,Non-Festival,,6,4.5,No,5783.7123
ORD106424,2024-03-19,CUST3316,Regular,Beauty,1,8621,6465.75,25.0,No,Non-Festival,COD,2,3.5,No,4849.3125
ORD106425,2024-05-25,CUST7233,Premium,Fashion,1,1627,1025.01,37.0,No,Non-Festival,UPI,6,3.1,No,645.7563
ORD106426,2024-04-20,CUST6040,Regular,Groceries,2,6487,9730.5,25.0,No,Non-Festival,Credit Card,4,4.7,No,7297.875
ORD106427,2024-09-14,CUST4504,Premium,Fashion,4,1899,6608.52,13.0,No,Non-Festival,COD,4,4.5,No,5749.4124
ORD106428,2024-04-02,CUST4212,Premium,Home Decor,4,2345,6190.799999999999,34.0,No,Non-Festival,UPI,1,4.2,No,4085.927999999999
ORD106429,2024-01-13,CUST5958,New,Fashion,1,8398,4366.96,48.0,No,Non-Festival,COD,6,3.0,No,2270.8192
ORD106430,2024-09-16,CUST1334,Regular,Home Decor,3,7158,12454.920000000002,25.0,No,Non-Festival,COD,2,3.0,No,9341.190000000002
ORD106431,2024-04-18,CUST6817,Regular,Fashion,2,4472,6886.88,23.0,No,Non-Festival,UPI,4,3.7,No,5302.8976
ORD106432,2024-11-25,CUST5381,Regular,Fashion,3,9621,26842.59,7.0,No,Non-Festival,COD,3,3.8,Yes,24963.608699999997
ORD106433,2024-07-07,CUST1896,Regular,Groceries,3,2023,3702.09,39.0,No,Non-Festival,Wallet,1,3.1,No,2258.2749
ORD106434,2024-04-04,CUST7991,New,Home Decor,1,4184,3179.84,24.0,No,Non-Festival,UPI,1,2.8,No,2416.6784000000002
ORD106435,2024-04-14,CUST8251,Premium,Home Decor,5,9022,43756.7,3.0,No,Non-Festival,UPI,7,3.4,No,42443.998999999996
ORD106436,2024-01-08,CUST7136,Premium,Beauty,1,8661,7448.46,14.0,No,Non-Festival,Wallet,1,3.6,No,6405.6756
ORD106437,2024-03-07,CUST2270,Regular,Fashion,5,3971,16876.75,15.0,No,Non-Festival,COD,1,2.6,No,14345.2375
ORD106438,2024-07-09,CUST3532,Premium,Fashion,2,700,1260.0,10.0,No,Non-Festival,Wallet,6,3.9,No,1134.0
ORD106439,2024-12-31,CUST3632,Regular,Groceries,5,5806,21191.9,27.0,Yes,Christmas/New Year,COD,6,2.5,No,15470.087000000001
ORD106440,2024-09-12,CUST4574,Premium,Beauty,1,8139,7650.66,6.0,No,Non-Festival,Credit Card,4,2.9,No,7191.6204
ORD106441,2024-01-09,CUST5468,Premium,Beauty,1,5807,2961.57,49.0,No,Non-Festival,Wallet,5,2.9,No,1510.4007000000001
ORD106442,2024-04-26,CUST4736,Regular,Groceries,3,2950,5575.5,37.0,No,Non-Festival,Wallet,7,4.2,No,3512.565
ORD106443,2024-09-23,CUST3415,Regular,Home Decor,1,1512,1164.24,23.0,No,Non-Festival,Wallet,3,3.7,No,896.4648000000001
ORD106444,2024-04-08,CUST7006,New,Electronics,1,2353,1647.1,30.0,No,Non-Festival,Credit Card,5,4.6,No,1152.9699999999998
ORD106445,2024-10-24,CUST7170,Regular,Groceries,4,4936,19151.68,3.0,Yes,Diwali,COD,5,3.2,Yes,18577.1296
ORD106446,2024-06-12,CUST7702,Regular,Home Decor,4,808,2068.48,36.0,No,Non-Festival,Credit Card,4,3.0,No,1323.8272
ORD106447,2024-05-20,CUST7388,Regular,Beauty,3,5304,10501.919999999998,34.0,No,Non-Festival,Wallet,1,4.5,No,6931.267199999998
ORD106448,2024-09-24,CUST6492,Regular,Groceries,5,1863,8849.25,5.0,No,Non-Festival,Credit Card,1,3.6,No,8406.7875
ORD106449,2024-02-06,CUST3570,Premium,Electronics,5,3494,9608.5,45.0,No,Non-Festival,Wallet,4,3.2,No,5284.675
ORD106450,2024-03-14,CUST7791,Premium,Fashion,4,6124,16657.28,32.0,No,Non-Festival,UPI,4,3.5,No,11326.950399999998
ORD106451,2024-03-13,CUST6227,Premium,Groceries,2,2197,3031.86,31.0,No,Non-Festival,COD,6,3.6,No,2091.9834
ORD106452,2024-11-03,CUST3010,Regular,Electronics,4,6222,13688.4,45.0,Yes,Diwali,Wallet,2,3.9,No,7528.620000000001
ORD106453,2024-07-17,CUST3642,Premium,Electronics,2,3385,4265.1,37.0,No,Non-Festival,Credit Card,1,2.6,Yes,2687.0130000000004
ORD106454,2024-05-09,CUST8633,New,Groceries,5,1731,5712.299999999999,34.0,No,Non-Festival,Credit Card,3,3.1,No,3770.117999999999
ORD106455,2024-09-02,CUST2240,Regular,Home Decor,4,4416,14837.76,16.0,No,Non-Festival,Credit Card,2,3.7,No,12463.7184
ORD106456,2024-11-07,CUST7211,Regular,Groceries,1,7584,5232.96,31.0,Yes,Diwali,COD,5,3.9,No,3610.7423999999996
ORD106457,2024-02-29,CUST5972,New,Beauty,2,3906,6796.44,13.0,No,Non-Festival,UPI,7,2.9,No,5912.9028
ORD106458,2024-10-05,CUST5743,Regular,Electronics,2,7459,12232.76,18.0,No,Non-Festival,COD,6,3.0,No,10030.863200000002
ORD106459,2024-04-12,CUST1492,Regular,Electronics,2,4702,7241.08,23.0,No,Non-Festival,UPI,6,4.3,No,5575.6316
ORD106460,2024-10-22,CUST4188,Regular,Fashion,5,9067,28107.7,38.0,Yes,Diwali,Credit Card,1,4.5,No,17426.774
ORD106461,2024-11-15,CUST6073,Regular,Electronics,3,5204,14050.8,10.0,No,Non-Festival,COD,4,2.7,No,12645.72
ORD106462,2024-12-06,CUST9037,Regular,Fashion,1,3744,3519.36,6.0,No,Non-Festival,UPI,4,5.0,No,3308.1983999999998
ORD106463,2024-05-30,CUST9356,Regular,Electronics,4,4018,9000.320000000002,44.0,No,Non-Festival,Credit Card,7,3.6,No,5040.179200000001
ORD106464,2024-06-05,CUST7370,Premium,Electronics,2,8287,12761.98,23.0,No,Non-Festival,Credit Card,4,4.0,No,9826.7246
ORD106465,2024-07-24,CUST6734,Regular,Groceries,5,7282,28035.7,23.0,No,Non-Festival,COD,1,4.0,No,21587.489
ORD106466,2024-06-27,CUST1280,New,Groceries,2,3643,6338.82,13.0,No,Non-Festival,UPI,6,3.4,No,5514.7734
ORD106467,2024-07-15,CUST7028,Regular,Beauty,4,5909,18199.72,23.0,No,Non-Festival,Credit Card,3,3.9,No,14013.7844
ORD106468,2024-08-10,CUST9442,New,Home Decor,1,1247,1122.3,10.0,Yes,Independence Day,Credit Card,4,4.0,No,1010.0699999999999
ORD106469,2024-03-29,CUST9842,New,Beauty,2,9723,18084.78,7.0,Yes,Holi,,6,4.4,No,16818.8454
ORD106470,2024-10-13,CUST4517,Premium,Electronics,5,2860,8151.000000000001,43.0,No,Non-Festival,Wallet,1,4.2,No,4646.070000000001
ORD106471,2024-10-02,CUST8026,New,Beauty,5,8130,34959.0,14.0,No,Non-Festival,UPI,5,3.6,Yes,30064.739999999998
ORD106472,2024-08-23,CUST8252,Premium,Groceries,3,7258,12846.660000000002,41.0,No,Non-Festival,UPI,2,3.0,No,7579.529400000002
ORD106473,2024-07-01,CUST7008,New,Electronics,5,6466,32006.7,1.0,No,Non-Festival,Wallet,1,2.6,No,31686.633
ORD106474,2024-07-27,CUST9887,Regular,Electronics,3,9155,21148.05,23.0,No,Non-Festival,Credit Card,1,4.1,No,16283.9985
ORD106475,2024-05-09,CUST8104,Regular,Beauty,1,8277,4635.120000000001,44.0,No,Non-Festival,Wallet,6,3.7,Yes,2595.667200000001
ORD106476,2024-06-01,CUST8583,Premium,Fashion,4,3608,13133.12,9.0,No,Non-Festival,Wallet,4,4.9,No,11951.139200000001
ORD106477,2024-01-13,CUST5133,Regular,Home Decor,3,6501,13457.07,31.0,No,Non-Festival,Wallet,7,2.7,No,9285.378299999998
ORD106478,2024-05-01,CUST3545,New,Beauty,2,7694,12925.92,16.0,No,Non-Festival,UPI,2,2.7,Yes,10857.772799999999
ORD106479,2024-12-24,CUST5408,New,Beauty,2,1884,3428.88,9.0,Yes,Christmas/New Year,Credit Card,2,3.0,No,3120.2808
ORD106480,2024-08-07,CUST4692,Regular,Home Decor,4,1069,3378.04,21.0,No,Non-Festival,Credit Card,4,3.4,No,2668.6516
ORD106481,2024-04-15,CUST3671,New,Electronics,5,5323,25284.25,5.0,No,Non-Festival,UPI,3,2.9,No,24020.0375
ORD106482,2024-03-10,CUST7724,Regular,Electronics,2,9305,13771.4,26.0,No,Non-Festival,UPI,1,3.7,No,10190.836
ORD106483,2024-07-13,CUST2418,Regular,Fashion,3,6075,14762.250000000002,19.0,No,Non-Festival,Wallet,4,3.3,No,11957.422500000002
ORD106484,2024-07-04,CUST8855,Premium,Beauty,4,7412,29648.0,0.0,No,Non-Festival,Wallet,7,5.0,No,29648.0
ORD106485,2024-04-08,CUST1593,Regular,Home Decor,2,6927,11637.36,16.0,No,Non-Festival,COD,6,4.9,No,9775.3824
ORD106486,2024-03-22,CUST7849,Premium,Beauty,5,742,3710.0,0.0,Yes,Holi,COD,3,3.4,No,3710.0
ORD106487,2024-03-15,CUST4006,Premium,Groceries,5,2403,7689.6,36.0,No,Non-Festival,UPI,4,4.5,No,4921.344
ORD106488,2024-12-05,CUST3352,Regular,Beauty,2,3135,5392.2,14.0,No,Non-Festival,Wallet,5,3.1,No,4637.2919999999995
ORD106489,2024-07-10,CUST8695,Premium,Beauty,4,951,3804.0,0.0,No,Non-Festival,UPI,3,2.6,No,3804.0
ORD106490,2024-11-20,CUST5044,Premium,Groceries,1,2311,1941.24,16.0,No,Non-Festival,Wallet,7,2.6,No,1630.6416
ORD106491,2024-08-01,CUST3876,Regular,Groceries,2,8812,9693.2,45.0,No,Non-Festival,Wallet,6,2.6,No,5331.260000000001
ORD106492,2024-11-10,CUST4019,Regular,Home Decor,5,7476,20932.800000000003,44.0,Yes,Diwali,UPI,3,4.3,Yes,11722.368000000002
ORD106493,2024-11-13,CUST7211,New,Electronics,1,9878,5729.240000000001,42.0,No,Non-Festival,UPI,2,3.4,Yes,3322.9592000000007
ORD106494,2024-05-23,CUST1798,New,Fashion,4,5899,13449.72,43.0,No,Non-Festival,Credit Card,1,4.6,No,7666.3404
ORD106495,2024-08-03,CUST9651,Regular,Groceries,5,746,2349.9,37.0,No,Non-Festival,Credit Card,4,4.7,No,1480.4370000000001
ORD106496,2024-12-26,CUST5315,Regular,Electronics,4,5161,11973.520000000002,42.0,Yes,Christmas/New Year,COD,7,3.3,Yes,6944.641600000002
ORD106497,2024-11-19,CUST6685,New,Home Decor,2,2757,5458.86,1.0,No,Non-Festival,UPI,7,3.2,No,5404.2714
ORD106498,2024-01-15,CUST8176,Premium,Beauty,4,1771,5879.719999999999,17.0,No,Non-Festival,COD,6,3.3,No,4880.167599999999
ORD106499,2024-08-04,CUST2359,Regular,Home Decor,5,6784,30188.8,11.0,No,Non-Festival,UPI,6,3.7,No,26868.032
ORD106500,2024-02-04,CUST2169,Premium,Home Decor,2,8845,12736.8,28.0,No,Non-Festival,UPI,4,2.5,No,9170.496
ORD106501,2024-07-01,CUST9582,Regular,Groceries,5,2891,11274.9,22.0,No,Non-Festival,UPI,1,2.5,No,8794.422
ORD106502,2024-09-26,CUST2206,Premium,Fashion,5,7160,19332.0,46.0,No,Non-Festival,Credit Card,6,4.3,No,10439.28
ORD106503,2024-12-23,CUST4059,Regular,Groceries,1,4974,4576.08,8.0,Yes,Christmas/New Year,COD,6,4.5,No,4209.9936
ORD106504,2024-04-09,CUST2333,Regular,Beauty,3,259,722.6099999999999,7.0,No,Non-Festival,UPI,1,3.0,No,672.0272999999999
ORD106505,2024-01-07,CUST1431,Regular,Groceries,4,9809,20010.36,49.0,No,Non-Festival,COD,6,4.0,No,10205.2836
ORD106506,2024-01-30,CUST4189,New,Beauty,4,6411,21797.4,15.0,Yes,Republic Day,COD,6,3.0,No,18527.79
ORD106507,2024-10-31,CUST1563,Premium,Groceries,1,1538,1199.64,22.0,Yes,Diwali,Credit Card,6,4.3,No,935.7192000000001
ORD106508,2024-05-23,CUST6146,Premium,Fashion,4,8858,25511.04,28.0,No,Non-Festival,Credit Card,2,3.6,No,18367.9488
ORD106509,2024-04-20,CUST3091,Premium,Electronics,1,7201,6552.91,9.0,No,Non-Festival,UPI,1,4.6,No,5963.1481
ORD106510,2024-08-19,CUST9369,Regular,Fashion,4,8148,29006.88,11.0,Yes,Independence Day,Wallet,5,4.9,No,25816.1232
ORD106511,2024-06-27,CUST3917,New,Groceries,4,2671,9508.76,11.0,No,Non-Festival,COD,2,3.9,No,8462.796400000001
ORD106512,2024-03-12,CUST6540,Regular,Home Decor,5,9111,32344.05,29.0,No,Non-Festival,Credit Card,3,4.8,No,22964.2755
ORD106513,2024-07-28,CUST8012,New,Electronics,1,9627,8760.57,9.0,No,Non-Festival,COD,1,2.6,No,7972.1187
ORD106514,2024-08-07,CUST5528,Regular,Home Decor,4,8954,31159.92,13.0,No,Non-Festival,Wallet,3,3.7,No,27109.1304
ORD106515,2024-03-20,CUST9680,Regular,Fashion,3,9374,27278.34,3.0,Yes,Holi,COD,2,3.8,No,26459.9898
ORD106516,2024-03-23,CUST6302,Premium,Electronics,1,4720,2548.8,46.0,Yes,Holi,UPI,6,3.5,No,1376.352
ORD106517,2024-02-11,CUST1754,Premium,Groceries,1,8301,6723.81,19.0,No,Non-Festival,COD,5,3.3,No,5446.2861
ORD106518,2024-09-29,CUST3586,New,Home Decor,1,1930,1158.0,40.0,No,Non-Festival,Credit Card,7,4.3,No,694.8
ORD106519,2024-07-09,CUST7983,Premium,Groceries,5,4539,14070.9,38.0,No,Non-Festival,UPI,5,3.9,No,8723.958
ORD106520,2024-06-21,CUST9320,Regular,Beauty,1,8079,7594.259999999999,6.0,No,Non-Festival,UPI,1,2.7,No,7138.604399999999
ORD106521,2024-01-07,CUST6528,New,Electronics,5,8237,29241.35,29.0,No,Non-Festival,Wallet,5,4.9,Yes,20761.3585
ORD106522,2024-06-03,CUST8796,Regular,Home Decor,3,8000,14400.0,40.0,No,Non-Festival,UPI,6,4.7,No,8640.0
ORD106523,2024-01-10,CUST4232,New,Fashion,2,3247,5000.38,23.0,No,Non-Festival,Credit Card,7,3.4,No,3850.2926
ORD106524,2024-02-03,CUST8995,Premium,Fashion,5,9749,44357.95,9.0,No,Non-Festival,Wallet,4,3.1,No,40365.7345
ORD106525,2024-02-05,CUST9804,Regular,Fashion,4,5425,12152.000000000002,44.0,No,Non-Festival,UPI,6,4.1,Yes,6805.120000000002
ORD106526,2024-01-06,CUST6946,Regular,Fashion,1,1985,1250.55,37.0,No,Non-Festival,Wallet,2,2.6,No,787.8465
ORD106527,2024-08-02,CUST4391,Regular,Home Decor,2,2162,2810.6,35.0,No,Non-Festival,COD,6,3.7,No,1826.89
ORD106528,2024-05-13,CUST8895,Regular,Beauty,5,7446,31273.2,16.0,No,Non-Festival,UPI,5,4.2,No,26269.488
ORD106529,2024-10-11,CUST4911,Regular,Fashion,4,9580,30656.0,20.0,No,Non-Festival,Credit Card,2,3.5,No,24524.800000000003
ORD106530,2024-05-05,CUST2851,Regular,Fashion,2,6165,6781.500000000001,45.0,No,Non-Festival,Credit Card,2,4.9,Yes,3729.8250000000007
ORD106531,2024-12-02,CUST9864,Regular,Fashion,3,2878,8461.32,2.0,No,Non-Festival,UPI,6,4.3,No,8292.0936
ORD106532,2024-06-22,CUST7079,Premium,Beauty,5,6305,31525.0,25.0,No,Non-Festival,COD,6,4.8,No,23643.75
ORD106533,2024-05-31,CUST2701,New,Electronics,5,5507,22854.05,17.0,No,Non-Festival,Wallet,4,4.8,No,18968.8615
ORD106534,2024-11-26,CUST1524,Regular,Fashion,3,3323,9869.31,1.0,No,Non-Festival,Credit Card,6,2.8,No,9770.616899999999
ORD106535,2024-01-26,CUST5918,Regular,Fashion,5,3343,10196.15,39.0,Yes,Republic Day,Credit Card,6,4.2,No,6219.6515
ORD106536,2024-04-24,CUST4279,Regular,Fashion,1,3000,1590.0,47.0,No,Non-Festival,Wallet,7,4.0,Yes,842.7
ORD106537,2024-10-10,CUST1987,Premium,Electronics,5,523,2536.55,3.0,No,Non-Festival,Wallet,1,2.6,Yes,2460.4535
ORD106538,2024-03-15,CUST1502,New,Fashion,1,2402,1657.38,31.0,No,Non-Festival,Credit Card,2,3.3,No,1143.5922
ORD106539,2024-06-14,CUST8556,Premium,Electronics,5,6402,26248.2,18.0,No,Non-Festival,Wallet,4,3.8,No,21523.524
ORD106540,2024-07-07,CUST2330,New,Electronics,4,7642,24760.08,19.0,No,Non-Festival,UPI,5,3.9,No,20055.664800000002
ORD106541,2024-03-18,CUST7915,Premium,Groceries,4,1994,4705.840000000001,41.0,No,Non-Festival,Credit Card,7,4.5,No,2776.445600000001
ORD106542,2024-03-30,CUST1082,Premium,Groceries,2,2542,2643.6800000000003,48.0,Yes,Holi,Credit Card,3,4.0,No,1374.7136000000003
ORD106543,2024-06-24,CUST1327,Regular,Fashion,4,3245,6749.6,48.0,No,Non-Festival,Credit Card,1,3.7,No,3509.7920000000004
ORD106544,2024-01-21,CUST3731,New,Home Decor,3,1507,4249.74,6.0,Yes,Republic Day,UPI,7,4.4,No,3994.7555999999995
ORD106545,2024-02-23,CUST7619,New,Groceries,2,1655,3045.2000000000003,8.0,No,Non-Festival,Credit Card,6,3.9,No,2801.5840000000003
ORD106546,2024-07-02,CUST1426,Premium,Groceries,4,9354,35171.04,6.0,No,Non-Festival,Wallet,3,4.7,No,33060.7776
ORD106547,2024-12-24,CUST8432,New,Home Decor,1,5591,4137.34,26.0,Yes,Christmas/New Year,Credit Card,4,4.8,No,3061.6316
ORD106548,2024-08-09,CUST9248,Regular,Beauty,5,2739,10956.0,20.0,No,Non-Festival,UPI,2,4.0,No,8764.800000000001
ORD106549,2024-11-10,CUST7162,New,Fashion,4,3818,10079.52,34.0,Yes,Diwali,UPI,4,3.9,Yes,6652.4832
ORD106550,2024-11-23,CUST1396,Regular,Beauty,1,2578,1985.06,23.0,No,Non-Festival,COD,1,4.3,No,1528.4962
ORD106551,2024-06-27,CUST7669,Regular,Beauty,2,9266,12787.079999999998,31.0,No,Non-Festival,Credit Card,1,4.3,No,8823.085199999998
ORD106552,2024-10-02,CUST5764,Regular,Electronics,5,2405,10702.25,11.0,No,Non-Festival,UPI,5,4.3,No,9525.0025
ORD106553,2024-04-21,CUST6719,New,Electronics,4,1339,4177.68,22.0,No,Non-Festival,COD,4,4.1,No,3258.5904000000005
ORD106554,2024-08-11,CUST2632,New,Fashion,2,3791,4928.3,35.0,Yes,Independence Day,Credit Card,1,4.4,Yes,3203.3950000000004
ORD106555,2024-08-01,CUST4779,New,Home Decor,4,4914,10221.12,48.0,No,Non-Festival,UPI,4,2.9,No,5314.982400000001
ORD106556,2024-02-28,CUST9893,New,Electronics,2,4914,7076.16,28.0,No,Non-Festival,UPI,5,4.6,No,5094.8351999999995
ORD106557,2024-11-22,CUST7170,Regular,Groceries,4,9937,38953.04,2.0,No,Non-Festival,Credit Card,5,3.3,Yes,38173.9792
ORD106558,2024-04-18,CUST9971,New,Fashion,1,4867,2822.86,42.0,No,Non-Festival,Credit Card,4,4.7,No,1637.2588000000003
ORD106559,2024-06-05,CUST5836,New,Beauty,3,8657,24153.03,7.0,No,Non-Festival,COD,6,2.8,No,22462.3179
ORD106560,2024-07-09,CUST3060,Premium,Fashion,1,8493,5690.31,33.0,No,Non-Festival,Credit Card,1,2.5,No,3812.5076999999997
ORD106561,2024-07-18,CUST2066,Regular,Electronics,5,8054,35034.9,13.0,No,Non-Festival,Credit Card,7,2.5,No,30480.363
ORD106562,2024-11-07,CUST5477,Premium,Home Decor,4,7358,19130.8,35.0,Yes,Diwali,Wallet,2,3.0,No,12435.02
ORD106563,2024-07-14,CUST1225,New,Beauty,3,4173,6635.070000000001,47.0,No,Non-Festival,Credit Card,6,2.8,No,3516.5871000000006
ORD106564,2024-02-04,CUST3633,New,Home Decor,3,9926,16377.9,45.0,No,Non-Festival,UPI,2,3.9,No,9007.845000000001
ORD106565,2024-09-02,CUST4330,New,Fashion,5,2469,8518.05,31.0,No,Non-Festival,,6,3.6,No,5877.454499999999
ORD106566,2024-08-24,CUST8991,New,Home Decor,5,2683,12610.1,6.0,No,Non-Festival,COD,5,4.0,No,11853.493999999999
ORD106567,2024-04-13,CUST3286,New,Home Decor,3,1413,3857.49,9.0,No,Non-Festival,COD,1,3.8,No,3510.3159
ORD106568,2024-01-07,CUST4561,Premium,Fashion,5,4935,21960.75,11.0,No,Non-Festival,UPI,5,4.4,No,19545.0675
ORD106569,2024-10-09,CUST5163,Premium,Beauty,5,4629,14118.45,39.0,No,Non-Festival,Credit Card,7,4.0,No,8612.254500000001
ORD106570,2024-01-01,CUST8402,Regular,Home Decor,4,9298,29009.76,22.0,No,Non-Festival,UPI,5,3.1,Yes,22627.6128
ORD106571,2024-08-06,CUST7542,Premium,Home Decor,1,9973,8975.7,10.0,No,Non-Festival,Wallet,5,3.5,Yes,8078.130000000001
ORD106572,2024-08-17,CUST3818,Premium,Fashion,2,9996,17592.96,12.0,Yes,Independence Day,COD,7,4.3,No,15481.8048
ORD106573,2024-06-20,CUST6411,New,Groceries,3,6195,16540.65,11.0,No,Non-Festival,Credit Card,5,4.2,No,14721.178500000002
ORD106574,2024-03-27,CUST6922,Regular,Home Decor,2,769,1445.72,6.0,Yes,Holi,Credit Card,4,3.9,No,1358.9768
ORD106575,2024-02-10,CUST7899,Regular,Electronics,3,8295,14184.45,43.0,No,Non-Festival,COD,4,4.9,No,8085.136500000001
ORD106576,2024-05-02,CUST3405,Regular,Beauty,3,1745,4763.85,9.0,No,Non-Festival,Wallet,1,2.8,No,4335.1035
ORD106577,2024-11-26,CUST2727,Premium,Home Decor,1,1108,1041.52,6.0,No,Non-Festival,,6,3.7,No,979.0287999999999
ORD106578,2024-10-24,CUST8648,Premium,Fashion,3,4662,10349.64,26.0,Yes,Diwali,Credit Card,1,4.1,No,7658.7336
ORD106579,2024-06-26,CUST3413,Regular,Electronics,3,4283,12078.06,6.0,No,Non-Festival,UPI,3,5.0,No,11353.3764
ORD106580,2024-03-03,CUST8630,Regular,Fashion,1,3540,1805.4,49.0,No,Non-Festival,COD,2,3.9,No,920.754
ORD106581,2024-06-13,CUST3216,Regular,Home Decor,5,7147,27515.95,23.0,No,Non-Festival,UPI,7,3.6,No,21187.2815
ORD106582,2024-07-05,CUST6964,Regular,Electronics,2,7239,11292.84,22.0,No,Non-Festival,Credit Card,4,4.8,No,8808.415200000001
ORD106583,2024-07-27,CUST8945,Regular,Beauty,3,7312,16671.36,24.0,No,Non-Festival,COD,7,3.8,No,12670.233600000001
ORD106584,2024-08-14,CUST6504,Regular,Beauty,1,2625,1496.2500000000002,43.0,Yes,Independence Day,,1,4.8,Yes,852.8625000000002
ORD106585,2024-02-17,CUST1916,Regular,Beauty,3,7355,14342.25,35.0,No,Non-Festival,Wallet,6,4.4,No,9322.4625
ORD106586,2024-08-11,CUST6315,Regular,Groceries,1,9405,6395.4,32.0,Yes,Independence Day,Wallet,5,2.9,Yes,4348.871999999999
ORD106587,2024-01-03,CUST5525,Regular,Fashion,2,6870,8793.6,36.0,No,Non-Festival,Credit Card,4,2.9,Yes,5627.904
ORD106588,2024-06-23,CUST6280,New,Home Decor,4,2072,4889.920000000001,41.0,No,Non-Festival,Wallet,2,3.3,No,2885.052800000001
ORD106589,2024-04-08,CUST6092,Regular,Electronics,5,5109,15837.9,38.0,No,Non-Festival,COD,4,2.7,No,9819.498
ORD106590,2024-04-25,CUST5691,Regular,Fashion,4,8597,32324.72,6.0,No,Non-Festival,COD,6,3.9,Yes,30385.2368
ORD106591,2024-09-26,CUST7765,Regular,Home Decor,1,1015,720.65,29.0,No,Non-Festival,COD,2,4.6,Yes,511.66149999999993
ORD106592,2024-09-09,CUST2771,Regular,Groceries,3,265,556.5,30.0,No,Non-Festival,COD,3,3.5,No,389.54999999999995
ORD106593,2024-11-12,CUST5396,Regular,Home Decor,5,2251,6302.8,44.0,No,Non-Festival,Wallet,1,4.1,No,3529.568
ORD106594,2024-04-04,CUST6386,Regular,Fashion,2,202,222.2,45.0,No,Non-Festival,COD,6,5.0,Yes,122.21000000000001
ORD106595,2024-09-29,CUST7797,Premium,Home Decor,5,7626,24403.2,36.0,No,Non-Festival,Credit Card,2,3.0,No,15618.048
ORD106596,2024-01-24,CUST2791,Premium,Electronics,3,524,1257.6,20.0,Yes,Republic Day,COD,3,3.4,No,1006.0799999999999
ORD106597,2024-04-25,CUST6298,Premium,Groceries,4,6334,16975.12,33.0,No,Non-Festival,Wallet,6,2.6,No,11373.330399999999
ORD106598,2024-05-30,CUST5140,Premium,Electronics,1,804,442.2000000000001,45.0,No,Non-Festival,Wallet,6,3.1,No,243.21000000000006
ORD106599,2024-12-03,CUST7533,Regular,Groceries,4,5091,16291.2,20.0,No,Non-Festival,UPI,4,3.8,No,13032.960000000001
ORD106600,2024-02-19,CUST2185,New,Groceries,5,2782,8485.1,39.0,No,Non-Festival,COD,1,4.1,No,5175.911
ORD106601,2024-07-24,CUST5385,Regular,Home Decor,3,3322,8072.460000000001,19.0,No,Non-Festival,Wallet,7,4.5,Yes,6538.692600000001
ORD106602,2024-11-30,CUST1380,Premium,Electronics,1,8176,5477.919999999999,33.0,No,Non-Festival,UPI,7,3.6,No,3670.206399999999
ORD106603,2024-03-19,CUST4361,Regular,Groceries,3,3314,9246.06,7.0,No,Non-Festival,Credit Card,2,4.3,Yes,8598.835799999999
ORD106604,2024-03-10,CUST8602,New,Groceries,3,546,1130.2199999999998,31.0,No,Non-Festival,COD,6,4.0,No,779.8517999999998
ORD106605,2024-01-27,CUST1186,Premium,Home Decor,5,3643,12932.65,29.0,Yes,Republic Day,Wallet,7,3.3,No,9182.181499999999
ORD106606,2024-09-27,CUST9787,Regular,Fashion,4,2454,7067.52,28.0,No,Non-Festival,Wallet,6,3.5,Yes,5088.6144
ORD106607,2024-02-19,CUST6188,Premium,Fashion,3,8502,24485.76,4.0,No,Non-Festival,COD,2,3.9,No,23506.329599999997
ORD106608,2024-10-18,CUST8647,Regular,Beauty,3,222,472.86,29.0,No,Non-Festival,UPI,7,4.9,No,335.7306
ORD106609,2024-09-03,CUST6025,Premium,Beauty,3,4016,10722.72,11.0,No,Non-Festival,COD,6,4.8,No,9543.2208
ORD106610,2024-09-20,CUST7564,Premium,Groceries,1,1907,1182.34,38.0,No,Non-Festival,Credit Card,1,5.0,No,733.0508
ORD106611,2024-03-19,CUST7197,Regular,Fashion,3,6915,15351.3,26.0,No,Non-Festival,Credit Card,6,2.5,No,11359.962
ORD106612,2024-07-08,CUST6708,Regular,Groceries,3,6253,16507.920000000002,12.0,No,Non-Festival,COD,7,4.3,No,14526.969600000002
ORD106613,2024-02-16,CUST6001,Regular,Electronics,5,4015,10840.5,46.0,No,Non-Festival,UPI,4,4.7,No,5853.870000000001
ORD106614,2024-12-26,CUST8470,Premium,Fashion,3,9138,24946.74,9.0,Yes,Christmas/New Year,Credit Card,4,4.3,No,22701.533400000004
ORD106615,2024-12-19,CUST3637,Regular,Fashion,3,714,1392.3,35.0,No,Non-Festival,COD,5,3.5,No,904.995
ORD106616,2024-12-17,CUST7132,Premium,Fashion,5,6487,22704.5,30.0,No,Non-Festival,UPI,6,4.3,No,15893.15
ORD106617,2024-07-07,CUST6882,New,Beauty,1,3239,2753.15,15.0,No,Non-Festival,UPI,4,3.6,No,2340.1775000000002
ORD106618,2024-09-12,CUST5906,Regular,Home Decor,4,6061,15031.28,38.0,No,Non-Festival,Wallet,1,4.3,No,9319.393600000001
ORD106619,2024-08-09,CUST2135,New,Home Decor,5,3056,8556.800000000001,44.0,No,Non-Festival,Credit Card,3,4.5,No,4791.808000000001
ORD106620,2024-08-28,CUST3412,Premium,Beauty,1,2541,1651.65,35.0,Yes,Raksha Bandhan,COD,1,4.6,No,1073.5725
ORD106621,2024-09-25,CUST3917,Regular,Beauty,4,8716,26148.0,25.0,No,Non-Festival,Credit Card,2,4.3,No,19611.0
ORD106622,2024-01-01,CUST3678,Regular,Beauty,3,6536,11176.56,43.0,No,Non-Festival,UPI,6,2.9,No,6370.6392000000005
ORD106623,2024-02-03,CUST3539,Premium,Home Decor,5,3562,14426.1,19.0,No,Non-Festival,Wallet,7,4.8,No,11685.141000000001
ORD106624,2024-03-19,CUST2412,Regular,Groceries,3,8006,16092.059999999998,33.0,No,Non-Festival,Credit Card,5,3.0,Yes,10781.680199999997
ORD106625,2024-08-23,CUST8429,Regular,Beauty,5,3690,11808.0,36.0,No,Non-Festival,COD,5,3.4,No,7557.12
ORD106626,2024-11-29,CUST5506,Regular,Groceries,4,2707,10070.04,7.0,No,Non-Festival,Credit Card,7,3.6,No,9365.137200000001
ORD106627,2024-12-14,CUST1746,Premium,Groceries,1,8348,8097.559999999999,3.0,No,Non-Festival,UPI,7,4.3,No,7854.633199999998
ORD106628,2024-04-07,CUST5146,Premium,Electronics,5,5367,19321.2,28.0,No,Non-Festival,Wallet,3,4.3,No,13911.264
ORD106629,2024-03-22,CUST4886,Premium,Home Decor,1,3378,2364.6,30.0,Yes,Holi,Credit Card,7,4.9,No,1655.2199999999998
ORD106630,2024-07-10,CUST3869,Regular,Groceries,3,7631,22664.07,1.0,No,Non-Festival,UPI,6,3.0,No,22437.4293
ORD106631,2024-09-09,CUST2248,New,Home Decor,3,3524,8034.72,25.0,No,Non-Festival,UPI,2,3.6,No,6026.04
ORD106632,2024-02-07,CUST3372,New,Home Decor,4,9954,25084.08,37.0,No,Non-Festival,Wallet,7,3.0,No,15802.970400000002
ORD106633,2024-01-14,CUST8858,Regular,Electronics,4,1744,6836.48,2.0,No,Non-Festival,UPI,4,4.2,No,6699.7504
ORD106634,2024-12-12,CUST9424,Regular,Home Decor,2,6051,6656.1,45.0,No,Non-Festival,Credit Card,7,3.0,No,3660.8550000000005
ORD106635,2024-11-05,CUST3098,New,Groceries,2,8917,10522.06,41.0,Yes,Diwali,COD,4,4.7,No,6208.0154
ORD106636,2024-07-27,CUST8500,New,Fashion,4,6372,14783.040000000005,42.0,No,Non-Festival,Wallet,4,5.0,No,8574.163200000005
ORD106637,2024-12-22,CUST3927,Premium,Groceries,3,4833,13919.04,4.0,Yes,Christmas/New Year,UPI,1,3.3,No,13362.278400000001
ORD106638,2024-03-29,CUST8018,New,Groceries,1,6486,5123.9400000000005,21.0,Yes,Holi,Credit Card,4,4.3,No,4047.9126000000006
ORD106639,2024-02-25,CUST3158,Premium,Home Decor,4,9232,31388.8,15.0,No,Non-Festival,Wallet,2,3.8,No,26680.48
ORD106640,2024-04-03,CUST5622,Regular,Groceries,1,2465,2267.8,8.0,No,Non-Festival,UPI,5,3.4,Yes,2086.376
ORD106641,2024-04-02,CUST7906,Premium,Fashion,2,9104,9650.24,47.0,No,Non-Festival,Credit Card,1,3.0,No,5114.6272
ORD106642,2024-12-05,CUST3185,Premium,Home Decor,1,8458,7781.360000000001,8.0,No,Non-Festival,UPI,4,4.3,No,7158.851200000001
ORD106643,2024-03-25,CUST8953,New,Beauty,4,9152,19036.16,48.0,Yes,Holi,Credit Card,2,2.9,No,9898.8032
ORD106644,2024-09-01,CUST1163,Regular,Groceries,3,6487,17320.29,11.0,No,Non-Festival,UPI,3,3.2,Yes,15415.0581
ORD106645,2024-01-22,CUST2419,Premium,Groceries,4,5460,11793.6,46.0,Yes,Republic Day,Wallet,2,4.8,No,6368.544000000001
ORD106646,2024-10-17,CUST1259,Premium,Electronics,5,8856,26125.200000000004,41.0,No,Non-Festival,Wallet,5,3.8,Yes,15413.868000000004
ORD106647,2024-09-28,CUST8753,Regular,Beauty,5,4391,21296.35,3.0,No,Non-Festival,Wallet,2,4.6,No,20657.459499999997
ORD106648,2024-11-01,CUST6452,Regular,Beauty,5,5099,13257.4,48.0,Yes,Diwali,UPI,7,4.4,No,6893.848
ORD106649,2024-05-01,CUST7786,New,Fashion,3,1667,4150.83,17.0,No,Non-Festival,UPI,2,3.4,No,3445.1888999999996
ORD106650,2024-05-07,CUST5865,Regular,Beauty,4,5052,16772.64,17.0,No,Non-Festival,Wallet,7,3.0,No,13921.2912
ORD106651,2024-04-22,CUST3562,Premium,Electronics,5,6301,18587.95,41.0,No,Non-Festival,Wallet,7,2.7,No,10966.890500000001
ORD106652,2024-09-29,CUST6282,New,Fashion,4,7747,17973.04,42.0,No,Non-Festival,COD,1,4.9,No,10424.363200000002
ORD106653,2024-12-01,CUST2916,Regular,Beauty,2,2960,4025.6,32.0,No,Non-Festival,Credit Card,5,3.3,No,2737.408
ORD106654,2024-05-09,CUST3912,New,Fashion,5,6621,19531.950000000004,41.0,No,Non-Festival,COD,4,4.2,No,11523.850500000004
ORD106655,2024-05-11,CUST2571,Premium,Beauty,5,1593,7805.7,2.0,No,Non-Festival,Credit Card,7,4.3,No,7649.585999999999
ORD106656,2024-03-25,CUST6092,Regular,Beauty,3,3893,7357.77,37.0,Yes,Holi,UPI,7,3.0,No,4635.395100000001
ORD106657,2024-12-15,CUST4726,Regular,Beauty,4,5578,18742.08,25.0,No,Non-Festival,Credit Card,5,4.2,No,14056.560000000001
ORD106658,2024-03-21,CUST1412,New,Groceries,3,1899,5070.33,11.0,Yes,Holi,Credit Card,3,2.5,No,4512.5937
ORD106659,2024-11-20,CUST7295,Regular,Beauty,3,1320,3564.0,10.0,No,Non-Festival,UPI,6,3.5,No,3207.6
ORD106660,2024-03-09,CUST5216,Regular,Groceries,4,5529,18577.44,16.0,No,Non-Festival,UPI,7,3.4,No,15605.049599999998
ORD106661,2024-05-27,CUST4225,Regular,Home Decor,2,1771,2337.72,34.0,No,Non-Festival,UPI,7,4.8,Yes,1542.8951999999997
ORD106662,2024-01-16,CUST4549,Regular,Electronics,4,928,2227.2,40.0,No,Non-Festival,Wallet,5,5.0,No,1336.32
ORD106663,2024-11-02,CUST1238,Regular,Fashion,2,815,831.3000000000001,49.0,Yes,Diwali,Wallet,1,3.2,No,423.963
ORD106664,2024-04-14,CUST4503,New,Fashion,3,570,1624.5,5.0,No,Non-Festival,Credit Card,4,4.0,No,1543.2749999999999
ORD106665,2024-06-13,CUST5070,New,Home Decor,2,6967,9196.44,34.0,No,Non-Festival,UPI,5,4.4,No,6069.6503999999995
ORD106666,2024-07-19,CUST3561,Regular,Beauty,2,5538,10522.2,5.0,No,Non-Festival,Wallet,6,3.0,No,9996.09
ORD106667,2024-07-15,CUST9578,Regular,Electronics,2,5142,7095.959999999999,31.0,No,Non-Festival,UPI,7,4.2,No,4896.212399999999
ORD106668,2024-07-03,CUST8923,Premium,Home Decor,5,9339,42025.5,10.0,No,Non-Festival,Credit Card,4,3.1,No,37822.950000000004
ORD106669,2024-11-17,CUST5878,Regular,Home Decor,5,1319,3825.1,42.0,No,Non-Festival,Wallet,7,2.9,No,2218.558
ORD106670,2024-09-21,CUST1699,New,Fashion,3,9847,18315.42,38.0,No,Non-Festival,Wallet,1,4.6,No,11355.560399999998
ORD106671,2024-12-28,CUST7358,New,Groceries,4,6531,22989.12,12.0,Yes,Christmas/New Year,COD,7,3.8,No,20230.4256
ORD106672,2024-04-09,CUST1640,New,Groceries,2,7219,12705.44,12.0,No,Non-Festival,Credit Card,7,3.2,No,11180.7872
ORD106673,2024-12-07,CUST4265,Regular,Beauty,5,2622,8128.2,38.0,No,Non-Festival,Wallet,2,3.5,Yes,5039.4839999999995
ORD106674,2024-11-15,CUST3206,Regular,Beauty,4,7790,17138.0,45.0,No,Non-Festival,Credit Card,7,3.5,No,9425.900000000001
ORD106675,2024-08-01,CUST3780,Regular,Home Decor,2,9732,13040.88,33.0,No,Non-Festival,Credit Card,6,4.4,No,8737.389599999999
ORD106676,2024-10-04,CUST7825,Regular,Beauty,4,9910,38847.2,2.0,No,Non-Festival,UPI,3,4.7,No,38070.255999999994
ORD106677,2024-06-10,CUST4994,Regular,Groceries,1,6025,4157.25,31.0,No,Non-Festival,Credit Card,5,3.7,No,2868.5024999999996
ORD106678,2024-06-05,CUST5155,New,Electronics,2,6960,13502.4,3.0,No,Non-Festival,COD,4,3.3,No,13097.328
ORD106679,2024-09-07,CUST3905,New,Fashion,4,9102,22208.88,39.0,No,Non-Festival,Wallet,5,4.3,Yes,13547.4168
ORD106680,2024-12-31,CUST7079,New,Groceries,2,4770,9540.0,0.0,Yes,Christmas/New Year,Credit Card,7,4.8,No,9540.0
ORD106681,2024-04-06,CUST7796,New,Beauty,2,773,1422.3200000000002,8.0,No,Non-Festival,Credit Card,1,2.8,Yes,1308.5344000000002
ORD106682,2024-01-18,CUST9177,Regular,Fashion,1,707,367.64,48.0,No,Non-Festival,UPI,2,4.5,No,191.1728
ORD106683,2024-11-22,CUST7971,Premium,Fashion,4,6935,14147.4,49.0,No,Non-Festival,UPI,1,3.9,Yes,7215.174
ORD106684,2024-04-06,CUST2144,Regular,Home Decor,3,2422,6830.04,25.0,No,Non-Festival,COD,6,4.7,No,5122.53
ORD106685,2024-01-01,CUST9532,Regular,Beauty,5,7888,29185.6,26.0,No,Non-Festival,Credit Card,7,3.8,No,21597.343999999997
ORD106686,2024-08-03,CUST8480,Premium,Home Decor,2,1494,2928.24,25.0,No,Non-Festival,Credit Card,7,4.7,No,2196.18
ORD106687,2024-05-11,CUST5346,Premium,Fashion,2,987,1559.46,21.0,No,Non-Festival,Credit Card,4,3.9,No,1231.9734
ORD106688,2024-09-16,CUST5143,Premium,Home Decor,2,4867,8273.9,15.0,No,Non-Festival,Credit Card,5,2.9,No,7032.815
ORD106689,2024-05-04,CUST4278,Regular,Beauty,2,2433,4525.38,7.0,No,Non-Festival,Wallet,7,2.5,No,4208.6034
ORD106690,2024-03-22,CUST3223,Regular,Groceries,5,8978,43094.4,4.0,Yes,Holi,Credit Card,4,4.1,No,41370.624
ORD106691,2024-10-09,CUST6012,Regular,Electronics,3,3850,6006.0,48.0,No,Non-Festival,Credit Card,7,4.0,Yes,3123.12
ORD106692,2024-06-19,CUST3463,Regular,Groceries,1,3449,2448.79,29.0,No,Non-Festival,Wallet,6,3.0,No,1738.6408999999999
ORD106693,2024-02-28,CUST9094,Regular,Fashion,3,6271,13733.49,27.0,No,Non-Festival,UPI,6,4.6,No,10025.447699999999
ORD106694,2024-02-01,CUST4556,Premium,Groceries,5,4236,15673.2,26.0,No,Non-Festival,COD,7,4.7,No,11598.168
ORD106695,2024-06-09,CUST2026,New,Home Decor,4,8947,18251.88,49.0,No,Non-Festival,Credit Card,1,4.5,No,9308.4588
ORD106696,2024-10-10,CUST2027,Regular,Beauty,1,1909,1508.11,21.0,No,Non-Festival,Wallet,5,4.8,No,1191.4069
ORD106697,2024-04-15,CUST7416,Premium,Groceries,1,5412,3842.52,29.0,No,Non-Festival,Credit Card,4,3.8,No,2728.1892
ORD106698,2024-04-14,CUST8438,Regular,Groceries,4,1710,4377.6,36.0,No,Non-Festival,UPI,5,4.3,No,2801.664
ORD106699,2024-08-15,CUST9188,New,Beauty,2,6103,11473.64,6.0,Yes,Independence Day,Wallet,3,4.8,No,10785.221599999999
ORD106700,2024-07-06,CUST1976,Regular,Home Decor,5,8367,21335.85,49.0,No,Non-Festival,Wallet,1,3.6,Yes,10881.2835
ORD106701,2024-03-10,CUST3762,New,Electronics,4,7752,22015.68,29.0,No,Non-Festival,Wallet,1,4.0,No,15631.1328
ORD106702,2024-11-13,CUST1970,New,Groceries,3,3706,9783.84,12.0,No,Non-Festival,Credit Card,3,3.8,No,8609.7792
ORD106703,2024-10-16,CUST6621,New,Fashion,3,6278,14878.86,21.0,No,Non-Festival,UPI,2,5.0,No,11754.299400000002
ORD106704,2024-03-27,CUST9053,Regular,Home Decor,4,6632,23875.2,10.0,Yes,Holi,COD,6,3.6,No,21487.68
ORD106705,2024-12-27,CUST8965,Premium,Home Decor,5,3833,18398.4,4.0,Yes,Christmas/New Year,Wallet,4,3.3,No,17662.464
ORD106706,2024-02-25,CUST7060,Regular,Groceries,1,1661,1312.19,21.0,No,Non-Festival,Credit Card,7,4.1,Yes,1036.6301
ORD106707,2024-04-22,CUST7050,Regular,Beauty,1,6114,5258.04,14.0,No,Non-Festival,COD,2,3.2,No,4521.9144
ORD106708,2024-01-13,CUST2307,Regular,Groceries,2,6552,8124.48,38.0,No,Non-Festival,Wallet,5,4.6,No,5037.1776
ORD106709,2024-01-18,CUST9749,New,Groceries,5,2371,7587.2,36.0,No,Non-Festival,Credit Card,4,4.7,No,4855.808
ORD106710,2024-06-30,CUST5802,New,Beauty,3,8128,17068.8,30.0,No,Non-Festival,COD,7,3.4,No,11948.159999999998
ORD106711,2024-04-22,CUST8939,Regular,Fashion,3,8794,18995.04,28.0,No,Non-Festival,COD,7,3.4,No,13676.4288
ORD106712,2024-08-16,CUST1497,Premium,Beauty,2,8675,10757.0,38.0,Yes,Independence Day,Wallet,4,2.7,Yes,6669.34
ORD106713,2024-06-19,CUST7409,New,Groceries,3,7006,17655.12,16.0,No,Non-Festival,Credit Card,6,3.1,No,14830.300799999999
ORD106714,2024-10-21,CUST2306,Regular,Electronics,2,6315,7578.0,40.0,Yes,Diwali,COD,4,2.7,No,4546.8
ORD106715,2024-07-07,CUST1563,Regular,Beauty,2,8632,16400.8,5.0,No,Non-Festival,UPI,3,4.4,No,15580.759999999998
ORD106716,2024-03-19,CUST9949,Regular,Fashion,4,4856,11654.4,40.0,No,Non-Festival,UPI,7,3.0,No,6992.639999999999
ORD106717,2024-05-25,CUST9511,Premium,Beauty,1,9092,7637.28,16.0,No,Non-Festival,COD,1,2.7,No,6415.315199999999
ORD106718,2024-06-30,CUST3521,Regular,Beauty,5,2870,9614.499999999998,33.0,No,Non-Festival,Wallet,3,2.9,No,6441.714999999998
ORD106719,2024-10-12,CUST4217,Premium,Home Decor,5,4560,17784.0,22.0,No,Non-Festival,Wallet,3,3.4,No,13871.52
ORD106720,2024-09-06,CUST7934,Regular,Home Decor,1,2748,1951.08,29.0,No,Non-Festival,Wallet,7,3.6,Yes,1385.2667999999999
ORD106721,2024-12-19,CUST7063,Regular,Groceries,5,2526,11114.4,12.0,No,Non-Festival,COD,3,4.7,No,9780.672
ORD106722,2024-11-09,CUST1850,Regular,Groceries,3,2996,6381.48,29.0,Yes,Diwali,Wallet,2,3.2,Yes,4530.850799999999
ORD106723,2024-07-14,CUST3002,Regular,Beauty,3,7246,11303.76,48.0,No,Non-Festival,Wallet,3,4.3,No,5877.9552
ORD106724,2024-11-18,CUST6769,Regular,Electronics,5,2406,9744.3,19.0,No,Non-Festival,UPI,1,3.8,No,7892.883
ORD106725,2024-03-11,CUST1235,Regular,Groceries,4,5379,20440.2,5.0,No,Non-Festival,Credit Card,4,4.6,No,19418.19
ORD106726,2024-09-04,CUST8483,New,Beauty,5,1810,6335.0,30.0,No,Non-Festival,UPI,2,3.0,No,4434.5
ORD106727,2024-05-25,CUST7956,Regular,Beauty,2,8879,14561.56,18.0,No,Non-Festival,COD,7,3.2,No,11940.4792
ORD106728,2024-04-15,CUST8202,Premium,Beauty,2,664,1261.6,5.0,No,Non-Festival,UPI,6,2.6,No,1198.5199999999998
ORD106729,2024-09-19,CUST2841,New,Beauty,1,4523,3030.41,33.0,No,Non-Festival,Credit Card,3,3.7,No,2030.3746999999996
ORD106730,2024-10-22,CUST9482,New,Beauty,3,9057,19834.83,27.0,Yes,Diwali,,3,3.5,No,14479.4259
ORD106731,2024-03-10,CUST5978,New,Home Decor,4,5675,19976.0,12.0,No,Non-Festival,Wallet,4,3.9,No,17578.88
ORD106732,2024-07-11,CUST4718,Premium,Fashion,5,9881,44958.55,9.0,No,Non-Festival,Credit Card,4,3.8,No,40912.2805
ORD106733,2024-03-08,CUST7370,Regular,Fashion,2,7165,8598.0,40.0,No,Non-Festival,COD,6,4.3,No,5158.8
ORD106734,2024-10-31,CUST4420,New,Beauty,3,998,1676.64,44.0,Yes,Diwali,,2,4.2,No,938.9184000000001
ORD106735,2024-02-21,CUST3811,New,Groceries,3,3000,8460.0,6.0,No,Non-Festival,UPI,6,3.6,No,7952.4
ORD106736,2024-12-28,CUST8215,New,Electronics,4,3440,11420.8,17.0,Yes,Christmas/New Year,Wallet,6,2.6,No,9479.264
ORD106737,2024-10-11,CUST5114,Premium,Beauty,4,3555,11233.8,21.0,No,Non-Festival,Credit Card,1,3.4,No,8874.702
ORD106738,2024-11-29,CUST1035,Premium,Electronics,4,4129,14368.92,13.0,No,Non-Festival,Wallet,2,3.3,No,12500.9604
ORD106739,2024-01-09,CUST1688,Regular,Home Decor,4,1059,2753.4,35.0,No,Non-Festival,UPI,4,2.7,No,1789.71
ORD106740,2024-09-07,CUST5599,Premium,Fashion,2,8755,16284.3,7.0,No,Non-Festival,UPI,1,3.3,No,15144.398999999998
ORD106741,2024-11-27,CUST6041,Regular,Home Decor,4,7888,28081.28,11.0,No,Non-Festival,Credit Card,7,5.0,No,24992.3392
ORD106742,2024-10-24,CUST9881,Regular,Groceries,3,5222,9556.26,39.0,Yes,Diwali,UPI,3,4.6,No,5829.3186
ORD106743,2024-07-02,CUST9296,Premium,Groceries,3,7784,12376.56,47.0,No,Non-Festival,Credit Card,6,3.8,No,6559.5768
ORD106744,2024-06-27,CUST1002,Regular,Beauty,5,6602,22446.8,32.0,No,Non-Festival,,3,4.6,No,15263.823999999999
ORD106745,2024-07-16,CUST7749,Regular,Groceries,3,9307,21499.17,23.0,No,Non-Festival,UPI,5,4.7,No,16554.3609
ORD106746,2024-05-07,CUST3069,New,Groceries,3,1974,3493.9800000000005,41.0,No,Non-Festival,Credit Card,4,3.3,No,2061.4482000000007
ORD106747,2024-01-20,CUST8703,New,Home Decor,2,3565,4420.6,38.0,Yes,Republic Day,Credit Card,5,3.3,No,2740.7720000000004
ORD106748,2024-11-23,CUST4171,Premium,Electronics,3,8214,21438.54,13.0,No,Non-Festival,,2,3.3,No,18651.5298
ORD106749,2024-03-05,CUST2938,Premium,Fashion,1,8542,4441.84,48.0,No,Non-Festival,UPI,2,4.5,No,2309.7568
ORD106750,2024-06-30,CUST3609,New,Groceries,3,7625,21960.0,25.0,No,Non-Festival,Wallet,6,4.5,No,16470.0
ORD106751,2024-08-28,CUST6584,Regular,Groceries,5,3221,13206.1,18.0,Yes,Raksha Bandhan,Credit Card,1,2.5,No,10829.002
ORD106752,2024-01-24,CUST5275,Premium,Home Decor,5,4437,21741.3,2.0,Yes,Republic Day,COD,6,4.9,No,21306.474
ORD106753,2024-03-23,CUST7660,Regular,Fashion,4,6594,26376.0,0.0,Yes,Holi,COD,4,3.2,No,26376.0
ORD106754,2024-11-14,CUST8971,Regular,Home Decor,2,4017,4900.74,39.0,No,Non-Festival,UPI,1,4.1,No,2989.4514
ORD106755,2024-07-03,CUST7662,Premium,Electronics,5,9462,28386.0,40.0,No,Non-Festival,COD,1,4.1,No,17031.6
ORD106756,2024-11-11,CUST9222,Premium,Home Decor,1,960,614.4,36.0,No,Non-Festival,UPI,7,2.8,No,393.216
ORD106757,2024-04-08,CUST8862,Regular,Fashion,1,4651,3162.68,32.0,No,Non-Festival,UPI,7,4.2,Yes,2150.6223999999997
ORD106758,2024-03-02,CUST7347,Regular,Fashion,4,4827,10040.16,48.0,No,Non-Festival,Credit Card,2,3.8,No,5220.8832
ORD106759,2024-10-12,CUST2182,Premium,Groceries,2,2939,3232.9,45.0,No,Non-Festival,Credit Card,2,4.0,Yes,1778.0950000000003
ORD106760,2024-01-22,CUST4413,Premium,Electronics,2,7639,12833.52,16.0,Yes,Republic Day,,6,3.6,No,10780.1568
ORD106761,2024-07-30,CUST6538,Premium,Beauty,3,5748,15864.48,8.0,No,Non-Festival,Wallet,4,4.5,No,14595.321600000001
ORD106762,2024-05-05,CUST6845,Regular,Groceries,1,6991,4893.7,30.0,No,Non-Festival,Credit Card,2,4.1,No,3425.5899999999997
ORD106763,2024-02-11,CUST7214,Premium,Home Decor,1,8116,5356.56,34.0,No,Non-Festival,UPI,4,3.0,No,3535.3296
ORD106764,2024-04-07,CUST2099,Regular,Home Decor,1,7045,6904.099999999999,2.0,No,Non-Festival,Credit Card,5,4.4,Yes,6766.017999999999
ORD106765,2024-01-31,CUST8493,Regular,Fashion,1,7067,6218.96,12.0,No,Non-Festival,Wallet,6,3.8,No,5472.6848
ORD106766,2024-06-06,CUST1776,Premium,Fashion,5,9308,29785.6,36.0,No,Non-Festival,Credit Card,3,2.6,No,19062.784
ORD106767,2024-04-21,CUST7213,Premium,Fashion,2,4143,5220.18,37.0,No,Non-Festival,COD,6,3.5,No,3288.7134
ORD106768,2024-09-03,CUST5706,Regular,Beauty,3,3660,9552.6,13.0,No,Non-Festival,UPI,5,3.5,No,8310.762
ORD106769,2024-05-01,CUST9947,Regular,Beauty,5,1692,8037.0,5.0,No,Non-Festival,COD,7,4.5,No,7635.15
ORD106770,2024-09-29,CUST8265,Premium,Groceries,2,3821,5502.24,28.0,No,Non-Festival,COD,7,3.1,No,3961.6128
ORD106771,2024-10-20,CUST8753,Regular,Beauty,4,9118,18965.44,48.0,Yes,Diwali,Wallet,2,3.6,No,9862.0288
ORD106772,2024-07-25,CUST4119,Regular,Fashion,1,5218,4800.56,8.0,No,Non-Festival,COD,3,2.6,No,4416.515200000001
ORD106773,2024-04-19,CUST2051,Regular,Groceries,3,8362,16305.9,35.0,No,Non-Festival,Credit Card,3,4.7,Yes,10598.835000000001
ORD106774,2024-10-04,CUST8888,Regular,Groceries,2,6950,10842.0,22.0,No,Non-Festival,UPI,6,3.6,No,8456.76
ORD106775,2024-02-25,CUST9394,Regular,Electronics,4,5041,17341.04,14.0,No,Non-Festival,COD,6,4.6,No,14913.2944
ORD106776,2024-02-26,CUST1526,New,Beauty,1,9331,4758.81,49.0,No,Non-Festival,COD,1,4.2,No,2426.9931
ORD106777,2024-10-17,CUST9118,Premium,Home Decor,4,7668,16562.88,46.0,No,Non-Festival,UPI,3,3.3,No,8943.9552
ORD106778,2024-04-23,CUST3053,Premium,Home Decor,4,287,585.48,49.0,No,Non-Festival,Credit Card,4,4.3,No,298.5948
ORD106779,2024-11-03,CUST4808,Premium,Electronics,5,762,3581.4,25.0,Yes,Diwali,COD,2,3.7,No,2686.05
ORD106780,2024-12-06,CUST4701,Premium,Fashion,4,1468,3170.88,46.0,No,Non-Festival,UPI,7,3.4,No,1712.2752000000003
ORD106781,2024-07-16,CUST8631,New,Electronics,5,9882,37551.6,24.0,No,Non-Festival,Credit Card,2,4.2,No,28539.216
ORD106782,2024-11-16,CUST9504,Premium,Fashion,5,5761,18435.2,36.0,No,Non-Festival,Credit Card,1,4.4,No,11798.528
ORD106783,2024-06-27,CUST1538,Regular,Beauty,4,6245,19484.4,22.0,No,Non-Festival,Credit Card,6,4.2,No,15197.832000000002
ORD106784,2024-08-06,CUST2140,Premium,Beauty,2,9964,17935.2,10.0,No,Non-Festival,Wallet,6,3.8,No,16141.68
ORD106785,2024-10-03,CUST8591,Regular,Groceries,4,4854,10678.8,45.0,No,Non-Festival,Credit Card,1,3.1,No,5873.34
ORD106786,2024-01-16,CUST7980,Premium,Groceries,4,3371,12540.12,7.0,No,Non-Festival,Credit Card,2,4.5,No,11662.311599999999
ORD106787,2024-03-01,CUST8989,Premium,Groceries,2,7712,10025.6,35.0,No,Non-Festival,UPI,1,3.4,No,6516.64
ORD106788,2024-02-23,CUST1702,New,Groceries,1,8052,4750.68,41.0,No,Non-Festival,Wallet,3,4.0,No,2802.9012000000007
ORD106789,2024-06-16,CUST6364,Premium,Home Decor,3,3000,5580.0,38.0,No,Non-Festival,Credit Card,7,2.8,No,3459.6
ORD106790,2024-01-26,CUST3278,Regular,Groceries,1,7046,7046.0,0.0,Yes,Republic Day,COD,3,4.4,No,7046.0
ORD106791,2024-12-01,CUST3630,Regular,Groceries,4,5238,11942.64,43.0,No,Non-Festival,Wallet,4,4.9,No,6807.304800000001
ORD106792,2024-03-05,CUST6277,Regular,Groceries,1,9649,8491.12,12.0,No,Non-Festival,UPI,6,3.6,No,7472.185600000001
ORD106793,2024-04-09,CUST7803,Regular,Fashion,3,5088,12974.4,15.0,No,Non-Festival,Wallet,1,3.9,No,11028.24
ORD106794,2024-03-14,CUST6659,Regular,Groceries,1,4980,2739.0,45.0,No,Non-Festival,COD,2,4.7,No,1506.45
ORD106795,2024-07-10,CUST2457,Regular,Electronics,3,1343,3545.52,12.0,No,Non-Festival,Wallet,6,4.5,No,3120.0576
ORD106796,2024-06-19,CUST8341,Regular,Groceries,1,6903,4417.92,36.0,No,Non-Festival,COD,6,4.9,No,2827.4688
ORD106797,2024-09-29,CUST6530,New,Groceries,5,947,4119.45,13.0,No,Non-Festival,Credit Card,5,3.2,Yes,3583.9215
ORD106798,2024-07-05,CUST1366,Regular,Home Decor,4,7294,25674.88,12.0,No,Non-Festival,Credit Card,2,3.7,No,22593.8944
ORD106799,2024-01-23,CUST4768,Regular,Groceries,3,6645,10964.25,45.0,Yes,Republic Day,,6,3.6,No,6030.337500000001
ORD106800,2024-06-29,CUST6656,Regular,Fashion,4,3688,13129.28,11.0,No,Non-Festival,Wallet,5,3.7,No,11685.059200000002
ORD106801,2024-11-22,CUST2012,Premium,Beauty,5,9537,34810.05,27.0,No,Non-Festival,UPI,5,4.8,No,25411.3365
ORD106802,2024-04-17,CUST1214,Regular,Groceries,1,2304,1820.16,21.0,No,Non-Festival,UPI,7,3.0,No,1437.9264
ORD106803,2024-11-30,CUST3038,Premium,Groceries,4,4056,13141.44,19.0,No,Non-Festival,COD,4,4.7,No,10644.566400000002
ORD106804,2024-06-10,CUST1089,Regular,Groceries,1,5319,2872.26,46.0,No,Non-Festival,Credit Card,5,3.9,Yes,1551.0204
ORD106805,2024-10-28,CUST7624,Premium,Home Decor,1,5458,4475.56,18.0,Yes,Diwali,Wallet,3,3.8,No,3669.9592000000007
ORD106806,2024-07-24,CUST6193,New,Beauty,4,2968,10684.8,10.0,No,Non-Festival,Credit Card,3,3.5,No,9616.32
ORD106807,2024-03-18,CUST2125,Regular,Home Decor,3,4259,9071.67,29.0,No,Non-Festival,Wallet,6,3.8,No,6440.8857
ORD106808,2024-01-16,CUST1721,Regular,Home Decor,3,2008,4518.0,25.0,No,Non-Festival,COD,4,4.5,No,3388.5
ORD106809,2024-11-22,CUST7597,Regular,Home Decor,4,5680,19539.2,25.0,No,Non-Festival,Credit Card,2,3.7,No,14654.400000000001
ORD106810,2024-04-05,CUST2655,Premium,Fashion,3,609,1297.1699999999998,29.0,No,Non-Festival,UPI,2,4.4,No,920.9906999999998
ORD106811,2024-05-26,CUST4224,Regular,Beauty,2,845,1216.8,28.0,No,Non-Festival,COD,6,3.5,Yes,876.0959999999999
ORD106812,2024-01-02,CUST8795,Premium,Fashion,1,1751,1208.1899999999998,31.0,No,Non-Festival,Credit Card,6,3.0,No,833.6510999999998
ORD106813,2024-01-10,CUST6686,Premium,Fashion,4,5562,15796.08,29.0,No,Non-Festival,COD,2,3.5,No,11215.2168
ORD106814,2024-05-04,CUST3023,Premium,Beauty,5,1313,3742.05,43.0,No,Non-Festival,Wallet,2,4.3,No,2132.9685000000004
ORD106815,2024-03-21,CUST5597,Regular,Fashion,4,3787,12875.8,15.0,Yes,Holi,Credit Card,3,3.8,No,10944.429999999998
ORD106816,2024-05-19,CUST4998,Regular,Beauty,4,261,678.6,35.0,No,Non-Festival,Credit Card,3,4.4,No,441.09000000000003
ORD106817,2024-11-21,CUST1615,Premium,Groceries,1,9627,7990.41,17.0,No,Non-Festival,,4,3.4,No,6632.0403
ORD106818,2024-05-29,CUST4392,New,Home Decor,5,1927,5781.0,40.0,No,Non-Festival,UPI,4,3.9,No,3468.6
ORD106819,2024-10-14,CUST4042,New,Fashion,1,4792,2539.76,47.0,No,Non-Festival,COD,4,3.4,No,1346.0728000000001
ORD106820,2024-12-26,CUST1234,New,Beauty,3,8368,15564.48,38.0,Yes,Christmas/New Year,,2,4.3,No,9649.9776
ORD106821,2024-12-05,CUST8930,Premium,Electronics,4,3166,9244.72,27.0,No,Non-Festival,UPI,2,3.6,Yes,6748.645599999999
ORD106822,2024-05-08,CUST6522,Premium,Fashion,1,3560,2919.2000000000003,18.0,No,Non-Festival,COD,3,4.4,No,2393.7440000000006
ORD106823,2024-08-26,CUST1707,Premium,Fashion,2,5862,10551.6,10.0,Yes,Raksha Bandhan,COD,3,2.5,No,9496.44
ORD106824,2024-02-27,CUST8887,Regular,Beauty,4,8270,27787.2,16.0,No,Non-Festival,Credit Card,1,3.4,No,23341.248
ORD106825,2024-07-16,CUST7085,Premium,Electronics,3,9804,23529.6,20.0,No,Non-Festival,Credit Card,1,4.7,No,18823.68
ORD106826,2024-07-29,CUST1860,Regular,Electronics,1,6900,4416.0,36.0,No,Non-Festival,COD,6,3.3,Yes,2826.2400000000002
ORD106827,2024-02-14,CUST7328,Regular,Groceries,1,3830,2183.1000000000004,43.0,No,Non-Festival,Credit Card,2,3.5,No,1244.3670000000004
ORD106828,2024-04-06,CUST6529,Premium,Fashion,2,4069,5452.459999999999,33.0,No,Non-Festival,Wallet,6,4.5,No,3653.148199999999
ORD106829,2024-10-05,CUST6469,Regular,Home Decor,3,5400,11015.999999999998,32.0,No,Non-Festival,Credit Card,3,2.7,No,7490.879999999998
ORD106830,2024-01-23,CUST3433,Regular,Fashion,2,2239,3224.16,28.0,Yes,Republic Day,COD,2,3.3,No,2321.3952
ORD106831,2024-11-30,CUST3080,Regular,Home Decor,4,7654,29697.52,3.0,No,Non-Festival,UPI,6,4.4,No,28806.594399999998
ORD106832,2024-02-13,CUST2324,New,Home Decor,5,1507,5199.15,31.0,No,Non-Festival,COD,6,4.9,No,3587.4134999999997
ORD106833,2024-01-27,CUST3840,Premium,Beauty,1,6834,6150.6,10.0,Yes,Republic Day,COD,5,4.5,No,5535.540000000001
ORD106834,2024-10-08,CUST2692,Premium,Fashion,2,1924,2886.0,25.0,No,Non-Festival,UPI,1,2.9,No,2164.5
ORD106835,2024-04-06,CUST3735,Regular,Beauty,1,5870,4872.099999999999,17.0,No,Non-Festival,Wallet,4,4.6,No,4043.8429999999994
ORD106836,2024-02-05,CUST4583,Regular,Groceries,1,4890,3374.1,31.0,No,Non-Festival,Credit Card,2,3.7,No,2328.129
ORD106837,2024-04-18,CUST7811,Regular,Home Decor,2,2655,3929.4,26.0,No,Non-Festival,Wallet,7,4.5,No,2907.756
ORD106838,2024-02-24,CUST9150,Regular,Electronics,1,1141,969.85,15.0,No,Non-Festival,UPI,5,3.1,No,824.3725
ORD106839,2024-07-10,CUST2235,Premium,Home Decor,3,7292,19907.16,9.0,No,Non-Festival,Wallet,4,3.4,No,18115.5156
ORD106840,2024-08-06,CUST1449,Regular,Groceries,3,5495,9396.45,43.0,No,Non-Festival,UPI,6,4.8,No,5355.976500000001
ORD106841,2024-07-03,CUST8469,Regular,Home Decor,5,7888,26424.8,33.0,No,Non-Festival,COD,5,4.8,No,17704.615999999998
ORD106842,2024-03-09,CUST1795,Regular,Beauty,3,3261,6652.44,32.0,No,Non-Festival,Wallet,7,3.2,No,4523.659199999999
ORD106843,2024-11-12,CUST7616,Regular,Fashion,2,9676,17610.32,9.0,No,Non-Festival,Credit Card,3,2.7,No,16025.3912
ORD106844,2024-05-09,CUST1094,Regular,Electronics,3,8787,15552.990000000002,41.0,No,Non-Festival,Credit Card,3,4.8,No,9176.264100000002
ORD106845,2024-02-24,CUST6292,Premium,Beauty,5,3963,14861.25,25.0,No,Non-Festival,UPI,3,3.3,No,11145.9375
ORD106846,2024-04-06,CUST2666,Premium,Fashion,4,7894,18629.840000000004,41.0,No,Non-Festival,COD,6,2.8,No,10991.605600000004
ORD106847,2024-12-01,CUST1000,New,Electronics,4,9482,28825.28,24.0,No,Non-Festival,Wallet,4,3.4,No,21907.2128
ORD106848,2024-03-27,CUST2870,Premium,Groceries,2,3088,6114.24,1.0,Yes,Holi,Wallet,4,3.2,No,6053.0976
ORD106849,2024-10-20,CUST5588,Regular,Home Decor,5,4643,17411.25,25.0,Yes,Diwali,UPI,3,2.7,No,13058.4375
ORD106850,2024-04-28,CUST3627,Premium,Electronics,3,4206,10220.58,19.0,No,Non-Festival,Wallet,6,5.0,No,8278.6698
ORD106851,2024-07-26,CUST2743,Premium,Groceries,5,1286,6301.4,2.0,No,Non-Festival,Credit Card,4,3.2,Yes,6175.371999999999
ORD106852,2024-11-29,CUST8970,Regular,Fashion,1,6699,4622.31,31.0,No,Non-Festival,Credit Card,3,3.2,No,3189.3939
ORD106853,2024-06-02,CUST8321,Premium,Electronics,5,1504,7520.0,0.0,No,Non-Festival,Wallet,2,3.5,No,7520.0
ORD106854,2024-02-04,CUST6985,New,Groceries,3,6710,15500.1,23.0,No,Non-Festival,Wallet,3,3.5,No,11935.077000000001
ORD106855,2024-03-19,CUST3512,Regular,Fashion,2,1214,1238.28,49.0,No,Non-Festival,COD,6,3.6,No,631.5228
ORD106856,2024-03-07,CUST5352,Premium,Beauty,1,8612,4994.960000000001,42.0,No,Non-Festival,COD,1,4.8,No,2897.0768000000007
ORD106857,2024-12-08,CUST9690,New,Home Decor,5,6048,17236.800000000003,43.0,No,Non-Festival,Wallet,2,2.7,No,9824.976000000002
ORD106858,2024-02-03,CUST9815,Premium,Groceries,4,9518,25888.96,32.0,No,Non-Festival,Wallet,6,4.9,No,17604.492799999996
ORD106859,2024-04-06,CUST3323,Premium,Beauty,3,8864,16752.96,37.0,No,Non-Festival,UPI,7,4.2,No,10554.3648
ORD106860,2024-06-17,CUST7984,Regular,Fashion,2,5320,5639.200000000001,47.0,No,Non-Festival,,3,4.2,No,2988.7760000000007
ORD106861,2024-06-17,CUST9132,Regular,Electronics,3,615,1217.6999999999998,34.0,No,Non-Festival,Wallet,1,2.9,No,803.6819999999998
ORD106862,2024-05-30,CUST7310,Premium,Home Decor,5,2068,8685.6,16.0,No,Non-Festival,UPI,3,3.3,No,7295.904
ORD106863,2024-03-11,CUST5973,Premium,Fashion,2,4312,4570.72,47.0,No,Non-Festival,COD,2,2.6,No,2422.4816
ORD106864,2024-01-03,CUST5712,New,Groceries,4,1733,4020.56,42.0,No,Non-Festival,UPI,3,4.1,No,2331.9248000000002
ORD106865,2024-11-09,CUST3872,Regular,Home Decor,1,8122,4304.66,47.0,Yes,Diwali,Wallet,4,3.3,No,2281.4698
ORD106866,2024-02-01,CUST8334,Regular,Beauty,5,1662,4736.700000000001,43.0,No,Non-Festival,Credit Card,3,3.9,No,2699.919000000001
ORD106867,2024-10-13,CUST4346,Regular,Home Decor,2,7898,10741.28,32.0,No,Non-Festival,Credit Card,2,4.4,No,7304.0704
ORD106868,2024-03-22,CUST9133,Regular,Beauty,1,2065,1858.5,10.0,Yes,Holi,Credit Card,5,3.9,No,1672.65
ORD106869,2024-02-12,CUST2064,Regular,Fashion,2,4209,6566.04,22.0,No,Non-Festival,Credit Card,3,2.7,No,5121.5112
ORD106870,2024-04-14,CUST4343,Regular,Electronics,5,8173,25744.95,37.0,No,Non-Festival,Wallet,4,2.7,No,16219.318500000001
ORD106871,2024-01-01,CUST2155,Regular,Home Decor,2,7910,10915.8,31.0,No,Non-Festival,Credit Card,7,4.7,No,7531.901999999999
ORD106872,2024-03-01,CUST6156,Regular,Electronics,4,8863,29070.640000000003,18.0,No,Non-Festival,Credit Card,2,3.2,No,23837.924800000004
ORD106873,2024-09-26,CUST5972,Regular,Electronics,2,3377,6011.06,11.0,No,Non-Festival,Wallet,1,3.4,No,5349.843400000001
ORD106874,2024-06-28,CUST3151,New,Home Decor,5,3065,11187.25,27.0,No,Non-Festival,COD,5,3.0,No,8166.6925
ORD106875,2024-08-11,CUST6727,Premium,Home Decor,2,3397,6726.06,1.0,Yes,Independence Day,COD,7,4.2,No,6658.799400000001
ORD106876,2024-01-06,CUST6941,Regular,Electronics,1,2661,2421.51,9.0,No,Non-Festival,COD,6,3.5,Yes,2203.5741000000003
ORD106877,2024-04-12,CUST5027,New,Groceries,1,7982,6545.240000000001,18.0,No,Non-Festival,,3,3.6,No,5367.096800000001
ORD106878,2024-01-10,CUST1076,Premium,Groceries,3,3781,8280.39,27.0,No,Non-Festival,COD,2,4.2,No,6044.6847
ORD106879,2024-03-11,CUST8960,New,Home Decor,3,8892,14405.04,46.0,No,Non-Festival,Wallet,4,4.1,No,7778.721600000001
ORD106880,2024-03-30,CUST1282,Regular,Electronics,4,8194,30481.68,7.0,Yes,Holi,COD,4,4.4,Yes,28347.962399999997
ORD106881,2024-08-13,CUST9513,Regular,Electronics,1,320,185.6,42.0,Yes,Independence Day,UPI,2,4.4,No,107.64800000000001
ORD106882,2024-06-06,CUST6956,New,Fashion,3,1975,4621.5,22.0,No,Non-Festival,UPI,7,3.6,No,3604.77
ORD106883,2024-08-15,CUST8615,Regular,Electronics,2,806,854.36,47.0,Yes,Independence Day,Credit Card,4,3.0,No,452.81080000000003
ORD106884,2024-05-05,CUST4681,New,Groceries,4,8329,18656.960000000003,44.0,No,Non-Festival,Wallet,6,3.1,No,10447.897600000002
ORD106885,2024-07-27,CUST2026,New,Fashion,5,7575,26891.25,29.0,No,Non-Festival,COD,7,4.3,No,19092.7875
ORD106886,2024-04-06,CUST4122,New,Groceries,3,1019,2231.61,27.0,No,Non-Festival,COD,5,3.8,No,1629.0753
ORD106887,2024-03-14,CUST1706,Regular,Beauty,3,983,2595.12,12.0,No,Non-Festival,Wallet,1,3.6,No,2283.7056
ORD106888,2024-04-24,CUST1301,Regular,Home Decor,1,2046,1309.44,36.0,No,Non-Festival,Wallet,7,2.8,No,838.0416
ORD106889,2024-07-09,CUST5334,Regular,Beauty,4,7760,27625.6,11.0,No,Non-Festival,Wallet,4,2.8,No,24586.784
ORD106890,2024-06-18,CUST8074,New,Home Decor,1,591,537.8100000000001,9.0,No,Non-Festival,Wallet,4,3.1,Yes,489.40710000000007
ORD106891,2024-11-02,CUST2061,Regular,Groceries,1,8080,6787.2,16.0,Yes,Diwali,Wallet,1,2.7,No,5701.248
ORD106892,2024-07-22,CUST8536,Premium,Groceries,4,1332,5328.0,0.0,No,Non-Festival,Wallet,5,3.2,Yes,5328.0
ORD106893,2024-02-25,CUST5910,Regular,Beauty,2,4645,7339.1,21.0,No,Non-Festival,Wallet,5,3.9,No,5797.889
ORD106894,2024-07-26,CUST4628,Regular,Home Decor,3,5518,14236.44,14.0,No,Non-Festival,UPI,5,4.4,No,12243.3384
ORD106895,2024-02-10,CUST3109,Regular,Home Decor,1,5762,4897.7,15.0,No,Non-Festival,Credit Card,6,2.6,No,4163.045
ORD106896,2024-02-01,CUST5463,Premium,Fashion,3,4639,11272.77,19.0,No,Non-Festival,COD,7,4.0,No,9130.943700000002
ORD106897,2024-01-15,CUST4862,New,Electronics,4,876,3188.6400000000003,9.0,No,Non-Festival,UPI,4,3.4,No,2901.6624000000006
ORD106898,2024-03-02,CUST4330,Regular,Fashion,2,6451,7612.180000000001,41.0,No,Non-Festival,UPI,7,3.1,Yes,4491.186200000001
ORD106899,2024-06-03,CUST8941,New,Groceries,5,794,2977.5,25.0,No,Non-Festival,COD,4,2.6,No,2233.125
ORD106900,2024-10-10,CUST1687,Premium,Beauty,2,3524,3664.96,48.0,No,Non-Festival,UPI,5,3.3,No,1905.7792000000002
ORD106901,2024-07-27,CUST6676,Premium,Home Decor,4,6368,19868.16,22.0,No,Non-Festival,Wallet,4,4.5,No,15497.1648
ORD106902,2024-11-15,CUST7070,Premium,Fashion,2,6626,11131.68,16.0,No,Non-Festival,UPI,7,3.8,No,9350.6112
ORD106903,2024-07-05,CUST4902,Regular,Beauty,5,7930,26565.5,33.0,No,Non-Festival,COD,3,4.4,No,17798.885
ORD106904,2024-05-09,CUST6499,Regular,Beauty,1,3134,1880.4,40.0,No,Non-Festival,Credit Card,7,3.5,No,1128.24
ORD106905,2024-05-06,CUST4816,Premium,Electronics,2,5233,8268.140000000001,21.0,No,Non-Festival,COD,4,4.6,No,6531.830600000001
ORD106906,2024-10-18,CUST8188,Regular,Home Decor,4,6963,27016.44,3.0,No,Non-Festival,Credit Card,6,2.9,No,26205.946799999998
ORD106907,2024-04-23,CUST7547,Regular,Beauty,2,6286,11817.679999999998,6.0,No,Non-Festival,Wallet,5,4.6,No,11108.619199999997
ORD106908,2024-07-17,CUST6041,Regular,Home Decor,5,4533,21758.4,4.0,No,Non-Festival,UPI,7,3.7,No,20888.064000000002
ORD106909,2024-01-13,CUST7923,Premium,Fashion,4,1039,2909.2,30.0,No,Non-Festival,COD,2,4.4,No,2036.4399999999998
ORD106910,2024-09-27,CUST8506,Regular,Beauty,2,2710,4444.400000000001,18.0,No,Non-Festival,COD,5,3.1,No,3644.408000000001
ORD106911,2024-03-29,CUST1592,Premium,Beauty,4,4887,18961.56,3.0,Yes,Holi,Credit Card,2,3.7,No,18392.713200000002
ORD106912,2024-08-02,CUST4314,Regular,Fashion,5,3087,7871.85,49.0,No,Non-Festival,UPI,4,4.3,No,4014.6435
ORD106913,2024-10-04,CUST4271,New,Home Decor,1,3243,2561.9700000000003,21.0,No,Non-Festival,COD,4,3.7,No,2023.9563000000003
ORD106914,2024-07-21,CUST5143,Regular,Home Decor,5,1831,8971.9,2.0,No,Non-Festival,COD,6,3.6,No,8792.462
ORD106915,2024-03-14,CUST1423,Premium,Beauty,1,1605,1251.9,22.0,No,Non-Festival,UPI,2,3.8,No,976.4820000000001
ORD106916,2024-01-25,CUST2105,Premium,Fashion,3,7832,22791.12,25.0,Yes,Republic Day,Wallet,7,2.9,No,17093.34
ORD106917,2024-04-10,CUST3657,Premium,Groceries,5,6315,17366.25,45.0,No,Non-Festival,Credit Card,5,3.7,No,9551.4375
ORD106918,2024-06-24,CUST3040,Regular,Home Decor,1,6695,5155.150000000001,25.0,No,Non-Festival,COD,1,3.8,No,3866.3625
ORD106919,2024-04-26,CUST1894,Premium,Groceries,3,2689,7018.29,13.0,No,Non-Festival,UPI,7,4.6,No,6105.9123
ORD106920,2024-06-14,CUST6837,Regular,Beauty,3,4690,7316.400000000001,48.0,No,Non-Festival,Wallet,1,2.8,No,3804.5280000000002
ORD106921,2024-02-10,CUST9275,Regular,Groceries,3,205,369.0,40.0,No,Non-Festival,COD,5,4.6,No,221.4
ORD106922,2024-12-09,CUST5588,Premium,Groceries,4,2781,10901.52,2.0,No,Non-Festival,Wallet,4,2.5,No,10683.4896
ORD106923,2024-12-31,CUST6372,Premium,Home Decor,5,8611,23249.7,46.0,Yes,Christmas/New Year,COD,2,4.6,Yes,12554.838000000002
ORD106924,2024-04-29,CUST5017,Premium,Beauty,5,8403,33612.0,20.0,No,Non-Festival,COD,7,3.2,No,26889.600000000002
ORD106925,2024-04-06,CUST3880,New,Groceries,5,3042,11407.5,25.0,No,Non-Festival,Wallet,2,3.9,No,8555.625
ORD106926,2024-05-24,CUST6131,Regular,Home Decor,5,5704,28520.0,0.0,No,Non-Festival,,5,2.5,No,28520.0
ORD106927,2024-08-03,CUST4300,New,Groceries,4,7047,20013.48,29.0,No,Non-Festival,Wallet,5,4.3,No,14209.5708
ORD106928,2024-08-16,CUST9567,Regular,Home Decor,5,8849,42917.65,3.0,Yes,Independence Day,UPI,3,3.6,No,41630.1205
ORD106929,2024-11-08,CUST3353,Premium,Beauty,1,8558,7445.46,13.0,Yes,Diwali,COD,6,4.6,No,6477.5502
ORD106930,2024-05-09,CUST7035,Premium,Fashion,3,7483,18632.67,17.0,No,Non-Festival,Wallet,2,3.9,No,15465.116099999997
ORD106931,2024-12-17,CUST1319,Regular,Home Decor,4,2173,7735.88,11.0,No,Non-Festival,Wallet,6,4.6,Yes,6884.9332
ORD106932,2024-11-13,CUST7660,Regular,Home Decor,4,2395,6035.4,37.0,No,Non-Festival,COD,3,4.0,No,3802.3019999999997
ORD106933,2024-05-16,CUST9031,Premium,Groceries,5,7774,22933.300000000003,41.0,No,Non-Festival,COD,4,4.4,No,13530.647000000003
ORD106934,2024-11-19,CUST9105,Regular,Beauty,3,8343,16268.85,35.0,No,Non-Festival,Wallet,2,4.4,No,10574.7525
ORD106935,2024-12-02,CUST7005,Regular,Electronics,1,7752,6589.2,15.0,No,Non-Festival,Credit Card,6,3.1,No,5600.82
ORD106936,2024-09-29,CUST4974,Regular,Electronics,3,4028,12084.0,0.0,No,Non-Festival,COD,5,3.9,No,12084.0
ORD106937,2024-04-26,CUST9904,Premium,Fashion,2,5285,10358.6,2.0,No,Non-Festival,Wallet,5,4.7,No,10151.428
ORD106938,2024-11-01,CUST4036,Regular,Beauty,3,4937,9182.82,38.0,Yes,,UPI,4,4.7,No,5693.3484
ORD106939,2024-04-03,CUST8194,Regular,Home Decor,1,439,289.73999999999995,34.0,No,Non-Festival,Credit Card,6,3.5,No,191.22839999999994
ORD106940,2024-06-16,CUST8325,Regular,Electronics,1,9308,8004.88,14.0,No,Non-Festival,UPI,6,3.3,No,6884.1968
ORD106941,2024-07-21,CUST2239,Regular,Fashion,1,3152,1985.76,37.0,No,Non-Festival,COD,1,4.1,No,1251.0288
ORD106942,2024-12-06,CUST1644,New,Beauty,4,1055,3587.0,15.0,No,Non-Festival,COD,3,4.4,No,3048.95
ORD106943,2024-05-28,CUST4195,New,Fashion,4,3438,11551.68,16.0,No,Non-Festival,Credit Card,5,2.6,No,9703.4112
ORD106944,2024-07-01,CUST1531,Regular,Electronics,2,753,1009.02,33.0,No,Non-Festival,COD,6,2.7,No,676.0433999999999
ORD106945,2024-05-31,CUST6985,Premium,Groceries,3,8334,22751.82,9.0,No,Non-Festival,UPI,7,4.4,No,20704.1562
ORD106946,2024-03-14,CUST8697,Premium,Groceries,5,9620,43290.0,10.0,No,Non-Festival,Wallet,2,3.6,No,38961.0
ORD106947,2024-12-30,CUST1719,Premium,Beauty,2,8586,12535.56,27.0,Yes,Christmas/New Year,Wallet,6,4.2,No,9150.958799999999
ORD106948,2024-09-30,CUST1187,Premium,Fashion,5,7538,27890.6,26.0,No,Non-Festival,UPI,2,4.6,No,20639.043999999998
ORD106949,2024-02-11,CUST4808,Regular,Home Decor,5,6194,19511.1,37.0,No,Non-Festival,UPI,7,3.8,No,12291.992999999999
ORD106950,2024-07-30,CUST3228,Regular,Electronics,2,9817,16296.22,17.0,No,Non-Festival,COD,2,4.5,No,13525.862599999999
ORD106951,2024-04-10,CUST9762,Regular,Groceries,3,2893,4686.66,46.0,No,Non-Festival,COD,4,3.8,No,2530.7964
ORD106952,2024-02-14,CUST6467,Regular,Groceries,5,2171,5753.150000000001,47.0,No,Non-Festival,Credit Card,7,2.9,No,3049.1695000000004
ORD106953,2024-03-22,CUST4624,Premium,Fashion,4,5602,15909.679999999998,29.0,Yes,Holi,Wallet,1,3.7,No,11295.8728
ORD106954,2024-01-17,CUST1112,Regular,Groceries,4,8891,31296.32,12.0,No,Non-Festival,Credit Card,3,4.9,No,27540.7616
ORD106955,2024-03-13,CUST2122,Regular,Fashion,2,4314,7333.8,15.0,No,Non-Festival,UPI,2,3.3,No,6233.73
ORD106956,2024-01-14,CUST5136,Regular,Electronics,5,3973,19666.35,1.0,No,Non-Festival,UPI,2,3.5,No,19469.6865
ORD106957,2024-06-05,CUST5823,Premium,Fashion,2,3847,6232.14,19.0,No,Non-Festival,Credit Card,5,4.4,No,5048.0334
ORD106958,2024-08-10,CUST8202,New,Groceries,4,8109,28868.04,11.0,Yes,Independence Day,Credit Card,1,2.7,No,25692.5556
ORD106959,2024-05-11,CUST4719,Premium,Fashion,2,3066,4415.04,28.0,No,Non-Festival,Wallet,5,4.4,No,3178.8288
ORD106960,2024-12-03,CUST9337,Regular,Groceries,5,886,2436.5,45.0,No,Non-Festival,UPI,4,3.2,No,1340.075
ORD106961,2024-02-16,CUST7400,Premium,Beauty,5,2267,10541.55,7.0,No,Non-Festival,Credit Card,4,3.2,No,9803.641499999998
ORD106962,2024-04-16,CUST9095,Regular,Groceries,4,6107,15389.64,37.0,No,Non-Festival,Wallet,3,4.0,No,9695.4732
ORD106963,2024-04-17,CUST6084,Regular,Groceries,1,647,355.85,45.0,No,Non-Festival,COD,7,3.1,No,195.71750000000003
ORD106964,2024-09-21,CUST4705,Regular,Groceries,1,9516,5138.64,46.0,No,Non-Festival,COD,4,4.1,No,2774.8656000000005
ORD106965,2024-07-23,CUST5950,Premium,Beauty,3,493,1197.99,19.0,No,Non-Festival,Wallet,7,4.8,No,970.3719000000001
ORD106966,2024-03-19,CUST3738,Premium,Home Decor,4,4360,11510.399999999998,34.0,No,Non-Festival,Credit Card,3,3.5,No,7596.863999999998
ORD106967,2024-06-03,CUST8105,New,Groceries,3,2746,5107.56,38.0,No,Non-Festival,Wallet,5,4.9,No,3166.6872000000003
ORD106968,2024-09-27,CUST6586,Premium,Home Decor,4,8467,23707.6,30.0,No,Non-Festival,Wallet,2,4.9,No,16595.32
ORD106969,2024-09-03,CUST2453,Regular,Electronics,5,7244,30787.0,15.0,No,Non-Festival,Credit Card,2,3.0,No,26168.95
ORD106970,2024-01-19,CUST6920,Regular,Fashion,4,3975,12402.0,22.0,No,Non-Festival,COD,7,3.6,No,9673.56
ORD106971,2024-12-11,CUST9042,Regular,Home Decor,2,9691,12985.94,33.0,No,Non-Festival,Wallet,1,5.0,No,8700.5798
ORD106972,2024-01-26,CUST4933,Premium,Electronics,3,4378,9062.46,31.0,Yes,Republic Day,COD,4,2.8,No,6253.097399999999
ORD106973,2024-08-04,CUST4449,Premium,Fashion,4,3734,12546.24,16.0,No,Non-Festival,Wallet,1,3.7,No,10538.8416
ORD106974,2024-06-02,CUST6480,New,Groceries,3,2253,3920.22,42.0,No,Non-Festival,UPI,1,3.6,No,2273.7276
ORD106975,2024-06-02,CUST1967,Premium,Groceries,4,7312,22520.96,23.0,No,Non-Festival,Credit Card,2,4.5,No,17341.1392
ORD106976,2024-06-22,CUST2854,New,Groceries,1,1899,1253.34,34.0,No,Non-Festival,COD,4,2.9,No,827.2043999999999
ORD106977,2024-04-01,CUST2618,Premium,Beauty,3,2718,6360.12,22.0,No,Non-Festival,Credit Card,2,3.1,No,4960.8936
ORD106978,2024-12-03,CUST7339,New,Beauty,5,5768,26821.2,7.0,No,Non-Festival,COD,7,2.9,Yes,24943.716
ORD106979,2024-06-29,CUST3299,Premium,Beauty,5,7032,27424.8,22.0,No,Non-Festival,COD,6,2.9,No,21391.344
ORD106980,2024-05-10,CUST3887,Premium,Beauty,4,8761,28035.2,20.0,No,Non-Festival,Credit Card,1,3.1,No,22428.160000000003
ORD106981,2024-10-24,CUST8842,Premium,Electronics,5,3939,16149.9,18.0,Yes,Diwali,Wallet,4,3.8,No,13242.918000000001
ORD106982,2024-10-01,CUST6706,Premium,Electronics,5,4573,16005.499999999998,30.0,No,Non-Festival,Wallet,6,4.3,No,11203.849999999999
ORD106983,2024-09-29,CUST3838,Regular,Groceries,3,539,824.67,49.0,No,Non-Festival,UPI,6,3.8,No,420.5817
ORD106984,2024-03-16,CUST1563,Regular,Fashion,4,3062,11513.12,6.0,No,Non-Festival,COD,6,3.6,No,10822.3328
ORD106985,2024-06-25,CUST6886,Regular,Beauty,3,813,1292.67,47.0,No,Non-Festival,Credit Card,7,4.5,No,685.1151000000001
ORD106986,2024-07-02,CUST3291,Regular,Fashion,4,1303,4013.24,23.0,No,Non-Festival,COD,2,3.8,No,3090.1947999999998
ORD106987,2024-11-14,CUST3692,Premium,Electronics,5,9184,25256.000000000004,45.0,No,Non-Festival,Wallet,3,4.0,No,13890.800000000003
ORD106988,2024-05-10,CUST5146,Regular,Beauty,4,6946,25839.12,25.0,No,Non-Festival,Credit Card,6,3.8,No,19379.34
ORD106989,2024-12-28,CUST6197,Regular,Electronics,4,8458,29772.16,12.0,Yes,Christmas/New Year,Credit Card,3,4.5,No,26199.5008
ORD106990,2024-02-18,CUST1555,Regular,Electronics,2,4711,9233.56,2.0,No,Non-Festival,COD,5,3.0,Yes,9048.888799999999
ORD106991,2024-02-24,CUST9005,Premium,Home Decor,4,7512,20132.16,33.0,No,Non-Festival,UPI,5,5.0,No,13488.547199999999
ORD106992,2024-06-02,CUST6904,Regular,Electronics,2,5605,9864.8,12.0,No,Non-Festival,Wallet,4,4.7,No,8681.024
ORD106993,2024-12-20,CUST1526,Regular,Groceries,3,770,1593.9,31.0,Yes,Christmas/New Year,Wallet,5,3.5,No,1099.791
ORD106994,2024-07-18,CUST2156,Regular,Electronics,2,8931,11788.919999999998,34.0,No,Non-Festival,COD,7,3.5,No,7780.687199999998
ORD106995,2024-11-03,CUST6933,Regular,Beauty,3,5556,13334.4,20.0,Yes,Diwali,COD,4,4.6,No,10667.52
ORD106996,2024-12-21,CUST2096,New,Groceries,4,316,1264.0,0.0,Yes,,UPI,1,3.6,No,1264.0
ORD106997,2024-04-27,CUST9668,Regular,Electronics,3,7424,22049.28,1.0,No,Non-Festival,Wallet,3,3.8,No,21828.7872
ORD106998,2024-09-19,CUST4816,Premium,Groceries,5,3231,9531.45,41.0,No,Non-Festival,UPI,4,4.4,No,5623.555500000001
ORD106999,2024-02-15,CUST9017,Premium,Electronics,4,3656,8481.920000000002,42.0,No,Non-Festival,Credit Card,7,3.5,No,4919.513600000002
ORD107000,2024-10-28,CUST6644,New,Groceries,2,3251,4876.5,25.0,Yes,Diwali,Credit Card,7,3.6,No,3657.375
ORD107001,2024-12-21,CUST1579,Regular,Fashion,1,8633,8460.34,2.0,Yes,Christmas/New Year,UPI,1,2.6,No,8291.1332
ORD107002,2024-07-07,CUST9913,Regular,Home Decor,4,8856,27276.48,23.0,No,Non-Festival,UPI,3,2.8,No,21002.8896
ORD107003,2024-11-05,CUST6762,Regular,Groceries,5,8007,30026.25,25.0,Yes,Diwali,COD,2,3.6,No,22519.6875
ORD107004,2024-11-13,CUST4002,Regular,Beauty,3,7502,20930.58,7.0,No,Non-Festival,Wallet,1,2.6,No,19465.4394
ORD107005,2024-05-08,CUST6032,Premium,Home Decor,2,2078,2244.24,46.0,No,Non-Festival,Wallet,2,3.3,No,1211.8896
ORD107006,2024-02-18,CUST1131,Regular,Home Decor,2,5081,6503.68,36.0,No,Non-Festival,Wallet,5,3.6,No,4162.3552
ORD107007,2024-01-25,CUST4048,Regular,Electronics,5,4836,22487.4,7.0,Yes,Republic Day,UPI,7,2.8,No,20913.282
ORD107008,2024-09-22,CUST6254,New,Groceries,5,2734,11346.1,17.0,No,Non-Festival,COD,4,2.7,No,9417.262999999999
ORD107009,2024-04-27,CUST8552,Premium,Home Decor,4,4009,13309.88,17.0,No,Non-Festival,COD,3,2.5,No,11047.200399999998
ORD107010,2024-05-23,CUST5325,Regular,Beauty,1,8963,7977.07,11.0,No,Non-Festival,COD,7,3.7,No,7099.5923
ORD107011,2024-07-18,CUST6002,Regular,Beauty,1,5805,3773.25,35.0,No,Non-Festival,UPI,5,2.9,No,2452.6125
ORD107012,2024-06-05,CUST3922,Regular,Beauty,3,7933,14517.39,39.0,No,Non-Festival,UPI,1,4.2,No,8855.607899999999
ORD107013,2024-12-13,CUST9623,New,Electronics,2,3841,7605.18,1.0,No,Non-Festival,COD,7,3.7,No,7529.1282
ORD107014,2024-05-13,CUST5350,New,Fashion,4,856,2773.44,19.0,No,Non-Festival,UPI,5,2.5,Yes,2246.4864000000002
ORD107015,2024-05-27,CUST5110,New,Groceries,2,3351,6567.96,2.0,No,Non-Festival,Credit Card,2,2.6,No,6436.6008
ORD107016,2024-12-01,CUST6515,New,Home Decor,4,9340,22789.6,39.0,No,Non-Festival,Wallet,7,4.8,Yes,13901.655999999999
ORD107017,2024-03-11,CUST4015,Premium,Groceries,5,4310,12283.500000000002,43.0,No,Non-Festival,Wallet,2,2.8,No,7001.595000000002
ORD107018,2024-08-20,CUST6735,Regular,Home Decor,3,7407,14888.069999999998,33.0,Yes,Independence Day,Wallet,6,4.4,No,9975.006899999997
ORD107019,2024-11-29,CUST8371,Regular,Electronics,5,506,1315.6,48.0,No,Non-Festival,Credit Card,4,3.1,No,684.112
ORD107020,2024-10-25,CUST1492,Premium,Groceries,2,9096,10005.6,45.0,Yes,Diwali,COD,5,3.3,No,5503.080000000001
ORD107021,2024-06-02,CUST8377,New,Electronics,3,4692,7741.8,45.0,No,Non-Festival,Wallet,6,2.6,No,4257.990000000001
ORD107022,2024-03-30,CUST6956,Regular,Electronics,4,9069,34462.2,5.0,Yes,Holi,UPI,3,3.9,No,32739.089999999997
ORD107023,2024-11-29,CUST4606,Premium,Groceries,4,8602,20988.88,39.0,No,Non-Festival,Credit Card,2,3.7,No,12803.2168
ORD107024,2024-07-17,CUST5045,New,Groceries,3,4694,12814.62,9.0,No,Non-Festival,COD,1,4.4,No,11661.3042
ORD107025,2024-06-09,CUST1677,Regular,Home Decor,5,1596,6144.6,23.0,No,Non-Festival,Credit Card,5,4.8,No,4731.342000000001
ORD107026,2024-01-26,CUST4343,New,Beauty,3,3660,9113.4,17.0,Yes,Republic Day,Wallet,3,3.9,No,7564.121999999999
ORD107027,2024-04-30,CUST1599,Regular,Electronics,5,4553,15480.2,32.0,No,Non-Festival,COD,3,4.9,No,10526.536
ORD107028,2024-10-27,CUST2200,Regular,Fashion,3,2362,4393.32,38.0,Yes,Diwali,Wallet,7,2.9,Yes,2723.8583999999996
ORD107029,2024-07-30,CUST5884,Regular,Home Decor,5,7876,37017.2,6.0,No,Non-Festival,COD,3,3.4,Yes,34796.168
ORD107030,2024-03-03,CUST6741,Premium,Home Decor,1,4744,2656.6400000000003,44.0,No,Non-Festival,Wallet,3,4.6,No,1487.7184000000004
ORD107031,2024-03-08,CUST9746,Premium,Beauty,3,3348,5323.320000000001,47.0,No,Non-Festival,COD,6,3.9,No,2821.3596000000007
ORD107032,2024-09-09,CUST3514,Regular,Beauty,5,1027,2926.9500000000003,43.0,No,Non-Festival,Credit Card,2,3.9,No,1668.3615000000004
ORD107033,2024-01-02,CUST7823,New,Electronics,2,2855,4111.2,28.0,No,Non-Festival,COD,4,3.7,No,2960.064
ORD107034,2024-04-17,CUST4637,Premium,Home Decor,2,6911,11334.04,18.0,No,Non-Festival,COD,5,2.5,No,9293.912800000002
ORD107035,2024-10-12,CUST7561,Premium,Home Decor,3,8891,16803.99,37.0,No,Non-Festival,Credit Card,2,2.7,No,10586.513700000001
ORD107036,2024-02-18,CUST9469,Regular,Fashion,3,9453,17582.579999999998,38.0,No,Non-Festival,COD,7,2.7,No,10901.199599999998
ORD107037,2024-05-19,CUST8705,New,Electronics,4,8064,24514.56,24.0,No,Non-Festival,Credit Card,4,3.0,No,18631.0656
ORD107038,2024-08-05,CUST9736,Regular,Electronics,5,7725,32445.0,16.0,No,Non-Festival,Wallet,3,2.7,No,27253.8
ORD107039,2024-02-13,CUST1760,Regular,Beauty,3,5370,10310.4,36.0,No,Non-Festival,Wallet,1,2.8,No,6598.656
ORD107040,2024-09-25,CUST5877,Regular,Electronics,2,3696,7244.16,2.0,No,Non-Festival,Wallet,3,4.1,No,7099.2768
ORD107041,2024-03-18,CUST3054,Regular,Fashion,2,6294,9692.76,25.0,No,Non-Festival,COD,4,2.8,No,7269.57
ORD107042,2024-08-03,CUST7773,New,Electronics,2,4422,7340.519999999999,17.0,No,Non-Festival,UPI,4,3.7,No,6092.631599999999
ORD107043,2024-04-07,CUST7107,Regular,Groceries,5,9518,24746.8,48.0,No,Non-Festival,UPI,1,2.7,No,12868.336
ORD107044,2024-08-23,CUST9553,Regular,Groceries,1,2189,1641.75,25.0,No,Non-Festival,Wallet,6,3.2,No,1231.3125
ORD107045,2024-10-08,CUST1779,New,Fashion,3,6779,16269.6,20.0,No,Non-Festival,Credit Card,2,4.8,No,13015.68
ORD107046,2024-05-28,CUST9717,Premium,Beauty,1,5704,5133.6,10.0,No,Non-Festival,COD,6,2.6,No,4620.240000000001
ORD107047,2024-10-30,CUST5787,Premium,Home Decor,5,4380,13140.0,40.0,Yes,Diwali,Credit Card,1,4.7,No,7884.0
ORD107048,2024-03-06,CUST9452,Regular,Electronics,3,1582,3986.64,16.0,No,Non-Festival,COD,3,4.4,No,3348.7776
ORD107049,2024-08-21,CUST3112,Premium,Beauty,4,4367,9782.080000000002,44.0,No,Non-Festival,Credit Card,5,4.8,No,5477.964800000002
ORD107050,2024-03-27,CUST8876,Regular,Beauty,3,3366,6361.74,37.0,Yes,Holi,,2,4.5,No,4007.8961999999997
ORD107051,2024-03-19,CUST6079,New,Electronics,3,2835,6804.0,20.0,No,Non-Festival,UPI,5,4.6,No,5443.200000000001
ORD107052,2024-07-23,CUST8253,Premium,Home Decor,3,5745,16717.95,3.0,No,Non-Festival,Credit Card,7,2.8,No,16216.4115
ORD107053,2024-10-05,CUST1392,Premium,Electronics,3,9421,19501.47,31.0,No,Non-Festival,Wallet,5,4.6,No,13456.014299999999
ORD107054,2024-12-02,CUST7377,Regular,Home Decor,3,5409,13468.41,17.0,No,Non-Festival,UPI,2,3.7,No,11178.780299999999
ORD107055,2024-09-10,CUST2461,Regular,Fashion,5,9627,27436.950000000004,43.0,No,Non-Festival,UPI,3,3.4,No,15639.061500000003
ORD107056,2024-10-30,CUST8674,Regular,Home Decor,3,5582,12224.58,27.0,Yes,Diwali,UPI,6,2.9,No,8923.9434
ORD107057,2024-05-09,CUST5350,Regular,Beauty,5,4183,13594.75,35.0,No,Non-Festival,Credit Card,7,2.5,No,8836.5875
ORD107058,2024-03-24,CUST6831,Regular,Fashion,3,1605,3081.6,36.0,Yes,Holi,Credit Card,4,4.1,No,1972.224
ORD107059,2024-10-02,CUST5804,Premium,Groceries,3,7937,13572.270000000002,43.0,No,Non-Festival,UPI,3,4.3,Yes,7736.193900000002
ORD107060,2024-07-05,CUST8871,Regular,Fashion,5,6400,16320.0,49.0,No,Non-Festival,Credit Card,6,3.5,No,8323.2
ORD107061,2024-02-15,CUST9234,Premium,Home Decor,3,5942,13369.5,25.0,No,Non-Festival,Wallet,4,2.9,No,10027.125
ORD107062,2024-07-01,CUST5281,Regular,Fashion,2,6911,7187.4400000000005,48.0,No,Non-Festival,COD,4,2.9,Yes,3737.4688000000006
ORD107063,2024-09-24,CUST8440,Regular,Fashion,3,9939,22959.09,23.0,No,Non-Festival,UPI,2,2.9,No,17678.4993
ORD107064,2024-10-22,CUST3535,Premium,Groceries,4,2084,7585.76,9.0,Yes,Diwali,COD,2,2.6,No,6903.0416000000005
ORD107065,2024-11-17,CUST3092,Premium,Home Decor,5,5372,16921.8,37.0,No,Non-Festival,UPI,1,3.4,No,10660.734
ORD107066,2024-04-09,CUST3789,Regular,Beauty,3,2384,3719.04,48.0,No,Non-Festival,COD,6,4.0,Yes,1933.9008000000001
ORD107067,2024-03-18,CUST5052,Regular,Fashion,3,6517,18182.43,7.0,No,Non-Festival,UPI,7,3.6,Yes,16909.6599
ORD107068,2024-09-28,CUST9230,Premium,Electronics,5,7203,35654.85,1.0,No,Non-Festival,Wallet,5,2.8,No,35298.3015
ORD107069,2024-12-04,CUST4101,Regular,Beauty,1,8610,4907.700000000001,43.0,No,Non-Festival,UPI,5,4.5,No,2797.3890000000006
ORD107070,2024-06-10,CUST9031,Regular,Fashion,2,7630,10071.6,34.0,No,Non-Festival,Wallet,5,3.2,No,6647.255999999999
ORD107071,2024-02-13,CUST9210,Premium,Beauty,2,4550,7280.0,20.0,No,Non-Festival,UPI,5,4.0,No,5824.0
ORD107072,2024-08-25,CUST2580,Regular,Electronics,3,9203,20430.66,26.0,Yes,Raksha Bandhan,Credit Card,1,3.1,No,15118.6884
ORD107073,2024-05-13,CUST7157,Regular,Beauty,5,8661,33777.9,22.0,No,Non-Festival,COD,4,4.0,No,26346.762000000002
ORD107074,2024-07-10,CUST9588,New,Beauty,4,6567,18124.92,31.0,No,Non-Festival,Wallet,1,2.8,No,12506.194799999997
ORD107075,2024-12-21,CUST2498,Premium,Electronics,3,4899,11022.75,25.0,Yes,Christmas/New Year,UPI,6,4.1,No,8267.0625
ORD107076,2024-10-04,CUST2052,Regular,Electronics,2,9578,18006.64,6.0,No,Non-Festival,Credit Card,7,3.9,No,16926.241599999998
ORD107077,2024-01-18,CUST9422,Premium,Electronics,3,1933,3943.32,32.0,No,Non-Festival,UPI,2,3.8,No,2681.4575999999997
ORD107078,2024-01-12,CUST7459,Regular,Groceries,5,3167,13301.4,16.0,No,Non-Festival,COD,3,3.0,No,11173.176
ORD107079,2024-06-28,CUST2422,New,Electronics,4,272,1011.84,7.0,No,Non-Festival,UPI,4,3.8,No,941.0111999999999
ORD107080,2024-05-02,CUST5707,Premium,Beauty,1,5193,3063.8700000000003,41.0,No,Non-Festival,Credit Card,4,4.7,No,1807.6833000000004
ORD107081,2024-09-02,CUST1061,Regular,Electronics,4,6317,21225.12,16.0,No,Non-Festival,UPI,1,2.8,No,17829.1008
ORD107082,2024-08-09,CUST8245,Regular,Fashion,3,8085,12855.15,47.0,No,Non-Festival,UPI,2,4.3,No,6813.2295
ORD107083,2024-02-20,CUST8653,Regular,Electronics,2,5242,6185.56,41.0,No,Non-Festival,Wallet,2,2.8,No,3649.480400000001
ORD107084,2024-03-11,CUST6290,Premium,Electronics,5,8261,22304.7,46.0,No,Non-Festival,Wallet,6,3.3,No,12044.538
ORD107085,2024-02-17,CUST6160,Premium,Home Decor,3,830,1319.7,47.0,No,Non-Festival,UPI,7,4.2,No,699.441
ORD107086,2024-01-19,CUST7723,Regular,Beauty,1,5803,4816.49,17.0,No,Non-Festival,UPI,4,3.9,No,3997.6866999999997
ORD107087,2024-09-18,CUST2140,Regular,Beauty,5,1077,3500.25,35.0,No,Non-Festival,Credit Card,1,4.2,No,2275.1625
ORD107088,2024-03-24,CUST8160,Regular,Fashion,5,9148,28358.8,38.0,Yes,Holi,UPI,5,4.9,No,17582.456
ORD107089,2024-06-03,CUST1197,Regular,Groceries,5,4493,12805.05,43.0,No,Non-Festival,COD,4,4.9,Yes,7298.878500000001
ORD107090,2024-02-22,CUST7792,Regular,Home Decor,3,9842,23030.28,22.0,No,Non-Festival,Wallet,5,4.8,No,17963.6184
ORD107091,2024-04-16,CUST4371,Premium,Fashion,1,2740,2438.6,25.0,No,Non-Festival,COD,3,3.7,No,1828.9499999999998
ORD107092,2024-12-22,CUST8878,Premium,Fashion,3,281,657.5400000000001,22.0,Yes,Christmas/New Year,UPI,2,3.4,No,512.8812
ORD107093,2024-10-30,CUST1634,New,Beauty,5,1531,5205.4,32.0,Yes,Diwali,Credit Card,4,3.2,No,3539.6719999999996
ORD107094,2024-05-14,CUST8589,New,Home Decor,5,8155,29765.75,27.0,No,Non-Festival,COD,3,3.9,No,21728.997499999998
ORD107095,2024-03-09,CUST4724,Premium,Beauty,2,556,633.84,43.0,No,Non-Festival,UPI,5,3.6,No,361.28880000000004
ORD107096,2024-01-11,CUST5292,Premium,Groceries,4,9711,30298.32,22.0,No,Non-Festival,Wallet,4,5.0,No,23632.6896
ORD107097,2024-05-22,CUST9318,New,Beauty,3,779,2196.78,6.0,No,Non-Festival,UPI,3,3.8,No,2064.9732
ORD107098,2024-07-10,CUST5432,Regular,Electronics,1,845,456.3,46.0,No,Non-Festival,Wallet,4,3.3,No,246.40200000000002
ORD107099,2024-03-09,CUST3378,Regular,Beauty,5,6463,31991.85,1.0,No,Non-Festival,Credit Card,3,4.1,No,31671.9315
ORD107100,2024-01-23,CUST3245,Regular,Electronics,3,8699,26097.0,0.0,Yes,Republic Day,Wallet,3,2.6,No,26097.0
ORD107101,2024-06-29,CUST6344,Premium,Fashion,4,433,1680.04,3.0,No,Non-Festival,UPI,5,2.8,No,1629.6388
ORD107102,2024-10-19,CUST8420,Premium,Groceries,3,1234,3442.86,25.0,No,Non-Festival,Credit Card,2,4.2,No,2582.145
ORD107103,2024-01-09,CUST1678,Regular,Electronics,4,6217,12931.36,48.0,No,Non-Festival,Wallet,1,2.8,No,6724.3072
ORD107104,2024-09-27,CUST2452,Premium,Groceries,3,5321,11493.36,28.0,No,Non-Festival,Wallet,3,4.4,No,8275.2192
ORD107105,2024-04-02,CUST2171,Premium,Beauty,2,1935,3212.1,17.0,No,Non-Festival,COD,2,2.7,Yes,2666.0429999999997
ORD107106,2024-01-17,CUST2321,Regular,Beauty,3,4477,8595.84,36.0,No,Non-Festival,Wallet,6,4.0,No,5501.3376
ORD107107,2024-06-02,CUST4825,Regular,Fashion,2,1141,1597.4,30.0,No,Non-Festival,UPI,1,4.2,No,1118.18
ORD107108,2024-11-23,CUST8224,Regular,Beauty,4,549,2086.2,5.0,No,Non-Festival,Credit Card,5,4.4,No,1981.8899999999996
ORD107109,2024-05-28,CUST7585,Regular,Electronics,5,1605,4574.250000000001,43.0,No,Non-Festival,UPI,4,4.7,No,2607.3225000000007
ORD107110,2024-09-23,CUST2611,New,Fashion,5,7664,29506.4,23.0,No,Non-Festival,Wallet,2,3.3,No,22719.928
ORD107111,2024-11-23,CUST9417,New,Groceries,3,1745,2774.55,47.0,No,Non-Festival,UPI,7,4.3,No,1470.5115
ORD107112,2024-04-15,CUST3362,New,Fashion,1,4520,2712.0,40.0,No,Non-Festival,COD,4,2.7,No,1627.2
ORD107113,2024-02-04,CUST4492,Premium,Groceries,3,1946,5020.68,14.0,No,Non-Festival,UPI,4,4.6,No,4317.7848
ORD107114,2024-04-28,CUST5681,Premium,Home Decor,2,8096,9877.12,39.0,No,Non-Festival,Credit Card,1,4.7,No,6025.0432
ORD107115,2024-01-14,CUST8127,Premium,Electronics,2,1554,2766.12,11.0,No,Non-Festival,Credit Card,6,4.4,Yes,2461.8468
ORD107116,2024-01-14,CUST2898,Premium,Electronics,4,7530,16566.0,45.0,No,Non-Festival,Wallet,2,3.2,Yes,9111.300000000001
ORD107117,2024-09-22,CUST5846,Premium,Groceries,3,4488,7001.280000000001,48.0,No,Non-Festival,Credit Card,3,2.7,No,3640.6656000000003
ORD107118,2024-05-19,CUST5973,Premium,Beauty,4,9560,33268.8,13.0,No,Non-Festival,UPI,6,3.6,Yes,28943.856000000003
ORD107119,2024-10-20,CUST6652,Regular,Beauty,1,4966,3674.84,26.0,Yes,Diwali,Wallet,1,3.2,No,2719.3816
ORD107120,2024-12-29,CUST5226,Premium,Home Decor,5,6157,19702.4,36.0,Yes,Christmas/New Year,UPI,2,3.8,No,12609.536000000002
ORD107121,2024-04-28,CUST5473,Regular,Groceries,5,7035,30954.0,12.0,No,Non-Festival,COD,3,3.5,No,27239.52
ORD107122,2024-08-25,CUST7083,Premium,Home Decor,3,2785,5263.65,37.0,Yes,Raksha Bandhan,UPI,7,2.8,No,3316.0995
ORD107123,2024-02-03,CUST7298,Regular,Groceries,4,4907,10795.4,45.0,No,Non-Festival,Credit Card,7,4.6,No,5937.47
ORD107124,2024-06-17,CUST9124,Regular,Home Decor,4,1100,2772.0,37.0,No,Non-Festival,Credit Card,4,4.7,No,1746.36
ORD107125,2024-01-10,CUST3047,New,Groceries,1,3541,3470.18,2.0,No,Non-Festival,COD,5,3.8,No,3400.7763999999997
ORD107126,2024-05-01,CUST9738,Regular,Electronics,4,7894,26839.6,15.0,No,Non-Festival,Wallet,5,3.0,No,22813.66
ORD107127,2024-05-24,CUST4894,Regular,Home Decor,2,327,582.0600000000001,11.0,No,Non-Festival,Credit Card,1,3.6,No,518.0334
ORD107128,2024-08-10,CUST7138,Regular,Home Decor,2,1875,3262.5,13.0,Yes,Independence Day,Credit Card,6,2.9,No,2838.375
ORD107129,2024-09-13,CUST8057,New,Groceries,2,1977,2649.18,33.0,No,Non-Festival,Credit Card,7,4.2,Yes,1774.9505999999997
ORD107130,2024-09-24,CUST7732,Premium,Fashion,3,5365,8208.45,49.0,No,Non-Festival,COD,3,4.5,No,4186.3095
ORD107131,2024-12-24,CUST9484,Premium,Fashion,2,8625,12075.0,30.0,Yes,Christmas/New Year,COD,3,4.0,No,8452.5
ORD107132,2024-01-04,CUST7182,New,Electronics,2,783,970.92,38.0,No,Non-Festival,Credit Card,5,3.9,No,601.9703999999999
ORD107133,2024-12-19,CUST6971,Regular,Beauty,5,1666,7996.799999999999,4.0,No,Non-Festival,Wallet,3,4.3,No,7676.927999999999
ORD107134,2024-04-15,CUST2841,Regular,Beauty,3,8894,23746.98,11.0,No,Non-Festival,Credit Card,2,2.8,No,21134.8122
ORD107135,2024-03-25,CUST7949,Regular,Electronics,2,6950,10425.0,25.0,Yes,Holi,UPI,2,3.1,No,7818.75
ORD107136,2024-08-01,CUST9476,Premium,Beauty,1,1355,1138.2,16.0,No,Non-Festival,UPI,5,3.3,No,956.088
ORD107137,2024-04-30,CUST3676,Premium,Groceries,2,9891,11275.740000000002,43.0,No,Non-Festival,Wallet,4,3.8,No,6427.171800000002
ORD107138,2024-05-11,CUST4931,Regular,Fashion,3,8160,22032.0,10.0,No,Non-Festival,Credit Card,4,4.9,No,19828.8
ORD107139,2024-12-03,CUST2819,Regular,Electronics,4,1135,3087.2,32.0,No,Non-Festival,Wallet,4,4.7,No,2099.296
ORD107140,2024-07-15,CUST8707,Regular,Groceries,5,555,1665.0,40.0,No,Non-Festival,UPI,5,3.1,Yes,999.0
ORD107141,2024-01-19,CUST7032,Premium,Electronics,5,2194,6691.7,39.0,No,Non-Festival,Credit Card,1,3.1,No,4081.937
ORD107142,2024-05-09,CUST9451,Regular,Fashion,3,5356,8837.400000000001,45.0,No,Non-Festival,Credit Card,7,3.6,No,4860.5700000000015
ORD107143,2024-01-12,CUST3732,Regular,Beauty,2,6481,12573.14,3.0,No,Non-Festival,UPI,7,4.9,No,12195.9458
ORD107144,2024-03-21,CUST5943,Regular,Groceries,1,9837,6787.53,31.0,Yes,Holi,Wallet,3,2.9,No,4683.395699999999
ORD107145,2024-11-25,CUST2769,Premium,Fashion,2,7609,10652.6,30.0,No,Non-Festival,Wallet,2,4.9,No,7456.82
ORD107146,2024-12-19,CUST1151,Premium,Electronics,2,5564,10015.2,10.0,No,Non-Festival,COD,6,3.0,No,9013.68
ORD107147,2024-09-18,CUST6629,Regular,Home Decor,1,4174,3506.16,16.0,No,Non-Festival,COD,7,4.7,Yes,2945.1744
ORD107148,2024-05-04,CUST1342,Premium,Groceries,5,2704,10004.8,26.0,No,Non-Festival,COD,2,4.6,Yes,7403.552
ORD107149,2024-11-02,CUST9867,Premium,Electronics,2,2346,4363.56,7.0,Yes,Diwali,Wallet,6,4.7,Yes,4058.1108
ORD107150,2024-09-23,CUST6641,New,Electronics,4,7869,25180.800000000003,20.0,No,Non-Festival,Credit Card,1,3.8,No,20144.640000000003
ORD107151,2024-05-19,CUST5058,Regular,Fashion,4,7504,20410.88,32.0,No,Non-Festival,Credit Card,3,3.0,No,13879.3984
ORD107152,2024-11-24,CUST3699,Premium,Electronics,3,1410,2157.3,49.0,No,Non-Festival,COD,4,4.4,No,1100.2230000000002
ORD107153,2024-01-02,CUST9221,Regular,Groceries,3,6379,18371.52,4.0,No,Non-Festival,,6,4.2,No,17636.6592
ORD107154,2024-01-08,CUST5938,Regular,Groceries,1,9021,6224.49,31.0,No,Non-Festival,COD,2,4.7,No,4294.898099999999
ORD107155,2024-09-06,CUST1426,Premium,Electronics,1,5082,3862.32,24.0,No,Non-Festival,Wallet,7,3.7,No,2935.3632000000002
ORD107156,2024-05-18,CUST9210,Regular,Fashion,3,7024,19596.96,7.0,No,Non-Festival,Wallet,7,3.5,No,18225.172799999997
ORD107157,2024-05-03,CUST9974,Regular,Groceries,2,6398,9469.04,26.0,No,Non-Festival,COD,4,4.3,No,7007.0896
ORD107158,2024-11-04,CUST8878,Regular,Home Decor,5,9886,37072.5,25.0,Yes,Diwali,Credit Card,4,3.2,No,27804.375
ORD107159,2024-08-15,CUST1149,Regular,Beauty,4,1307,3189.08,39.0,Yes,Independence Day,Credit Card,5,4.6,No,1945.3388
ORD107160,2024-01-10,CUST5997,Regular,Fashion,1,5186,3733.92,28.0,No,Non-Festival,Wallet,5,3.2,No,2688.4224
ORD107161,2024-07-30,CUST3380,Regular,Fashion,3,3634,10029.84,8.0,No,Non-Festival,UPI,3,2.6,Yes,9227.452800000001
ORD107162,2024-04-21,CUST5366,Premium,Beauty,4,8223,27300.36,17.0,No,Non-Festival,UPI,2,3.9,No,22659.2988
ORD107163,2024-01-08,CUST7427,Premium,Beauty,1,3015,2834.1,6.0,No,Non-Festival,UPI,5,4.6,No,2664.0539999999996
ORD107164,2024-10-18,CUST6659,Regular,Groceries,1,7261,4283.990000000001,41.0,No,Non-Festival,COD,3,4.2,No,2527.5541000000007
ORD107165,2024-12-27,CUST5937,Premium,Electronics,2,2235,3576.0,20.0,Yes,Christmas/New Year,Credit Card,1,5.0,No,2860.8
ORD107166,2024-09-09,CUST8798,New,Electronics,1,7007,5955.95,15.0,No,Non-Festival,UPI,4,2.9,Yes,5062.5575
ORD107167,2024-01-14,CUST5067,Regular,Home Decor,5,7173,35147.7,2.0,No,Non-Festival,UPI,2,3.4,No,34444.746
ORD107168,2024-08-27,CUST9117,Regular,Electronics,1,369,254.61,31.0,Yes,Raksha Bandhan,UPI,2,3.4,No,175.6809
ORD107169,2024-08-29,CUST9672,Premium,Home Decor,5,9023,41054.65,9.0,Yes,Raksha Bandhan,UPI,3,2.6,No,37359.7315
ORD107170,2024-12-07,CUST9468,Premium,Home Decor,2,9196,12690.48,31.0,No,Non-Festival,COD,5,2.6,No,8756.431199999999
ORD107171,2024-05-28,CUST8093,Regular,Fashion,5,5215,24249.75,7.0,No,Non-Festival,Credit Card,4,2.6,No,22552.267499999998
ORD107172,2024-08-23,CUST3836,Regular,Fashion,4,7097,19587.72,31.0,No,Non-Festival,Credit Card,4,3.5,No,13515.5268
ORD107173,2024-11-01,CUST9915,Premium,Groceries,1,3234,1649.34,49.0,Yes,Diwali,,2,4.6,No,841.1634
ORD107174,2024-06-15,CUST5354,New,Beauty,3,4680,13618.8,3.0,No,Non-Festival,UPI,2,4.3,No,13210.235999999999
ORD107175,2024-01-20,CUST3973,Regular,Beauty,3,3612,7801.92,28.0,Yes,Republic Day,Wallet,4,3.6,No,5617.3823999999995
ORD107176,2024-08-03,CUST5989,New,Home Decor,5,5188,23086.6,11.0,No,Non-Festival,COD,1,3.2,No,20547.074
ORD107177,2024-12-08,CUST4787,Regular,Beauty,2,7330,9382.4,36.0,No,Non-Festival,COD,3,2.5,Yes,6004.736
ORD107178,2024-05-14,CUST1793,Regular,Home Decor,5,4069,13224.25,35.0,No,Non-Festival,COD,1,2.9,No,8595.7625
ORD107179,2024-05-08,CUST6926,Regular,Beauty,5,6299,25825.9,18.0,No,Non-Festival,Credit Card,5,3.5,No,21177.238
ORD107180,2024-10-20,CUST2517,Premium,Groceries,5,991,3171.2000000000003,36.0,Yes,Diwali,Credit Card,1,3.4,No,2029.5680000000002
ORD107181,2024-09-02,CUST3256,Regular,Fashion,4,4041,8728.560000000001,46.0,No,Non-Festival,COD,1,3.1,No,4713.422400000001
ORD107182,2024-07-07,CUST3795,Regular,Fashion,4,3556,9956.8,30.0,No,Non-Festival,UPI,5,5.0,No,6969.759999999999
ORD107183,2024-02-13,CUST9072,New,Home Decor,5,7722,22007.7,43.0,No,Non-Festival,Wallet,6,3.6,No,12544.389000000001
ORD107184,2024-03-26,CUST1701,New,Beauty,2,5125,7687.5,25.0,Yes,Holi,Credit Card,7,3.2,No,5765.625
ORD107185,2024-02-13,CUST2533,Regular,Electronics,1,5274,2953.44,44.0,No,Non-Festival,Credit Card,7,3.5,No,1653.9264000000003
ORD107186,2024-11-25,CUST8330,Regular,Groceries,3,6900,19665.0,5.0,No,Non-Festival,UPI,6,3.2,No,18681.75
ORD107187,2024-05-24,CUST6145,Premium,Beauty,4,2294,6606.719999999999,28.0,No,Non-Festival,UPI,3,3.4,Yes,4756.8384
ORD107188,2024-02-20,CUST2323,Premium,Electronics,1,6450,5418.0,16.0,No,Non-Festival,Credit Card,7,2.8,No,4551.12
ORD107189,2024-08-29,CUST7447,Regular,Groceries,4,9007,29182.68,19.0,Yes,Raksha Bandhan,UPI,4,2.5,No,23637.970800000003
ORD107190,2024-10-20,CUST4211,New,Groceries,4,5452,12866.72,41.0,Yes,Diwali,UPI,1,3.7,No,7591.3648
ORD107191,2024-02-20,CUST9657,Regular,Fashion,4,7203,15846.600000000002,45.0,No,Non-Festival,UPI,3,3.7,No,8715.630000000001
ORD107192,2024-09-22,CUST5839,Premium,Home Decor,5,4496,12139.2,46.0,No,Non-Festival,Wallet,5,2.9,No,6555.168000000001
ORD107193,2024-04-29,CUST8745,Regular,Beauty,5,2501,11379.55,9.0,No,Non-Festival,Wallet,7,4.6,No,10355.3905
ORD107194,2024-07-18,CUST4174,Premium,Groceries,4,5469,20782.2,5.0,No,Non-Festival,Wallet,6,3.0,No,19743.09
ORD107195,2024-09-04,CUST7492,Regular,Beauty,4,9964,21123.68,47.0,No,Non-Festival,UPI,3,4.4,No,11195.5504
ORD107196,2024-03-10,CUST6575,Premium,Groceries,3,704,1457.28,31.0,No,Non-Festival,UPI,6,3.0,No,1005.5231999999999
ORD107197,2024-12-06,CUST9089,New,Fashion,1,2145,2123.55,1.0,No,Non-Festival,Wallet,1,3.2,No,2102.3145
ORD107198,2024-02-26,CUST3169,Regular,Home Decor,1,2061,1875.51,9.0,No,Non-Festival,Wallet,4,3.2,No,1706.7141000000001
ORD107199,2024-02-08,CUST5580,Premium,Electronics,2,3922,5020.16,36.0,No,Non-Festival,COD,5,3.1,No,3212.9024
ORD107200,2024-10-15,CUST2291,Regular,Electronics,2,3883,5746.84,26.0,No,Non-Festival,Credit Card,5,4.9,No,4252.6616
ORD107201,2024-01-18,CUST6269,New,Fashion,2,603,723.6,40.0,No,Non-Festival,Wallet,1,3.2,No,434.16
ORD107202,2024-08-07,CUST9032,New,Groceries,5,4531,18577.1,18.0,No,Non-Festival,COD,6,3.7,No,15233.222
ORD107203,2024-11-08,CUST9013,Premium,Fashion,5,3106,9318.0,40.0,Yes,Diwali,COD,3,4.3,No,5590.8
ORD107204,2024-08-31,CUST1655,Premium,Home Decor,3,4928,12566.4,15.0,Yes,Raksha Bandhan,Wallet,4,3.3,No,10681.439999999999
ORD107205,2024-12-17,CUST4250,New,Electronics,5,7909,32031.45,19.0,No,Non-Festival,COD,5,2.5,No,25945.474500000004
ORD107206,2024-10-30,CUST4065,Regular,Beauty,2,1769,2299.7000000000003,35.0,Yes,Diwali,Wallet,1,4.4,No,1494.8050000000003
ORD107207,2024-10-24,CUST3935,Regular,Electronics,4,339,1301.76,4.0,Yes,Diwali,Credit Card,1,3.2,No,1249.6896
ORD107208,2024-10-09,CUST1910,Premium,Home Decor,2,4883,8105.78,17.0,No,Non-Festival,Credit Card,2,4.7,No,6727.7973999999995
ORD107209,2024-03-14,CUST8524,Regular,Groceries,3,6930,19334.7,7.0,No,Non-Festival,Credit Card,6,3.7,No,17981.271
ORD107210,2024-04-19,CUST7643,New,Fashion,4,5262,18522.24,12.0,No,Non-Festival,Wallet,2,4.1,No,16299.571200000002
ORD107211,2024-06-28,CUST1993,Premium,Electronics,5,4865,14595.0,40.0,No,Non-Festival,COD,3,4.9,No,8757.0
ORD107212,2024-02-01,CUST2080,Regular,Electronics,4,2372,8634.08,9.0,No,Non-Festival,Wallet,7,4.7,No,7857.0128
ORD107213,2024-08-21,CUST2874,Regular,Beauty,3,6279,12244.05,35.0,No,Non-Festival,Credit Card,1,4.5,No,7958.6325
ORD107214,2024-10-08,CUST1913,Regular,Fashion,5,3620,14842.000000000002,18.0,No,Non-Festival,COD,6,3.8,No,12170.440000000002
ORD107215,2024-01-25,CUST6736,Premium,Beauty,1,6477,4533.9,30.0,Yes,Republic Day,UPI,3,2.9,No,3173.7299999999996
ORD107216,2024-11-26,CUST2312,Regular,Beauty,2,1449,1883.7,35.0,No,Non-Festival,Credit Card,3,4.6,No,1224.405
ORD107217,2024-10-05,CUST4857,Regular,Groceries,2,6264,9020.16,28.0,No,Non-Festival,Wallet,4,2.7,No,6494.5152
ORD107218,2024-08-13,CUST9643,Premium,Electronics,3,2897,4866.96,44.0,Yes,Independence Day,Wallet,2,4.7,No,2725.4976
ORD107219,2024-02-26,CUST1844,New,Fashion,3,2953,6910.02,22.0,No,Non-Festival,Wallet,3,4.4,No,5389.815600000001
ORD107220,2024-06-28,CUST1663,New,Groceries,2,5134,7084.919999999999,31.0,No,Non-Festival,UPI,4,4.5,Yes,4888.594799999999
ORD107221,2024-08-19,CUST5918,New,Groceries,4,6665,13863.2,48.0,Yes,Independence Day,COD,4,3.4,No,7208.8640000000005
ORD107222,2024-12-08,CUST5384,Premium,Groceries,1,4084,3675.6,10.0,No,Non-Festival,Wallet,6,2.7,No,3308.04
ORD107223,2024-10-13,CUST1888,Regular,Home Decor,1,7454,7379.46,1.0,No,Non-Festival,Wallet,2,4.3,No,7305.6654
ORD107224,2024-03-04,CUST9431,New,Home Decor,3,294,608.5799999999999,31.0,No,Non-Festival,Wallet,2,4.9,No,419.9201999999999
ORD107225,2024-08-19,CUST8877,Regular,Groceries,3,4491,12934.08,4.0,Yes,Independence Day,Credit Card,1,4.6,No,12416.7168
ORD107226,2024-10-15,CUST2821,Premium,Home Decor,4,5980,16744.0,30.0,No,Non-Festival,Credit Card,3,4.6,No,11720.8
ORD107227,2024-07-31,CUST4851,Premium,Fashion,3,5283,13947.12,25.0,No,Non-Festival,UPI,4,4.1,No,10460.34
ORD107228,2024-09-14,CUST5132,New,Electronics,1,8404,6639.16,21.0,No,Non-Festival,COD,1,2.8,Yes,5244.9364000000005
ORD107229,2024-01-18,CUST3089,Regular,Fashion,2,2501,3301.32,34.0,No,Non-Festival,COD,6,4.7,No,2178.8712
ORD107230,2024-06-23,CUST8579,Regular,Electronics,1,4283,3512.0600000000004,18.0,No,Non-Festival,Wallet,3,3.1,No,2879.8892000000005
ORD107231,2024-08-16,CUST1816,Premium,Home Decor,4,6319,18198.72,28.0,Yes,Independence Day,Wallet,3,3.2,No,13103.0784
ORD107232,2024-08-13,CUST7183,Regular,Fashion,2,6424,10021.44,22.0,Yes,Independence Day,Credit Card,1,4.4,No,7816.7232
ORD107233,2024-03-24,CUST6332,New,Beauty,2,572,938.08,18.0,Yes,Holi,Credit Card,4,4.3,No,769.2256000000001
ORD107234,2024-10-17,CUST5310,Premium,Groceries,1,4689,3985.65,15.0,No,Non-Festival,Credit Card,1,2.7,No,3387.8025
ORD107235,2024-09-02,CUST5251,Premium,Electronics,2,6051,8471.4,30.0,No,Non-Festival,Credit Card,3,3.1,No,5929.98
ORD107236,2024-04-19,CUST3935,New,Electronics,2,6228,10587.6,15.0,No,Non-Festival,Wallet,1,4.5,Yes,8999.460000000001
ORD107237,2024-09-10,CUST1809,Premium,Beauty,3,8809,19820.25,25.0,No,Non-Festival,Credit Card,1,4.9,No,14865.1875
ORD107238,2024-03-28,CUST5581,Regular,Beauty,2,1016,1991.36,2.0,Yes,Holi,COD,6,3.2,No,1951.5328
ORD107239,2024-03-12,CUST1577,Regular,Groceries,4,3812,11893.44,22.0,No,Non-Festival,Credit Card,3,4.4,No,9276.8832
ORD107240,2024-01-30,CUST6299,Premium,Home Decor,2,7947,14622.48,8.0,Yes,Republic Day,UPI,2,3.8,No,13452.6816
ORD107241,2024-06-20,CUST2036,New,Fashion,3,6550,15130.5,23.0,No,Non-Festival,Credit Card,6,3.5,No,11650.485
ORD107242,2024-11-04,CUST5062,Premium,Fashion,5,7639,25972.6,32.0,Yes,Diwali,Wallet,7,4.7,No,17661.368
ORD107243,2024-12-08,CUST9824,New,Fashion,5,1532,6664.2,13.0,No,Non-Festival,Wallet,4,3.9,No,5797.853999999999
ORD107244,2024-06-25,CUST4597,Regular,Home Decor,4,6561,19158.12,27.0,No,Non-Festival,Wallet,3,4.2,No,13985.427599999999
ORD107245,2024-05-18,CUST1743,Regular,Groceries,4,955,2941.4,23.0,No,Non-Festival,Credit Card,6,4.0,No,2264.878
ORD107246,2024-07-12,CUST1872,Regular,Fashion,2,3725,4321.000000000001,42.0,No,Non-Festival,COD,7,4.1,No,2506.1800000000007
ORD107247,2024-07-04,CUST3457,Premium,Electronics,2,1996,2035.92,49.0,No,Non-Festival,Wallet,6,3.8,No,1038.3192000000001
ORD107248,2024-08-05,CUST5065,Regular,Electronics,5,3259,15317.3,6.0,No,Non-Festival,COD,2,3.8,No,14398.261999999999
ORD107249,2024-06-12,CUST2134,Regular,Electronics,5,2377,7487.55,37.0,No,Non-Festival,Wallet,1,4.6,No,4717.1565
ORD107250,2024-06-09,CUST2119,Premium,Beauty,1,2250,1282.5000000000002,43.0,No,Non-Festival,,2,3.3,No,731.0250000000002
ORD107251,2024-01-13,CUST4141,Regular,Beauty,5,2189,8318.2,24.0,No,Non-Festival,COD,3,4.3,No,6321.832
ORD107252,2024-10-22,CUST2607,Premium,Home Decor,5,7718,38204.1,1.0,Yes,Diwali,UPI,6,3.2,No,37822.059
ORD107253,2024-03-29,CUST1807,Regular,Fashion,4,8946,20039.04,44.0,Yes,Holi,Wallet,6,2.7,Yes,11221.862400000002
ORD107254,2024-11-19,CUST4316,Regular,Beauty,1,6009,6009.0,0.0,No,Non-Festival,COD,3,4.8,No,6009.0
ORD107255,2024-02-11,CUST6310,Regular,Electronics,1,5813,4534.14,22.0,No,Non-Festival,Wallet,7,3.5,No,3536.6292000000003
ORD107256,2024-07-28,CUST2063,New,Beauty,2,8657,9349.56,46.0,No,Non-Festival,Credit Card,1,4.2,No,5048.7624
ORD107257,2024-08-16,CUST8674,Regular,Electronics,2,9314,11363.08,39.0,Yes,Independence Day,COD,7,4.4,No,6931.4788
ORD107258,2024-12-15,CUST3596,Regular,Fashion,1,8925,7407.75,17.0,No,Non-Festival,Wallet,6,3.8,No,6148.4325
ORD107259,2024-10-01,CUST3640,Regular,Home Decor,1,6176,3335.0400000000004,46.0,No,Non-Festival,UPI,3,3.1,No,1800.9216000000004
ORD107260,2024-10-05,CUST1404,Regular,Groceries,2,1893,3520.98,7.0,No,Non-Festival,Credit Card,7,4.1,No,3274.5114
ORD107261,2024-09-07,CUST9499,New,Groceries,4,2251,6032.679999999999,33.0,No,Non-Festival,Wallet,5,3.8,No,4041.8955999999994
ORD107262,2024-11-05,CUST6212,Regular,Electronics,4,3120,7238.400000000001,42.0,Yes,Diwali,Credit Card,2,2.8,No,4198.272000000001
ORD107263,2024-07-26,CUST7883,New,Beauty,4,5045,18767.4,7.0,No,Non-Festival,UPI,5,2.9,No,17453.682
ORD107264,2024-11-16,CUST4100,Regular,Beauty,4,4367,12576.96,28.0,No,Non-Festival,COD,5,3.4,Yes,9055.411199999999
ORD107265,2024-05-19,CUST9368,New,Electronics,2,6431,11318.56,12.0,No,Non-Festival,Wallet,2,3.3,No,9960.3328
ORD107266,2024-10-06,CUST9853,Premium,Fashion,3,4823,14469.0,0.0,No,Non-Festival,COD,3,4.5,No,14469.0
ORD107267,2024-02-03,CUST9617,Premium,Electronics,5,9277,33397.2,28.0,No,Non-Festival,Wallet,2,4.1,No,24045.983999999997
ORD107268,2024-11-04,CUST1583,Premium,Fashion,5,6946,17712.3,49.0,Yes,Diwali,Wallet,1,3.7,No,9033.273
ORD107269,2024-01-18,CUST6338,Regular,Home Decor,5,6339,20284.8,36.0,No,Non-Festival,COD,5,2.8,Yes,12982.271999999999
ORD107270,2024-02-26,CUST7759,Premium,Home Decor,5,1658,8290.0,0.0,No,Non-Festival,COD,6,2.8,No,8290.0
ORD107271,2024-04-21,CUST7355,Regular,Electronics,2,3995,4554.3,43.0,No,Non-Festival,Wallet,5,3.8,No,2595.9510000000005
ORD107272,2024-01-05,CUST2414,Regular,Home Decor,3,3610,10396.8,4.0,No,Non-Festival,UPI,7,4.7,No,9980.927999999998
ORD107273,2024-06-30,CUST8089,Premium,Beauty,2,4224,4477.4400000000005,47.0,No,Non-Festival,UPI,3,4.4,No,2373.0432000000005
ORD107274,2024-01-13,CUST2984,Regular,Fashion,3,6469,9897.57,49.0,No,Non-Festival,Wallet,2,3.8,No,5047.7607
ORD107275,2024-12-04,CUST3318,New,Groceries,2,762,1508.76,1.0,No,Non-Festival,COD,6,3.9,No,1493.6724
ORD107276,2024-10-11,CUST2115,Regular,Groceries,1,6292,3397.6800000000003,46.0,No,Non-Festival,UPI,7,3.1,No,1834.7472000000002
ORD107277,2024-09-15,CUST4026,Premium,Home Decor,3,7192,17045.04,21.0,No,Non-Festival,Wallet,4,2.6,No,13465.581600000001
ORD107278,2024-03-30,CUST7373,New,Fashion,5,7208,25588.4,29.0,Yes,Holi,Credit Card,6,4.9,No,18167.764
ORD107279,2024-04-13,CUST7346,Premium,Beauty,3,7996,21589.2,10.0,No,Non-Festival,Wallet,3,3.7,No,19430.280000000002
ORD107280,2024-07-04,CUST8147,Premium,Groceries,4,5859,16873.92,28.0,No,Non-Festival,COD,3,4.6,No,12149.222399999999
ORD107281,2024-09-06,CUST4708,Premium,Beauty,3,6284,11122.680000000002,41.0,No,Non-Festival,Wallet,3,4.3,No,6562.3812000000025
ORD107282,2024-09-11,CUST6170,New,Beauty,4,3171,12430.32,2.0,No,Non-Festival,Credit Card,7,4.6,No,12181.7136
ORD107283,2024-03-16,CUST8847,Regular,Groceries,4,544,1218.5600000000002,44.0,No,Non-Festival,Credit Card,2,3.0,No,682.3936000000001
ORD107284,2024-04-17,CUST4089,Premium,Groceries,1,6811,5993.68,12.0,No,Non-Festival,Wallet,3,4.2,No,5274.4384
ORD107285,2024-06-04,CUST6389,Regular,Home Decor,3,7324,21532.56,2.0,No,Non-Festival,Credit Card,7,4.3,No,21101.9088
ORD107286,2024-03-22,CUST1866,Regular,Fashion,1,6484,5900.4400000000005,9.0,Yes,Holi,Wallet,1,3.9,No,5369.4004
ORD107287,2024-03-17,CUST8763,Regular,Electronics,5,2916,14142.6,3.0,No,Non-Festival,COD,1,4.6,No,13718.322
ORD107288,2024-09-14,CUST5470,Regular,Fashion,3,5860,15294.6,13.0,No,Non-Festival,COD,5,5.0,No,13306.302
ORD107289,2024-05-06,CUST8849,Premium,Electronics,2,7432,11593.92,22.0,No,Non-Festival,COD,5,2.5,No,9043.2576
ORD107290,2024-10-08,CUST1771,New,Groceries,2,5093,8556.24,16.0,No,Non-Festival,UPI,2,3.6,No,7187.241599999999
ORD107291,2024-03-28,CUST9896,Premium,Beauty,2,1319,2638.0,0.0,Yes,Holi,Wallet,4,4.4,No,2638.0
ORD107292,2024-07-22,CUST3236,Premium,Fashion,4,2462,8469.28,14.0,No,Non-Festival,COD,5,4.3,Yes,7283.580800000001
ORD107293,2024-01-16,CUST2377,Regular,Beauty,2,942,1865.16,1.0,No,Non-Festival,Wallet,5,3.7,No,1846.5084000000002
ORD107294,2024-05-30,CUST5909,Regular,Fashion,5,5201,21584.15,17.0,No,Non-Festival,Credit Card,5,4.6,No,17914.8445
ORD107295,2024-09-10,CUST3100,Regular,Fashion,3,5503,10235.58,38.0,No,Non-Festival,COD,6,4.2,No,6346.0596
ORD107296,2024-07-06,CUST9194,Premium,Beauty,3,7530,17846.100000000002,21.0,No,Non-Festival,UPI,7,3.9,Yes,14098.419000000002
ORD107297,2024-11-24,CUST6193,Regular,Home Decor,4,982,2867.44,27.0,No,Non-Festival,COD,5,3.2,No,2093.2312
ORD107298,2024-02-01,CUST6293,Premium,Groceries,4,296,840.64,29.0,No,Non-Festival,UPI,3,3.4,Yes,596.8543999999999
ORD107299,2024-09-27,CUST1790,New,Home Decor,4,8978,31602.56,12.0,No,Non-Festival,Credit Card,5,5.0,No,27810.252800000002
ORD107300,2024-01-05,CUST9720,Premium,Home Decor,5,6861,33618.9,2.0,No,Non-Festival,Wallet,6,4.8,No,32946.522
ORD107301,2024-11-25,CUST2448,Premium,Fashion,3,5111,15026.34,2.0,No,Non-Festival,Credit Card,2,4.2,No,14725.8132
ORD107302,2024-11-03,CUST5541,Premium,Groceries,1,2438,1365.2800000000002,44.0,Yes,Diwali,Credit Card,6,4.6,No,764.5568000000002
ORD107303,2024-11-28,CUST9562,Regular,Fashion,4,9308,27924.0,25.0,No,Non-Festival,Credit Card,3,2.8,No,20943.0
ORD107304,2024-06-17,CUST4201,Regular,Electronics,2,3549,6885.06,3.0,No,Non-Festival,Credit Card,6,3.2,No,6678.5082
ORD107305,2024-06-29,CUST7535,New,Fashion,1,2688,2284.8,15.0,No,Non-Festival,Credit Card,3,4.7,No,1942.0800000000002
ORD107306,2024-12-31,CUST9958,Premium,Beauty,1,3993,2914.89,27.0,Yes,Christmas/New Year,Wallet,2,3.7,No,2127.8696999999997
ORD107307,2024-06-26,CUST6378,Premium,Fashion,4,8017,29823.24,7.0,No,Non-Festival,UPI,4,4.0,No,27735.6132
ORD107308,2024-05-22,CUST6048,Regular,Electronics,2,3037,3705.14,39.0,No,Non-Festival,Credit Card,5,4.7,No,2260.1353999999997
ORD107309,2024-12-27,CUST1727,Premium,Fashion,4,2586,8792.4,15.0,Yes,Christmas/New Year,COD,1,3.5,No,7473.539999999999
ORD107310,2024-09-04,CUST4386,Regular,Electronics,4,7596,21268.8,30.0,No,Non-Festival,UPI,4,3.7,No,14888.159999999998
ORD107311,2024-05-06,CUST9687,Regular,Groceries,2,2041,3183.96,22.0,No,Non-Festival,UPI,5,2.8,No,2483.4888
ORD107312,2024-09-19,CUST1840,Regular,Fashion,1,9594,9498.06,1.0,No,Non-Festival,COD,1,5.0,No,9403.079399999999
ORD107313,2024-02-09,CUST4059,Regular,Electronics,1,5566,5120.72,8.0,No,Non-Festival,COD,3,4.9,No,4711.062400000001
ORD107314,2024-12-20,CUST5791,Regular,Groceries,2,8264,12230.72,26.0,Yes,Christmas/New Year,COD,6,3.2,No,9050.7328
ORD107315,2024-09-11,CUST9194,Regular,Beauty,1,4969,2782.6400000000003,44.0,No,Non-Festival,COD,3,4.6,No,1558.2784000000004
ORD107316,2024-05-22,CUST3824,Premium,Home Decor,5,9121,36027.950000000004,21.0,No,Non-Festival,COD,3,4.3,No,28462.080500000004
ORD107317,2024-08-27,CUST4928,Premium,Electronics,4,516,1176.48,43.0,Yes,Raksha Bandhan,Credit Card,5,2.9,No,670.5936
ORD107318,2024-08-15,CUST2897,Premium,Beauty,5,7653,25637.55,33.0,Yes,Independence Day,UPI,2,2.6,No,17177.158499999998
ORD107319,2024-12-06,CUST8694,Regular,Groceries,5,275,1265.0,8.0,No,Non-Festival,COD,3,2.5,No,1163.8
ORD107320,2024-07-16,CUST3682,New,Beauty,5,5269,17914.6,32.0,No,Non-Festival,COD,7,2.7,No,12181.927999999998
ORD107321,2024-03-05,CUST1931,Regular,Fashion,3,403,761.67,37.0,No,Non-Festival,Wallet,3,4.1,No,479.85209999999995
ORD107322,2024-01-11,CUST7628,Regular,Home Decor,3,8095,16270.95,33.0,No,Non-Festival,UPI,3,3.7,Yes,10901.5365
ORD107323,2024-04-17,CUST3522,Premium,Electronics,5,6767,22331.1,34.0,No,Non-Festival,UPI,6,5.0,No,14738.525999999998
ORD107324,2024-01-26,CUST9213,Regular,Groceries,4,7660,16545.600000000002,46.0,Yes,Republic Day,Credit Card,5,3.2,Yes,8934.624000000002
ORD107325,2024-05-30,CUST8641,Premium,Home Decor,5,3975,14906.25,25.0,No,Non-Festival,UPI,1,4.3,No,11179.6875
ORD107326,2024-08-08,CUST9162,Premium,Groceries,5,8278,38906.6,6.0,No,Non-Festival,COD,4,3.8,No,36572.204
ORD107327,2024-12-06,CUST8625,New,Beauty,3,7124,11968.320000000002,44.0,No,Non-Festival,Wallet,3,2.7,No,6702.259200000001
ORD107328,2024-08-24,CUST6370,New,Groceries,5,7780,20617.0,47.0,No,Non-Festival,UPI,4,4.7,No,10927.01
ORD107329,2024-08-24,CUST1794,New,Groceries,4,5758,12897.920000000002,44.0,No,Non-Festival,Wallet,2,3.5,No,7222.835200000001
ORD107330,2024-08-06,CUST6809,Regular,Beauty,4,4555,13482.8,26.0,No,Non-Festival,COD,2,4.8,No,9977.271999999999
ORD107331,2024-05-30,CUST1939,New,Beauty,5,3251,14466.95,11.0,No,Non-Festival,Wallet,7,4.8,No,12875.585500000001
ORD107332,2024-05-02,CUST7521,Regular,Home Decor,4,2863,9619.68,16.0,No,Non-Festival,UPI,2,4.6,No,8080.5312
ORD107333,2024-05-23,CUST9281,Premium,Electronics,5,8823,35292.0,20.0,No,Non-Festival,UPI,3,2.6,No,28233.600000000002
ORD107334,2024-07-07,CUST6830,Premium,Beauty,3,7584,13196.160000000002,42.0,No,Non-Festival,Credit Card,4,4.9,No,7653.772800000002
ORD107335,2024-09-11,CUST2490,Regular,Home Decor,5,3362,13279.9,21.0,No,Non-Festival,,1,2.8,No,10491.121000000001
ORD107336,2024-03-08,CUST2355,Premium,Groceries,1,8589,6441.75,25.0,No,Non-Festival,Credit Card,5,4.8,Yes,4831.3125
ORD107337,2024-04-13,CUST8416,Regular,Groceries,3,5278,9817.08,38.0,No,Non-Festival,Credit Card,4,4.0,No,6086.5896
ORD107338,2024-12-01,CUST2621,Regular,Fashion,4,238,837.76,12.0,No,Non-Festival,COD,5,3.4,No,737.2288
ORD107339,2024-06-07,CUST4344,New,Beauty,4,9120,21523.200000000004,41.0,No,Non-Festival,UPI,7,4.3,No,12698.688000000004
ORD107340,2024-11-04,CUST1835,Regular,Home Decor,3,3365,5956.050000000001,41.0,Yes,Diwali,Wallet,4,3.8,No,3514.069500000001
ORD107341,2024-12-27,CUST7774,Regular,Home Decor,1,4979,2788.24,25.0,Yes,Christmas/New Year,Credit Card,3,4.5,No,2091.18
ORD107342,2024-10-26,CUST5733,Regular,Electronics,3,6386,14943.24,22.0,Yes,Diwali,UPI,1,3.8,No,11655.7272
ORD107343,2024-03-30,CUST2339,New,Home Decor,2,2324,3300.08,29.0,Yes,Holi,UPI,3,3.4,No,2343.0568
ORD107344,2024-12-22,CUST1781,Regular,Beauty,1,7599,6383.16,16.0,Yes,,Credit Card,2,3.4,No,5361.854399999999
ORD107345,2024-09-12,CUST5738,Regular,Home Decor,3,4334,9621.48,26.0,No,Non-Festival,Credit Card,1,3.4,No,7119.8952
ORD107346,2024-12-18,CUST1051,New,Fashion,2,6494,10520.28,19.0,No,Non-Festival,,6,3.7,No,8521.426800000001
ORD107347,2024-08-07,CUST7825,Regular,Groceries,5,3971,18663.7,6.0,No,Non-Festival,UPI,6,2.8,No,17543.878
ORD107348,2024-01-09,CUST2319,Regular,Groceries,1,5738,5565.86,3.0,No,Non-Festival,COD,4,4.2,No,5398.8841999999995
ORD107349,2024-01-12,CUST9905,Premium,Home Decor,5,3457,8988.2,48.0,No,Non-Festival,COD,7,3.4,No,4673.8640000000005
ORD107350,2024-11-20,CUST6144,Premium,Home Decor,2,6661,9325.4,30.0,No,Non-Festival,Credit Card,3,3.9,No,6527.78
ORD107351,2024-08-31,CUST1525,New,Home Decor,4,5588,15869.92,29.0,Yes,Raksha Bandhan,Wallet,5,3.8,No,11267.643199999999
ORD107352,2024-06-30,CUST6668,Regular,Home Decor,4,8100,22680.0,30.0,No,Non-Festival,UPI,3,4.6,No,15875.999999999998
ORD107353,2024-10-10,CUST6795,New,Fashion,4,1444,5602.72,3.0,No,Non-Festival,Wallet,3,4.7,No,5434.6384
ORD107354,2024-11-07,CUST3879,New,Beauty,5,857,3556.55,17.0,Yes,Diwali,Credit Card,4,5.0,No,2951.9365
ORD107355,2024-04-08,CUST1255,Regular,Fashion,1,1899,1538.19,19.0,No,Non-Festival,UPI,4,3.1,No,1245.9339000000002
ORD107356,2024-07-15,CUST5520,Regular,Fashion,5,4656,14200.8,39.0,No,Non-Festival,COD,2,2.6,No,8662.488
ORD107357,2024-12-31,CUST4156,New,Fashion,5,6268,19117.4,39.0,Yes,Christmas/New Year,COD,7,3.6,No,11661.614000000001
ORD107358,2024-08-13,CUST4074,Regular,Groceries,4,8247,17483.64,47.0,Yes,Independence Day,Wallet,1,4.7,Yes,9266.3292
ORD107359,2024-11-28,CUST6495,Premium,Fashion,5,6163,16640.100000000002,46.0,No,Non-Festival,Credit Card,3,4.0,Yes,8985.654000000002
ORD107360,2024-04-12,CUST6351,Premium,Home Decor,2,6435,6563.7,49.0,No,Non-Festival,Wallet,5,3.4,No,3347.487
ORD107361,2024-04-15,CUST1033,Premium,Fashion,3,4735,11079.9,25.0,No,Non-Festival,Credit Card,6,4.4,Yes,8309.925
ORD107362,2024-12-30,CUST8495,New,Home Decor,3,7473,14123.97,37.0,Yes,Christmas/New Year,COD,6,4.3,No,8898.1011
ORD107363,2024-02-27,CUST4001,Regular,Beauty,3,2176,6005.76,8.0,No,Non-Festival,UPI,4,4.3,No,5525.2992
ORD107364,2024-03-18,CUST8359,Regular,Groceries,4,8137,27665.8,15.0,No,Non-Festival,COD,4,3.8,No,23515.93
ORD107365,2024-03-15,CUST8675,New,Beauty,4,3869,12380.8,20.0,No,Non-Festival,Wallet,2,3.8,No,9904.64
ORD107366,2024-02-11,CUST5548,New,Beauty,3,4392,12121.92,8.0,No,Non-Festival,UPI,1,3.9,No,11152.1664
ORD107367,2024-11-19,CUST7232,Premium,Groceries,1,1137,864.12,24.0,No,Non-Festival,Credit Card,6,3.9,No,656.7312000000001
ORD107368,2024-06-29,CUST8263,New,Home Decor,3,5796,9041.76,48.0,No,Non-Festival,COD,2,3.0,Yes,4701.715200000001
ORD107369,2024-02-02,CUST3634,Premium,Home Decor,5,1489,4839.25,35.0,No,Non-Festival,Credit Card,4,3.1,No,3145.5125000000003
ORD107370,2024-03-11,CUST3926,Regular,Home Decor,3,4870,7889.400000000001,46.0,No,Non-Festival,COD,7,3.4,No,4260.276000000001
ORD107371,2024-02-25,CUST3190,New,Groceries,3,2350,4089.000000000001,42.0,No,Non-Festival,Credit Card,5,4.6,No,2371.620000000001
ORD107372,2024-04-14,CUST4446,Regular,Fashion,1,7621,6630.27,13.0,No,Non-Festival,COD,2,3.7,Yes,5768.334900000001
ORD107373,2024-07-18,CUST5719,Regular,Electronics,4,8904,29917.44,16.0,No,Non-Festival,COD,7,4.8,No,25130.649599999997
ORD107374,2024-04-10,CUST4762,Regular,Fashion,4,1716,5010.72,27.0,No,Non-Festival,Credit Card,3,4.5,No,3657.8256
ORD107375,2024-09-12,CUST6915,Premium,Fashion,5,1604,4491.200000000001,44.0,No,Non-Festival,COD,4,4.7,No,2515.0720000000006
ORD107376,2024-11-02,CUST4481,New,Beauty,3,4692,8445.6,40.0,Yes,Diwali,COD,4,2.8,No,5067.36
ORD107377,2024-03-14,CUST1691,Regular,Electronics,2,6370,6752.200000000001,47.0,No,Non-Festival,COD,2,2.9,No,3578.6660000000006
ORD107378,2024-06-19,CUST3315,Regular,Home Decor,5,2553,11871.45,7.0,No,Non-Festival,Wallet,5,3.1,No,11040.4485
ORD107379,2024-05-22,CUST6172,Premium,Fashion,4,780,2714.4,13.0,No,Non-Festival,COD,2,4.2,No,2361.5280000000002
ORD107380,2024-06-14,CUST2603,New,Groceries,1,3529,3034.94,14.0,No,Non-Festival,Credit Card,7,3.7,Yes,2610.0484
ORD107381,2024-09-17,CUST9615,Premium,Fashion,4,8493,21062.64,38.0,No,Non-Festival,Credit Card,5,2.9,No,13058.8368
ORD107382,2024-08-08,CUST1597,Premium,Home Decor,4,4750,14440.0,24.0,No,Non-Festival,Wallet,4,4.4,No,10974.4
ORD107383,2024-03-23,CUST3806,Premium,Fashion,1,3163,2846.7000000000003,10.0,Yes,Holi,COD,7,3.8,No,2562.03
ORD107384,2024-06-30,CUST6294,Regular,Beauty,3,498,1075.68,28.0,No,Non-Festival,Wallet,2,4.3,No,774.4896
ORD107385,2024-11-02,CUST9619,Regular,Beauty,3,4316,12689.04,2.0,Yes,Diwali,Wallet,1,4.8,No,12435.2592
ORD107386,2024-01-10,CUST7809,Regular,Fashion,4,244,605.12,38.0,No,Non-Festival,COD,6,4.8,No,375.1744
ORD107387,2024-01-04,CUST3979,New,Beauty,5,7847,30995.65,21.0,No,Non-Festival,Credit Card,2,3.3,No,24486.563500000004
ORD107388,2024-12-16,CUST4575,Regular,Groceries,2,2743,3511.04,36.0,No,Non-Festival,COD,2,2.9,No,2247.0656
ORD107389,2024-12-01,CUST4495,Premium,Electronics,5,4059,12177.0,40.0,No,Non-Festival,,7,3.6,No,7306.2
ORD107390,2024-10-18,CUST4649,Regular,Fashion,5,4978,20160.9,19.0,No,Non-Festival,UPI,1,2.7,No,16330.329000000002
ORD107391,2024-10-07,CUST4912,Regular,Groceries,4,4594,15068.320000000002,18.0,No,Non-Festival,Wallet,1,2.6,No,12356.022400000002
ORD107392,2024-08-02,CUST7206,Regular,Groceries,4,3752,13207.04,12.0,No,Non-Festival,Credit Card,3,4.9,No,11622.1952
ORD107393,2024-04-07,CUST8951,Regular,Groceries,2,3355,4965.4,26.0,No,Non-Festival,COD,1,4.9,Yes,3674.3959999999997
ORD107394,2024-04-10,CUST3533,Regular,Home Decor,2,487,798.6800000000001,18.0,No,Non-Festival,UPI,5,3.4,No,654.9176000000001
ORD107395,2024-01-09,CUST2150,Premium,Fashion,2,3905,6638.5,15.0,No,Non-Festival,Wallet,6,4.6,No,5642.724999999999
ORD107396,2024-03-01,CUST8061,Regular,Fashion,4,716,2835.36,1.0,No,Non-Festival,Wallet,6,3.1,No,2807.0064
ORD107397,2024-11-04,CUST8819,Premium,Fashion,4,2401,9604.0,0.0,Yes,Diwali,Wallet,3,3.5,No,9604.0
ORD107398,2024-05-25,CUST3341,Regular,Electronics,5,6777,33207.3,2.0,No,Non-Festival,COD,5,4.3,No,32543.154000000002
ORD107399,2024-03-03,CUST5558,Premium,Groceries,4,8302,25570.16,23.0,No,Non-Festival,COD,7,3.9,No,19689.0232
ORD107400,2024-04-30,CUST1250,Premium,Fashion,3,3858,6597.18,43.0,No,Non-Festival,Wallet,3,4.6,Yes,3760.3926000000006
ORD107401,2024-08-13,CUST6495,New,Beauty,3,7122,13460.58,37.0,Yes,Independence Day,COD,7,5.0,No,8480.1654
ORD107402,2024-04-14,CUST8629,Regular,Home Decor,2,4486,8882.28,1.0,No,Non-Festival,UPI,3,2.5,No,8793.4572
ORD107403,2024-09-16,CUST4401,Regular,Electronics,4,4136,14062.4,15.0,No,Non-Festival,UPI,6,4.8,Yes,11953.039999999999
ORD107404,2024-12-14,CUST5204,New,Home Decor,3,9561,20651.76,28.0,No,Non-Festival,Credit Card,7,3.5,No,14869.267199999998
ORD107405,2024-09-11,CUST8085,Regular,Groceries,5,1190,3808.0,36.0,No,Non-Festival,COD,5,3.5,No,2437.12
ORD107406,2024-07-25,CUST5334,New,Beauty,1,5171,2947.4700000000003,43.0,No,Non-Festival,COD,4,2.5,No,1680.0579000000002
ORD107407,2024-01-28,CUST5494,Regular,Groceries,5,7921,38416.85,3.0,Yes,Republic Day,Wallet,6,4.6,No,37264.3445
ORD107408,2024-06-18,CUST4402,Premium,Fashion,1,2051,1784.37,13.0,No,Non-Festival,UPI,4,4.4,No,1552.4018999999998
ORD107409,2024-12-01,CUST8508,Regular,Home Decor,5,8389,35233.8,16.0,No,Non-Festival,COD,2,4.7,No,29596.392
ORD107410,2024-03-16,CUST7247,New,Beauty,3,2909,4974.39,43.0,No,Non-Festival,COD,7,2.9,No,2835.4023000000007
ORD107411,2024-04-25,CUST9432,Premium,Home Decor,4,4207,9423.68,44.0,No,Non-Festival,COD,4,3.0,Yes,5277.260800000001
ORD107412,2024-03-09,CUST9727,Regular,Electronics,1,2821,2369.64,16.0,No,Non-Festival,Wallet,6,3.3,No,1990.4976
ORD107413,2024-12-19,CUST4520,Regular,Beauty,4,2378,7704.72,19.0,No,Non-Festival,UPI,2,3.8,No,6240.823200000001
ORD107414,2024-08-21,CUST9937,Regular,Electronics,4,1038,2242.08,46.0,No,Non-Festival,COD,4,3.4,No,1210.7232000000001
ORD107415,2024-01-01,CUST9561,Premium,Beauty,3,9947,21485.52,28.0,No,Non-Festival,COD,2,3.2,No,15469.5744
ORD107416,2024-06-15,CUST1071,Regular,Fashion,2,9614,11536.8,40.0,No,Non-Festival,Wallet,6,3.0,No,6922.079999999999
ORD107417,2024-12-17,CUST5224,Regular,Home Decor,2,5134,7701.0,25.0,No,Non-Festival,Credit Card,2,2.9,No,5775.75
ORD107418,2024-08-05,CUST6885,Premium,Home Decor,1,9825,5796.750000000001,41.0,No,Non-Festival,Wallet,6,3.7,Yes,3420.082500000001
ORD107419,2024-09-29,CUST6995,Regular,Groceries,3,8304,15694.56,37.0,No,Non-Festival,COD,1,3.6,No,9887.5728
ORD107420,2024-09-07,CUST8873,Regular,Beauty,4,7538,25327.68,16.0,No,Non-Festival,UPI,6,4.5,No,21275.2512
ORD107421,2024-12-12,CUST2186,Regular,Beauty,5,1368,6087.6,11.0,No,Non-Festival,UPI,2,4.6,No,5417.964000000001
ORD107422,2024-12-09,CUST6897,Premium,Electronics,5,7548,27550.2,27.0,No,Non-Festival,COD,7,4.3,No,20111.646
ORD107423,2024-06-22,CUST6901,New,Beauty,1,1147,1055.24,25.0,No,Non-Festival,Credit Card,6,4.6,No,791.4300000000001
ORD107424,2024-06-18,CUST3546,Regular,Home Decor,1,360,248.4,31.0,No,Non-Festival,Wallet,6,2.8,No,171.396
ORD107425,2024-09-02,CUST3624,Premium,Beauty,1,2827,1894.09,33.0,No,Non-Festival,COD,7,3.6,No,1269.0403
ORD107426,2024-03-30,CUST5947,Regular,Groceries,3,2735,6974.25,15.0,Yes,,,5,3.2,No,5928.1125
ORD107427,2024-02-18,CUST8119,Regular,Groceries,5,2472,6550.8,47.0,No,Non-Festival,COD,5,3.1,No,3471.9240000000004
ORD107428,2024-10-20,CUST8722,Premium,Home Decor,3,3663,7692.299999999999,30.0,Yes,Diwali,Wallet,2,4.3,No,5384.609999999999
ORD107429,2024-05-29,CUST3095,Regular,Home Decor,3,5004,11108.88,26.0,No,Non-Festival,UPI,5,4.6,No,8220.571199999998
ORD107430,2024-05-11,CUST4748,Premium,Home Decor,4,360,1036.8,28.0,No,Non-Festival,Wallet,4,2.8,No,746.496
ORD107431,2024-02-28,CUST4081,New,Beauty,3,1984,5952.0,0.0,No,Non-Festival,COD,5,2.8,No,5952.0
ORD107432,2024-11-19,CUST4235,New,Beauty,3,6798,15091.56,26.0,No,Non-Festival,UPI,1,4.1,No,11167.7544
ORD107433,2024-07-17,CUST1551,Regular,Fashion,4,3382,9334.32,31.0,No,Non-Festival,Credit Card,5,2.9,No,6440.680799999999
ORD107434,2024-08-02,CUST5067,Regular,Electronics,2,3824,6883.2,10.0,No,Non-Festival,COD,4,4.4,No,6194.88
ORD107435,2024-02-18,CUST4812,New,Beauty,4,9158,24177.119999999995,34.0,No,Non-Festival,UPI,6,4.6,No,15956.899199999994
ORD107436,2024-08-19,CUST6918,Regular,Fashion,1,2227,2204.73,1.0,Yes,Independence Day,UPI,4,3.8,No,2182.6827
ORD107437,2024-09-03,CUST5003,Premium,Fashion,2,8576,9433.6,45.0,No,Non-Festival,UPI,2,4.8,No,5188.4800000000005
ORD107438,2024-08-26,CUST3894,Regular,Groceries,5,2096,10480.0,0.0,Yes,Raksha Bandhan,COD,3,2.6,Yes,10480.0
ORD107439,2024-06-16,CUST6094,Regular,Beauty,3,2604,7421.4,5.0,No,Non-Festival,Credit Card,4,3.1,No,7050.329999999999
ORD107440,2024-02-17,CUST4682,Regular,Fashion,2,2739,5149.32,6.0,No,Non-Festival,UPI,2,4.4,No,4840.3607999999995
ORD107441,2024-02-20,CUST6987,New,Groceries,5,932,4613.4,1.0,No,Non-Festival,COD,2,4.9,No,4567.266
ORD107442,2024-10-25,CUST8226,New,Electronics,4,777,3076.92,1.0,Yes,Diwali,UPI,5,4.9,Yes,3046.1508
ORD107443,2024-04-07,CUST9009,Regular,Groceries,4,2361,5099.76,46.0,No,Non-Festival,Wallet,5,2.5,Yes,2753.8704000000002
ORD107444,2024-08-03,CUST9653,New,Electronics,1,8769,8418.24,4.0,No,Non-Festival,UPI,2,4.1,No,8081.510399999999
ORD107445,2024-06-25,CUST8525,Regular,Home Decor,1,4048,3562.24,25.0,No,Non-Festival,COD,6,2.6,No,2671.68
ORD107446,2024-03-20,CUST6780,Regular,Home Decor,2,1508,2473.1200000000003,18.0,Yes,Holi,UPI,1,4.3,No,2027.9584000000004
ORD107447,2024-07-03,CUST6748,Premium,Groceries,3,1041,2560.86,18.0,No,Non-Festival,UPI,6,4.4,No,2099.9052
ORD107448,2024-01-27,CUST5231,Premium,Home Decor,4,2371,5121.360000000001,46.0,Yes,Republic Day,Wallet,2,4.6,No,2765.5344000000005
ORD107449,2024-07-13,CUST8064,Regular,Beauty,2,8547,17094.0,0.0,No,Non-Festival,Wallet,5,3.8,No,17094.0
ORD107450,2024-08-01,CUST1756,Regular,Groceries,2,6453,8517.96,34.0,No,Non-Festival,COD,4,3.8,No,5621.853599999999
ORD107451,2024-12-07,CUST4104,New,Fashion,2,3585,5951.099999999999,17.0,No,Non-Festival,Credit Card,1,4.8,No,4939.413
ORD107452,2024-04-23,CUST6822,New,Beauty,1,5021,2610.92,48.0,No,Non-Festival,Credit Card,3,3.8,No,1357.6784
ORD107453,2024-08-29,CUST4581,New,Groceries,4,6013,16595.879999999997,31.0,Yes,Raksha Bandhan,Credit Card,6,3.8,No,11451.157199999998
ORD107454,2024-05-03,CUST2512,Regular,Electronics,1,1613,1112.97,31.0,No,Non-Festival,Credit Card,4,3.8,No,767.9493
ORD107455,2024-10-31,CUST9563,Premium,Home Decor,1,244,226.92,7.0,Yes,Diwali,COD,5,3.8,No,211.0356
ORD107456,2024-03-16,CUST5440,Regular,Home Decor,2,1886,3394.8,10.0,No,Non-Festival,COD,4,4.4,No,3055.32
ORD107457,2024-11-06,CUST5997,New,Home Decor,5,5436,22015.800000000003,19.0,Yes,Diwali,Wallet,4,2.7,No,17832.798000000003
ORD107458,2024-11-07,CUST6574,Regular,Groceries,5,6825,31736.25,7.0,Yes,Diwali,Wallet,5,3.6,No,29514.712499999998
ORD107459,2024-07-14,CUST9855,Regular,Beauty,5,2925,10676.25,27.0,No,Non-Festival,Credit Card,4,3.8,No,7793.662499999999
ORD107460,2024-12-16,CUST7794,Regular,Electronics,2,9815,15704.0,20.0,No,Non-Festival,Wallet,2,3.0,No,12563.2
ORD107461,2024-02-13,CUST6843,New,Home Decor,3,8209,15515.01,37.0,No,Non-Festival,COD,6,3.9,No,9774.4563
ORD107462,2024-07-04,CUST1940,Premium,Beauty,4,4214,10619.28,37.0,No,Non-Festival,Credit Card,1,3.6,No,6690.1464000000005
ORD107463,2024-12-08,CUST6508,Regular,Fashion,2,5980,11362.0,5.0,No,Non-Festival,UPI,6,4.3,No,10793.9
ORD107464,2024-09-02,CUST8306,Premium,Fashion,2,4795,9494.1,1.0,No,Non-Festival,UPI,7,3.4,No,9399.159
ORD107465,2024-03-24,CUST3560,New,Electronics,1,8465,7703.150000000001,25.0,Yes,Holi,UPI,5,4.9,No,5777.3625
ORD107466,2024-07-25,CUST2819,Regular,Home Decor,5,3218,9493.100000000002,41.0,No,Non-Festival,Wallet,1,3.5,No,5600.929000000002
ORD107467,2024-05-30,CUST7682,New,Fashion,2,6492,11945.28,8.0,No,Non-Festival,Credit Card,2,4.1,No,10989.6576
ORD107468,2024-06-04,CUST9991,New,Beauty,3,1760,5174.4,2.0,No,Non-Festival,UPI,5,3.1,No,5070.911999999999
ORD107469,2024-01-16,CUST4582,Regular,Beauty,4,9283,36760.68,1.0,No,Non-Festival,Credit Card,2,4.2,No,36393.0732
ORD107470,2024-06-13,CUST1262,Regular,Fashion,3,9638,18794.1,35.0,No,Non-Festival,COD,3,3.8,No,12216.164999999999
ORD107471,2024-05-24,CUST5215,Regular,Home Decor,2,672,1249.9199999999998,7.0,No,Non-Festival,UPI,3,3.4,No,1162.4255999999998
ORD107472,2024-02-06,CUST1530,Regular,Electronics,2,5635,10368.4,8.0,No,Non-Festival,UPI,3,3.4,No,9538.928
ORD107473,2024-11-28,CUST3725,Regular,Home Decor,1,2417,1812.75,25.0,No,Non-Festival,UPI,1,3.4,Yes,1359.5625
ORD107474,2024-02-14,CUST6099,Premium,Groceries,3,9092,18274.92,33.0,No,Non-Festival,COD,7,3.6,Yes,12244.196399999997
ORD107475,2024-07-24,CUST5042,Premium,Fashion,1,252,133.56,47.0,No,Non-Festival,Credit Card,6,3.1,No,70.7868
ORD107476,2024-03-02,CUST3643,Regular,Groceries,3,3187,6788.31,29.0,No,Non-Festival,,6,3.2,Yes,4819.7001
ORD107477,2024-12-21,CUST9800,Premium,Fashion,5,8530,26869.5,37.0,Yes,Christmas/New Year,UPI,3,4.9,No,16927.785
ORD107478,2024-11-03,CUST1373,Premium,Electronics,5,9789,45518.85,7.0,Yes,Diwali,Credit Card,3,3.3,No,42332.53049999999
ORD107479,2024-01-19,CUST8120,New,Home Decor,3,2337,6870.78,2.0,No,Non-Festival,Wallet,2,4.1,No,6733.3643999999995
ORD107480,2024-12-30,CUST9461,Regular,Home Decor,1,1027,924.3,25.0,Yes,Christmas/New Year,,7,3.4,No,693.2249999999999
ORD107481,2024-10-26,CUST1302,Premium,Fashion,5,8364,31783.2,24.0,Yes,Diwali,UPI,4,4.5,Yes,24155.232
ORD107482,2024-01-07,CUST3810,New,Beauty,2,1448,2780.16,4.0,No,Non-Festival,UPI,7,4.2,No,2668.9536
ORD107483,2024-09-05,CUST4649,Premium,Groceries,4,5035,17924.6,11.0,No,Non-Festival,Wallet,7,3.3,No,15952.893999999998
ORD107484,2024-04-26,CUST7438,Regular,Home Decor,1,8577,6089.67,29.0,No,Non-Festival,Wallet,4,4.3,Yes,4323.6657
ORD107485,2024-03-08,CUST7812,Regular,Home Decor,3,3642,8085.24,26.0,No,Non-Festival,UPI,6,4.4,No,5983.0776
ORD107486,2024-02-03,CUST1843,New,Fashion,4,7602,17636.640000000003,25.0,No,Non-Festival,Credit Card,6,2.8,No,13227.480000000003
ORD107487,2024-07-12,CUST8954,Regular,Beauty,4,3393,13029.12,4.0,No,Non-Festival,Wallet,3,3.9,No,12507.9552
ORD107488,2024-11-20,CUST1616,New,Groceries,2,5128,8307.36,19.0,No,Non-Festival,UPI,6,4.5,No,6728.9616000000005
ORD107489,2024-02-24,CUST3532,New,Beauty,1,9804,7843.200000000001,20.0,No,Non-Festival,COD,4,2.6,No,6274.560000000001
ORD107490,2024-09-22,CUST3547,Regular,Beauty,4,7796,30560.32,2.0,No,Non-Festival,Credit Card,7,3.8,No,29949.1136
ORD107491,2024-02-11,CUST4944,Premium,Fashion,1,3116,1869.6,40.0,No,Non-Festival,UPI,3,4.6,No,1121.76
ORD107492,2024-10-23,CUST2808,Regular,Beauty,2,9407,9595.14,49.0,Yes,Diwali,COD,3,4.9,No,4893.5214
ORD107493,2024-08-18,CUST9964,Regular,Groceries,3,4737,8100.27,43.0,Yes,Independence Day,Wallet,1,4.1,No,4617.153900000001
ORD107494,2024-01-10,CUST3515,Premium,Electronics,4,7251,28133.88,3.0,No,Non-Festival,COD,5,3.3,No,27289.8636
ORD107495,2024-12-23,CUST9981,Premium,Electronics,4,5845,18002.600000000002,23.0,Yes,Christmas/New Year,COD,4,4.0,No,13862.002000000002
ORD107496,2024-05-07,CUST5455,Regular,Groceries,4,4461,16773.36,6.0,No,Non-Festival,COD,3,2.6,No,15766.9584
ORD107497,2024-06-27,CUST1571,New,Fashion,1,2135,1643.95,23.0,No,Non-Festival,Wallet,4,3.6,No,1265.8415
ORD107498,2024-07-11,CUST5671,Regular,Home Decor,4,8241,29667.6,10.0,No,Non-Festival,COD,1,4.3,No,26700.84
ORD107499,2024-04-01,CUST3219,Regular,Fashion,1,9860,9761.4,1.0,No,Non-Festival,Wallet,7,2.6,Yes,9663.786
ORD107500,2024-08-18,CUST5921,Regular,Groceries,5,4738,13503.3,43.0,Yes,Independence Day,UPI,1,4.0,No,7696.881
ORD107501,2024-03-18,CUST3246,Regular,Beauty,5,4626,13878.0,40.0,No,Non-Festival,COD,3,4.0,No,8326.8
ORD107502,2024-03-25,CUST6536,New,Electronics,1,1558,1480.1,5.0,Yes,Holi,Credit Card,4,3.0,No,1406.0949999999998
ORD107503,2024-01-30,CUST3604,Premium,Beauty,5,1969,9254.3,6.0,Yes,Republic Day,UPI,4,3.9,No,8699.042
ORD107504,2024-07-31,CUST7598,Premium,Fashion,2,9581,12072.06,37.0,No,Non-Festival,Wallet,4,3.5,No,7605.3978
ORD107505,2024-02-18,CUST4095,Premium,Groceries,2,1392,2310.72,17.0,No,Non-Festival,UPI,1,3.7,No,1917.8975999999998
ORD107506,2024-09-21,CUST5507,Regular,Electronics,5,3016,8444.800000000001,44.0,No,Non-Festival,COD,2,3.3,No,4729.088000000001
ORD107507,2024-05-24,CUST8404,Regular,Groceries,3,6467,17848.920000000002,8.0,No,Non-Festival,Wallet,2,4.5,No,16421.006400000002
ORD107508,2024-03-09,CUST5862,Premium,Electronics,1,7225,5274.25,27.0,No,Non-Festival,COD,4,3.4,No,3850.2025
ORD107509,2024-02-27,CUST7656,New,Electronics,5,5056,20729.6,18.0,No,Non-Festival,UPI,4,4.5,No,16998.272
ORD107510,2024-07-03,CUST6302,New,Electronics,1,5417,5254.49,3.0,No,Non-Festival,Credit Card,5,2.7,No,5096.855299999999
ORD107511,2024-03-02,CUST5994,Regular,Fashion,5,1242,6023.7,3.0,No,Non-Festival,UPI,3,3.2,No,5842.989
ORD107512,2024-11-03,CUST8898,Regular,Groceries,2,5443,9579.68,12.0,Yes,Diwali,UPI,1,3.5,No,8430.118400000001
ORD107513,2024-10-22,CUST2438,Regular,Home Decor,3,8617,18871.23,27.0,Yes,Diwali,COD,5,3.5,No,13775.997899999998
ORD107514,2024-06-14,CUST7363,Regular,Home Decor,1,6955,6259.5,10.0,No,Non-Festival,Credit Card,4,3.6,No,5633.55
ORD107515,2024-06-19,CUST7076,Regular,Home Decor,3,6667,19800.99,1.0,No,Non-Festival,COD,6,4.1,No,19602.9801
ORD107516,2024-03-03,CUST5948,Premium,Groceries,2,4177,7936.299999999999,5.0,No,Non-Festival,COD,2,3.9,No,7539.484999999999
ORD107517,2024-05-26,CUST4077,Regular,Beauty,4,2083,7415.48,11.0,No,Non-Festival,COD,2,3.8,No,6599.7771999999995
ORD107518,2024-11-01,CUST3395,Premium,Groceries,4,740,1805.6,39.0,Yes,Diwali,Wallet,5,4.6,No,1101.416
ORD107519,2024-06-09,CUST2219,Premium,Electronics,1,9037,5783.68,36.0,No,Non-Festival,COD,2,3.8,No,3701.5552000000002
ORD107520,2024-05-20,CUST3901,Regular,Beauty,2,5285,8138.900000000001,23.0,No,Non-Festival,Credit Card,2,4.7,No,6266.953
ORD107521,2024-11-29,CUST4450,Premium,Electronics,1,5001,4600.92,8.0,No,Non-Festival,COD,6,4.5,No,4232.8464
ORD107522,2024-04-06,CUST8854,Regular,Electronics,1,4926,3694.5,25.0,No,Non-Festival,COD,3,3.0,No,2770.875
ORD107523,2024-08-08,CUST9456,Premium,Groceries,1,7222,7005.34,3.0,No,Non-Festival,Credit Card,4,4.1,No,6795.1798
ORD107524,2024-02-12,CUST7381,New,Home Decor,3,1888,3398.4,40.0,No,Non-Festival,UPI,7,3.1,No,2039.04
ORD107525,2024-10-18,CUST3553,Premium,Beauty,5,9246,26351.1,43.0,No,Non-Festival,COD,5,4.9,No,15020.127
ORD107526,2024-04-17,CUST5319,New,Fashion,2,6834,13257.96,3.0,No,Non-Festival,UPI,6,3.7,Yes,12860.221199999998
ORD107527,2024-09-22,CUST8819,Regular,Home Decor,3,604,942.24,48.0,No,Non-Festival,COD,1,3.0,No,489.9648
ORD107528,2024-04-04,CUST4247,Premium,Fashion,5,3543,11869.05,33.0,No,Non-Festival,COD,1,4.1,No,7952.263499999999
ORD107529,2024-09-18,CUST8528,Premium,Groceries,1,8011,6328.6900000000005,21.0,No,Non-Festival,Wallet,6,4.3,No,4999.665100000001
ORD107530,2024-11-08,CUST8095,Premium,Beauty,4,7218,25407.36,12.0,Yes,Diwali,Credit Card,4,4.0,No,22358.4768
ORD107531,2024-03-11,CUST1598,New,Groceries,3,8911,22990.38,14.0,No,Non-Festival,Credit Card,1,3.1,No,19771.7268
ORD107532,2024-08-06,CUST7879,Premium,Fashion,2,1607,1960.54,39.0,No,Non-Festival,UPI,6,4.3,No,1195.9294
ORD107533,2024-01-21,CUST6528,Premium,Electronics,2,9212,11607.12,37.0,Yes,Republic Day,Wallet,2,4.8,No,7312.485600000001
ORD107534,2024-04-01,CUST5552,Regular,Groceries,5,7230,21690.0,40.0,No,Non-Festival,COD,3,4.9,No,13014.0
ORD107535,2024-05-06,CUST3604,Regular,Beauty,3,7559,13152.660000000002,42.0,No,Non-Festival,Wallet,5,4.2,No,7628.542800000002
ORD107536,2024-03-20,CUST7073,Premium,Groceries,1,4730,2696.1000000000004,43.0,Yes,Holi,Credit Card,5,4.6,No,1536.7770000000003
ORD107537,2024-11-07,CUST2502,Premium,Home Decor,5,8128,40233.6,1.0,Yes,Diwali,COD,2,4.9,No,39831.263999999996
ORD107538,2024-08-25,CUST2069,New,Groceries,2,4267,8448.66,1.0,Yes,Raksha Bandhan,COD,7,2.6,No,8364.1734
ORD107539,2024-06-30,CUST2945,Regular,Fashion,3,6406,11146.44,42.0,No,Non-Festival,UPI,4,3.7,Yes,6464.935200000001
ORD107540,2024-01-25,CUST8047,Regular,Groceries,4,2381,8857.32,7.0,Yes,Republic Day,Wallet,3,3.2,No,8237.307599999998
ORD107541,2024-06-04,CUST3973,Premium,Beauty,1,3432,2162.16,37.0,No,Non-Festival,COD,1,3.7,No,1362.1607999999999
ORD107542,2024-01-05,CUST5661,New,Groceries,2,8816,14634.56,17.0,No,Non-Festival,Credit Card,7,4.8,No,12146.684799999999
ORD107543,2024-04-29,CUST7752,New,Groceries,3,1751,3782.16,28.0,No,Non-Festival,UPI,5,5.0,No,2723.1551999999997
ORD107544,2024-10-03,CUST1223,Regular,Beauty,4,557,2005.2,10.0,No,Non-Festival,Credit Card,5,4.8,No,1804.68
ORD107545,2024-01-18,CUST1482,Regular,Groceries,2,1794,3408.6,5.0,No,Non-Festival,UPI,4,3.0,No,3238.1699999999996
ORD107546,2024-07-16,CUST6385,Regular,Beauty,4,5328,19607.04,8.0,No,Non-Festival,Wallet,3,4.5,No,18038.4768
ORD107547,2024-02-26,CUST4888,Regular,Fashion,2,9402,14855.16,21.0,No,Non-Festival,UPI,6,4.5,No,11735.5764
ORD107548,2024-04-02,CUST1286,New,Beauty,5,8588,23617.000000000004,45.0,No,Non-Festival,Wallet,1,3.9,No,12989.350000000002
ORD107549,2024-01-19,CUST7604,Regular,Fashion,5,9425,35815.0,24.0,No,Non-Festival,Wallet,5,4.3,No,27219.4
ORD107550,2024-12-18,CUST2769,Regular,Fashion,5,9253,32385.5,30.0,No,Non-Festival,COD,5,4.8,No,22669.85
ORD107551,2024-07-11,CUST9835,Regular,Beauty,3,548,1315.2,20.0,No,Non-Festival,Wallet,1,5.0,No,1052.16
ORD107552,2024-08-24,CUST5509,Regular,Groceries,5,1858,5852.7,37.0,No,Non-Festival,UPI,7,2.6,No,3687.201
ORD107553,2024-10-03,CUST8999,New,Home Decor,3,8966,22056.36,18.0,No,Non-Festival,UPI,3,3.1,No,18086.215200000002
ORD107554,2024-08-14,CUST3002,Regular,Beauty,1,2019,1837.29,9.0,Yes,Independence Day,COD,3,3.8,No,1671.9339
ORD107555,2024-08-20,CUST9050,Regular,Groceries,5,6671,18345.25,45.0,Yes,Independence Day,UPI,3,3.3,Yes,10089.8875
ORD107556,2024-02-09,CUST6736,New,Fashion,3,6081,11675.52,36.0,No,Non-Festival,Wallet,5,2.8,No,7472.3328
ORD107557,2024-11-18,CUST1160,Regular,Electronics,2,6855,12201.9,11.0,No,Non-Festival,UPI,6,3.3,No,10859.691
ORD107558,2024-06-01,CUST6449,Premium,Home Decor,3,9322,22932.120000000003,18.0,No,Non-Festival,Credit Card,2,3.8,No,18804.338400000004
ORD107559,2024-05-06,CUST3076,Regular,Groceries,3,4208,12497.76,1.0,No,Non-Festival,Credit Card,7,3.5,No,12372.7824
ORD107560,2024-08-24,CUST2206,Premium,Home Decor,2,6243,10737.96,14.0,No,Non-Festival,COD,5,4.5,No,9234.6456
ORD107561,2024-02-24,CUST4328,Regular,Electronics,3,683,1290.87,37.0,No,Non-Festival,Wallet,4,4.0,No,813.2480999999999
ORD107562,2024-06-20,CUST2139,Regular,Electronics,2,4112,7648.32,7.0,No,Non-Festival,UPI,7,3.6,No,7112.937599999999
ORD107563,2024-04-18,CUST5076,Premium,Electronics,4,557,1225.4,45.0,No,Non-Festival,COD,4,5.0,No,673.9700000000001
ORD107564,2024-12-19,CUST2658,Regular,Beauty,5,8645,28528.5,34.0,No,Non-Festival,COD,6,4.7,No,18828.809999999998
ORD107565,2024-07-02,CUST7390,Premium,Home Decor,1,9226,5812.38,37.0,No,Non-Festival,Wallet,7,4.7,No,3661.7994
ORD107566,2024-07-16,CUST7013,Regular,Beauty,3,1390,2418.6000000000004,42.0,No,Non-Festival,COD,5,3.9,No,1402.7880000000005
ORD107567,2024-03-27,CUST1154,Premium,Electronics,2,4764,6764.88,29.0,Yes,Holi,Credit Card,5,4.4,No,4803.0648
ORD107568,2024-07-19,CUST1167,New,Groceries,5,6179,28423.4,8.0,No,Non-Festival,COD,1,3.3,No,26149.528000000002
ORD107569,2024-12-02,CUST4019,Regular,Electronics,3,8884,18922.92,29.0,No,Non-Festival,UPI,3,3.3,No,13435.273199999998
ORD107570,2024-11-17,CUST2035,Regular,Beauty,5,3609,9383.4,48.0,No,Non-Festival,Credit Card,6,4.7,No,4879.368
ORD107571,2024-10-01,CUST6343,New,Electronics,4,8443,27693.04,18.0,No,Non-Festival,Credit Card,1,4.0,No,22708.292800000003
ORD107572,2024-07-29,CUST3821,Premium,Electronics,3,8653,18690.48,28.0,No,Non-Festival,Credit Card,6,3.4,No,13457.1456
ORD107573,2024-04-27,CUST6388,Regular,Beauty,2,2108,4173.84,1.0,No,Non-Festival,UPI,4,4.6,No,4132.1016
ORD107574,2024-07-09,CUST1830,Regular,Beauty,4,3846,11230.32,27.0,No,Non-Festival,Wallet,4,3.6,No,8198.1336
ORD107575,2024-02-11,CUST2108,Regular,Groceries,3,7915,22082.85,7.0,No,Non-Festival,COD,2,3.5,No,20537.050499999998
ORD107576,2024-02-11,CUST6077,Regular,Beauty,5,2577,9792.6,24.0,No,Non-Festival,COD,3,2.6,No,7442.376
ORD107577,2024-11-10,CUST1030,New,Groceries,4,4536,16511.04,9.0,Yes,Diwali,Credit Card,3,4.2,No,15025.046400000001
ORD107578,2024-10-02,CUST7583,Premium,Fashion,2,5604,8854.32,21.0,No,Non-Festival,Credit Card,6,3.8,No,6994.9128
ORD107579,2024-11-24,CUST1702,Premium,Fashion,3,6158,12192.839999999998,34.0,No,Non-Festival,COD,4,3.3,No,8047.2743999999975
ORD107580,2024-01-17,CUST9049,Regular,Beauty,5,1825,5383.750000000001,41.0,No,Non-Festival,UPI,1,2.8,Yes,3176.412500000001
ORD107581,2024-10-09,CUST8979,Regular,Electronics,5,5618,21629.3,23.0,No,Non-Festival,Credit Card,5,3.0,No,16654.561
ORD107582,2024-09-14,CUST4155,New,Home Decor,4,9620,28860.0,25.0,No,Non-Festival,Credit Card,3,3.1,No,21645.0
ORD107583,2024-03-03,CUST5431,Regular,Electronics,3,4586,9630.6,30.0,No,Non-Festival,UPI,5,4.7,No,6741.42
ORD107584,2024-03-02,CUST1016,Regular,Beauty,5,6554,25560.6,22.0,No,Non-Festival,Wallet,4,3.7,No,19937.268
ORD107585,2024-04-09,CUST2106,Regular,Groceries,4,1589,6292.44,1.0,No,Non-Festival,Credit Card,2,4.2,No,6229.5156
ORD107586,2024-01-19,CUST3794,Premium,Electronics,1,6109,3787.58,38.0,No,Non-Festival,Wallet,4,3.7,Yes,2348.2996
ORD107587,2024-01-17,CUST3471,Regular,Fashion,5,1687,5735.799999999999,32.0,No,Non-Festival,UPI,5,3.7,Yes,3900.343999999999
ORD107588,2024-11-20,CUST9219,Regular,Beauty,4,6701,20639.08,23.0,No,Non-Festival,COD,4,4.6,No,15892.091600000002
ORD107589,2024-09-02,CUST4148,New,Electronics,1,9308,8284.12,11.0,No,Non-Festival,COD,3,4.4,No,7372.866800000001
ORD107590,2024-09-07,CUST8327,Premium,Electronics,4,910,2329.6,36.0,No,Non-Festival,Wallet,6,3.1,No,1490.944
ORD107591,2024-03-21,CUST4961,Regular,Groceries,5,2086,9595.6,8.0,Yes,Holi,Credit Card,6,4.1,No,8827.952000000001
ORD107592,2024-02-08,CUST6965,Premium,Groceries,1,2416,1377.12,43.0,No,Non-Festival,COD,5,4.2,No,784.9584
ORD107593,2024-02-05,CUST1489,Regular,Groceries,4,1520,3526.4000000000005,42.0,No,Non-Festival,UPI,5,3.5,No,2045.3120000000006
ORD107594,2024-07-15,CUST5292,Regular,Home Decor,3,8106,13861.260000000002,43.0,No,Non-Festival,Credit Card,2,2.7,No,7900.918200000002
ORD107595,2024-06-06,CUST2518,Premium,Beauty,1,4645,4552.1,2.0,No,Non-Festival,Wallet,7,3.4,Yes,4461.058
ORD107596,2024-07-22,CUST9212,Regular,Beauty,4,5031,11470.680000000002,43.0,No,Non-Festival,Wallet,3,3.4,No,6538.2876000000015
ORD107597,2024-07-14,CUST5583,Regular,Fashion,3,8017,18759.78,22.0,No,Non-Festival,Wallet,1,4.2,No,14632.6284
ORD107598,2024-08-03,CUST3676,Premium,Fashion,1,7184,5531.68,23.0,No,Non-Festival,Wallet,7,4.5,No,4259.3936
ORD107599,2024-10-11,CUST5180,New,Beauty,4,8792,23914.24,32.0,No,Non-Festival,UPI,2,3.5,No,16261.6832
ORD107600,2024-07-14,CUST1607,Premium,Electronics,5,950,3372.5,29.0,No,Non-Festival,COD,3,4.1,No,2394.475
ORD107601,2024-11-02,CUST9869,Regular,Beauty,1,5794,3650.22,37.0,Yes,Diwali,Wallet,6,4.1,No,2299.6385999999998
ORD107602,2024-05-31,CUST7911,Regular,Home Decor,1,7371,4275.18,42.0,No,Non-Festival,COD,1,4.1,No,2479.6044000000006
ORD107603,2024-01-14,CUST2049,Regular,Fashion,3,7691,22842.27,1.0,No,Non-Festival,COD,7,3.9,No,22613.8473
ORD107604,2024-11-20,CUST1041,Regular,Fashion,4,2087,5092.28,39.0,No,Non-Festival,Wallet,6,4.1,No,3106.2907999999998
ORD107605,2024-05-25,CUST5714,Regular,Fashion,5,3885,15345.75,21.0,No,Non-Festival,Credit Card,5,4.7,No,12123.1425
ORD107606,2024-02-26,CUST6221,Premium,Beauty,3,1618,4368.6,10.0,No,Non-Festival,Wallet,6,4.8,No,3931.7400000000002
ORD107607,2024-07-29,CUST3111,Regular,Fashion,1,2803,2494.67,11.0,No,Non-Festival,UPI,7,2.7,No,2220.2563
ORD107608,2024-09-24,CUST9990,Regular,Fashion,3,3971,9768.66,18.0,No,Non-Festival,Credit Card,2,2.5,No,8010.301200000001
ORD107609,2024-07-28,CUST4002,Premium,Beauty,3,5300,12879.0,19.0,No,Non-Festival,Wallet,5,3.8,Yes,10431.99
ORD107610,2024-01-17,CUST8256,Regular,Electronics,3,3687,10176.12,8.0,No,Non-Festival,COD,5,3.5,No,9362.030400000001
ORD107611,2024-10-12,CUST8414,New,Fashion,1,9205,5338.900000000001,42.0,No,Non-Festival,COD,7,3.6,No,3096.562000000001
ORD107612,2024-12-09,CUST2316,Regular,Fashion,2,6110,10142.6,17.0,No,Non-Festival,Credit Card,5,3.6,No,8418.358
ORD107613,2024-07-21,CUST9867,New,Fashion,3,6508,11714.4,40.0,No,Non-Festival,UPI,3,4.7,No,7028.639999999999
ORD107614,2024-04-08,CUST9763,New,Home Decor,2,4933,5327.64,46.0,No,Non-Festival,COD,1,4.1,No,2876.9256000000005
ORD107615,2024-10-05,CUST1028,New,Beauty,5,3369,13981.35,17.0,No,Non-Festival,UPI,3,3.6,No,11604.5205
ORD107616,2024-07-27,CUST3878,Regular,Fashion,5,1223,3730.15,39.0,No,Non-Festival,COD,5,3.6,No,2275.3915
ORD107617,2024-05-08,CUST9591,New,Home Decor,5,9901,32178.25,35.0,No,Non-Festival,Credit Card,7,4.6,Yes,20915.8625
ORD107618,2024-11-30,CUST8172,Regular,Electronics,4,1593,4715.28,26.0,No,Non-Festival,Wallet,2,3.0,No,3489.3071999999997
ORD107619,2024-10-14,CUST8690,Regular,Electronics,1,5439,4786.32,12.0,No,Non-Festival,COD,6,2.5,No,4211.9616
ORD107620,2024-09-08,CUST5371,Regular,Home Decor,2,2546,2749.6800000000003,46.0,No,Non-Festival,Credit Card,7,3.7,Yes,1484.8272000000002
ORD107621,2024-09-21,CUST3680,Regular,Electronics,4,1055,3924.6,7.0,No,Non-Festival,Credit Card,5,4.9,No,3649.8779999999997
ORD107622,2024-09-27,CUST1291,Regular,Groceries,2,9558,10131.48,47.0,No,Non-Festival,Wallet,1,4.5,No,5369.6844
ORD107623,2024-07-06,CUST9556,Regular,Electronics,1,2954,1713.3200000000002,42.0,No,Non-Festival,Wallet,3,3.5,No,993.7256000000002
ORD107624,2024-08-01,CUST8579,Regular,Groceries,3,1865,4364.1,22.0,No,Non-Festival,Credit Card,1,2.9,No,3403.9980000000005
ORD107625,2024-10-09,CUST8807,Premium,Home Decor,4,4238,14917.76,12.0,No,Non-Festival,COD,3,3.9,No,13127.6288
ORD107626,2024-07-29,CUST2369,Regular,Groceries,1,3887,3653.78,6.0,No,Non-Festival,UPI,6,4.7,No,3434.5532
ORD107627,2024-12-30,CUST9480,Premium,Electronics,4,1316,2684.64,49.0,Yes,,UPI,7,4.3,No,1369.1664
ORD107628,2024-03-16,CUST7024,New,Fashion,5,4742,14463.1,39.0,No,Non-Festival,Wallet,1,3.9,No,8822.491
ORD107629,2024-05-27,CUST4010,Regular,Groceries,4,933,3694.68,1.0,No,Non-Festival,COD,1,4.3,No,3657.7331999999997
ORD107630,2024-11-16,CUST9648,Premium,Electronics,3,3121,9175.74,2.0,No,Non-Festival,Credit Card,3,4.9,No,8992.225199999999
ORD107631,2024-07-31,CUST5386,New,Fashion,3,3698,6545.460000000001,41.0,No,Non-Festival,UPI,7,3.9,No,3861.821400000001
ORD107632,2024-04-18,CUST8700,Regular,Home Decor,2,9516,11799.84,38.0,No,Non-Festival,UPI,3,3.9,No,7315.9008
ORD107633,2024-05-08,CUST5329,Regular,Home Decor,4,4917,15341.04,22.0,No,Non-Festival,COD,3,3.7,No,11966.0112
ORD107634,2024-01-10,CUST2816,New,Beauty,5,5054,23753.8,6.0,No,Non-Festival,Credit Card,4,3.9,No,22328.571999999996
ORD107635,2024-02-16,CUST1551,New,Home Decor,3,2058,5988.78,3.0,No,Non-Festival,Wallet,6,4.1,No,5809.116599999999
ORD107636,2024-11-10,CUST1862,Premium,Beauty,2,5673,10551.78,7.0,Yes,Diwali,UPI,1,3.0,No,9813.1554
ORD107637,2024-04-05,CUST9931,Regular,Home Decor,5,2713,9359.85,31.0,No,Non-Festival,COD,4,3.9,No,6458.2964999999995
ORD107638,2024-04-12,CUST7642,New,Home Decor,5,5160,21156.0,18.0,No,Non-Festival,Wallet,4,2.5,No,17347.920000000002
ORD107639,2024-12-07,CUST5897,Regular,Home Decor,5,3715,16531.75,11.0,No,Non-Festival,COD,5,4.8,No,14713.2575
ORD107640,2024-05-25,CUST3760,Regular,Beauty,1,2516,2289.56,9.0,No,Non-Festival,Credit Card,7,2.6,No,2083.4996
ORD107641,2024-01-27,CUST1203,Regular,Beauty,3,2214,5778.54,13.0,Yes,Republic Day,COD,4,4.9,No,5027.3297999999995
ORD107642,2024-08-07,CUST5772,Regular,Groceries,1,2367,1751.58,26.0,No,Non-Festival,Wallet,4,4.9,No,1296.1691999999998
ORD107643,2024-01-18,CUST5814,Premium,Electronics,1,3228,1839.9600000000005,43.0,No,Non-Festival,Credit Card,3,3.8,No,1048.7772000000004
ORD107644,2024-06-15,CUST3212,New,Electronics,3,9535,22884.0,20.0,No,Non-Festival,UPI,3,3.3,Yes,18307.2
ORD107645,2024-03-22,CUST5223,Premium,Electronics,4,4431,14356.44,19.0,Yes,Holi,Wallet,2,3.0,No,11628.716400000001
ORD107646,2024-03-12,CUST9605,Regular,Home Decor,2,3348,6495.12,3.0,No,Non-Festival,COD,6,2.9,No,6300.2663999999995
ORD107647,2024-11-05,CUST8407,Premium,Electronics,3,7721,18993.66,18.0,Yes,Diwali,UPI,7,3.1,No,15574.801200000002
ORD107648,2024-09-10,CUST8654,Premium,Beauty,2,9327,13430.88,28.0,No,Non-Festival,Credit Card,1,3.7,No,9670.2336
ORD107649,2024-06-10,CUST1414,Regular,Groceries,4,200,752.0,6.0,No,Non-Festival,Wallet,6,4.4,No,706.88
ORD107650,2024-11-22,CUST8757,New,Fashion,3,8468,17274.719999999998,32.0,No,Non-Festival,Credit Card,4,3.5,No,11746.809599999997
ORD107651,2024-02-07,CUST1411,New,Groceries,5,7811,36321.15,7.0,No,Non-Festival,Credit Card,4,4.5,No,33778.669499999996
ORD107652,2024-07-19,CUST6537,Premium,Electronics,3,2828,7635.6,10.0,No,Non-Festival,COD,1,3.9,Yes,6872.040000000001
ORD107653,2024-07-18,CUST8898,Regular,Electronics,4,6334,17228.48,32.0,No,Non-Festival,COD,6,2.5,No,11715.366399999999
ORD107654,2024-09-11,CUST1213,Premium,Beauty,1,773,587.48,24.0,No,Non-Festival,COD,3,2.8,No,446.4848
ORD107655,2024-06-27,CUST2254,New,Groceries,3,1748,3565.92,32.0,No,Non-Festival,UPI,3,3.9,No,2424.8255999999997
ORD107656,2024-02-04,CUST1241,Regular,Beauty,5,8577,27875.25,35.0,No,Non-Festival,UPI,1,2.9,Yes,18118.912500000002
ORD107657,2024-03-22,CUST9700,New,Beauty,3,6245,14051.25,25.0,Yes,Holi,COD,7,4.0,No,10538.4375
ORD107658,2024-08-07,CUST3773,Regular,Fashion,1,3692,2399.8,35.0,No,Non-Festival,UPI,1,3.6,No,1559.8700000000001
ORD107659,2024-06-06,CUST3465,Premium,Beauty,3,8425,22747.5,10.0,No,Non-Festival,Wallet,3,4.2,No,20472.75
ORD107660,2024-01-04,CUST5959,Premium,Beauty,5,8039,28538.45,29.0,No,Non-Festival,Credit Card,7,3.2,No,20262.2995
ORD107661,2024-06-15,CUST4127,Premium,Fashion,4,5889,16018.079999999998,32.0,No,Non-Festival,,1,4.6,No,10892.294399999997
ORD107662,2024-07-22,CUST8262,New,Home Decor,5,2096,9536.8,9.0,No,Non-Festival,Credit Card,7,3.5,Yes,8678.488
ORD107663,2024-07-12,CUST4557,Regular,Home Decor,4,2655,7646.4,28.0,No,Non-Festival,Credit Card,6,4.5,No,5505.407999999999
ORD107664,2024-08-22,CUST9251,Regular,Fashion,5,5616,21340.8,24.0,No,Non-Festival,Credit Card,3,2.5,No,16219.008
ORD107665,2024-07-24,CUST1779,Premium,Beauty,2,5583,7704.539999999999,31.0,No,Non-Festival,Wallet,1,3.5,No,5316.132599999999
ORD107666,2024-05-29,CUST7153,Regular,Electronics,3,1605,4670.55,3.0,No,Non-Festival,Wallet,3,3.1,No,4530.4335
ORD107667,2024-06-07,CUST3653,Regular,Groceries,3,4738,8812.68,38.0,No,Non-Festival,UPI,2,3.6,No,5463.8616
ORD107668,2024-10-05,CUST5296,Regular,Electronics,1,1386,928.62,33.0,No,Non-Festival,Credit Card,3,4.9,No,622.1754
ORD107669,2024-10-30,CUST5328,Regular,Electronics,2,2339,3695.62,25.0,Yes,Diwali,UPI,3,2.9,No,2771.715
ORD107670,2024-06-14,CUST9671,Premium,Beauty,1,2878,2532.64,12.0,No,Non-Festival,Credit Card,4,2.7,No,2228.7232
ORD107671,2024-11-06,CUST8529,Premium,Groceries,3,3994,7788.3,35.0,Yes,Diwali,COD,6,2.6,No,5062.395
ORD107672,2024-03-08,CUST6349,Regular,Groceries,1,2919,2773.05,5.0,No,Non-Festival,Credit Card,7,2.8,No,2634.3975
ORD107673,2024-03-28,CUST7154,Regular,Home Decor,4,8248,27713.28,16.0,Yes,Holi,Credit Card,3,2.7,No,23279.155199999997
ORD107674,2024-08-04,CUST7538,Regular,Fashion,2,4802,7203.0,25.0,No,Non-Festival,Wallet,1,4.2,No,5402.25
ORD107675,2024-01-01,CUST8802,Regular,Beauty,5,4650,17902.5,23.0,No,Non-Festival,COD,5,2.8,No,13784.925000000001
ORD107676,2024-05-14,CUST1858,Regular,Groceries,4,4157,15297.76,8.0,No,Non-Festival,UPI,1,3.0,No,14073.9392
ORD107677,2024-07-03,CUST1104,Regular,Beauty,5,6269,31031.55,1.0,No,Non-Festival,,4,4.1,No,30721.2345
ORD107678,2024-12-16,CUST2819,Premium,Home Decor,1,8879,7191.990000000001,19.0,No,Non-Festival,Wallet,1,3.6,No,5825.511900000001
ORD107679,2024-05-19,CUST8584,Premium,Electronics,3,478,1061.16,26.0,No,Non-Festival,Wallet,2,2.6,No,785.2584
ORD107680,2024-04-15,CUST1464,Regular,Groceries,4,2791,10605.8,5.0,No,Non-Festival,Credit Card,5,4.9,No,10075.509999999998
ORD107681,2024-05-12,CUST1838,Premium,Home Decor,2,9041,9221.82,49.0,No,Non-Festival,Wallet,5,4.0,No,4703.1282
ORD107682,2024-04-17,CUST7937,New,Beauty,5,554,2049.8,26.0,No,Non-Festival,Wallet,7,3.8,No,1516.852
ORD107683,2024-06-26,CUST2855,Regular,Home Decor,4,2442,7521.360000000001,23.0,No,Non-Festival,Credit Card,6,4.6,No,5791.4472000000005
ORD107684,2024-10-24,CUST7409,Regular,Home Decor,3,5099,13155.42,14.0,Yes,Diwali,Wallet,4,4.8,No,11313.6612
ORD107685,2024-12-23,CUST7975,Premium,Home Decor,2,6436,6822.160000000001,47.0,Yes,Christmas/New Year,Wallet,6,2.6,No,3615.7448000000004
ORD107686,2024-12-24,CUST5703,Regular,Home Decor,2,2680,3644.8,32.0,Yes,Christmas/New Year,UPI,5,2.7,Yes,2478.464
ORD107687,2024-05-25,CUST3749,Premium,Home Decor,5,757,2233.15,41.0,No,Non-Festival,Credit Card,3,4.4,No,1317.5585000000003
ORD107688,2024-03-14,CUST7358,New,Home Decor,4,3686,13417.04,9.0,No,Non-Festival,,4,4.2,No,12209.506400000002
ORD107689,2024-04-17,CUST4708,Regular,Fashion,4,361,1155.2,20.0,No,Non-Festival,UPI,6,3.0,No,924.1600000000001
ORD107690,2024-05-01,CUST7279,Premium,Beauty,2,6444,12243.6,5.0,No,Non-Festival,UPI,2,3.3,No,11631.42
ORD107691,2024-01-17,CUST9283,Premium,Electronics,1,898,637.5799999999999,29.0,No,Non-Festival,UPI,5,4.0,No,452.68179999999995
ORD107692,2024-07-14,CUST7802,Regular,Beauty,2,3744,5840.64,22.0,No,Non-Festival,UPI,5,4.5,No,4555.6992
ORD107693,2024-11-22,CUST9050,Regular,Groceries,3,3977,7755.150000000001,35.0,No,Non-Festival,Credit Card,4,4.0,No,5040.847500000001
ORD107694,2024-11-13,CUST4777,New,Groceries,4,2405,5291.0,45.0,No,Non-Festival,UPI,5,4.5,No,2910.05
ORD107695,2024-10-23,CUST6913,New,Beauty,5,691,1796.6,48.0,Yes,Diwali,UPI,7,3.1,No,934.232
ORD107696,2024-09-08,CUST1364,Premium,Home Decor,4,2192,8592.64,2.0,No,Non-Festival,Wallet,5,3.8,No,8420.787199999999
ORD107697,2024-04-28,CUST2483,New,Fashion,2,1232,1848.0,25.0,No,Non-Festival,Credit Card,2,2.8,No,1386.0
ORD107698,2024-06-10,CUST8548,Regular,Electronics,3,3483,7000.829999999999,33.0,No,Non-Festival,UPI,2,5.0,Yes,4690.556099999999
ORD107699,2024-07-16,CUST6753,Regular,Home Decor,1,6216,4413.36,29.0,No,Non-Festival,Wallet,4,4.5,No,3133.4855999999995
ORD107700,2024-02-14,CUST1806,Regular,Beauty,4,5119,16995.079999999998,17.0,No,Non-Festival,Credit Card,5,4.3,No,14105.916399999998
ORD107701,2024-11-09,CUST2854,Regular,Beauty,2,6174,10372.32,16.0,Yes,Diwali,UPI,6,3.0,No,8712.7488
ORD107702,2024-06-27,CUST1948,New,Fashion,2,9177,10278.240000000002,44.0,No,Non-Festival,UPI,7,4.2,No,5755.814400000001
ORD107703,2024-02-13,CUST6148,New,Fashion,2,2033,2398.9400000000005,41.0,No,Non-Festival,Wallet,1,4.7,No,1415.3746000000006
ORD107704,2024-09-27,CUST1531,New,Beauty,3,1191,2858.4,20.0,No,Non-Festival,COD,4,4.5,No,2286.7200000000003
ORD107705,2024-03-18,CUST6766,Premium,Home Decor,2,7184,11063.36,23.0,No,Non-Festival,Credit Card,6,4.4,No,8518.7872
ORD107706,2024-11-21,CUST5688,Regular,Home Decor,2,6546,12699.24,3.0,No,Non-Festival,Wallet,2,3.5,No,12318.262799999999
ORD107707,2024-06-26,CUST8312,Regular,Home Decor,2,1983,2062.32,48.0,No,Non-Festival,UPI,1,4.4,No,1072.4064
ORD107708,2024-12-22,CUST7496,Regular,Electronics,4,5384,11414.08,47.0,Yes,Christmas/New Year,COD,6,3.7,No,6049.4624
ORD107709,2024-01-03,CUST7886,Premium,Electronics,2,1384,2103.68,24.0,No,Non-Festival,COD,6,3.5,No,1598.7967999999998
ORD107710,2024-08-01,CUST8349,Regular,Home Decor,3,1868,4315.08,23.0,No,Non-Festival,Wallet,5,4.9,No,3322.6116
ORD107711,2024-12-07,CUST3355,New,Beauty,4,7033,15472.6,45.0,No,Non-Festival,Wallet,7,2.9,No,8509.93
ORD107712,2024-03-14,CUST8620,New,Fashion,2,6024,8915.52,26.0,No,Non-Festival,Wallet,4,4.7,No,6597.4848
ORD107713,2024-02-20,CUST6651,Regular,Groceries,1,771,539.6999999999999,30.0,No,Non-Festival,Credit Card,4,3.3,No,377.7899999999999
ORD107714,2024-03-07,CUST7630,Regular,Fashion,3,4500,7290.000000000001,46.0,No,Non-Festival,COD,2,3.8,No,3936.600000000001
ORD107715,2024-11-27,CUST9386,Premium,Fashion,1,3938,2599.0799999999995,34.0,No,Non-Festival,Credit Card,3,3.4,No,1715.3927999999994
ORD107716,2024-04-02,CUST5656,Regular,Groceries,3,783,1902.69,19.0,No,Non-Festival,COD,3,3.8,No,1541.1789
ORD107717,2024-06-24,CUST7773,Premium,Home Decor,1,7523,6394.55,15.0,No,Non-Festival,Credit Card,3,4.5,No,5435.3675
ORD107718,2024-05-24,CUST2251,Premium,Fashion,2,8699,12178.6,30.0,No,Non-Festival,Wallet,4,3.0,No,8525.02
ORD107719,2024-01-07,CUST2254,Regular,Groceries,1,8453,7945.82,6.0,No,Non-Festival,UPI,7,4.4,No,7469.0707999999995
ORD107720,2024-09-25,CUST2075,Regular,Beauty,1,7740,6424.2,17.0,No,Non-Festival,Wallet,7,3.6,No,5332.085999999999
ORD107721,2024-11-17,CUST5995,Regular,Beauty,3,5779,16123.409999999998,7.0,No,Non-Festival,Credit Card,2,4.8,No,14994.771299999997
ORD107722,2024-01-04,CUST8786,New,Beauty,2,4770,7059.6,26.0,No,Non-Festival,Wallet,2,3.9,No,5224.104
ORD107723,2024-05-17,CUST9124,Regular,Home Decor,3,5891,15375.51,13.0,No,Non-Festival,COD,3,2.6,No,13376.6937
ORD107724,2024-08-18,CUST1160,New,Fashion,2,2159,3583.94,17.0,Yes,Independence Day,Credit Card,1,4.8,No,2974.6702
ORD107725,2024-03-28,CUST6123,Premium,Fashion,5,8230,41150.0,0.0,Yes,Holi,Wallet,3,4.8,No,41150.0
ORD107726,2024-01-17,CUST6579,Premium,Electronics,4,5326,14912.8,30.0,No,Non-Festival,Wallet,4,2.9,No,10438.96
ORD107727,2024-02-21,CUST9899,Regular,Beauty,4,3962,12836.88,25.0,No,Non-Festival,UPI,1,4.9,No,9627.66
ORD107728,2024-05-13,CUST3401,Premium,Home Decor,3,2986,8510.1,5.0,No,Non-Festival,UPI,2,3.8,No,8084.595
ORD107729,2024-07-29,CUST4355,Premium,Groceries,2,1742,1951.04,44.0,No,Non-Festival,Wallet,5,4.8,No,1092.5824
ORD107730,2024-11-20,CUST9912,Premium,Home Decor,1,1875,1875.0,0.0,No,Non-Festival,COD,6,3.4,No,1875.0
ORD107731,2024-08-06,CUST6598,Premium,Fashion,4,233,764.24,18.0,No,Non-Festival,COD,1,2.6,No,626.6768000000001
ORD107732,2024-07-23,CUST2466,Premium,Beauty,3,2999,5578.14,38.0,No,Non-Festival,COD,7,4.5,No,3458.4468
ORD107733,2024-07-29,CUST1293,New,Electronics,3,7696,17085.12,26.0,No,Non-Festival,Wallet,2,4.7,No,12642.9888
ORD107734,2024-10-03,CUST9927,Regular,Home Decor,3,2055,5240.25,15.0,No,Non-Festival,UPI,1,2.9,No,4454.2125
ORD107735,2024-01-24,CUST9729,New,Electronics,2,7123,12394.02,13.0,Yes,Republic Day,Wallet,3,3.9,No,10782.7974
ORD107736,2024-01-04,CUST4714,Regular,Fashion,3,2885,5798.849999999999,33.0,No,Non-Festival,UPI,1,4.6,No,3885.229499999999
ORD107737,2024-05-31,CUST8426,New,Groceries,5,1257,5907.9,6.0,No,Non-Festival,COD,1,3.7,No,5553.4259999999995
ORD107738,2024-09-15,CUST7048,New,Home Decor,1,7138,5781.780000000001,19.0,No,Non-Festival,UPI,1,4.5,No,4683.241800000001
ORD107739,2024-11-19,CUST3769,Regular,Fashion,3,4701,9872.1,30.0,No,Non-Festival,Wallet,4,3.8,No,6910.47
ORD107740,2024-12-22,CUST4086,Premium,Beauty,2,7797,12319.26,21.0,Yes,Christmas/New Year,Wallet,6,4.3,No,9732.215400000001
ORD107741,2024-06-16,CUST2323,Premium,Home Decor,1,6771,5484.51,19.0,No,Non-Festival,Wallet,4,4.8,No,4442.453100000001
ORD107742,2024-06-24,CUST2316,Regular,Electronics,1,4588,3945.68,14.0,No,Non-Festival,UPI,6,3.5,No,3393.2848
ORD107743,2024-11-05,CUST9017,Regular,Home Decor,4,6222,18914.88,24.0,Yes,Diwali,COD,3,4.4,Yes,14375.3088
ORD107744,2024-10-17,CUST3976,Regular,Fashion,3,2827,4664.55,45.0,No,Non-Festival,Wallet,5,4.3,No,2565.5025000000005
ORD107745,2024-02-25,CUST3635,New,Fashion,3,4020,12060.0,0.0,No,Non-Festival,Wallet,4,3.6,No,12060.0
ORD107746,2024-04-17,CUST6981,New,Electronics,2,7447,12510.96,16.0,No,Non-Festival,UPI,5,3.5,No,10509.2064
ORD107747,2024-10-22,CUST1320,Premium,Fashion,5,3843,16332.75,15.0,Yes,Diwali,COD,4,4.7,No,13882.8375
ORD107748,2024-11-19,CUST1706,Premium,Home Decor,5,6391,20451.2,36.0,No,Non-Festival,UPI,2,3.0,No,13088.768
ORD107749,2024-10-28,CUST1396,Premium,Electronics,4,3962,12678.4,20.0,Yes,Diwali,Credit Card,2,3.3,No,10142.720000000001
ORD107750,2024-11-29,CUST8180,Regular,Fashion,5,6187,22891.9,26.0,No,Non-Festival,Credit Card,1,4.9,No,16940.006
ORD107751,2024-05-20,CUST7872,Regular,Fashion,2,8998,11877.36,34.0,No,Non-Festival,Wallet,5,3.2,No,7839.057599999999
ORD107752,2024-06-03,CUST2910,Premium,Home Decor,4,2555,7869.400000000001,23.0,No,Non-Festival,UPI,1,4.7,No,6059.438000000001
ORD107753,2024-09-18,CUST7478,New,Fashion,3,1533,4553.01,1.0,No,Non-Festival,UPI,6,3.4,No,4507.4799
ORD107754,2024-09-29,CUST8660,Premium,Home Decor,5,4208,11572.000000000002,45.0,No,Non-Festival,Wallet,1,3.9,Yes,6364.600000000001
ORD107755,2024-08-19,CUST4795,Premium,Beauty,2,2673,4062.96,24.0,Yes,Independence Day,Credit Card,4,3.5,No,3087.8496
ORD107756,2024-08-28,CUST2925,Premium,Home Decor,2,6343,10402.52,18.0,Yes,Raksha Bandhan,COD,4,3.1,No,8530.066400000002
ORD107757,2024-12-20,CUST1346,Regular,Groceries,3,3933,6607.4400000000005,25.0,Yes,Christmas/New Year,COD,1,4.2,No,4955.58
ORD107758,2024-12-02,CUST6365,Premium,Fashion,2,2286,4023.36,12.0,No,Non-Festival,Credit Card,6,4.9,No,3540.5568000000003
ORD107759,2024-09-14,CUST8000,Regular,Beauty,4,3550,10224.0,28.0,No,Non-Festival,Wallet,4,4.7,No,7361.28
ORD107760,2024-09-05,CUST3603,Regular,Electronics,4,8767,24196.92,31.0,No,Non-Festival,Wallet,6,5.0,No,16695.874799999998
ORD107761,2024-03-17,CUST1570,Premium,Groceries,1,2152,2044.4,5.0,No,Non-Festival,COD,2,4.2,Yes,1942.18
ORD107762,2024-06-28,CUST6953,Premium,Electronics,3,3910,10791.6,8.0,No,Non-Festival,COD,2,2.6,No,9928.272
ORD107763,2024-03-06,CUST5731,Regular,Groceries,2,1893,3786.0,0.0,No,Non-Festival,Credit Card,5,3.9,No,3786.0
ORD107764,2024-11-03,CUST9012,Premium,Beauty,5,8463,32582.55,23.0,Yes,Diwali,Credit Card,2,4.1,Yes,25088.5635
ORD107765,2024-12-13,CUST6081,Premium,Beauty,4,1974,7185.360000000001,9.0,No,Non-Festival,UPI,6,2.8,No,6538.677600000001
ORD107766,2024-06-19,CUST2849,Premium,Beauty,3,773,1530.5399999999995,34.0,No,Non-Festival,Credit Card,1,4.6,No,1010.1563999999995
ORD107767,2024-01-22,CUST8849,New,Groceries,3,6685,19052.25,5.0,Yes,Republic Day,Credit Card,3,4.3,No,18099.6375
ORD107768,2024-04-16,CUST1916,Regular,Home Decor,4,4864,10311.68,47.0,No,Non-Festival,COD,4,3.6,Yes,5465.1904
ORD107769,2024-11-18,CUST2550,New,Electronics,1,5259,4259.79,19.0,No,Non-Festival,COD,1,3.2,No,3450.4299
ORD107770,2024-08-14,CUST3005,Premium,Home Decor,3,5562,10512.18,37.0,Yes,Independence Day,UPI,4,3.1,No,6622.673400000001
ORD107771,2024-08-03,CUST8691,Premium,Home Decor,2,4266,7593.48,11.0,No,Non-Festival,COD,5,4.9,No,6758.1972
ORD107772,2024-03-09,CUST1092,Premium,Fashion,5,6671,32687.9,2.0,No,Non-Festival,COD,1,4.5,No,32034.142
ORD107773,2024-03-24,CUST6258,Regular,Electronics,5,6313,26198.95,17.0,Yes,Holi,COD,1,4.2,No,21745.1285
ORD107774,2024-04-12,CUST6611,Regular,Groceries,4,8544,27340.800000000003,20.0,No,Non-Festival,Credit Card,1,4.9,No,21872.640000000003
ORD107775,2024-02-08,CUST9887,Premium,Fashion,3,5574,11036.52,34.0,No,Non-Festival,COD,5,3.0,No,7284.1032
ORD107776,2024-01-13,CUST9075,Premium,Fashion,5,9120,29184.0,36.0,No,Non-Festival,Wallet,1,4.6,No,18677.760000000002
ORD107777,2024-10-23,CUST3080,Premium,Beauty,3,9944,24462.24,18.0,Yes,Diwali,Credit Card,4,4.0,No,20059.0368
ORD107778,2024-11-08,CUST6354,Regular,Groceries,4,3863,11743.52,24.0,Yes,Diwali,COD,3,4.8,No,8925.075200000001
ORD107779,2024-06-29,CUST2998,Regular,Home Decor,1,6894,5722.02,17.0,No,Non-Festival,Credit Card,1,4.2,No,4749.2766
ORD107780,2024-09-24,CUST2355,Regular,Home Decor,5,6341,19340.05,39.0,No,Non-Festival,COD,5,4.4,No,11797.430499999999
ORD107781,2024-01-13,CUST2080,Premium,Home Decor,2,6486,9210.12,29.0,No,Non-Festival,UPI,5,3.1,No,6539.1852
ORD107782,2024-04-29,CUST5081,Regular,Beauty,4,6360,15009.600000000002,41.0,No,Non-Festival,UPI,1,3.4,No,8855.664000000002
ORD107783,2024-12-18,CUST9230,Premium,Home Decor,1,9391,5540.6900000000005,41.0,No,Non-Festival,UPI,5,3.3,No,3269.0071000000007
ORD107784,2024-02-26,CUST8317,Regular,Electronics,2,7342,9838.28,25.0,No,Non-Festival,COD,7,4.2,No,7378.710000000001
ORD107785,2024-02-09,CUST3927,Premium,Home Decor,2,5221,9502.22,9.0,No,Non-Festival,UPI,2,3.5,No,8647.020199999999
ORD107786,2024-12-01,CUST3220,Regular,Home Decor,5,7070,27926.5,21.0,No,Non-Festival,Credit Card,6,4.6,No,22061.935
ORD107787,2024-05-07,CUST5536,Regular,Electronics,3,6508,9957.24,49.0,No,Non-Festival,UPI,5,3.0,No,5078.1924
ORD107788,2024-06-21,CUST4125,Premium,Beauty,4,9526,36960.88,3.0,No,Non-Festival,UPI,7,3.8,No,35852.0536
ORD107789,2024-02-04,CUST8223,Premium,Fashion,2,4942,9686.32,2.0,No,Non-Festival,UPI,7,4.5,No,9492.5936
ORD107790,2024-09-15,CUST5192,Regular,Groceries,5,3345,8697.0,48.0,No,Non-Festival,UPI,3,4.1,Yes,4522.4400000000005
ORD107791,2024-01-05,CUST8800,New,Beauty,1,8343,4338.360000000001,48.0,No,Non-Festival,Credit Card,2,2.9,No,2255.9472000000005
ORD107792,2024-08-05,CUST2117,Regular,Home Decor,2,2915,4255.9,27.0,No,Non-Festival,Wallet,4,3.3,No,3106.807
ORD107793,2024-01-11,CUST5940,Regular,Fashion,1,8745,6908.55,21.0,No,Non-Festival,UPI,2,3.5,No,5457.7545
ORD107794,2024-11-22,CUST8152,Regular,Groceries,4,5593,19911.08,11.0,No,Non-Festival,COD,3,3.7,No,17720.861200000003
ORD107795,2024-04-26,CUST8504,Regular,Groceries,5,9694,25204.4,48.0,No,Non-Festival,Wallet,6,4.3,No,13106.288
ORD107796,2024-07-02,CUST2850,Regular,Groceries,1,4282,3768.16,12.0,No,Non-Festival,UPI,2,3.3,No,3315.9808
ORD107797,2024-12-27,CUST5023,Regular,Electronics,3,3931,7075.8,40.0,Yes,Christmas/New Year,Wallet,1,2.5,Yes,4245.48
ORD107798,2024-04-25,CUST4825,Premium,Electronics,1,8901,6052.679999999999,32.0,No,Non-Festival,COD,5,4.7,No,4115.822399999999
ORD107799,2024-06-10,CUST5736,Regular,Fashion,1,1737,937.98,46.0,No,Non-Festival,COD,1,3.6,No,506.5092
ORD107800,2024-03-07,CUST4690,Premium,Home Decor,5,8292,33997.200000000004,18.0,No,Non-Festival,UPI,7,3.2,Yes,27877.704000000005
ORD107801,2024-07-18,CUST9654,Regular,Fashion,5,377,1131.0,40.0,No,Non-Festival,UPI,1,4.5,No,678.6
ORD107802,2024-01-31,CUST4935,Regular,Home Decor,2,2576,4327.68,16.0,No,Non-Festival,COD,7,4.7,No,3635.2512
ORD107803,2024-03-15,CUST3289,Regular,Beauty,1,7938,4286.52,46.0,No,Non-Festival,Credit Card,1,4.3,Yes,2314.7208000000005
ORD107804,2024-08-24,CUST2242,Premium,Groceries,1,9192,6158.639999999999,33.0,No,Non-Festival,Wallet,7,3.4,No,4126.288799999999
ORD107805,2024-11-22,CUST1605,Premium,Groceries,5,7031,34100.35,3.0,No,Non-Festival,Credit Card,2,3.1,No,33077.339499999995
ORD107806,2024-03-06,CUST1660,New,Electronics,3,3443,6403.98,38.0,No,Non-Festival,UPI,4,4.3,No,3970.4675999999995
ORD107807,2024-03-10,CUST5129,Regular,Beauty,5,3866,17976.899999999998,7.0,No,Non-Festival,Credit Card,7,2.6,No,16718.516999999996
ORD107808,2024-10-23,CUST1938,Premium,Beauty,3,1137,2319.48,32.0,Yes,Diwali,Credit Card,6,3.5,No,1577.2463999999998
ORD107809,2024-01-20,CUST1658,Premium,Home Decor,5,3227,16135.0,0.0,Yes,Republic Day,Wallet,5,4.4,No,16135.0
ORD107810,2024-08-13,CUST5710,Regular,Beauty,4,2220,8524.8,4.0,Yes,Independence Day,UPI,2,4.0,No,8183.807999999999
ORD107811,2024-07-17,CUST8564,Regular,Electronics,1,7402,5107.379999999999,31.0,No,Non-Festival,Wallet,6,4.3,No,3524.092199999999
ORD107812,2024-02-08,CUST7989,Regular,Home Decor,3,2174,3978.42,39.0,No,Non-Festival,COD,1,3.9,No,2426.8362
ORD107813,2024-05-24,CUST8384,Premium,Fashion,4,9910,39640.0,0.0,No,Non-Festival,Wallet,3,3.1,No,39640.0
ORD107814,2024-02-14,CUST5356,Regular,Home Decor,3,1458,2886.84,25.0,No,Non-Festival,Wallet,3,3.7,No,2165.13
ORD107815,2024-11-21,CUST8842,Premium,Fashion,2,7252,11458.16,21.0,No,Non-Festival,COD,7,4.4,No,9051.9464
ORD107816,2024-03-31,CUST6792,Premium,Home Decor,2,3310,4766.4,28.0,No,Non-Festival,Credit Card,1,3.1,No,3431.8079999999995
ORD107817,2024-08-25,CUST1929,Premium,Groceries,1,9634,8092.559999999999,16.0,Yes,Raksha Bandhan,Wallet,7,4.9,No,6797.750399999999
ORD107818,2024-03-10,CUST1762,Regular,Fashion,4,2953,8386.52,29.0,No,Non-Festival,COD,4,3.0,No,5954.4292
ORD107819,2024-06-14,CUST7285,Premium,Electronics,4,5994,15824.159999999998,34.0,No,Non-Festival,UPI,6,2.5,No,10443.945599999997
ORD107820,2024-05-09,CUST8639,Regular,Fashion,2,2875,5750.0,0.0,No,Non-Festival,Credit Card,5,4.4,No,5750.0
ORD107821,2024-08-01,CUST3424,Regular,Fashion,1,619,600.43,3.0,No,Non-Festival,COD,7,4.8,No,582.4170999999999
ORD107822,2024-12-05,CUST2824,Premium,Home Decor,2,9044,16640.96,8.0,No,Non-Festival,Credit Card,6,3.1,Yes,15309.6832
ORD107823,2024-03-29,CUST6103,Regular,Groceries,4,3071,6879.040000000001,44.0,Yes,Holi,COD,2,2.9,No,3852.262400000001
ORD107824,2024-11-30,CUST3455,Regular,Home Decor,3,1067,2208.69,31.0,No,Non-Festival,Wallet,4,3.1,No,1523.9960999999998
ORD107825,2024-09-08,CUST9626,Regular,Home Decor,4,8565,32889.6,4.0,No,Non-Festival,Credit Card,3,4.1,No,31574.015999999996
ORD107826,2024-12-14,CUST4236,Regular,Groceries,1,8204,7137.48,13.0,No,Non-Festival,,1,3.9,No,6209.607599999999
ORD107827,2024-03-12,CUST9015,Regular,Home Decor,4,4932,14796.0,25.0,No,Non-Festival,COD,2,4.1,No,11097.0
ORD107828,2024-06-13,CUST9809,Regular,Groceries,5,9951,38808.9,22.0,No,Non-Festival,Wallet,4,2.5,No,30270.942000000003
ORD107829,2024-02-18,CUST6079,Premium,Electronics,4,4327,9519.4,45.0,No,Non-Festival,Wallet,6,2.9,No,5235.67
ORD107830,2024-02-21,CUST2309,Regular,Groceries,5,4792,18928.4,21.0,No,Non-Festival,COD,4,3.1,No,14953.436000000002
ORD107831,2024-10-15,CUST6747,New,Beauty,2,2442,3614.16,26.0,No,Non-Festival,Wallet,4,4.2,No,2674.4784
ORD107832,2024-10-04,CUST9560,Regular,Groceries,5,2688,10214.4,24.0,No,Non-Festival,Wallet,6,4.0,No,7762.9439999999995
ORD107833,2024-04-23,CUST9607,Regular,Groceries,4,1712,4451.2,35.0,No,Non-Festival,Wallet,2,4.1,No,2893.28
ORD107834,2024-08-26,CUST1123,Premium,Beauty,4,5816,22566.08,3.0,Yes,Raksha Bandhan,UPI,7,3.9,No,21889.0976
ORD107835,2024-05-12,CUST2601,Regular,Groceries,4,2971,8199.96,31.0,No,Non-Festival,UPI,5,4.4,No,5657.972399999999
ORD107836,2024-09-30,CUST5071,New,Fashion,1,1843,1695.5600000000002,8.0,No,Non-Festival,UPI,6,4.9,No,1559.9152000000001
ORD107837,2024-06-14,CUST1245,Premium,Home Decor,2,223,441.54,1.0,No,Non-Festival,Credit Card,2,4.2,Yes,437.12460000000004
ORD107838,2024-10-19,CUST1420,Regular,Home Decor,5,2537,7484.1500000000015,41.0,No,Non-Festival,Wallet,6,4.4,No,4415.648500000001
ORD107839,2024-08-30,CUST6271,Premium,Electronics,3,3143,4808.79,49.0,Yes,Raksha Bandhan,Wallet,1,4.0,No,2452.4829
ORD107840,2024-11-15,CUST9691,Regular,Electronics,5,8222,25488.2,38.0,No,Non-Festival,Wallet,2,4.5,No,15802.684000000001
ORD107841,2024-05-17,CUST6908,New,Beauty,4,4926,10837.2,45.0,No,Non-Festival,Credit Card,4,3.8,No,5960.460000000001
ORD107842,2024-03-19,CUST4734,New,Fashion,3,1916,4368.4800000000005,24.0,No,Non-Festival,Credit Card,5,4.0,No,3320.0448000000006
ORD107843,2024-06-18,CUST4558,Premium,Electronics,3,7294,11816.28,46.0,No,Non-Festival,COD,5,3.0,No,6380.791200000001
ORD107844,2024-05-02,CUST1860,Regular,Home Decor,5,4333,19715.15,9.0,No,Non-Festival,Wallet,1,4.4,No,17940.786500000002
ORD107845,2024-06-24,CUST8286,Regular,Electronics,5,6729,21532.8,36.0,No,Non-Festival,COD,1,4.1,No,13780.992
ORD107846,2024-10-26,CUST1806,Regular,Electronics,5,944,3587.2,24.0,Yes,Diwali,COD,3,4.8,No,2726.272
ORD107847,2024-03-22,CUST8971,Regular,Groceries,5,4377,13349.85,39.0,Yes,Holi,Credit Card,3,3.2,No,8143.4085000000005
ORD107848,2024-03-27,CUST8108,Regular,Electronics,2,8385,12074.4,28.0,Yes,Holi,UPI,3,4.9,No,8693.568
ORD107849,2024-08-12,CUST1260,New,Beauty,1,6140,3929.6,36.0,Yes,Independence Day,Credit Card,2,3.9,No,2514.944
ORD107850,2024-01-16,CUST6252,Regular,Home Decor,1,249,239.04,4.0,No,Non-Festival,Credit Card,5,4.9,No,229.4784
ORD107851,2024-11-05,CUST1473,Premium,Beauty,5,7012,30502.2,13.0,Yes,Diwali,UPI,1,4.5,No,26536.914
ORD107852,2024-12-23,CUST6147,Premium,Beauty,1,6417,4363.56,32.0,Yes,Christmas/New Year,UPI,7,4.7,No,2967.2208
ORD107853,2024-06-11,CUST6016,New,Fashion,5,3249,12021.3,26.0,No,Non-Festival,Credit Card,3,3.3,No,8895.761999999999
ORD107854,2024-04-07,CUST6104,Regular,Groceries,5,5425,26040.0,4.0,No,Non-Festival,Wallet,1,3.0,No,24998.399999999998
ORD107855,2024-06-04,CUST9760,Regular,Beauty,5,8068,22993.800000000003,43.0,No,Non-Festival,COD,3,4.1,No,13106.466000000004
ORD107856,2024-01-02,CUST2638,Premium,Fashion,2,4089,7033.08,14.0,No,Non-Festival,Wallet,2,3.4,No,6048.4488
ORD107857,2024-12-15,CUST2987,New,Home Decor,4,8151,31951.92,2.0,No,Non-Festival,COD,6,5.0,No,31312.881599999997
ORD107858,2024-06-17,CUST3344,New,Home Decor,1,7835,7835.0,0.0,No,Non-Festival,Wallet,2,3.7,No,7835.0
ORD107859,2024-11-10,CUST4641,Premium,Fashion,1,5975,4600.75,23.0,Yes,Diwali,UPI,4,2.8,No,3542.5775
ORD107860,2024-11-20,CUST6210,Regular,Beauty,2,3555,6327.900000000001,11.0,No,Non-Festival,Wallet,1,3.7,No,5631.831
ORD107861,2024-04-01,CUST5716,Premium,Beauty,2,9405,10533.6,44.0,No,Non-Festival,Credit Card,7,3.8,No,5898.816000000001
ORD107862,2024-06-29,CUST1234,Regular,Groceries,5,8545,37170.75,13.0,No,Non-Festival,COD,6,2.5,No,32338.5525
ORD107863,2024-08-18,CUST7088,Premium,Groceries,5,6461,19059.950000000004,41.0,Yes,Independence Day,COD,6,3.1,Yes,11245.370500000005
ORD107864,2024-10-27,CUST2853,Premium,Home Decor,4,2514,8145.360000000001,19.0,Yes,Diwali,,4,2.5,No,6597.741600000001
ORD107865,2024-05-27,CUST4627,Premium,Groceries,1,3656,3180.72,13.0,No,Non-Festival,UPI,6,3.9,No,2767.2264
ORD107866,2024-10-06,CUST5301,New,Fashion,2,7608,13237.92,13.0,No,Non-Festival,Credit Card,2,3.2,No,11516.9904
ORD107867,2024-07-07,CUST9491,Premium,Home Decor,4,4466,10003.84,44.0,No,Non-Festival,UPI,6,2.9,No,5602.1504
ORD107868,2024-12-12,CUST6816,Regular,Beauty,1,9008,5945.279999999999,34.0,No,Non-Festival,Credit Card,7,4.6,No,3923.884799999999
ORD107869,2024-12-15,CUST8218,Regular,Home Decor,4,3249,10656.72,25.0,No,Non-Festival,Credit Card,2,2.6,No,7992.539999999999
ORD107870,2024-11-09,CUST7770,New,Electronics,4,4843,15691.320000000002,19.0,Yes,Diwali,Credit Card,6,4.2,Yes,12709.969200000001
ORD107871,2024-05-07,CUST8281,Regular,Home Decor,5,5504,16236.800000000005,41.0,No,Non-Festival,Wallet,6,3.9,No,9579.712000000005
ORD107872,2024-01-07,CUST4267,Regular,Groceries,4,2125,4845.000000000001,43.0,No,Non-Festival,Credit Card,1,4.4,No,2761.650000000001
ORD107873,2024-02-16,CUST6901,Regular,Fashion,5,7045,27475.5,22.0,No,Non-Festival,Credit Card,7,2.8,No,21430.89
ORD107874,2024-02-22,CUST6827,Premium,Beauty,1,7010,4696.7,33.0,No,Non-Festival,Credit Card,4,4.7,No,3146.7889999999998
ORD107875,2024-07-05,CUST4612,Regular,Beauty,1,2657,2657.0,0.0,No,Non-Festival,COD,6,3.3,No,2657.0
ORD107876,2024-02-07,CUST6830,New,Groceries,5,7082,34347.7,3.0,No,Non-Festival,COD,7,2.5,No,33317.26899999999
ORD107877,2024-08-13,CUST5837,New,Groceries,3,8020,14676.6,39.0,Yes,Independence Day,Wallet,6,4.1,No,8952.726
ORD107878,2024-02-22,CUST8487,New,Groceries,4,4441,14921.76,16.0,No,Non-Festival,Wallet,4,4.6,No,12534.2784
ORD107879,2024-08-11,CUST4056,Regular,Electronics,1,3309,2481.75,25.0,Yes,Independence Day,COD,4,3.4,No,1861.3125
ORD107880,2024-06-02,CUST6455,New,Fashion,4,5445,18948.6,13.0,No,Non-Festival,COD,1,3.8,Yes,16485.282
ORD107881,2024-02-17,CUST1404,New,Electronics,3,8163,13468.95,45.0,No,Non-Festival,Credit Card,1,3.5,No,7407.922500000001
ORD107882,2024-12-16,CUST8506,New,Groceries,4,4640,12806.4,31.0,No,Non-Festival,COD,1,2.6,No,8836.416
ORD107883,2024-05-26,CUST6083,Premium,Fashion,3,7810,15229.5,35.0,No,Non-Festival,Wallet,5,4.4,No,9899.175000000001
ORD107884,2024-03-04,CUST6761,Premium,Groceries,2,2198,3560.76,25.0,No,Non-Festival,Wallet,6,4.9,No,2670.57
ORD107885,2024-12-14,CUST7184,Regular,Fashion,3,1331,3394.05,15.0,No,Non-Festival,Credit Card,7,3.6,No,2884.9425
ORD107886,2024-06-30,CUST8131,New,Beauty,1,2192,1797.44,18.0,No,Non-Festival,UPI,2,2.9,No,1473.9008000000001
ORD107887,2024-05-04,CUST9815,Regular,Electronics,5,8247,23091.6,44.0,No,Non-Festival,UPI,5,3.8,No,12931.296
ORD107888,2024-06-27,CUST8971,Regular,Groceries,5,8905,27605.5,38.0,No,Non-Festival,COD,5,4.8,Yes,17115.41
ORD107889,2024-02-08,CUST8295,New,Groceries,4,5240,16139.2,23.0,No,Non-Festival,Credit Card,2,3.8,No,12427.184000000001
ORD107890,2024-09-16,CUST9735,Regular,Home Decor,2,912,1586.88,13.0,No,Non-Festival,COD,6,3.0,No,1380.5856
ORD107891,2024-01-03,CUST8898,Regular,Beauty,4,414,1192.32,28.0,No,Non-Festival,Credit Card,3,3.9,Yes,858.4703999999999
ORD107892,2024-03-04,CUST7778,New,Groceries,3,5946,10524.420000000002,41.0,No,Non-Festival,COD,3,3.3,Yes,6209.407800000002
ORD107893,2024-01-29,CUST6284,New,Electronics,5,8995,39128.25,13.0,Yes,Republic Day,Wallet,3,2.6,No,34041.5775
ORD107894,2024-01-11,CUST7121,Regular,Beauty,3,7181,19388.7,10.0,No,Non-Festival,Wallet,7,4.8,No,17449.83
ORD107895,2024-04-06,CUST3327,New,Groceries,5,3969,17860.5,10.0,No,Non-Festival,UPI,1,4.5,Yes,16074.45
ORD107896,2024-12-23,CUST7344,Regular,Electronics,5,5067,13680.9,46.0,Yes,Christmas/New Year,UPI,1,4.8,No,7387.686000000001
ORD107897,2024-07-21,CUST2786,Regular,Home Decor,5,9061,27636.05,39.0,No,Non-Festival,COD,4,4.2,No,16857.9905
ORD107898,2024-01-21,CUST1050,Regular,Home Decor,1,1280,985.6,23.0,Yes,Republic Day,Wallet,7,3.6,No,758.912
ORD107899,2024-02-08,CUST5089,Regular,Electronics,3,9817,23266.29,21.0,No,Non-Festival,COD,7,3.7,No,18380.3691
ORD107900,2024-08-10,CUST8944,Regular,Beauty,4,674,1401.92,48.0,Yes,Independence Day,Wallet,4,3.0,No,728.9984000000001
ORD107901,2024-04-11,CUST4715,Regular,Electronics,2,9523,15236.8,20.0,No,Non-Festival,Credit Card,5,3.5,No,12189.44
ORD107902,2024-02-15,CUST8215,New,Electronics,4,1062,4035.6,5.0,No,Non-Festival,Wallet,4,2.9,No,3833.8199999999997
ORD107903,2024-03-06,CUST3121,Premium,Home Decor,3,9203,24019.83,13.0,No,Non-Festival,UPI,1,3.7,No,20897.2521
ORD107904,2024-03-31,CUST8543,New,Home Decor,2,4472,8228.48,8.0,No,Non-Festival,Wallet,5,4.1,No,7570.2016
ORD107905,2024-06-12,CUST4924,Premium,Home Decor,4,8878,23437.92,34.0,No,Non-Festival,COD,4,3.1,No,15469.027199999997
ORD107906,2024-04-20,CUST4709,Regular,Groceries,2,9083,10354.62,43.0,No,Non-Festival,Credit Card,4,4.9,No,5902.1334000000015
ORD107907,2024-12-03,CUST8996,New,Groceries,3,3308,6450.6,35.0,No,Non-Festival,UPI,7,4.1,Yes,4192.89
ORD107908,2024-05-02,CUST1852,New,Fashion,5,467,1774.6,24.0,No,Non-Festival,Credit Card,3,3.0,No,1348.696
ORD107909,2024-07-11,CUST8375,Regular,Groceries,3,9176,23674.08,14.0,No,Non-Festival,UPI,1,2.9,No,20359.7088
ORD107910,2024-04-08,CUST3830,Regular,Beauty,1,4073,2280.88,44.0,No,Non-Festival,UPI,5,2.9,No,1277.2928000000002
ORD107911,2024-10-17,CUST1879,Premium,Beauty,2,6731,9827.26,27.0,No,Non-Festival,Credit Card,2,4.9,Yes,7173.8998
ORD107912,2024-06-07,CUST7382,Premium,Home Decor,3,2601,3979.53,49.0,No,Non-Festival,,6,3.1,No,2029.5603
ORD107913,2024-04-12,CUST1157,New,Electronics,5,5109,22224.15,13.0,No,Non-Festival,Wallet,4,2.9,No,19335.0105
ORD107914,2024-10-07,CUST9862,Regular,Home Decor,5,2516,11070.4,12.0,No,Non-Festival,Wallet,1,2.9,No,9741.952
ORD107915,2024-02-12,CUST1326,Regular,Electronics,3,8376,15076.8,40.0,No,Non-Festival,UPI,5,3.4,No,9046.08
ORD107916,2024-03-24,CUST7606,Premium,Home Decor,4,7809,21865.2,30.0,Yes,Holi,Wallet,6,4.0,No,15305.64
ORD107917,2024-07-09,CUST3552,Premium,Home Decor,3,1401,4034.88,4.0,No,Non-Festival,Wallet,7,2.7,No,3873.4848
ORD107918,2024-02-20,CUST3726,Regular,Beauty,5,5386,22082.6,18.0,No,Non-Festival,UPI,1,2.9,No,18107.732
ORD107919,2024-07-28,CUST5025,Regular,Electronics,3,476,1328.04,7.0,No,Non-Festival,Wallet,1,4.9,No,1235.0772
ORD107920,2024-05-05,CUST7037,Premium,Fashion,1,5527,4863.76,12.0,No,Non-Festival,Credit Card,5,4.0,No,4280.1088
ORD107921,2024-03-09,CUST4950,Premium,Fashion,4,8698,20875.2,40.0,No,Non-Festival,COD,3,2.8,No,12525.12
ORD107922,2024-09-21,CUST6718,Regular,Home Decor,3,830,2091.6,16.0,No,Non-Festival,Credit Card,6,3.9,No,1756.944
ORD107923,2024-09-14,CUST2982,Regular,Home Decor,5,2785,9608.25,31.0,No,Non-Festival,COD,3,3.1,No,6629.692499999999
ORD107924,2024-07-06,CUST1011,New,Beauty,3,6861,19759.68,4.0,No,Non-Festival,Credit Card,4,4.9,No,18969.2928
ORD107925,2024-08-17,CUST1519,New,Electronics,3,7641,21089.16,8.0,Yes,,COD,3,3.5,No,19402.0272
ORD107926,2024-07-07,CUST3354,Regular,Home Decor,2,7600,8816.000000000002,42.0,No,Non-Festival,COD,4,2.9,No,5113.280000000002
ORD107927,2024-01-10,CUST5508,Regular,Fashion,3,1337,2687.37,33.0,No,Non-Festival,Wallet,4,4.0,No,1800.5378999999998
ORD107928,2024-04-23,CUST5553,New,Electronics,1,7168,4014.08,44.0,No,Non-Festival,UPI,5,2.8,No,2247.8848000000003
ORD107929,2024-03-16,CUST9911,Regular,Home Decor,5,1913,9565.0,0.0,No,Non-Festival,Credit Card,1,3.8,No,9565.0
ORD107930,2024-06-12,CUST1728,Premium,Electronics,2,9440,11516.8,39.0,No,Non-Festival,Wallet,2,4.6,No,7025.248
ORD107931,2024-03-25,CUST2537,Premium,Beauty,3,9975,25735.5,14.0,Yes,Holi,Credit Card,7,3.4,No,22132.53
ORD107932,2024-02-18,CUST3637,Regular,Fashion,4,3551,9800.759999999998,31.0,No,Non-Festival,Credit Card,2,3.7,No,6762.524399999998
ORD107933,2024-11-21,CUST4362,Premium,Electronics,1,8293,5556.31,33.0,No,Non-Festival,COD,3,2.8,No,3722.7277
ORD107934,2024-06-25,CUST2764,Premium,Fashion,1,6415,4233.9,34.0,No,Non-Festival,COD,5,4.1,No,2794.3739999999993
ORD107935,2024-08-05,CUST6344,Premium,Home Decor,1,9343,4858.360000000001,25.0,No,Non-Festival,UPI,2,2.8,No,3643.7700000000004
ORD107936,2024-07-07,CUST1903,Regular,Groceries,2,1424,1452.48,49.0,No,Non-Festival,COD,7,3.3,No,740.7648
ORD107937,2024-12-11,CUST2064,New,Electronics,3,5645,12362.55,27.0,No,Non-Festival,Credit Card,1,4.6,Yes,9024.661499999998
ORD107938,2024-08-17,CUST8995,Regular,Fashion,1,8424,7076.16,16.0,Yes,Independence Day,COD,4,2.9,No,5943.9744
ORD107939,2024-09-11,CUST5158,Premium,Electronics,3,296,488.4,45.0,No,Non-Festival,Wallet,4,4.6,No,268.62
ORD107940,2024-08-23,CUST3561,New,Home Decor,4,4558,16408.8,10.0,No,Non-Festival,Wallet,5,4.1,No,14767.92
ORD107941,2024-01-26,CUST9808,Regular,Home Decor,3,3341,7817.94,22.0,Yes,Republic Day,COD,3,2.9,No,6097.9932
ORD107942,2024-03-12,CUST3258,Premium,Fashion,3,8180,18405.0,25.0,No,Non-Festival,UPI,1,2.9,No,13803.75
ORD107943,2024-09-17,CUST1209,New,Beauty,3,371,612.1500000000001,45.0,No,Non-Festival,COD,7,4.2,No,336.68250000000006
ORD107944,2024-09-10,CUST2458,Regular,Electronics,5,5053,24254.4,4.0,No,Non-Festival,Wallet,3,4.3,No,23284.224000000002
ORD107945,2024-09-27,CUST9531,Regular,Electronics,2,9292,13938.0,25.0,No,Non-Festival,Credit Card,7,4.1,No,10453.5
ORD107946,2024-05-02,CUST3598,New,Home Decor,3,9133,26029.05,5.0,No,Non-Festival,Credit Card,3,4.3,No,24727.5975
ORD107947,2024-05-23,CUST6210,Regular,Electronics,1,5631,3265.9800000000005,42.0,No,Non-Festival,Credit Card,5,3.4,No,1894.2684000000006
ORD107948,2024-09-13,CUST2272,Regular,Fashion,5,7737,25918.95,33.0,No,Non-Festival,Wallet,4,2.5,No,17365.6965
ORD107949,2024-05-23,CUST8871,New,Groceries,3,8782,15544.14,41.0,No,Non-Festival,Wallet,3,3.8,No,9171.0426
ORD107950,2024-09-15,CUST1692,New,Home Decor,5,1158,5095.2,12.0,No,Non-Festival,Credit Card,7,4.0,Yes,4483.776
ORD107951,2024-02-16,CUST3167,New,Groceries,2,4870,7402.4,24.0,No,Non-Festival,UPI,3,4.2,Yes,5625.824
ORD107952,2024-12-16,CUST5296,Regular,Electronics,5,8735,43238.25,1.0,No,Non-Festival,UPI,1,3.1,No,42805.8675
ORD107953,2024-01-13,CUST3088,Regular,Beauty,1,3681,3202.47,13.0,No,Non-Festival,Credit Card,6,2.9,No,2786.1488999999997
ORD107954,2024-07-26,CUST2995,Regular,Fashion,3,1769,4457.88,16.0,No,Non-Festival,Credit Card,4,4.6,No,3744.6192
ORD107955,2024-11-06,CUST7856,Premium,Electronics,1,8131,4878.599999999999,40.0,Yes,Diwali,Wallet,3,4.6,No,2927.1599999999994
ORD107956,2024-08-22,CUST7679,Premium,Fashion,4,8847,21586.68,39.0,No,Non-Festival,,6,5.0,No,13167.8748
ORD107957,2024-05-28,CUST4929,Regular,Electronics,5,5742,17513.1,39.0,No,Non-Festival,Wallet,2,3.3,No,10682.990999999998
ORD107958,2024-11-17,CUST3308,Regular,Electronics,5,8835,27388.5,38.0,No,Non-Festival,COD,7,2.6,No,16980.87
ORD107959,2024-06-03,CUST4859,Premium,Electronics,5,3681,13987.8,24.0,No,Non-Festival,COD,6,3.7,No,10630.728
ORD107960,2024-06-14,CUST3522,Premium,Home Decor,2,8131,12033.88,26.0,No,Non-Festival,COD,2,3.7,Yes,8905.071199999998
ORD107961,2024-03-30,CUST2981,Regular,Groceries,1,5893,3123.29,47.0,Yes,Holi,COD,7,2.6,No,1655.3437000000001
ORD107962,2024-07-04,CUST6681,New,Beauty,4,1617,4980.36,23.0,No,Non-Festival,Credit Card,4,3.9,No,3834.8772
ORD107963,2024-11-13,CUST8951,Regular,Groceries,2,6056,6298.24,48.0,No,Non-Festival,COD,4,3.2,No,3275.0848
ORD107964,2024-12-23,CUST8802,Premium,Groceries,2,7876,10711.36,32.0,Yes,Christmas/New Year,COD,5,2.8,No,7283.7248
ORD107965,2024-06-22,CUST3288,New,Fashion,3,7211,16008.42,26.0,No,Non-Festival,COD,6,4.0,Yes,11846.2308
ORD107966,2024-08-04,CUST4252,Premium,Home Decor,4,6909,15476.160000000002,44.0,No,Non-Festival,Wallet,7,3.2,No,8666.649600000002
ORD107967,2024-09-20,CUST1060,Regular,Home Decor,5,870,3045.0,30.0,No,Non-Festival,Wallet,3,3.9,No,2131.5
ORD107968,2024-04-06,CUST6293,Regular,Electronics,5,5613,14874.45,47.0,No,Non-Festival,Wallet,2,2.5,No,7883.458500000001
ORD107969,2024-04-26,CUST4831,New,Groceries,3,6201,11719.89,37.0,No,Non-Festival,UPI,6,3.4,No,7383.530699999999
ORD107970,2024-07-17,CUST9723,Regular,Beauty,5,2484,10681.2,14.0,No,Non-Festival,Wallet,2,4.7,No,9185.832
ORD107971,2024-11-15,CUST8369,Premium,Fashion,1,5640,3214.8,43.0,No,Non-Festival,UPI,7,4.1,No,1832.4360000000004
ORD107972,2024-01-21,CUST5099,New,Home Decor,5,8491,25897.55,39.0,Yes,Republic Day,Wallet,4,4.7,No,15797.5055
ORD107973,2024-07-18,CUST9410,New,Electronics,1,2987,2987.0,0.0,No,Non-Festival,UPI,7,4.4,Yes,2987.0
ORD107974,2024-12-06,CUST5637,Premium,Beauty,3,8057,21753.9,10.0,No,Non-Festival,Wallet,4,4.3,No,19578.510000000002
ORD107975,2024-09-04,CUST6941,New,Groceries,3,607,1566.06,14.0,No,Non-Festival,Credit Card,1,4.7,Yes,1346.8116
ORD107976,2024-10-02,CUST7731,New,Beauty,1,1177,800.3599999999999,32.0,No,Non-Festival,Wallet,1,2.5,No,544.2447999999998
ORD107977,2024-09-20,CUST5649,Regular,Home Decor,5,5753,15245.45,47.0,No,Non-Festival,UPI,7,3.5,No,8080.088500000001
ORD107978,2024-02-27,CUST1331,Regular,Fashion,3,8534,17665.379999999997,31.0,No,Non-Festival,COD,4,4.9,No,12189.112199999998
ORD107979,2024-10-28,CUST5004,Regular,Groceries,3,7652,17446.56,24.0,Yes,Diwali,Wallet,1,2.9,No,13259.385600000001
ORD107980,2024-01-31,CUST8776,Regular,Fashion,1,9111,5648.82,38.0,No,Non-Festival,COD,4,4.1,No,3502.2684
ORD107981,2024-09-05,CUST5636,New,Beauty,3,9851,20096.04,32.0,No,Non-Festival,COD,6,4.5,No,13665.3072
ORD107982,2024-04-02,CUST8317,Premium,Beauty,5,8809,31712.4,28.0,No,Non-Festival,Wallet,4,4.8,No,22832.928
ORD107983,2024-09-21,CUST4093,New,Electronics,3,9496,19086.96,33.0,No,Non-Festival,Wallet,5,4.7,No,12788.263199999998
ORD107984,2024-09-27,CUST1523,Premium,Groceries,1,744,691.92,7.0,No,Non-Festival,Credit Card,1,4.2,Yes,643.4855999999999
ORD107985,2024-04-03,CUST7717,Premium,Beauty,5,7353,33088.5,10.0,No,Non-Festival,UPI,3,4.3,No,29779.65
ORD107986,2024-06-02,CUST1176,Premium,Home Decor,4,7160,25203.2,12.0,No,Non-Festival,Wallet,3,3.4,Yes,22178.816000000003
ORD107987,2024-10-11,CUST8966,Regular,Home Decor,1,7744,7434.24,4.0,No,Non-Festival,UPI,6,3.1,No,7136.8704
ORD107988,2024-03-20,CUST9313,New,Fashion,4,6502,13264.08,49.0,Yes,Holi,Wallet,5,4.9,No,6764.6808
ORD107989,2024-10-18,CUST5957,Regular,Home Decor,3,6105,15018.3,18.0,No,Non-Festival,COD,7,4.9,No,12315.006000000001
ORD107990,2024-03-24,CUST2838,Premium,Beauty,5,9164,36656.0,20.0,Yes,Holi,COD,3,3.6,No,29324.800000000003
ORD107991,2024-12-30,CUST5766,Regular,Home Decor,3,9460,27812.4,2.0,Yes,Christmas/New Year,Wallet,3,3.5,No,27256.152000000002
ORD107992,2024-02-06,CUST3331,New,Groceries,5,4423,16586.25,25.0,No,Non-Festival,UPI,6,3.6,No,12439.6875
ORD107993,2024-12-07,CUST4582,New,Fashion,2,1773,2411.28,32.0,No,Non-Festival,UPI,6,3.7,No,1639.6704
ORD107994,2024-11-22,CUST5044,Premium,Groceries,3,5172,11016.36,29.0,No,Non-Festival,COD,5,4.6,No,7821.6156
ORD107995,2024-08-19,CUST6422,Premium,Beauty,3,3993,9463.41,21.0,Yes,Independence Day,UPI,2,3.6,No,7476.0939
ORD107996,2024-04-02,CUST7827,Premium,Beauty,3,7719,22230.72,4.0,No,Non-Festival,UPI,5,4.7,No,21341.4912
ORD107997,2024-12-01,CUST1037,Regular,Home Decor,1,2853,2339.46,18.0,No,Non-Festival,Credit Card,5,3.8,No,1918.3572000000001
ORD107998,2024-04-11,CUST1982,Regular,Electronics,5,740,3404.0,8.0,No,Non-Festival,COD,1,4.9,No,3131.6800000000003
ORD107999,2024-06-14,CUST4624,Premium,Electronics,5,2411,9282.35,23.0,No,Non-Festival,UPI,3,4.2,No,7147.409500000001
