Order_ID,Order_Date,Customer_ID,Customer_Segment,Product_Category,Units_Sold,Unit_Price,Revenue,Discount(%),Festival_Season,Festival_Name,Payment_Method,Delivery_Time(days),Customer_Rating,Returned
ORD100000,2024-04-12,CUST4062,Regular,Beauty,5,2020,9292.0,8.0,No,None,COD,1,3.7,No
ORD100001,2024-12-14,CUST9958,New,Home Decor,5,9040,35256.0,22.0,No,None,Wallet,5,3.0,No
ORD100002,2024-09-27,CUST4260,Premium,Groceries,2,388,760.48,2.0,No,None,UPI,5,3.9,No
ORD100003,2024-04-16,CUST1476,Regular,Fashion,5,9614,37975.3,21.0,No,None,Credit Card,1,4.9,No
ORD100004,2024-03-12,CUST3736,New,Groceries,5,5421,16534.05,39.0,No,None,COD,5,3.0,Yes
ORD100005,2024-07-07,CUST8676,New,Groceries,2,8870,9934.400000000001,44.0,No,None,Wallet,5,3.1,No
ORD100006,2024-01-21,CUST6255,Regular,Fashion,4,6946,19448.8,30.0,Yes,Republic Day,Credit Card,5,5.0,Yes
ORD100007,2024-04-12,CUST2026,Regular,Groceries,4,4812,15205.92,21.0,No,None,COD,3,4.7,No
ORD100008,2024-05-01,CUST5348,New,Home Decor,2,2088,3758.4,10.0,No,None,UPI,3,3.9,No
ORD100009,2024-08-02,CUST9498,Premium,Fashion,2,1750,2065.0000000000005,41.0,No,None,UPI,4,4.2,No
ORD100010,2024-11-26,CUST4541,Premium,Electronics,4,7259,16840.88,42.0,No,None,UPI,4,3.6,No
ORD100011,2024-03-28,CUST3905,New,Groceries,4,5433,21297.36,2.0,Yes,Holi,Credit Card,3,3.5,No
ORD100012,2024-04-09,CUST5123,Premium,Beauty,4,5835,20305.8,13.0,No,None,Credit Card,5,3.6,No
ORD100013,2024-12-25,CUST9015,Regular,Fashion,4,233,512.6,45.0,Yes,Christmas/New Year,UPI,2,3.5,No
ORD100014,2024-05-31,CUST3227,Premium,Electronics,3,8687,21370.02,18.0,No,None,UPI,1,4.2,No
ORD100015,2024-05-10,CUST5967,Regular,Beauty,2,1629,2280.6,30.0,No,None,COD,4,3.3,No
ORD100016,2024-05-29,CUST3433,Premium,Electronics,1,5446,3539.9,35.0,No,None,Wallet,7,2.9,No
ORD100017,2024-11-04,CUST5972,Premium,Groceries,3,2187,4527.089999999999,31.0,Yes,Diwali,COD,7,4.3,No
ORD100018,2024-09-14,CUST2819,Regular,Beauty,1,6471,4853.25,25.0,No,None,Wallet,5,2.6,No
ORD100019,2024-12-09,CUST4855,Premium,Groceries,1,3082,3082.0,0.0,No,None,Credit Card,7,4.3,No
ORD100020,2024-10-20,CUST5759,Regular,Beauty,5,1747,8647.65,1.0,Yes,Diwali,COD,4,3.2,No
ORD100021,2024-07-10,CUST4332,Regular,Fashion,2,662,1257.8,5.0,No,None,Credit Card,6,3.0,No
ORD100022,2024-10-03,CUST8846,Premium,Home Decor,3,6907,11603.76,44.0,No,None,Credit Card,2,3.4,No
ORD100023,2024-06-09,CUST3225,Regular,Home Decor,2,5505,9578.7,13.0,No,None,Wallet,6,2.8,No
ORD100024,2024-11-09,CUST7482,Premium,Electronics,4,713,2081.96,27.0,Yes,Diwali,Wallet,5,3.5,No
ORD100025,2024-01-22,CUST9989,Regular,Beauty,2,5374,7308.639999999999,32.0,Yes,Republic Day,COD,7,2.8,No
ORD100026,2024-09-09,CUST3262,Premium,Groceries,1,3766,2862.16,24.0,No,None,COD,3,3.7,No
ORD100027,2024-08-23,CUST8447,New,Fashion,4,4003,9767.32,39.0,No,None,COD,2,2.9,No
ORD100028,2024-12-10,CUST1025,Premium,Fashion,2,4138,6869.08,17.0,No,None,Wallet,4,2.8,No
ORD100029,2024-02-18,CUST9274,Regular,Fashion,2,1671,1838.1000000000001,45.0,No,None,UPI,7,3.9,No
ORD100030,2024-02-28,CUST1520,New,Home Decor,1,8203,5496.009999999999,33.0,No,None,UPI,5,4.1,No
ORD100031,2024-06-18,CUST7101,Regular,Groceries,4,537,1911.72,11.0,No,None,Wallet,6,2.5,No
ORD100032,2024-07-06,CUST1283,Regular,Fashion,1,7251,5365.74,26.0,No,None,COD,5,3.5,No
ORD100033,2024-09-27,CUST2946,Regular,Fashion,2,7644,11771.76,23.0,No,None,UPI,1,2.7,No
ORD100034,2024-07-08,CUST8801,Regular,Electronics,3,3612,7368.48,32.0,No,None,Credit Card,7,4.3,Yes
ORD100035,2024-06-23,CUST6670,New,Beauty,3,2592,6687.36,14.0,No,None,UPI,1,4.2,No
ORD100036,2024-02-20,CUST7882,Regular,Beauty,5,1176,3410.4000000000005,42.0,No,None,UPI,6,2.6,No
ORD100037,2024-12-29,CUST5181,Premium,Beauty,3,5178,10718.46,31.0,Yes,Christmas/New Year,Wallet,1,4.9,No
ORD100038,2024-02-24,CUST2954,Premium,Electronics,4,4268,8706.72,49.0,No,None,Wallet,3,4.9,Yes
ORD100039,2024-08-31,CUST7443,Regular,Home Decor,5,1071,4498.2,16.0,Yes,Raksha Bandhan,UPI,5,3.3,No
ORD100040,2024-11-15,CUST8865,Premium,Electronics,4,3609,9527.759999999998,34.0,No,None,Credit Card,5,2.8,No
ORD100041,2024-05-10,CUST1074,Regular,Fashion,3,2789,4518.18,46.0,No,None,Credit Card,4,,No
ORD100042,2024-11-02,CUST1436,Regular,Groceries,3,1749,2938.32,44.0,Yes,Diwali,COD,7,4.6,No
ORD100043,2024-05-14,CUST3765,Regular,Fashion,2,4661,6152.5199999999995,34.0,No,None,UPI,7,3.6,No
ORD100044,2024-01-21,CUST1256,New,Fashion,4,2821,9929.92,12.0,Yes,Republic Day,UPI,7,2.5,No
ORD100045,2024-11-24,CUST9359,New,Groceries,1,2729,2510.6800000000003,8.0,No,None,Credit Card,3,4.8,No
ORD100046,2024-06-15,CUST2142,Regular,Beauty,2,7362,13398.84,9.0,No,None,Wallet,7,4.0,No
ORD100047,2024-09-30,CUST8567,Regular,Electronics,4,8551,34204.0,0.0,No,None,UPI,7,4.2,No
ORD100048,2024-03-29,CUST8172,Premium,Home Decor,5,6599,22106.649999999998,33.0,Yes,Holi,Credit Card,7,4.6,No
ORD100049,2024-11-11,CUST5196,Regular,Fashion,4,2781,6118.200000000001,45.0,No,None,UPI,1,4.5,No
ORD100050,2024-01-14,CUST8755,New,Fashion,5,6765,21648.0,36.0,No,None,Wallet,5,2.7,No
ORD100051,2024-08-29,CUST1626,Premium,Home Decor,5,7305,27759.0,24.0,Yes,Raksha Bandhan,,1,3.9,No
ORD100052,2024-09-21,CUST5824,Regular,Electronics,3,7156,16959.72,21.0,No,None,Wallet,2,4.2,No
ORD100053,2024-12-11,CUST6442,New,Fashion,1,3134,2851.94,9.0,No,None,Wallet,3,2.7,Yes
ORD100054,2024-02-22,CUST1328,Regular,Home Decor,4,2511,7533.0,25.0,No,None,Credit Card,1,3.1,No
ORD100055,2024-12-05,CUST2147,New,Fashion,1,2995,2455.9,18.0,No,None,Credit Card,3,3.5,No
ORD100056,2024-04-01,CUST3674,New,Beauty,5,4528,13810.4,39.0,No,None,Wallet,6,4.7,No
ORD100057,2024-09-20,CUST5205,Regular,Beauty,3,7023,11798.640000000001,44.0,No,None,Credit Card,7,4.6,No
ORD100058,2024-02-04,CUST2791,Regular,Fashion,1,4528,2716.7999999999997,40.0,No,None,Wallet,5,4.5,No
ORD100059,2024-07-24,CUST7999,New,Fashion,2,3788,3863.76,49.0,No,None,Wallet,2,5.0,No
ORD100060,2024-03-21,CUST8182,New,Beauty,5,3316,16082.6,3.0,Yes,Holi,UPI,4,3.1,No
ORD100061,2024-02-19,CUST8216,Regular,Fashion,2,4853,5920.66,39.0,No,None,Wallet,7,3.7,No
ORD100062,2024-12-25,CUST9037,New,Electronics,1,3947,3789.12,4.0,Yes,Christmas/New Year,COD,2,3.6,No
ORD100063,2024-01-02,CUST9753,Regular,Electronics,1,7024,5057.28,28.0,No,None,Credit Card,3,4.2,No
ORD100064,2024-02-23,CUST6329,Regular,Groceries,1,1659,1045.17,37.0,No,None,COD,2,4.6,No
ORD100065,2024-04-15,CUST7646,New,Electronics,4,4630,17779.2,4.0,No,None,Credit Card,5,3.7,No
ORD100066,2024-09-16,CUST9673,Regular,Fashion,5,2651,13255.0,0.0,No,None,Wallet,3,3.7,No
ORD100067,2024-11-05,CUST2056,New,Fashion,5,7531,27488.149999999998,27.0,Yes,Diwali,COD,7,4.0,No
ORD100068,2024-07-09,CUST3381,Regular,Home Decor,5,4290,17589.0,18.0,No,None,UPI,3,4.4,No
ORD100069,2024-08-05,CUST9543,Premium,Electronics,4,9163,23823.8,35.0,No,None,Wallet,5,3.0,No
ORD100070,2024-02-13,CUST4604,Regular,Beauty,1,5241,5241.0,0.0,No,None,Wallet,6,4.9,No
ORD100071,2024-06-10,CUST6732,Premium,Beauty,1,1311,943.92,28.0,No,None,Wallet,1,2.7,No
ORD100072,2024-07-20,CUST1623,Premium,Groceries,2,9986,12981.800000000001,35.0,No,None,UPI,4,2.6,No
ORD100073,2024-09-26,CUST9231,Regular,Home Decor,4,9673,26697.48,31.0,No,None,COD,6,3.4,No
ORD100074,2024-12-16,CUST5277,Premium,Beauty,3,3785,9878.85,13.0,No,None,Wallet,7,4.3,No
ORD100075,2024-10-30,CUST8101,Regular,Groceries,4,7801,21530.76,31.0,Yes,Diwali,COD,6,4.9,No
ORD100076,2024-09-27,CUST5342,Regular,Electronics,2,2573,2830.3,45.0,No,None,Wallet,2,4.8,No
ORD100077,2024-08-02,CUST5742,New,Home Decor,2,7042,12957.28,8.0,No,None,Wallet,7,4.2,No
ORD100078,2024-09-08,CUST1271,Regular,Home Decor,2,8733,14322.12,18.0,No,None,Wallet,7,3.6,No
ORD100079,2024-07-08,CUST5752,Premium,Fashion,1,5298,4768.2,10.0,No,None,UPI,6,4.0,Yes
ORD100080,2024-10-22,CUST9026,Premium,Electronics,3,4923,7827.570000000001,47.0,Yes,Diwali,Wallet,4,,No
ORD100081,2024-07-31,CUST5373,Premium,Home Decor,2,3018,5854.92,3.0,No,None,COD,7,3.2,No
ORD100082,2024-07-26,CUST1667,Regular,Groceries,5,3125,9375.0,40.0,No,None,Wallet,7,3.7,No
ORD100083,2024-08-24,CUST8971,Regular,Beauty,1,9664,7344.64,24.0,No,None,COD,4,4.2,No
ORD100084,2024-12-03,CUST9970,Regular,Electronics,3,909,2290.68,16.0,No,None,COD,6,2.5,No
ORD100085,2024-02-22,CUST2112,Premium,Electronics,5,7192,19418.4,46.0,No,None,Credit Card,5,3.5,Yes
ORD100086,2024-10-06,CUST5449,New,Home Decor,3,938,2617.02,7.0,No,None,COD,1,3.9,Yes
ORD100087,2024-08-04,CUST6982,Premium,Home Decor,3,4790,8047.200000000001,44.0,No,None,Credit Card,4,4.8,No
ORD100088,2024-09-08,CUST2348,Regular,Home Decor,5,6287,31435.0,0.0,No,None,UPI,3,5.0,No
ORD100089,2024-07-06,CUST4027,Regular,Groceries,4,3918,15515.28,1.0,No,None,,6,3.9,Yes
ORD100090,2024-02-10,CUST3386,Regular,Fashion,3,8401,22934.73,9.0,No,None,UPI,7,4.9,No
ORD100091,2024-06-05,CUST6948,Regular,Home Decor,4,5281,15631.76,26.0,No,,UPI,1,2.7,Yes
ORD100092,2024-01-15,CUST2365,Regular,Fashion,3,2778,6167.16,26.0,No,None,COD,5,4.3,No
ORD100093,2024-10-27,CUST3209,Regular,Fashion,5,1758,7735.2,12.0,Yes,Diwali,Wallet,6,3.5,No
ORD100094,2024-03-05,CUST2321,Regular,Electronics,3,4200,11340.0,10.0,No,None,Wallet,4,4.4,No
ORD100095,2024-12-10,CUST5347,Regular,Beauty,2,4745,8256.3,13.0,No,None,UPI,6,4.7,No
ORD100096,2024-11-22,CUST2387,Regular,Beauty,2,5539,7643.82,31.0,No,None,Credit Card,5,2.6,No
ORD100097,2024-01-09,CUST3899,Regular,Groceries,3,9256,23602.8,15.0,No,None,Credit Card,2,4.8,No
ORD100098,2024-12-09,CUST6418,Regular,Groceries,5,2916,10497.6,28.0,No,None,COD,5,2.7,No
ORD100099,2024-05-08,CUST2931,Regular,Beauty,5,4502,14181.3,37.0,No,None,Credit Card,3,4.4,Yes
ORD100100,2024-05-15,CUST1378,Premium,Beauty,1,2009,1346.0299999999997,33.0,No,None,Credit Card,5,2.7,No
ORD100101,2024-03-03,CUST9142,Regular,Electronics,5,6030,22612.5,25.0,No,None,UPI,1,4.7,No
ORD100102,2024-05-18,CUST5331,Regular,Electronics,4,2197,8436.48,4.0,No,None,Credit Card,2,3.0,No
ORD100103,2024-03-21,CUST1236,Regular,Beauty,3,3131,7702.26,18.0,Yes,Holi,Wallet,6,3.6,No
ORD100104,2024-06-11,CUST7188,Regular,Home Decor,2,2330,2889.2,38.0,No,None,UPI,6,4.8,No
ORD100105,2024-10-15,CUST5564,Regular,Home Decor,5,4612,16833.8,27.0,No,None,UPI,3,4.5,No
ORD100106,2024-09-17,CUST2109,Regular,Electronics,2,6713,9800.98,27.0,No,None,Credit Card,2,4.5,No
ORD100107,2024-08-18,CUST2770,Premium,Fashion,1,2996,2516.64,16.0,Yes,Independence Day,Wallet,3,4.4,Yes
ORD100108,2024-02-10,CUST3163,Regular,Beauty,3,7948,15260.16,36.0,No,None,Wallet,6,3.9,No
ORD100109,2024-01-28,CUST7845,Regular,Groceries,5,6523,18590.550000000003,43.0,Yes,Republic Day,Credit Card,2,4.9,No
ORD100110,2024-05-14,CUST2393,New,Home Decor,2,6945,11389.800000000001,18.0,No,None,Wallet,4,4.6,No
ORD100111,2024-07-19,CUST1050,Regular,Fashion,5,5402,19987.4,26.0,No,None,COD,5,3.6,No
ORD100112,2024-11-23,CUST9555,Regular,Home Decor,1,1755,895.0500000000001,49.0,No,None,COD,1,4.4,No
ORD100113,2024-09-24,CUST7799,New,Fashion,2,8381,14918.18,11.0,No,None,Credit Card,1,5.0,No
ORD100114,2024-02-02,CUST2930,New,Beauty,2,4643,9100.28,2.0,No,None,UPI,4,4.7,No
ORD100115,2024-02-17,CUST2788,Regular,Beauty,3,8722,25381.02,3.0,No,None,UPI,7,2.5,No
ORD100116,2024-03-02,CUST9465,Regular,Beauty,3,4905,7946.1,46.0,No,None,Wallet,2,4.3,No
ORD100117,2024-08-03,CUST8952,Regular,Electronics,2,5039,5442.120000000001,46.0,No,None,COD,5,4.7,No
ORD100118,2024-10-19,CUST7066,Regular,Fashion,3,4158,11226.6,10.0,No,None,UPI,4,3.3,No
ORD100119,2024-04-08,CUST4590,Premium,Groceries,2,4864,6517.759999999999,33.0,No,None,Wallet,2,4.9,No
ORD100120,2024-06-20,CUST4136,Regular,Groceries,4,9362,31081.84,17.0,No,None,COD,5,3.5,No
ORD100121,2024-12-25,CUST3856,Regular,Beauty,5,946,3121.7999999999997,34.0,Yes,Christmas/New Year,UPI,2,3.6,No
ORD100122,2024-08-01,CUST1315,New,Groceries,4,2384,7914.879999999999,17.0,No,None,Wallet,1,2.9,No
ORD100123,2024-02-04,CUST5390,New,Home Decor,4,8146,17921.2,45.0,No,None,Credit Card,5,2.7,No
ORD100124,2024-08-14,CUST8553,Regular,Fashion,5,9776,46436.0,5.0,Yes,Independence Day,Credit Card,1,3.8,No
ORD100125,2024-04-10,CUST7006,Premium,Fashion,2,5521,7398.139999999999,33.0,No,None,UPI,1,4.0,No
ORD100126,2024-05-10,CUST6441,Regular,Fashion,2,9410,12797.599999999999,32.0,No,None,Wallet,5,3.4,No
ORD100127,2024-09-13,CUST9580,New,Home Decor,3,7348,20500.92,7.0,No,None,COD,4,4.0,No
ORD100128,2024-01-05,CUST6519,Regular,Electronics,1,2224,1312.16,41.0,No,None,Credit Card,2,3.5,No
ORD100129,2024-08-05,CUST1769,Regular,Home Decor,2,6373,10324.26,19.0,No,None,COD,5,4.7,No
ORD100130,2024-09-11,CUST3220,Regular,Fashion,5,9934,25331.7,49.0,No,None,Wallet,6,4.9,No
ORD100131,2024-12-24,CUST5019,Regular,Fashion,1,2911,2357.9100000000003,19.0,Yes,Christmas/New Year,Credit Card,1,4.0,No
ORD100132,2024-10-09,CUST2040,Regular,Fashion,5,7218,20932.200000000004,42.0,No,None,UPI,2,4.6,No
ORD100133,2024-07-25,CUST7586,Premium,Groceries,5,9846,40860.9,,No,None,Credit Card,5,4.6,Yes
ORD100134,2024-01-15,CUST2743,Premium,Electronics,5,7397,27368.9,26.0,No,None,UPI,4,4.3,No
ORD100135,2024-12-11,CUST4189,Regular,Home Decor,1,1902,1008.0600000000001,47.0,No,None,COD,5,3.0,No
ORD100136,2024-02-11,CUST1338,Regular,Fashion,4,5729,21999.36,4.0,No,None,Credit Card,5,2.9,No
ORD100137,2024-06-27,CUST1170,Regular,Beauty,5,7416,34855.2,6.0,No,None,Wallet,3,4.8,No
ORD100138,2024-03-03,CUST5228,New,Electronics,3,7855,18616.350000000002,21.0,No,None,COD,6,3.2,Yes
ORD100139,2024-12-17,CUST9832,New,Beauty,2,5617,7526.779999999999,33.0,No,None,COD,2,3.1,No
ORD100140,2024-08-18,CUST8852,New,Electronics,2,6524,7567.840000000001,42.0,Yes,Independence Day,UPI,5,2.9,No
ORD100141,2024-08-28,CUST4318,New,Fashion,2,4073,7168.4800000000005,12.0,Yes,Raksha Bandhan,Wallet,1,3.8,No
ORD100142,2024-02-21,CUST8404,Regular,Electronics,1,8513,5873.969999999999,31.0,No,None,COD,1,4.2,No
ORD100143,2024-04-05,CUST8462,Regular,Electronics,3,9868,22795.08,23.0,No,None,Credit Card,3,4.2,No
ORD100144,2024-08-09,CUST6164,Premium,Fashion,3,465,1185.75,15.0,No,None,UPI,1,3.2,No
ORD100145,2024-08-18,CUST7934,New,Beauty,3,8419,21973.59,13.0,Yes,Independence Day,Wallet,5,2.7,No
ORD100146,2024-08-24,CUST3470,Regular,Beauty,3,5578,10375.08,38.0,No,None,UPI,2,3.3,No
ORD100147,2024-05-22,CUST3986,Regular,Groceries,3,2324,6553.679999999999,6.0,No,None,UPI,3,3.8,No
ORD100148,2024-06-19,CUST3175,New,Beauty,4,631,1438.68,43.0,No,None,COD,6,4.0,No
ORD100149,2024-01-29,CUST3415,Regular,Beauty,3,5174,13814.58,11.0,Yes,Republic Day,Credit Card,7,3.2,No
ORD100150,2024-02-05,CUST9484,Regular,Electronics,3,3977,9664.11,19.0,No,None,Credit Card,3,3.0,No
ORD100151,2024-01-13,CUST6994,Premium,Groceries,1,7237,4921.16,32.0,No,None,Wallet,4,4.6,No
ORD100152,2024-06-08,CUST2401,Regular,Fashion,1,1285,1220.75,5.0,No,None,Wallet,4,4.6,No
ORD100153,2024-11-22,CUST7031,Regular,Fashion,3,6395,11702.85,39.0,No,None,Credit Card,2,3.2,No
ORD100154,2024-07-05,CUST3645,Premium,Home Decor,4,6459,19118.64,26.0,No,None,UPI,2,3.9,No
ORD100155,2024-08-30,CUST4292,Premium,Groceries,3,2685,7088.4,12.0,Yes,Raksha Bandhan,UPI,7,3.6,No
ORD100156,2024-03-26,CUST6522,New,Electronics,3,8492,24456.96,4.0,Yes,Holi,Credit Card,3,2.9,Yes
ORD100157,2024-10-10,CUST3478,Regular,Home Decor,3,5598,12931.380000000001,23.0,No,None,COD,5,4.9,No
ORD100158,2024-03-06,CUST2784,Regular,Home Decor,5,5278,24014.9,9.0,No,None,UPI,5,2.5,No
ORD100159,2024-06-18,CUST3726,Premium,Fashion,4,7402,16284.400000000001,45.0,No,None,Credit Card,4,3.0,No
ORD100160,2024-02-14,CUST8766,Premium,Beauty,2,3248,4482.24,31.0,No,None,COD,2,3.4,No
ORD100161,2024-03-02,CUST4828,Regular,Electronics,3,6702,18497.52,8.0,No,None,UPI,7,4.6,No
ORD100162,2024-05-13,CUST3330,Premium,Groceries,2,999,1038.96,48.0,No,None,Wallet,2,4.5,Yes
ORD100163,2024-10-10,CUST6655,Regular,Home Decor,4,4022,10618.079999999998,34.0,No,None,UPI,5,3.9,Yes
ORD100164,2024-01-28,CUST7187,Regular,Electronics,3,5811,9936.810000000001,43.0,Yes,Republic Day,UPI,4,4.2,No
ORD100165,2024-04-17,CUST8039,Regular,Fashion,2,6209,11052.02,11.0,No,None,Credit Card,5,3.4,No
ORD100166,2024-02-13,CUST1215,Regular,Home Decor,2,9687,17436.600000000002,10.0,No,None,UPI,5,4.9,No
ORD100167,2024-12-05,CUST6832,Regular,Home Decor,4,5463,14203.800000000001,35.0,No,None,UPI,3,2.6,No
ORD100168,2024-10-12,CUST2415,Premium,Fashion,3,8826,24624.539999999997,7.0,No,None,COD,2,2.8,No
ORD100169,2024-11-26,CUST3351,Premium,Fashion,5,5770,26253.5,9.0,No,None,Credit Card,3,4.8,No
ORD100170,2024-05-07,CUST9336,New,Fashion,4,9307,32388.36,13.0,No,None,COD,3,4.9,No
ORD100171,2024-12-13,CUST3892,Regular,Electronics,5,4840,17182.0,29.0,No,None,Wallet,5,3.7,No
ORD100172,2024-08-18,CUST3978,Regular,Electronics,3,5533,16599.0,0.0,Yes,Independence Day,UPI,4,3.9,No
ORD100173,2024-07-08,CUST7597,Regular,Electronics,2,9039,16089.42,11.0,No,None,,5,4.8,Yes
ORD100174,2024-08-12,CUST2572,Regular,Beauty,4,2495,9580.8,,Yes,Independence Day,Wallet,6,4.6,Yes
ORD100175,2024-10-09,CUST5877,Premium,Home Decor,4,1631,5675.88,13.0,No,None,Credit Card,4,,No
ORD100176,2024-04-30,CUST1161,Premium,Electronics,4,5372,13967.2,35.0,No,None,UPI,7,3.4,No
ORD100177,2024-04-25,CUST5620,Premium,Beauty,1,2561,2151.24,16.0,No,None,Credit Card,2,4.6,No
ORD100178,2024-08-20,CUST8004,Regular,Home Decor,3,7741,18346.170000000002,21.0,Yes,Independence Day,Credit Card,6,2.7,No
ORD100179,2024-09-15,CUST8012,Regular,Electronics,1,923,646.0999999999999,30.0,No,None,COD,6,3.7,No
ORD100180,2024-12-24,CUST8995,Regular,Fashion,4,1747,5241.0,25.0,Yes,Christmas/New Year,Credit Card,6,3.1,No
ORD100181,2024-07-16,CUST3291,Regular,Groceries,4,9371,32985.92,12.0,No,None,Credit Card,1,2.6,No
ORD100182,2024-05-16,CUST5600,Premium,Electronics,5,8475,41527.5,2.0,No,None,COD,2,4.0,No
ORD100183,2024-11-13,CUST8893,New,Groceries,1,1565,907.7000000000002,42.0,No,None,UPI,5,2.7,No
ORD100184,2024-06-13,CUST9706,Regular,Electronics,2,8941,16093.800000000001,10.0,No,None,Wallet,4,2.8,No
ORD100185,2024-08-12,CUST7209,Premium,Fashion,3,4053,11672.64,4.0,Yes,Independence Day,COD,6,2.7,No
ORD100186,2024-11-02,CUST7674,Premium,Groceries,2,4882,6151.32,37.0,Yes,Diwali,UPI,1,4.9,No
ORD100187,2024-08-21,CUST3684,Regular,Beauty,2,6160,11950.4,3.0,No,None,UPI,6,2.6,No
ORD100188,2024-06-20,CUST7783,Premium,Fashion,3,8543,17684.01,31.0,No,None,Wallet,4,3.2,No
ORD100189,2024-05-31,CUST3094,Regular,Groceries,4,7889,28715.960000000003,9.0,No,None,UPI,7,4.1,No
ORD100190,2024-11-10,CUST6941,Regular,Groceries,5,5357,24374.350000000002,9.0,Yes,Diwali,COD,4,4.6,No
ORD100191,2024-06-08,CUST8505,Premium,Fashion,4,3698,8431.44,43.0,No,None,UPI,7,4.0,No
ORD100192,2024-04-05,CUST3508,New,Fashion,4,3185,10574.199999999999,17.0,No,None,Wallet,1,4.9,No
ORD100193,2024-08-20,CUST8271,Regular,Fashion,1,1767,954.1800000000001,46.0,Yes,Independence Day,Wallet,1,3.3,Yes
ORD100194,2024-06-28,CUST7010,Regular,Home Decor,2,8603,13420.68,22.0,No,None,COD,2,3.7,No
ORD100195,2024-04-22,CUST5611,New,Beauty,2,6869,11402.539999999999,,No,None,COD,3,4.6,Yes
ORD100196,2024-11-13,CUST4906,New,Electronics,2,4391,5796.119999999999,34.0,No,None,UPI,6,4.2,No
ORD100197,2024-02-21,CUST1975,Premium,Groceries,5,9918,48598.2,2.0,No,None,Wallet,1,3.0,No
ORD100198,2024-09-24,CUST6832,Regular,Electronics,5,7356,36780.0,0.0,No,,Wallet,6,3.7,No
ORD100199,2024-10-21,CUST9007,New,Fashion,5,8913,37434.6,16.0,Yes,Diwali,UPI,3,4.9,No
ORD100200,2024-04-22,CUST7213,Regular,Beauty,3,6717,11889.090000000002,41.0,No,None,Wallet,3,4.7,Yes
ORD100201,2024-04-10,CUST9456,Premium,Beauty,5,5335,25341.25,5.0,No,None,COD,3,3.0,No
ORD100202,2024-04-22,CUST8380,Regular,Home Decor,1,6951,6255.900000000001,10.0,No,None,COD,7,2.9,No
ORD100203,2024-03-21,CUST6222,Premium,Fashion,1,8409,7315.83,13.0,Yes,Holi,UPI,3,4.6,No
ORD100204,2024-07-05,CUST7567,Regular,Groceries,4,7374,15337.92,48.0,No,None,UPI,1,3.0,No
ORD100205,2024-04-22,CUST3536,Regular,Home Decor,4,1919,5603.48,27.0,No,None,UPI,6,3.6,No
ORD100206,2024-01-02,CUST9174,Regular,Fashion,4,8261,20487.28,38.0,No,None,COD,4,,No
ORD100207,2024-05-09,CUST2625,Regular,Home Decor,4,4214,10956.4,35.0,No,None,COD,6,2.5,No
ORD100208,2024-08-07,CUST6227,Premium,Electronics,1,1078,970.2,10.0,No,None,Wallet,6,4.7,No
ORD100209,2024-02-23,CUST7129,New,Fashion,4,8985,21564.0,40.0,No,None,COD,1,4.4,No
ORD100210,2024-12-08,CUST9723,New,Groceries,1,6472,3947.92,39.0,No,None,UPI,1,3.7,No
ORD100211,2024-08-11,CUST8716,Regular,Groceries,5,1809,8773.65,3.0,Yes,Independence Day,Credit Card,5,2.9,No
ORD100212,2024-08-12,CUST5186,Premium,Fashion,5,9267,24557.550000000003,47.0,Yes,Independence Day,Credit Card,5,4.5,No
ORD100213,2024-05-05,CUST4096,Premium,Home Decor,3,6914,19704.899999999998,5.0,No,None,Credit Card,2,3.4,No
ORD100214,2024-05-09,CUST8430,Regular,Beauty,4,5309,13378.68,37.0,No,None,Credit Card,3,4.2,No
ORD100215,2024-02-22,CUST8269,Regular,Fashion,5,2648,10856.800000000001,18.0,No,None,Credit Card,3,3.3,No
ORD100216,2024-06-20,CUST9183,Premium,Groceries,5,2336,8175.999999999999,30.0,No,None,COD,5,3.6,No
ORD100217,2024-08-05,CUST4119,New,Electronics,2,7166,14188.68,1.0,No,None,UPI,4,3.8,No
ORD100218,2024-06-08,CUST5381,Premium,Groceries,2,2253,2613.4800000000005,42.0,No,None,UPI,2,4.4,No
ORD100219,2024-07-16,CUST8818,Regular,Beauty,1,7963,6051.88,24.0,No,None,Wallet,6,4.6,No
ORD100220,2024-09-03,CUST6669,Premium,Groceries,3,283,432.99,49.0,No,None,UPI,4,3.6,No
ORD100221,2024-11-19,CUST9760,Regular,Beauty,2,9831,11797.199999999999,40.0,No,None,Wallet,5,3.1,No
ORD100222,2024-07-21,CUST2949,Premium,Fashion,3,2868,4560.12,47.0,No,None,UPI,6,2.9,No
ORD100223,2024-07-02,CUST7873,Premium,Groceries,5,5431,24439.5,10.0,No,None,Wallet,4,3.4,Yes
ORD100224,2024-05-02,CUST6553,Regular,Home Decor,1,9090,4999.5,45.0,No,None,,3,4.5,No
ORD100225,2024-09-11,CUST8252,New,Home Decor,3,2020,3696.6,39.0,No,None,UPI,5,3.2,Yes
ORD100226,2024-10-20,CUST5921,Regular,Groceries,2,4614,5167.68,44.0,Yes,Diwali,Credit Card,6,2.6,No
ORD100227,2024-10-06,CUST7463,New,Groceries,5,7449,21974.550000000003,41.0,No,None,UPI,4,3.9,No
ORD100228,2024-11-20,CUST6997,Regular,Electronics,4,9490,21637.2,43.0,No,None,UPI,2,2.6,No
ORD100229,2024-04-07,CUST1846,Regular,Groceries,5,6772,27088.0,20.0,No,None,Credit Card,2,4.7,No
ORD100230,2024-07-16,CUST3633,Regular,Electronics,2,7827,15340.92,2.0,No,None,UPI,1,4.2,No
ORD100231,2024-08-27,CUST7826,Regular,Electronics,2,3094,6126.12,1.0,Yes,Raksha Bandhan,Wallet,7,3.1,Yes
ORD100232,2024-05-23,CUST8288,Regular,Electronics,4,3617,13021.2,10.0,No,None,Credit Card,6,3.7,No
ORD100233,2024-04-06,CUST2775,Premium,Electronics,5,448,1724.8,23.0,No,None,Credit Card,5,4.3,No
ORD100234,2024-07-19,CUST8956,Premium,Fashion,3,8010,12255.300000000001,49.0,No,None,COD,5,4.8,No
ORD100235,2024-05-03,CUST3385,Premium,Home Decor,3,2090,4827.900000000001,23.0,No,None,Wallet,6,4.7,No
ORD100236,2024-07-05,CUST2485,Regular,Electronics,5,8080,32320.0,20.0,No,,Wallet,5,2.7,No
ORD100237,2024-11-21,CUST5429,Premium,Home Decor,3,2315,5278.2,24.0,No,None,UPI,3,2.7,Yes
ORD100238,2024-12-14,CUST7848,Regular,Electronics,5,6781,32887.85,3.0,No,None,UPI,3,4.0,No
ORD100239,2024-09-15,CUST8798,Premium,Home Decor,5,3263,9952.15,39.0,No,None,Wallet,5,3.7,No
ORD100240,2024-05-27,CUST7528,Regular,Groceries,2,5851,6787.160000000001,42.0,No,None,Wallet,6,3.2,No
ORD100241,2024-09-08,CUST2624,New,Groceries,1,2006,1083.24,46.0,No,None,Wallet,4,4.9,Yes
ORD100242,2024-12-11,CUST7693,Premium,Home Decor,2,7500,11700.0,22.0,No,None,UPI,3,4.4,Yes
ORD100243,2024-05-26,CUST5286,Premium,Electronics,3,8687,20066.97,23.0,No,None,Wallet,6,4.2,No
ORD100244,2024-05-27,CUST7533,Regular,Fashion,1,2894,2315.2000000000003,20.0,No,None,Wallet,5,3.0,No
ORD100245,2024-12-17,CUST7168,Regular,Home Decor,5,5693,28180.35,1.0,No,None,Credit Card,3,3.2,No
ORD100246,2024-07-17,CUST8415,Regular,Beauty,3,8423,19709.82,22.0,No,None,Wallet,6,4.0,No
ORD100247,2024-11-03,CUST4342,New,Fashion,4,4850,16684.0,14.0,Yes,Diwali,COD,1,4.5,No
ORD100248,2024-05-07,CUST9706,New,Beauty,3,8326,18733.5,25.0,No,None,UPI,2,4.8,No
ORD100249,2024-02-08,CUST3363,Regular,Home Decor,1,992,744.0,25.0,No,None,Credit Card,7,4.2,No
ORD100250,2024-12-03,CUST6645,Premium,Electronics,1,4391,3205.43,27.0,No,None,Wallet,1,3.5,No
ORD100251,2024-12-25,CUST6232,Premium,Beauty,5,1289,4833.75,25.0,Yes,,Wallet,5,4.2,No
ORD100252,2024-05-08,CUST8252,Premium,Home Decor,4,8621,19311.04,,No,None,Credit Card,6,2.7,No
ORD100253,2024-09-23,CUST4314,Regular,Fashion,5,2980,14751.0,1.0,No,None,Credit Card,2,4.0,No
ORD100254,2024-05-30,CUST3218,Regular,Electronics,4,4697,12400.079999999998,34.0,No,None,Credit Card,4,4.7,No
ORD100255,2024-10-24,CUST1399,Regular,Beauty,4,989,2729.64,31.0,Yes,Diwali,COD,5,4.1,No
ORD100256,2024-04-08,CUST4172,New,Home Decor,5,4394,15598.699999999999,29.0,No,None,COD,4,2.5,No
ORD100257,2024-09-19,CUST6363,Regular,Electronics,3,4657,7684.05,45.0,No,None,Credit Card,4,4.2,No
ORD100258,2024-09-08,CUST7925,Regular,Electronics,2,6871,11131.02,19.0,No,None,Wallet,3,4.3,No
ORD100259,2024-05-23,CUST1148,New,Groceries,4,4835,17019.2,12.0,No,None,UPI,3,3.9,No
ORD100260,2024-12-11,CUST9264,Premium,Electronics,1,6161,4559.14,26.0,No,None,COD,2,4.5,No
ORD100261,2024-04-21,CUST2054,New,Home Decor,5,6938,27058.2,22.0,No,None,UPI,2,3.0,Yes
ORD100262,2024-02-29,CUST5665,Regular,Fashion,3,5355,13655.25,15.0,No,None,UPI,6,3.5,No
ORD100263,2024-01-02,CUST7023,Regular,Groceries,4,513,1436.3999999999999,30.0,No,None,COD,3,4.5,No
ORD100264,2024-10-30,CUST9699,New,Home Decor,3,6833,18244.11,11.0,Yes,Diwali,UPI,7,4.0,Yes
ORD100265,2024-09-10,CUST2145,Regular,Home Decor,5,432,1468.8,32.0,No,None,Wallet,2,5.0,No
ORD100266,2024-05-19,CUST6467,Regular,Home Decor,1,5935,3739.05,37.0,No,None,COD,6,2.7,No
ORD100267,2024-02-06,CUST4635,Regular,Beauty,4,9421,21103.04,44.0,No,None,COD,1,3.1,Yes
ORD100268,2024-06-08,CUST7133,Regular,Beauty,4,8049,22215.239999999998,31.0,No,None,UPI,5,3.0,No
ORD100269,2024-01-09,CUST5918,Regular,Fashion,3,2911,8645.67,1.0,No,None,UPI,1,4.9,No
ORD100270,2024-08-20,CUST9365,New,Home Decor,5,8140,20757.0,49.0,Yes,Independence Day,Credit Card,5,4.7,No
ORD100271,2024-04-08,CUST4370,New,Beauty,2,3544,3685.76,48.0,No,None,COD,6,2.8,Yes
ORD100272,2024-05-26,CUST9271,New,Beauty,4,2322,7244.64,22.0,No,None,UPI,3,3.4,No
ORD100273,2024-10-30,CUST7530,Regular,Beauty,1,3979,2745.5099999999998,31.0,Yes,Diwali,Wallet,7,2.6,No
ORD100274,2024-07-26,CUST5095,Regular,Fashion,4,5854,20137.76,14.0,No,None,COD,1,4.1,No
ORD100275,2024-05-10,CUST2376,Regular,Fashion,4,9272,22623.68,39.0,No,None,Credit Card,7,3.3,No
ORD100276,2024-05-31,CUST3029,New,Home Decor,2,1372,1646.3999999999999,40.0,No,None,Wallet,4,3.1,No
ORD100277,2024-02-23,CUST8206,Regular,Groceries,2,7517,9170.74,39.0,No,None,Credit Card,1,3.8,No
ORD100278,2024-04-29,CUST6695,Premium,Home Decor,5,7944,36939.6,7.0,No,None,Credit Card,2,4.5,No
ORD100279,2024-06-09,CUST2268,Premium,Beauty,4,359,832.8800000000001,42.0,No,None,Wallet,1,3.5,No
ORD100280,2024-04-25,CUST7470,Regular,Beauty,4,8163,16652.52,49.0,No,None,Credit Card,3,4.4,No
ORD100281,2024-03-15,CUST9894,Regular,Electronics,3,2329,3633.2400000000002,48.0,No,None,Credit Card,3,3.6,No
ORD100282,2024-04-22,CUST8732,New,Home Decor,3,3278,7768.860000000001,21.0,No,None,Credit Card,7,3.0,Yes
ORD100283,2024-04-13,CUST3118,New,Beauty,1,2429,1530.27,37.0,No,None,Credit Card,2,3.6,No
ORD100284,2024-12-05,CUST9338,Regular,Beauty,1,3117,2088.39,33.0,No,None,Credit Card,5,3.8,No
ORD100285,2024-09-10,CUST5765,Regular,Groceries,3,3213,9639.0,0.0,No,None,COD,2,3.7,No
ORD100286,2024-08-14,CUST2506,New,Electronics,1,9941,9046.31,9.0,Yes,Independence Day,UPI,6,3.2,No
ORD100287,2024-04-21,CUST1195,Regular,Home Decor,4,6526,15923.44,39.0,No,None,COD,5,3.0,No
ORD100288,2024-04-08,CUST2838,Regular,Fashion,2,1779,3024.2999999999997,15.0,No,None,COD,3,4.9,No
ORD100289,2024-06-01,CUST2233,Regular,Home Decor,4,2160,6652.8,23.0,No,None,UPI,7,3.2,No
ORD100290,2024-12-14,CUST7262,Premium,Home Decor,3,8102,13368.300000000001,45.0,No,None,UPI,7,4.3,No
ORD100291,2024-12-31,CUST5702,Regular,Groceries,5,6857,26399.45,23.0,Yes,Christmas/New Year,Wallet,3,3.4,No
ORD100292,2024-12-03,CUST6791,Regular,Home Decor,5,4044,10716.6,47.0,No,None,Credit Card,6,4.9,No
ORD100293,2024-07-12,CUST2139,Regular,Groceries,3,4897,12781.17,13.0,No,None,UPI,5,5.0,No
ORD100294,2024-11-05,CUST1510,Premium,Groceries,4,2590,7770.0,25.0,Yes,Diwali,Wallet,1,4.6,No
ORD100295,2024-06-11,CUST9466,New,Beauty,1,1619,1003.78,38.0,No,None,Wallet,1,4.0,No
ORD100296,2024-07-26,CUST5496,New,Fashion,1,4117,3417.1099999999997,17.0,No,None,COD,2,3.9,No
ORD100297,2024-06-17,CUST4993,New,Groceries,5,5142,20825.100000000002,19.0,No,None,,7,3.3,Yes
ORD100298,2024-06-09,CUST2587,Premium,Electronics,3,8554,15397.199999999999,40.0,No,None,Credit Card,3,2.8,No
ORD100299,2024-03-08,CUST9231,Regular,Electronics,3,8507,16588.65,35.0,No,None,COD,1,2.7,Yes
ORD100300,2024-10-15,CUST2756,Regular,Fashion,2,7770,11965.800000000001,23.0,No,None,UPI,3,3.7,No
ORD100301,2024-10-03,CUST1553,New,Groceries,5,5398,20242.5,25.0,No,None,COD,2,4.9,No
ORD100302,2024-10-30,CUST7856,Regular,Fashion,3,9862,21301.92,28.0,Yes,Diwali,COD,4,3.1,No
ORD100303,2024-05-14,CUST1589,Regular,Beauty,2,6202,6574.12,47.0,No,None,Credit Card,3,3.5,No
ORD100304,2024-07-13,CUST3375,Premium,Electronics,1,5342,4220.18,21.0,No,None,,4,,No
ORD100305,2024-05-07,CUST9268,Regular,Home Decor,5,4052,18234.0,,No,None,COD,7,3.4,No
ORD100306,2024-02-02,CUST6618,Regular,Electronics,5,742,2226.0,40.0,No,None,UPI,3,2.5,No
ORD100307,2024-06-24,CUST6889,New,Groceries,3,8805,13735.800000000001,48.0,No,None,Credit Card,5,3.5,No
ORD100308,2024-01-22,CUST7767,New,Fashion,3,9073,24497.100000000002,10.0,Yes,Republic Day,COD,6,4.5,No
ORD100309,2024-08-25,CUST1934,Regular,Electronics,4,9033,35409.36,2.0,Yes,Raksha Bandhan,Credit Card,4,4.9,Yes
ORD100310,2024-06-06,CUST7007,New,Home Decor,1,4178,3342.4,20.0,No,None,Credit Card,5,3.2,Yes
ORD100311,2024-02-07,CUST7787,Premium,Home Decor,1,1632,1468.8,10.0,No,None,Wallet,6,4.8,No
ORD100312,2024-08-17,CUST5725,Premium,Fashion,2,9060,16851.6,7.0,Yes,Independence Day,UPI,5,4.7,No
ORD100313,2024-12-30,CUST1209,Regular,Fashion,2,8005,11207.0,30.0,Yes,Christmas/New Year,COD,2,3.5,No
ORD100314,2024-02-20,CUST2936,Regular,Electronics,4,1168,4251.52,9.0,No,None,COD,2,2.5,No
ORD100315,2024-09-20,CUST5780,Premium,Groceries,1,6000,5700.0,5.0,No,None,Wallet,1,4.6,Yes
ORD100316,2024-10-09,CUST5401,New,Beauty,2,8045,13515.6,16.0,No,None,COD,4,3.2,No
ORD100317,2024-01-27,CUST6307,Premium,Home Decor,1,9572,6030.36,37.0,Yes,Republic Day,COD,1,4.4,No
ORD100318,2024-08-13,CUST8091,Regular,Fashion,1,5791,5443.54,6.0,Yes,Independence Day,Wallet,7,3.9,No
ORD100319,2024-10-03,CUST5617,Regular,Beauty,2,5583,7704.539999999999,31.0,No,None,Wallet,4,3.1,No
ORD100320,2024-10-12,CUST9771,New,Beauty,3,7670,20248.8,12.0,No,None,COD,2,4.1,No
ORD100321,2024-04-06,CUST9462,Regular,Beauty,3,5019,14304.15,5.0,No,None,Wallet,2,4.4,No
ORD100322,2024-10-10,CUST8679,Premium,Groceries,2,7832,15350.72,2.0,No,None,Credit Card,6,3.7,No
ORD100323,2024-11-12,CUST8958,Regular,Fashion,4,3435,10167.6,26.0,No,None,Credit Card,6,4.4,No
ORD100324,2024-10-30,CUST5482,Regular,Home Decor,5,5455,15274.000000000002,44.0,Yes,Diwali,Credit Card,2,3.5,No
ORD100325,2024-05-26,CUST5649,Premium,Fashion,1,451,266.09000000000003,41.0,No,None,Credit Card,7,5.0,No
ORD100326,2024-01-04,CUST4939,Premium,Electronics,5,4500,16875.0,25.0,No,None,Wallet,4,3.1,No
ORD100327,2024-02-04,CUST4323,Regular,Home Decor,2,7609,14761.46,3.0,No,None,UPI,7,4.4,No
ORD100328,2024-07-10,CUST3871,Regular,Fashion,1,4198,2686.7200000000003,36.0,No,None,UPI,7,4.4,No
ORD100329,2024-02-18,CUST4350,New,Home Decor,5,9182,36728.0,20.0,No,None,COD,2,3.8,No
ORD100330,2024-01-17,CUST5792,Regular,Electronics,3,5380,11782.199999999999,27.0,No,None,UPI,1,3.4,No
ORD100331,2024-06-20,CUST2941,Premium,Home Decor,4,5621,18661.719999999998,17.0,No,None,Credit Card,5,3.6,No
ORD100332,2024-08-07,CUST6349,New,Beauty,5,1695,5847.75,31.0,No,None,Wallet,6,4.1,No
ORD100333,2024-06-06,CUST5427,Regular,Groceries,4,8178,20281.44,38.0,No,None,Credit Card,7,3.8,No
ORD100334,2024-02-15,CUST5978,New,Electronics,3,8341,17015.64,32.0,No,None,Credit Card,4,4.4,No
ORD100335,2024-01-06,CUST9280,Regular,Home Decor,5,5578,20917.5,25.0,No,None,Wallet,5,3.4,No
ORD100336,2024-04-08,CUST7432,Premium,Electronics,2,2777,4665.36,16.0,No,None,Credit Card,1,2.8,No
ORD100337,2024-08-20,CUST8583,Regular,Beauty,1,5506,3964.3199999999997,28.0,Yes,Independence Day,Credit Card,3,3.8,No
ORD100338,2024-02-06,CUST4442,New,Groceries,3,8333,20249.190000000002,19.0,No,None,Wallet,6,3.1,No
ORD100339,2024-10-06,CUST5706,Regular,Electronics,4,1435,4075.3999999999996,29.0,No,None,Wallet,2,4.0,No
ORD100340,2024-12-14,CUST7962,Regular,Beauty,4,1258,2566.32,49.0,No,None,COD,6,3.8,Yes
ORD100341,2024-10-28,CUST6308,New,Beauty,3,9562,27538.559999999998,4.0,Yes,Diwali,COD,6,4.4,No
ORD100342,2024-06-29,CUST4137,Premium,Beauty,2,3859,7332.099999999999,5.0,No,None,Credit Card,6,3.9,No
ORD100343,2024-04-04,CUST8032,Premium,Home Decor,2,5568,6570.240000000001,41.0,No,None,COD,1,3.6,No
ORD100344,2024-04-08,CUST4938,Regular,Fashion,4,256,931.84,9.0,No,None,UPI,3,2.8,No
ORD100345,2024-07-06,CUST9408,Premium,Electronics,3,7672,21865.2,5.0,No,None,UPI,4,2.8,Yes
ORD100346,2024-04-25,CUST5757,Regular,Fashion,3,2769,7559.37,9.0,No,None,Credit Card,1,4.1,No
ORD100347,2024-07-09,CUST9549,Regular,Beauty,1,4280,2525.2000000000003,41.0,No,None,COD,4,4.7,No
ORD100348,2024-09-09,CUST1468,Premium,Fashion,4,6577,21046.4,20.0,No,,Credit Card,5,3.5,No
ORD100349,2024-06-09,CUST5615,Regular,Beauty,2,2148,2448.7200000000003,43.0,No,None,COD,5,3.8,No
ORD100350,2024-09-12,CUST6851,New,Beauty,5,422,2046.7,3.0,No,None,Wallet,4,4.0,Yes
ORD100351,2024-11-18,CUST3910,New,Groceries,2,5417,9533.92,12.0,No,None,Wallet,7,3.7,No
ORD100352,2024-05-07,CUST8386,Premium,Groceries,2,9227,16793.14,9.0,No,None,Wallet,5,2.6,No
ORD100353,2024-01-18,CUST8477,New,Fashion,5,2736,11628.0,15.0,No,None,Wallet,5,4.0,No
ORD100354,2024-10-07,CUST3492,Premium,Electronics,4,2725,8938.0,18.0,No,None,Credit Card,2,2.8,No
ORD100355,2024-08-10,CUST3197,Regular,Fashion,1,9376,8907.199999999999,5.0,Yes,Independence Day,Credit Card,4,3.9,No
ORD100356,2024-02-23,CUST4023,Premium,Electronics,2,1557,2335.5,25.0,No,None,Credit Card,4,4.4,No
ORD100357,2024-02-27,CUST5011,Regular,Fashion,2,5087,9360.08,8.0,No,None,UPI,3,2.5,Yes
ORD100358,2024-11-18,CUST9795,Regular,Home Decor,4,7922,17428.4,45.0,No,None,Wallet,6,3.6,No
ORD100359,2024-12-25,CUST8873,New,Home Decor,4,6182,22502.48,9.0,Yes,Christmas/New Year,Wallet,2,4.4,No
ORD100360,2024-06-22,CUST4774,Premium,Electronics,3,4677,8558.91,39.0,No,None,Wallet,1,3.8,No
ORD100361,2024-10-06,CUST4234,New,Groceries,4,9838,38564.96,2.0,No,None,COD,2,3.1,No
ORD100362,2024-04-23,CUST7733,Regular,Electronics,4,1571,3267.6800000000003,48.0,No,None,COD,1,4.2,No
ORD100363,2024-10-14,CUST8896,Premium,Fashion,2,3424,5615.360000000001,18.0,No,None,UPI,4,4.5,No
ORD100364,2024-12-07,CUST5050,Regular,Beauty,1,2074,1368.84,34.0,No,None,UPI,2,3.4,Yes
ORD100365,2024-05-30,CUST8593,Premium,Home Decor,2,3561,3917.1000000000004,45.0,No,None,COD,7,3.2,No
ORD100366,2024-05-06,CUST8384,Premium,Beauty,4,6304,23955.199999999997,5.0,No,None,COD,3,3.9,No
ORD100367,2024-06-03,CUST6446,Premium,Home Decor,3,1342,2898.72,28.0,No,None,Credit Card,6,3.4,No
ORD100368,2024-09-29,CUST2083,Regular,Fashion,1,4509,3697.38,,No,None,Credit Card,5,4.6,No
ORD100369,2024-04-13,CUST9644,Regular,Home Decor,3,8956,13702.68,49.0,No,None,COD,1,4.4,No
ORD100370,2024-10-25,CUST5752,Regular,Electronics,5,7098,20229.300000000003,43.0,Yes,Diwali,Wallet,5,3.3,No
ORD100371,2024-09-02,CUST9849,Premium,Beauty,3,1788,4613.04,14.0,No,None,,6,3.6,No
ORD100372,2024-06-24,CUST5338,New,Beauty,3,5198,9824.22,37.0,No,None,Credit Card,4,4.7,No
ORD100373,2024-02-08,CUST2035,Regular,Fashion,4,9862,31558.4,20.0,No,None,UPI,4,2.9,No
ORD100374,2024-06-18,CUST5291,Premium,Beauty,4,4542,10355.760000000002,43.0,No,None,COD,4,4.4,No
ORD100375,2024-09-03,CUST1637,New,Fashion,4,3562,8833.76,38.0,No,None,COD,5,3.3,No
ORD100376,2024-01-26,CUST5518,Premium,Groceries,4,1836,5728.320000000001,22.0,Yes,,Wallet,6,2.8,No
ORD100377,2024-12-20,CUST2397,Premium,Electronics,4,9864,31959.36,19.0,Yes,Christmas/New Year,UPI,7,2.8,No
ORD100378,2024-11-01,CUST1940,New,Home Decor,3,6427,11375.79,41.0,Yes,Diwali,Wallet,4,3.2,No
ORD100379,2024-01-13,CUST7286,Regular,Home Decor,5,1444,3682.2000000000003,49.0,No,None,UPI,4,3.9,No
ORD100380,2024-11-11,CUST5728,Regular,Home Decor,4,7114,28171.44,1.0,No,None,Wallet,5,4.8,No
ORD100381,2024-11-08,CUST5148,Regular,Groceries,5,5506,15416.800000000001,44.0,Yes,Diwali,,4,3.3,No
ORD100382,2024-02-05,CUST5435,New,Electronics,5,4714,16263.3,31.0,No,None,COD,6,3.0,No
ORD100383,2024-06-21,CUST7943,New,Beauty,2,8650,9342.0,46.0,No,None,COD,1,,No
ORD100384,2024-01-20,CUST9234,Premium,Beauty,2,2558,3734.68,27.0,Yes,Republic Day,COD,2,2.9,Yes
ORD100385,2024-11-16,CUST7048,Regular,Electronics,1,5815,5640.55,3.0,No,None,Credit Card,1,3.2,No
ORD100386,2024-09-20,CUST8719,Regular,Electronics,2,1468,2759.8399999999997,6.0,No,None,UPI,7,5.0,No
ORD100387,2024-05-21,CUST4471,Regular,Home Decor,4,9331,36577.52,2.0,No,None,UPI,4,3.9,No
ORD100388,2024-05-22,CUST6976,Regular,Beauty,5,2576,9788.8,24.0,No,None,Wallet,6,4.5,No
ORD100389,2024-04-01,CUST2689,Premium,Electronics,1,8587,4551.110000000001,47.0,No,None,Credit Card,6,3.0,No
ORD100390,2024-12-19,CUST6255,New,Beauty,2,3296,6064.64,8.0,No,None,Wallet,4,3.8,No
ORD100391,2024-11-17,CUST6417,New,Electronics,3,3835,8973.9,22.0,No,None,Credit Card,7,3.8,No
ORD100392,2024-10-14,CUST3209,Premium,Fashion,1,761,593.58,22.0,No,None,Wallet,7,4.5,Yes
ORD100393,2024-08-02,CUST1684,Regular,Home Decor,4,8431,17536.48,48.0,No,None,Credit Card,4,2.6,No
ORD100394,2024-12-07,CUST9747,Regular,Electronics,5,7939,29771.25,25.0,No,None,Wallet,4,4.7,No
ORD100395,2024-02-20,CUST8496,Regular,Groceries,4,7071,17253.239999999998,39.0,No,None,Wallet,5,2.7,No
ORD100396,2024-06-01,CUST8174,Premium,Electronics,4,2704,8977.279999999999,17.0,No,None,Credit Card,6,4.8,No
ORD100397,2024-07-04,CUST3865,New,Fashion,3,7221,16680.510000000002,23.0,No,None,UPI,2,2.9,No
ORD100398,2024-03-03,CUST4936,Regular,Groceries,3,6171,13699.619999999999,,No,None,Wallet,5,3.8,No
ORD100399,2024-07-08,CUST5529,Regular,Groceries,5,8076,22612.800000000003,44.0,No,None,Credit Card,5,2.7,No
ORD100400,2024-05-04,CUST8110,Regular,Electronics,2,9179,18174.42,1.0,No,None,Credit Card,6,3.6,No
ORD100401,2024-05-29,CUST9389,Regular,Fashion,4,4297,17188.0,0.0,No,None,UPI,7,,No
ORD100402,2024-11-09,CUST8091,Regular,Groceries,2,9884,10477.04,47.0,Yes,Diwali,UPI,4,3.6,No
ORD100403,2024-02-27,CUST8353,Regular,Home Decor,5,9521,40464.25,15.0,No,None,UPI,1,3.9,No
ORD100404,2024-12-07,CUST7049,Regular,Home Decor,4,7022,16291.040000000003,42.0,No,None,UPI,6,3.6,No
ORD100405,2024-10-31,CUST6743,New,Beauty,2,6078,9360.12,23.0,Yes,Diwali,Wallet,1,2.6,Yes
ORD100406,2024-06-28,CUST7841,Premium,Beauty,4,4709,12243.4,35.0,No,None,Wallet,3,4.7,No
ORD100407,2024-06-18,CUST7508,Regular,Fashion,3,6386,17242.2,10.0,No,None,COD,6,2.7,No
ORD100408,2024-11-21,CUST4881,Regular,Groceries,3,3760,8460.0,25.0,No,,,2,5.0,No
ORD100409,2024-09-27,CUST5557,Regular,Home Decor,1,5879,5585.05,5.0,No,None,COD,6,4.6,No
ORD100410,2024-02-23,CUST5064,Regular,Home Decor,5,2885,10818.75,25.0,No,None,COD,3,3.9,No
ORD100411,2024-04-10,CUST1112,Regular,Fashion,2,6812,9809.279999999999,28.0,No,None,Wallet,5,,No
ORD100412,2024-09-20,CUST4564,Premium,Groceries,4,5021,11648.720000000001,42.0,No,None,COD,3,2.7,No
ORD100413,2024-02-22,CUST4441,Premium,Fashion,1,8007,8007.0,0.0,No,None,UPI,7,4.2,Yes
ORD100414,2024-02-29,CUST2822,Premium,Electronics,5,1612,7415.200000000001,8.0,No,None,COD,3,3.0,No
ORD100415,2024-04-17,CUST6307,Regular,Home Decor,5,1421,5257.7,26.0,No,None,Wallet,6,4.3,No
ORD100416,2024-01-05,CUST1198,New,Fashion,5,2449,11510.3,6.0,No,None,Credit Card,3,4.6,No
ORD100417,2024-04-12,CUST2083,Regular,Fashion,2,2439,4780.44,2.0,No,None,Wallet,2,5.0,No
ORD100418,2024-07-14,CUST8827,Regular,Electronics,3,4402,12149.52,8.0,No,None,Credit Card,6,3.8,No
ORD100419,2024-09-18,CUST9387,Premium,Beauty,1,8073,7992.2699999999995,1.0,No,None,Credit Card,1,4.9,No
ORD100420,2024-12-30,CUST4465,Premium,Home Decor,2,7093,12909.26,9.0,Yes,Christmas/New Year,COD,1,2.9,No
ORD100421,2024-12-15,CUST8050,New,Fashion,4,9035,30357.6,16.0,No,None,COD,3,4.6,No
ORD100422,2024-02-16,CUST7865,Premium,Home Decor,2,5603,7844.2,30.0,No,None,Credit Card,6,3.4,No
ORD100423,2024-12-20,CUST6000,New,Beauty,4,5385,21540.0,0.0,Yes,Christmas/New Year,COD,2,3.4,No
ORD100424,2024-11-06,CUST5072,New,Fashion,4,4490,14906.8,17.0,Yes,Diwali,UPI,1,3.2,No
ORD100425,2024-11-03,CUST1699,Premium,Electronics,5,4342,20624.5,5.0,Yes,Diwali,Wallet,4,2.9,No
ORD100426,2024-05-23,CUST2314,Premium,Home Decor,2,9777,12319.02,37.0,No,None,COD,6,3.6,No
ORD100427,2024-09-25,CUST3161,Premium,Electronics,3,7352,13233.6,40.0,No,None,Credit Card,7,5.0,No
ORD100428,2024-05-03,CUST2813,New,Beauty,4,2784,6570.240000000001,41.0,No,None,Credit Card,6,3.3,No
ORD100429,2024-04-15,CUST5488,Premium,Beauty,5,1801,4862.700000000001,46.0,No,None,Wallet,7,3.7,Yes
ORD100430,2024-06-06,CUST1034,Regular,Home Decor,3,5142,14963.22,3.0,No,None,COD,1,3.1,No
ORD100431,2024-05-26,CUST7052,Premium,Beauty,2,5898,7195.5599999999995,39.0,No,None,COD,1,3.3,No
ORD100432,2024-05-24,CUST7633,Regular,Groceries,3,1007,2930.37,3.0,No,None,Credit Card,2,2.6,No
ORD100433,2024-04-29,CUST3034,Regular,Home Decor,2,7545,9959.4,34.0,No,None,Wallet,2,4.9,No
ORD100434,2024-11-14,CUST1857,Regular,Groceries,4,8506,33003.28,3.0,No,None,Credit Card,1,3.8,No
ORD100435,2024-10-01,CUST3289,Premium,Beauty,1,2927,2927.0,0.0,No,None,Wallet,4,4.3,No
ORD100436,2024-04-01,CUST4810,New,Home Decor,1,8365,5019.0,40.0,No,None,COD,4,3.8,No
ORD100437,2024-02-27,CUST6188,Regular,Groceries,4,4371,10140.720000000001,42.0,No,None,COD,7,4.4,Yes
ORD100438,2024-12-11,CUST3006,Regular,Beauty,3,9841,20666.1,30.0,No,None,Wallet,3,3.8,No
ORD100439,2024-08-16,CUST3428,Regular,Fashion,2,1768,2899.5200000000004,18.0,Yes,Independence Day,Credit Card,3,4.3,No
ORD100440,2024-04-26,CUST5862,Premium,Fashion,1,9714,7771.200000000001,20.0,No,None,Credit Card,1,4.2,No
ORD100441,2024-11-13,CUST8465,Regular,Electronics,2,9252,13137.84,29.0,No,None,Credit Card,1,3.8,No
ORD100442,2024-10-05,CUST4669,Regular,Fashion,4,941,3538.16,6.0,No,None,Wallet,1,3.1,No
ORD100443,2024-05-06,CUST8588,Regular,Groceries,3,6637,19114.559999999998,4.0,No,None,Wallet,6,3.0,No
ORD100444,2024-05-08,CUST4384,Regular,Fashion,2,5104,10105.92,1.0,No,None,Credit Card,4,4.7,No
ORD100445,2024-02-27,CUST9980,Regular,Home Decor,3,3133,9211.02,2.0,No,None,Credit Card,5,2.8,No
ORD100446,2024-05-01,CUST7111,Premium,Home Decor,1,4709,4049.74,14.0,No,None,Wallet,3,3.9,No
ORD100447,2024-01-01,CUST6012,Regular,Home Decor,2,4726,5860.24,38.0,No,None,Wallet,3,3.8,No
ORD100448,2024-08-26,CUST2578,Premium,Fashion,5,6109,19548.8,36.0,Yes,Raksha Bandhan,Credit Card,5,4.5,No
ORD100449,2024-10-16,CUST2975,Regular,Fashion,1,5549,5049.59,9.0,No,None,Credit Card,1,2.8,No
ORD100450,2024-04-05,CUST9448,Regular,Electronics,3,3367,9292.92,8.0,No,None,COD,3,4.2,No
ORD100451,2024-05-05,CUST1939,Regular,Beauty,4,7806,24354.72,22.0,No,None,UPI,4,4.0,No
ORD100452,2024-04-27,CUST2669,Premium,Electronics,5,2418,10518.3,13.0,No,None,Wallet,5,4.3,No
ORD100453,2024-02-17,CUST2495,New,Groceries,2,1540,1724.8000000000002,44.0,No,None,UPI,4,4.1,No
ORD100454,2024-03-29,CUST2325,New,Home Decor,1,8209,5582.12,32.0,Yes,Holi,Wallet,6,3.9,Yes
ORD100455,2024-08-24,CUST5715,Premium,Fashion,2,4839,8226.3,15.0,No,None,COD,1,4.8,No
ORD100456,2024-09-28,CUST1770,Regular,Beauty,2,1714,2776.6800000000003,19.0,No,None,Wallet,3,3.4,No
ORD100457,2024-07-07,CUST7267,New,Beauty,5,1611,7491.15,7.0,No,None,Wallet,7,3.0,No
ORD100458,2024-07-10,CUST5943,Premium,Fashion,5,7924,20602.4,48.0,No,,UPI,4,4.5,No
ORD100459,2024-03-09,CUST9380,Regular,Electronics,5,4367,13756.05,37.0,No,None,COD,5,2.8,No
ORD100460,2024-10-04,CUST8827,New,Beauty,5,1222,4093.6999999999994,,No,None,COD,7,4.2,No
ORD100461,2024-12-14,CUST3943,Regular,Electronics,4,2958,8282.4,30.0,No,None,COD,1,3.9,No
ORD100462,2024-09-03,CUST7377,Regular,Fashion,3,9504,15966.720000000001,44.0,No,None,COD,3,2.5,No
ORD100463,2024-03-16,CUST5197,Regular,Electronics,5,5008,23287.199999999997,7.0,No,None,Wallet,3,3.1,No
ORD100464,2024-06-02,CUST9357,Regular,Home Decor,1,9950,7562.0,24.0,No,None,UPI,7,3.7,No
ORD100465,2024-05-23,CUST8375,Premium,Fashion,2,9033,10839.6,40.0,No,None,COD,1,3.3,No
ORD100466,2024-03-26,CUST6882,Regular,Fashion,5,6933,30505.2,12.0,Yes,Holi,Credit Card,1,3.6,No
ORD100467,2024-07-03,CUST2721,Regular,Beauty,1,5107,4238.8099999999995,17.0,No,None,COD,1,4.0,No
ORD100468,2024-10-11,CUST4584,Regular,Beauty,4,3425,6987.0,49.0,No,None,UPI,6,4.3,No
ORD100469,2024-08-07,CUST3173,Premium,Beauty,1,1214,728.4,40.0,No,None,UPI,4,2.9,No
ORD100470,2024-03-09,CUST5840,Premium,Home Decor,1,6968,4668.5599999999995,33.0,No,None,UPI,2,3.2,No
ORD100471,2024-02-16,CUST9866,Regular,Home Decor,4,5658,14710.800000000001,35.0,No,None,UPI,6,4.1,No
ORD100472,2024-04-03,CUST9422,Regular,Groceries,4,2221,4530.84,49.0,No,None,Credit Card,3,4.0,Yes
ORD100473,2024-08-25,CUST7752,Regular,Fashion,2,2876,4831.679999999999,16.0,Yes,Raksha Bandhan,COD,7,4.3,No
ORD100474,2024-07-22,CUST4048,New,Beauty,5,9932,44197.4,11.0,No,None,Wallet,4,4.1,No
ORD100475,2024-08-05,CUST7864,Regular,Fashion,1,3306,2810.1,15.0,No,None,Wallet,5,3.3,Yes
ORD100476,2024-12-06,CUST2225,Regular,Electronics,3,9175,24222.0,12.0,No,None,Credit Card,3,3.7,No
ORD100477,2024-02-08,CUST6723,Regular,Home Decor,3,9062,24467.4,10.0,No,None,COD,6,4.7,No
ORD100478,2024-04-09,CUST4861,Premium,Groceries,2,2784,4844.16,13.0,No,None,COD,2,3.0,No
ORD100479,2024-10-15,CUST7726,Premium,Electronics,3,5142,9101.340000000002,41.0,No,None,Wallet,5,3.4,No
ORD100480,2024-09-10,CUST4848,Regular,Fashion,2,1477,2156.42,27.0,No,None,Credit Card,3,4.6,No
ORD100481,2024-08-09,CUST4955,Regular,Home Decor,5,3243,12485.550000000001,23.0,No,None,Wallet,7,3.4,No
ORD100482,2024-12-22,CUST2705,Regular,Beauty,2,7570,12717.6,16.0,Yes,Christmas/New Year,Credit Card,2,3.5,No
ORD100483,2024-01-23,CUST7655,New,Electronics,4,6060,22300.8,8.0,Yes,Republic Day,UPI,1,3.3,Yes
ORD100484,2024-09-06,CUST4035,New,Home Decor,4,3982,8760.400000000001,45.0,No,None,COD,2,4.7,No
ORD100485,2024-01-10,CUST8885,Premium,Fashion,4,7257,20609.879999999997,29.0,No,None,COD,3,,No
ORD100486,2024-09-02,CUST9721,Premium,Fashion,4,8569,21936.64,36.0,No,None,COD,2,3.0,No
ORD100487,2024-11-20,CUST8205,Regular,Electronics,4,8667,33974.64,2.0,No,None,COD,6,4.4,No
ORD100488,2024-04-09,CUST1320,Premium,Electronics,4,3681,13693.32,7.0,No,None,COD,3,,No
ORD100489,2024-10-16,CUST5158,Premium,Electronics,4,5972,19827.039999999997,17.0,No,None,COD,3,3.5,No
ORD100490,2024-06-28,CUST4912,Regular,Groceries,4,9816,27877.44,29.0,No,None,UPI,7,4.8,No
ORD100491,2024-08-10,CUST6764,New,Beauty,4,5536,21701.12,2.0,Yes,Independence Day,COD,2,4.2,No
ORD100492,2024-09-06,CUST2121,Regular,Home Decor,5,4322,14478.699999999999,33.0,No,None,UPI,2,4.5,No
ORD100493,2024-05-26,CUST9242,Regular,Fashion,4,3160,7331.200000000001,42.0,No,None,COD,6,4.8,No
ORD100494,2024-04-05,CUST2452,Premium,Fashion,2,8097,11821.619999999999,27.0,No,None,COD,5,4.4,No
ORD100495,2024-09-13,CUST8317,Premium,Beauty,5,2669,8540.8,36.0,No,None,Credit Card,5,2.7,No
ORD100496,2024-11-20,CUST7678,Premium,Electronics,3,7251,16532.28,24.0,No,None,COD,4,3.1,Yes
ORD100497,2024-01-04,CUST3875,Regular,Electronics,1,4268,3030.2799999999997,29.0,No,None,Wallet,3,3.7,Yes
ORD100498,2024-01-16,CUST9814,New,Fashion,5,5643,26522.1,6.0,No,None,Credit Card,5,2.5,No
ORD100499,2024-10-06,CUST2920,Premium,Beauty,4,9982,21960.4,45.0,No,None,Credit Card,7,4.1,No
ORD100500,2024-12-01,CUST4318,Regular,Fashion,5,4580,16488.0,28.0,No,None,Credit Card,4,4.1,No
ORD100501,2024-09-03,CUST4291,New,Electronics,1,9504,9408.96,1.0,No,None,Wallet,6,4.2,No
ORD100502,2024-09-14,CUST2271,Premium,Home Decor,1,9460,7095.0,25.0,No,None,UPI,3,3.9,No
ORD100503,2024-06-08,CUST9165,Regular,Electronics,4,2745,6588.0,40.0,No,None,Credit Card,6,3.6,No
ORD100504,2024-12-05,CUST4709,Premium,Home Decor,4,7865,18561.4,41.0,No,None,Credit Card,7,4.6,No
ORD100505,2024-05-31,CUST5865,Regular,Groceries,2,3849,4002.96,48.0,No,None,Credit Card,4,4.4,No
ORD100506,2024-06-26,CUST1087,Regular,Beauty,1,2014,1893.1599999999999,6.0,No,None,COD,5,4.0,No
ORD100507,2024-06-11,CUST1135,Regular,Groceries,4,4107,13635.24,17.0,No,None,UPI,4,2.6,No
ORD100508,2024-02-02,CUST4606,New,Electronics,1,3931,3734.45,5.0,No,None,Wallet,2,4.2,Yes
ORD100509,2024-06-27,CUST2472,Regular,Beauty,2,7885,9462.0,40.0,No,None,Wallet,6,3.9,No
ORD100510,2024-04-10,CUST8952,Premium,Electronics,3,8473,15505.59,39.0,No,None,UPI,4,4.2,No
ORD100511,2024-09-24,CUST6343,Regular,Beauty,1,6069,4491.06,26.0,No,None,UPI,6,3.3,No
ORD100512,2024-11-18,CUST4585,Premium,Beauty,2,8473,10167.6,40.0,No,None,UPI,1,4.4,No
ORD100513,2024-03-05,CUST1161,Premium,Electronics,2,293,451.22,23.0,No,None,COD,1,3.5,Yes
ORD100514,2024-06-16,CUST1674,Premium,Electronics,2,8386,11404.96,32.0,No,None,Credit Card,4,4.7,No
ORD100515,2024-11-25,CUST7248,Regular,Beauty,5,542,1896.9999999999998,30.0,No,,COD,1,,No
ORD100516,2024-02-12,CUST4741,Premium,Beauty,4,7140,19135.199999999997,33.0,No,None,UPI,4,3.7,Yes
ORD100517,2024-02-13,CUST6429,New,Electronics,1,2608,2060.32,21.0,No,None,COD,6,3.0,No
ORD100518,2024-10-11,CUST8476,Premium,Electronics,5,9481,36501.85,23.0,No,None,Wallet,7,3.6,Yes
ORD100519,2024-01-12,CUST5002,Regular,Fashion,1,823,534.95,35.0,No,None,COD,7,3.4,No
ORD100520,2024-04-04,CUST6423,New,Fashion,5,1067,3894.5499999999997,27.0,No,None,UPI,4,4.5,No
ORD100521,2024-10-28,CUST4537,Regular,Fashion,4,3672,11897.28,19.0,Yes,Diwali,Credit Card,4,2.9,No
ORD100522,2024-09-09,CUST2119,Premium,Groceries,2,370,614.1999999999999,17.0,No,None,COD,1,4.0,No
ORD100523,2024-08-29,CUST1273,New,Beauty,1,8969,5291.710000000001,41.0,Yes,Raksha Bandhan,UPI,3,3.5,No
ORD100524,2024-02-04,CUST6464,Regular,Home Decor,2,8459,11673.419999999998,31.0,No,None,COD,4,3.8,Yes
ORD100525,2024-08-02,CUST6393,Regular,Groceries,4,1715,4664.799999999999,32.0,No,None,Wallet,4,4.3,No
ORD100526,2024-12-02,CUST6227,Regular,Beauty,1,8392,7636.72,9.0,No,None,COD,2,3.4,Yes
ORD100527,2024-03-30,CUST3383,Premium,Home Decor,3,2398,6618.4800000000005,8.0,Yes,Holi,COD,2,3.4,No
ORD100528,2024-09-20,CUST3946,Premium,Fashion,3,1101,2510.28,24.0,No,None,Credit Card,5,2.7,No
ORD100529,2024-04-02,CUST7554,Regular,Home Decor,3,6103,16111.92,12.0,No,None,COD,1,3.9,No
ORD100530,2024-03-30,CUST9755,Regular,Electronics,4,7955,17182.800000000003,46.0,Yes,Holi,COD,3,3.5,No
ORD100531,2024-04-24,CUST5626,Regular,Electronics,3,9186,14054.58,49.0,No,None,Wallet,7,4.5,No
ORD100532,2024-04-14,CUST8209,Regular,Beauty,1,2266,1268.96,44.0,No,None,Wallet,4,3.6,No
ORD100533,2024-07-14,CUST3861,Regular,Groceries,3,8762,25234.559999999998,4.0,No,None,Wallet,7,4.9,No
ORD100534,2024-11-09,CUST3159,New,Fashion,1,2738,1916.6,30.0,Yes,Diwali,Credit Card,4,2.9,No
ORD100535,2024-04-23,CUST1118,Regular,Beauty,4,4107,11499.599999999999,30.0,No,None,Wallet,1,3.2,No
ORD100536,2024-03-15,CUST9646,New,Fashion,2,7160,9594.4,33.0,No,None,Wallet,5,3.5,No
ORD100537,2024-08-04,CUST4557,Premium,Electronics,5,2796,10485.0,25.0,No,None,COD,5,2.9,No
ORD100538,2024-10-03,CUST7470,Regular,Groceries,3,3521,9929.22,6.0,No,None,COD,2,4.9,No
ORD100539,2024-09-05,CUST4989,Premium,Groceries,5,9530,28590.0,40.0,No,None,Credit Card,7,4.1,No
ORD100540,2024-06-12,CUST2968,Premium,Electronics,2,7920,8712.0,45.0,No,None,Wallet,1,2.5,No
ORD100541,2024-12-22,CUST8897,Regular,Home Decor,4,2821,5867.68,48.0,Yes,Christmas/New Year,UPI,5,3.9,No
ORD100542,2024-07-10,CUST6312,Regular,Groceries,4,9557,30964.68,19.0,No,None,COD,5,4.5,No
ORD100543,2024-08-14,CUST6943,Regular,Home Decor,2,9900,11484.000000000002,42.0,Yes,Independence Day,UPI,7,2.6,No
ORD100544,2024-06-25,CUST5121,Regular,Fashion,5,4041,15961.95,21.0,No,None,UPI,3,3.9,Yes
ORD100545,2024-04-08,CUST4798,Regular,Groceries,3,4758,13703.039999999999,4.0,No,None,Wallet,2,3.4,Yes
ORD100546,2024-02-05,CUST8715,Regular,Electronics,1,5118,4555.02,11.0,No,None,UPI,2,4.0,Yes
ORD100547,2024-04-05,CUST1974,Regular,Home Decor,4,8915,28528.0,20.0,No,None,Credit Card,2,3.1,No
ORD100548,2024-05-31,CUST3144,Regular,Fashion,2,4539,8351.76,8.0,No,None,Credit Card,6,4.2,No
ORD100549,2024-05-30,CUST8116,Regular,Fashion,5,438,1576.8,28.0,No,None,COD,5,4.2,Yes
ORD100550,2024-07-08,CUST4360,Regular,Groceries,3,1420,3152.4,26.0,No,None,UPI,4,3.8,No
ORD100551,2024-08-11,CUST8917,Regular,Groceries,5,968,4065.6,16.0,Yes,Independence Day,Credit Card,6,4.8,No
ORD100552,2024-02-06,CUST4592,New,Beauty,3,8626,15785.58,39.0,No,None,Credit Card,5,4.8,No
ORD100553,2024-09-24,CUST2403,Regular,Beauty,1,6530,5028.1,23.0,No,None,UPI,5,2.6,No
ORD100554,2024-07-01,CUST6666,Premium,Groceries,1,7588,5615.12,26.0,No,None,Credit Card,7,3.2,No
ORD100555,2024-01-13,CUST8697,Regular,Beauty,2,4792,8913.119999999999,7.0,No,None,UPI,1,,No
ORD100556,2024-10-05,CUST4976,New,Electronics,2,9911,11298.54,43.0,No,None,Credit Card,7,2.6,No
ORD100557,2024-08-04,CUST2991,Regular,Electronics,3,7817,16884.72,28.0,No,None,UPI,2,3.8,No
ORD100558,2024-12-20,CUST9859,New,Beauty,3,8282,20373.72,18.0,Yes,Christmas/New Year,Credit Card,2,2.6,No
ORD100559,2024-12-26,CUST6766,Premium,Groceries,3,7779,21236.670000000002,9.0,Yes,Christmas/New Year,Credit Card,7,4.2,No
ORD100560,2024-10-12,CUST4472,Regular,Electronics,3,9327,21545.37,23.0,No,None,Credit Card,3,2.5,No
ORD100561,2024-09-29,CUST8422,New,Fashion,1,9660,6472.199999999999,33.0,No,None,Wallet,2,2.6,Yes
ORD100562,2024-03-02,CUST8198,Premium,Groceries,2,6656,8120.32,39.0,No,None,Wallet,5,,No
ORD100563,2024-03-24,CUST5829,Regular,Home Decor,2,9210,12894.0,30.0,Yes,Holi,Credit Card,1,3.1,No
ORD100564,2024-08-04,CUST3248,Premium,Home Decor,4,4317,9497.400000000001,45.0,No,None,Wallet,3,2.7,Yes
ORD100565,2024-12-07,CUST5765,New,Groceries,2,2639,5119.66,3.0,No,None,UPI,5,3.5,No
ORD100566,2024-07-05,CUST1724,Regular,Beauty,2,9480,11376.0,40.0,No,None,Wallet,5,2.6,No
ORD100567,2024-01-19,CUST6903,Regular,Electronics,5,6286,17600.800000000003,44.0,No,None,COD,6,4.4,No
ORD100568,2024-06-25,CUST6079,Premium,Electronics,5,5024,17584.0,30.0,No,None,COD,3,3.7,No
ORD100569,2024-04-09,CUST5101,Premium,Groceries,4,8591,31614.88,8.0,No,None,Credit Card,6,3.9,No
ORD100570,2024-08-20,CUST4671,New,Fashion,3,8569,19280.25,25.0,Yes,Independence Day,Wallet,5,4.4,Yes
ORD100571,2024-03-16,CUST4430,Premium,Beauty,4,5742,20211.84,12.0,No,None,COD,5,4.5,No
ORD100572,2024-09-21,CUST8097,Regular,Fashion,4,9322,19762.64,47.0,No,None,,6,2.8,No
ORD100573,2024-10-10,CUST2569,New,Groceries,1,2236,1677.0,25.0,No,,COD,1,3.2,No
ORD100574,2024-07-24,CUST6209,Regular,Groceries,2,9877,19754.0,0.0,No,None,Credit Card,1,2.9,No
ORD100575,2024-08-10,CUST3175,Regular,Fashion,1,2291,1397.51,39.0,Yes,Independence Day,COD,6,2.6,Yes
ORD100576,2024-02-21,CUST1982,Premium,Home Decor,2,5750,10580.0,8.0,No,None,COD,1,3.8,No
ORD100577,2024-12-04,CUST8620,Premium,Groceries,4,4463,12496.4,30.0,No,None,Wallet,2,3.1,No
ORD100578,2024-05-23,CUST7366,Regular,Beauty,2,6630,10210.2,23.0,No,None,Credit Card,3,2.9,No
ORD100579,2024-03-09,CUST2300,Premium,Fashion,3,2584,4341.120000000001,44.0,No,None,COD,1,3.8,No
ORD100580,2024-04-08,CUST6553,Regular,Home Decor,3,6526,10180.56,48.0,No,None,Credit Card,5,,Yes
ORD100581,2024-01-25,CUST3769,Regular,Fashion,4,8407,26566.120000000003,21.0,Yes,Republic Day,Wallet,2,4.4,No
ORD100582,2024-02-22,CUST6761,New,Home Decor,5,7863,36169.8,8.0,No,None,COD,3,2.5,No
ORD100583,2024-05-30,CUST1532,Regular,Home Decor,3,9228,17164.079999999998,38.0,No,None,UPI,1,3.8,No
ORD100584,2024-05-23,CUST6087,Regular,Beauty,4,7921,24713.52,22.0,No,None,UPI,1,3.2,Yes
ORD100585,2024-02-26,CUST9892,Regular,Groceries,1,2357,1909.17,,No,None,UPI,3,5.0,No
ORD100586,2024-02-08,CUST6175,New,Home Decor,5,9968,29405.600000000002,41.0,No,None,Credit Card,1,2.9,No
ORD100587,2024-04-18,CUST2885,Regular,Groceries,3,505,1212.0,20.0,No,None,Wallet,6,3.6,No
ORD100588,2024-06-29,CUST9560,Regular,Beauty,4,7323,21676.079999999998,26.0,No,None,Credit Card,3,4.9,No
ORD100589,2024-02-11,CUST4616,Premium,Groceries,4,2253,8651.52,4.0,No,None,Credit Card,3,3.0,Yes
ORD100590,2024-07-04,CUST2522,Regular,Electronics,1,6012,5050.08,16.0,No,None,UPI,5,4.5,No
ORD100591,2024-08-10,CUST9471,Regular,Home Decor,1,3544,2374.4799999999996,33.0,Yes,Independence Day,Wallet,7,3.1,No
ORD100592,2024-05-01,CUST7283,Premium,Beauty,5,4656,21417.600000000002,8.0,No,None,COD,3,2.7,No
ORD100593,2024-05-12,CUST3414,Regular,Fashion,3,1408,2830.08,33.0,No,None,Credit Card,7,2.6,No
ORD100594,2024-06-11,CUST7211,New,Beauty,4,2058,7491.12,9.0,No,None,UPI,4,4.9,No
ORD100595,2024-08-02,CUST2759,Regular,Home Decor,5,2903,8273.550000000001,43.0,No,None,Credit Card,1,3.0,No
ORD100596,2024-08-08,CUST8193,Regular,Beauty,5,2171,10746.45,1.0,No,None,Credit Card,7,3.2,No
ORD100597,2024-08-22,CUST9310,Regular,Fashion,1,1313,709.0200000000001,46.0,No,None,Wallet,5,4.9,No
ORD100598,2024-11-26,CUST4776,Regular,Electronics,4,1183,3596.32,24.0,No,None,COD,7,4.1,No
ORD100599,2024-05-25,CUST7367,Premium,Home Decor,2,2327,4560.92,2.0,No,None,Credit Card,2,3.7,No
ORD100600,2024-08-26,CUST2310,Regular,Home Decor,1,3839,2572.1299999999997,33.0,Yes,Raksha Bandhan,Credit Card,7,3.6,No
ORD100601,2024-03-16,CUST3165,Regular,Beauty,4,7676,28861.76,6.0,No,None,COD,7,2.6,No
ORD100602,2024-01-09,CUST1047,Premium,Groceries,5,760,2774.0,27.0,No,None,Wallet,4,4.6,No
ORD100603,2024-03-14,CUST2413,Premium,Groceries,5,6852,31519.2,8.0,No,None,Credit Card,3,4.4,No
ORD100604,2024-09-09,CUST6748,Regular,Fashion,3,4587,12384.9,10.0,No,None,Wallet,2,2.7,No
ORD100605,2024-08-17,CUST1933,Regular,Electronics,2,3132,4510.08,28.0,Yes,Independence Day,Wallet,7,3.4,No
ORD100606,2024-01-07,CUST2166,Regular,Electronics,1,8682,7379.7,15.0,No,None,Credit Card,2,4.7,No
ORD100607,2024-06-22,CUST5884,Regular,Beauty,3,2109,3922.74,38.0,No,None,COD,2,3.1,No
ORD100608,2024-05-20,CUST6530,Regular,Beauty,3,7430,16048.8,28.0,No,None,Credit Card,2,4.0,No
ORD100609,2024-06-16,CUST1536,Premium,Groceries,2,1628,2865.28,12.0,No,None,Credit Card,5,3.7,No
ORD100610,2024-06-18,CUST6763,New,Electronics,1,1147,757.0199999999999,34.0,No,None,UPI,5,4.5,No
ORD100611,2024-10-09,CUST8400,Regular,Electronics,1,1548,1393.2,10.0,No,None,COD,2,2.6,No
ORD100612,2024-05-01,CUST3288,Regular,Electronics,5,8772,28947.599999999995,34.0,No,None,UPI,4,4.5,No
ORD100613,2024-07-12,CUST1089,Regular,Fashion,1,509,274.86,46.0,No,None,COD,1,2.8,No
ORD100614,2024-01-05,CUST6684,Regular,Fashion,3,3614,10083.06,7.0,No,None,Credit Card,6,2.5,No
ORD100615,2024-01-29,CUST1947,Regular,Beauty,5,5989,28148.3,,Yes,Republic Day,Wallet,1,4.0,No
ORD100616,2024-06-13,CUST6108,New,Groceries,1,9890,9494.4,4.0,No,None,UPI,5,3.1,Yes
ORD100617,2024-12-04,CUST8839,Premium,Home Decor,2,6768,12859.199999999999,5.0,No,None,UPI,4,4.3,Yes
ORD100618,2024-05-15,CUST8810,New,Groceries,3,9052,17922.96,34.0,No,None,UPI,4,3.7,No
ORD100619,2024-12-30,CUST4015,New,Fashion,4,3647,10357.48,29.0,Yes,Christmas/New Year,UPI,3,4.0,No
ORD100620,2024-11-16,CUST3785,Regular,Fashion,2,2473,4451.400000000001,10.0,No,None,COD,5,4.2,No
ORD100621,2024-12-07,CUST1454,Premium,Beauty,2,9889,12460.14,37.0,No,,Wallet,4,4.8,Yes
ORD100622,2024-05-24,CUST8801,Regular,Home Decor,1,2342,1733.08,26.0,No,None,Wallet,4,4.6,No
ORD100623,2024-11-22,CUST8392,Regular,Electronics,5,9997,39988.0,20.0,No,None,Credit Card,1,3.7,No
ORD100624,2024-08-04,CUST6260,New,Home Decor,5,4939,21484.65,13.0,No,None,Credit Card,4,3.6,No
ORD100625,2024-10-27,CUST4829,Regular,Home Decor,3,9823,15323.880000000001,48.0,Yes,Diwali,UPI,4,4.1,No
ORD100626,2024-05-11,CUST3096,New,Home Decor,1,658,434.28,34.0,No,None,Credit Card,7,4.3,No
ORD100627,2024-10-18,CUST5485,Regular,Beauty,5,7780,28008.0,28.0,No,None,Credit Card,2,2.9,No
ORD100628,2024-03-10,CUST4255,New,Fashion,4,537,1653.96,23.0,No,None,COD,7,2.6,Yes
ORD100629,2024-09-08,CUST1626,New,Electronics,1,5650,3672.5,35.0,No,,Credit Card,1,3.6,Yes
ORD100630,2024-10-01,CUST1864,Premium,Home Decor,1,7580,4548.0,40.0,No,None,Credit Card,1,2.7,No
ORD100631,2024-12-29,CUST5657,Premium,Electronics,5,4220,11816.000000000002,44.0,Yes,Christmas/New Year,Credit Card,2,3.2,No
ORD100632,2024-06-30,CUST8497,Regular,Home Decor,2,8736,12055.679999999998,31.0,No,,Wallet,1,4.0,No
ORD100633,2024-06-15,CUST4158,New,Fashion,1,5843,5550.849999999999,5.0,No,None,Wallet,3,2.9,No
ORD100634,2024-03-31,CUST1419,New,Electronics,2,1142,2078.44,9.0,No,None,Credit Card,6,2.6,No
ORD100635,2024-07-20,CUST1109,Premium,Groceries,3,545,1324.3500000000001,19.0,No,None,UPI,3,3.9,No
ORD100636,2024-12-11,CUST6093,Premium,Fashion,3,4094,9948.42,19.0,No,None,Wallet,5,3.7,No
ORD100637,2024-01-19,CUST5310,Premium,Electronics,5,8716,32685.0,25.0,No,None,COD,6,3.3,No
ORD100638,2024-02-08,CUST9301,New,Home Decor,3,6810,16344.0,20.0,No,None,COD,1,3.7,No
ORD100639,2024-05-05,CUST4708,Premium,Home Decor,5,2338,6546.400000000001,44.0,No,None,COD,1,4.2,Yes
ORD100640,2024-06-21,CUST8520,New,Fashion,5,4589,17897.100000000002,22.0,No,None,Credit Card,3,2.8,No
ORD100641,2024-05-20,CUST4850,Premium,Fashion,2,8915,9806.5,45.0,No,None,UPI,5,3.1,No
ORD100642,2024-08-29,CUST6548,Regular,Home Decor,2,8026,14286.28,11.0,Yes,Raksha Bandhan,COD,7,4.5,No
ORD100643,2024-08-07,CUST9851,Regular,Electronics,3,8016,21162.24,12.0,No,None,,5,4.2,No
ORD100644,2024-05-05,CUST6724,Regular,Groceries,2,458,833.5600000000001,9.0,No,None,COD,3,3.2,No
ORD100645,2024-02-27,CUST5270,Regular,Beauty,1,1310,1231.3999999999999,6.0,No,None,,3,3.5,No
ORD100646,2024-05-27,CUST4392,Regular,Fashion,4,7525,19264.0,36.0,No,None,Credit Card,6,2.8,No
ORD100647,2024-11-12,CUST2893,Premium,Home Decor,1,6687,5951.43,11.0,No,None,Credit Card,2,3.1,No
ORD100648,2024-12-26,CUST5535,Regular,Electronics,1,1020,775.2,24.0,Yes,Christmas/New Year,COD,5,4.6,No
ORD100649,2024-01-01,CUST2667,Regular,Fashion,5,6188,30630.6,1.0,No,None,COD,5,3.6,No
ORD100650,2024-12-13,CUST4936,Premium,Electronics,4,5835,14237.4,39.0,No,None,Wallet,2,4.1,No
ORD100651,2024-07-08,CUST9980,New,Fashion,5,4864,18240.0,25.0,No,None,COD,3,2.9,No
ORD100652,2024-07-09,CUST3537,Premium,Home Decor,2,7293,8897.46,39.0,No,None,Wallet,7,3.0,No
ORD100653,2024-11-07,CUST5593,New,Electronics,2,4804,9223.68,4.0,Yes,Diwali,Wallet,2,4.9,No
ORD100654,2024-04-26,CUST6151,Premium,Home Decor,4,1763,6558.36,7.0,No,None,Credit Card,2,4.6,No
ORD100655,2024-05-13,CUST4212,Regular,Electronics,3,6543,11581.110000000002,41.0,No,None,Credit Card,4,4.5,No
ORD100656,2024-02-27,CUST8633,Premium,Fashion,2,9599,10750.880000000001,44.0,No,None,Wallet,5,3.3,Yes
ORD100657,2024-02-13,CUST1440,Premium,Beauty,1,8700,8004.0,8.0,No,None,COD,3,3.9,No
ORD100658,2024-06-21,CUST6334,Regular,Beauty,4,2039,5056.72,38.0,No,None,Wallet,4,3.7,No
ORD100659,2024-06-08,CUST9231,Regular,Groceries,4,7875,25515.0,19.0,No,None,COD,6,4.9,No
ORD100660,2024-06-21,CUST5885,Premium,Groceries,2,8201,14761.800000000001,10.0,No,None,Credit Card,4,3.1,No
ORD100661,2024-11-12,CUST9727,Regular,Home Decor,2,9775,11925.5,39.0,No,None,COD,7,4.9,No
ORD100662,2024-10-29,CUST3442,Premium,Electronics,5,2506,9898.7,21.0,Yes,Diwali,Wallet,4,4.3,No
ORD100663,2024-05-28,CUST3675,Regular,Groceries,5,9572,40681.0,15.0,No,None,COD,3,3.5,No
ORD100664,2024-03-20,CUST5557,Premium,Fashion,1,5340,3150.6000000000004,41.0,Yes,Holi,Wallet,2,3.2,No
ORD100665,2024-07-31,CUST8070,Premium,Beauty,4,2886,7272.72,37.0,No,None,COD,3,4.4,No
ORD100666,2024-07-21,CUST2073,Regular,Electronics,3,1160,2053.2000000000003,41.0,No,None,Wallet,5,4.6,No
ORD100667,2024-09-08,CUST5368,Regular,Beauty,3,8829,24103.170000000002,9.0,No,None,Credit Card,6,3.4,No
ORD100668,2024-08-16,CUST5848,Premium,Electronics,4,655,1991.2,24.0,Yes,Independence Day,Wallet,7,2.9,No
ORD100669,2024-06-12,CUST2835,New,Groceries,1,6967,5712.9400000000005,18.0,No,None,Credit Card,6,3.7,Yes
ORD100670,2024-08-14,CUST9750,New,Groceries,5,4017,19482.45,3.0,Yes,Independence Day,,6,3.7,No
ORD100671,2024-05-26,CUST3452,Regular,Home Decor,5,9961,40840.100000000006,18.0,No,None,Wallet,7,4.3,No
ORD100672,2024-01-20,CUST8152,Premium,Electronics,5,9495,46525.5,2.0,Yes,Republic Day,UPI,5,4.9,No
ORD100673,2024-02-16,CUST8608,Regular,Fashion,3,1712,4314.24,16.0,No,None,UPI,2,3.8,No
ORD100674,2024-08-20,CUST3246,Regular,Groceries,3,4938,12888.18,13.0,Yes,Independence Day,UPI,3,4.3,No
ORD100675,2024-10-31,CUST4516,Regular,Home Decor,1,591,537.8100000000001,9.0,Yes,Diwali,UPI,2,3.4,No
ORD100676,2024-01-14,CUST7276,Premium,Groceries,3,2821,8039.849999999999,5.0,No,None,,2,4.0,No
ORD100677,2024-05-22,CUST6380,Regular,Beauty,2,6376,8926.4,30.0,No,None,Credit Card,3,2.8,No
ORD100678,2024-01-01,CUST9804,Regular,Groceries,3,9312,19555.199999999997,30.0,No,None,Credit Card,5,4.5,No
ORD100679,2024-02-23,CUST1270,Premium,Electronics,5,5919,15685.35,47.0,No,None,UPI,3,3.4,No
ORD100680,2024-09-15,CUST9838,Premium,Home Decor,1,6241,5741.72,8.0,No,None,COD,6,2.7,No
ORD100681,2024-05-23,CUST3409,Regular,Electronics,4,3800,13528.0,11.0,No,None,Wallet,5,5.0,No
ORD100682,2024-01-12,CUST3978,Regular,Fashion,4,5410,12334.800000000001,43.0,No,None,Wallet,1,4.8,No
ORD100683,2024-11-25,CUST4827,Regular,Fashion,1,4708,2589.4,45.0,No,None,Credit Card,1,3.0,No
ORD100684,2024-08-11,CUST9889,Regular,Groceries,2,6642,9963.0,25.0,Yes,Independence Day,Credit Card,1,3.4,No
ORD100685,2024-09-28,CUST1822,Premium,Home Decor,4,7854,31101.84,1.0,No,,COD,6,4.8,No
ORD100686,2024-12-23,CUST5308,Regular,Home Decor,5,6416,18927.200000000004,41.0,Yes,Christmas/New Year,Wallet,7,4.5,No
ORD100687,2024-06-04,CUST9193,Premium,Home Decor,4,8085,31369.8,3.0,No,None,COD,7,4.8,No
ORD100688,2024-01-08,CUST6163,New,Home Decor,4,460,1269.6,31.0,No,None,Wallet,4,3.9,No
ORD100689,2024-05-01,CUST7879,Regular,Groceries,5,7033,25670.45,27.0,No,None,UPI,5,3.1,Yes
ORD100690,2024-12-13,CUST4045,New,Electronics,3,9727,27721.949999999997,5.0,No,None,UPI,5,3.1,No
ORD100691,2024-06-12,CUST1943,Regular,Groceries,2,6144,8724.48,29.0,No,None,COD,3,3.8,No
ORD100692,2024-03-30,CUST8391,Regular,Electronics,5,6334,23119.1,27.0,Yes,Holi,Credit Card,5,4.8,No
ORD100693,2024-05-15,CUST1769,Regular,Beauty,5,7075,31130.0,12.0,No,None,COD,3,4.1,No
ORD100694,2024-07-04,CUST3574,Regular,Beauty,1,7028,3865.4,45.0,No,None,,4,2.6,No
ORD100695,2024-11-11,CUST7493,Regular,Electronics,2,534,694.2,35.0,No,None,Wallet,3,3.9,Yes
ORD100696,2024-06-26,CUST9549,Regular,Groceries,3,7869,21482.37,9.0,No,None,Wallet,1,4.0,No
ORD100697,2024-01-28,CUST4286,Premium,Fashion,5,2979,13554.45,9.0,Yes,Republic Day,Wallet,3,4.0,No
ORD100698,2024-08-07,CUST2122,New,Groceries,3,9195,26481.6,4.0,No,None,Wallet,3,4.2,No
ORD100699,2024-12-22,CUST7015,Premium,Fashion,5,7528,27100.8,28.0,Yes,Christmas/New Year,Credit Card,3,,No
ORD100700,2024-02-10,CUST6167,Regular,Groceries,5,2637,8570.25,35.0,No,None,Credit Card,5,2.9,No
ORD100701,2024-08-15,CUST8375,Premium,Home Decor,1,3007,2676.23,11.0,Yes,Independence Day,UPI,2,4.4,No
ORD100702,2024-07-10,CUST1118,Premium,Home Decor,4,5390,17032.4,21.0,No,None,COD,2,3.0,No
ORD100703,2024-05-24,CUST9710,New,Beauty,2,9332,10265.2,45.0,No,None,UPI,6,2.8,No
ORD100704,2024-07-19,CUST9652,New,Beauty,1,3363,2085.06,38.0,No,None,Wallet,2,3.4,No
ORD100705,2024-07-30,CUST6149,New,Electronics,3,9294,27603.18,1.0,No,None,COD,6,4.6,No
ORD100706,2024-08-07,CUST4411,Regular,Fashion,5,7688,33442.8,,No,None,Wallet,5,2.7,Yes
ORD100707,2024-08-27,CUST5743,Premium,Home Decor,5,9660,43953.0,,Yes,Raksha Bandhan,COD,1,3.0,No
ORD100708,2024-02-15,CUST3118,Regular,Groceries,2,223,236.38000000000002,47.0,No,None,Credit Card,2,3.7,No
ORD100709,2024-02-04,CUST6831,New,Electronics,1,4852,4754.96,2.0,No,None,Wallet,2,3.2,No
ORD100710,2024-09-09,CUST4084,Regular,Groceries,1,2948,2741.64,7.0,No,None,COD,7,4.3,No
ORD100711,2024-03-22,CUST2223,Regular,Home Decor,3,2650,6678.0,16.0,Yes,Holi,COD,7,4.2,No
ORD100712,2024-09-12,CUST7286,Regular,Home Decor,1,9788,9494.36,,No,None,Wallet,4,4.6,No
ORD100713,2024-07-15,CUST6489,Premium,Home Decor,1,8295,6636.0,20.0,No,None,Credit Card,7,3.0,No
ORD100714,2024-10-29,CUST4926,Regular,Home Decor,4,3557,10101.88,29.0,Yes,Diwali,Credit Card,6,4.1,No
ORD100715,2024-01-10,CUST3133,Regular,Groceries,2,8295,13603.800000000001,18.0,No,None,Credit Card,6,4.4,No
ORD100716,2024-11-07,CUST3669,New,Electronics,1,8283,7123.38,14.0,Yes,Diwali,COD,4,2.7,No
ORD100717,2024-10-12,CUST7441,New,Home Decor,3,6172,14997.960000000001,19.0,No,None,Credit Card,1,2.6,No
ORD100718,2024-08-29,CUST9479,Regular,Beauty,5,8355,24647.250000000004,41.0,Yes,Raksha Bandhan,COD,3,3.9,No
ORD100719,2024-09-07,CUST7741,Regular,Electronics,1,7269,5160.99,29.0,No,None,UPI,3,4.0,No
ORD100720,2024-12-30,CUST7434,New,Beauty,1,5538,5039.58,9.0,Yes,Christmas/New Year,Credit Card,4,3.5,No
ORD100721,2024-01-05,CUST2498,New,Groceries,5,2732,10654.800000000001,22.0,No,None,Wallet,4,2.6,No
ORD100722,2024-04-28,CUST6409,Premium,Home Decor,4,5537,17053.96,23.0,No,None,Wallet,1,3.5,Yes
ORD100723,2024-10-15,CUST6918,Premium,Electronics,2,3973,7071.9400000000005,11.0,No,None,Wallet,1,4.1,No
ORD100724,2024-03-05,CUST1708,Regular,Home Decor,4,6665,24527.2,8.0,No,None,Wallet,5,4.3,No
ORD100725,2024-05-25,CUST2505,New,Home Decor,3,4861,12541.38,14.0,No,None,UPI,3,3.7,No
ORD100726,2024-08-11,CUST6833,Premium,Electronics,1,2257,1625.04,28.0,Yes,Independence Day,UPI,5,3.8,No
ORD100727,2024-08-26,CUST1671,Premium,Home Decor,4,877,2911.64,17.0,Yes,Raksha Bandhan,Credit Card,2,4.2,No
ORD100728,2024-06-25,CUST1955,Regular,Home Decor,2,3174,5141.88,19.0,No,None,Credit Card,6,3.6,No
ORD100729,2024-09-23,CUST6118,New,Fashion,3,8676,26028.0,0.0,No,None,Wallet,6,3.2,No
ORD100730,2024-12-06,CUST3895,Premium,Fashion,4,5848,22924.16,2.0,No,None,Wallet,1,3.1,No
ORD100731,2024-10-08,CUST3031,Regular,Electronics,1,6644,6178.919999999999,7.0,No,None,Wallet,3,4.4,No
ORD100732,2024-03-03,CUST4593,Premium,Electronics,2,2040,2529.6,38.0,No,None,COD,3,3.7,Yes
ORD100733,2024-08-04,CUST4503,Premium,Home Decor,1,2078,1454.6,30.0,No,None,Credit Card,5,4.1,No
ORD100734,2024-12-07,CUST7829,Premium,Beauty,1,6489,3504.0600000000004,46.0,No,None,Wallet,4,3.7,No
ORD100735,2024-11-10,CUST7148,Premium,Electronics,3,7419,20699.01,7.0,Yes,Diwali,Wallet,4,4.5,No
ORD100736,2024-10-09,CUST1658,Premium,Home Decor,2,3514,6044.08,14.0,No,None,Wallet,1,3.7,No
ORD100737,2024-06-25,CUST3863,New,Beauty,5,1578,6233.1,21.0,No,None,UPI,7,5.0,No
ORD100738,2024-04-07,CUST9707,Regular,Fashion,1,5540,3822.6,31.0,No,None,UPI,6,3.1,No
ORD100739,2024-04-14,CUST5688,Regular,Electronics,2,652,1251.84,4.0,No,None,UPI,4,2.8,No
ORD100740,2024-04-08,CUST1028,Regular,Home Decor,1,8733,4977.81,43.0,No,None,COD,2,3.4,No
ORD100741,2024-11-06,CUST8138,Premium,Fashion,4,592,1349.7600000000002,43.0,Yes,Diwali,COD,3,4.8,No
ORD100742,2024-01-06,CUST2201,Premium,Groceries,4,5671,20869.280000000002,8.0,No,None,Credit Card,4,4.6,No
ORD100743,2024-07-15,CUST7657,New,Fashion,2,1469,1762.8,40.0,No,None,Wallet,1,3.1,No
ORD100744,2024-12-16,CUST4233,Premium,Home Decor,3,8337,21509.46,14.0,No,None,Credit Card,2,4.0,No
ORD100745,2024-05-12,CUST5677,Premium,Beauty,5,3250,8775.0,46.0,No,None,Credit Card,6,4.0,No
ORD100746,2024-12-23,CUST7850,New,Groceries,4,7480,17054.4,43.0,Yes,Christmas/New Year,UPI,6,3.2,No
ORD100747,2024-09-15,CUST2567,Regular,Groceries,3,9362,17975.04,36.0,No,None,Wallet,5,3.1,No
ORD100748,2024-01-23,CUST7948,New,Groceries,5,4994,16979.6,32.0,Yes,Republic Day,UPI,5,3.5,No
ORD100749,2024-02-22,CUST1135,Regular,Electronics,4,7610,24047.600000000002,21.0,No,None,UPI,2,4.5,No
ORD100750,2024-06-13,CUST3006,Premium,Home Decor,5,365,1642.5,10.0,No,None,Wallet,1,3.0,No
ORD100751,2024-07-20,CUST2671,Premium,Groceries,1,8646,4409.46,49.0,No,None,Credit Card,7,3.6,No
ORD100752,2024-03-23,CUST2392,Premium,Fashion,2,8693,16516.7,5.0,Yes,Holi,Credit Card,5,3.7,No
ORD100753,2024-05-24,CUST2435,Regular,Beauty,4,6563,22051.68,16.0,No,None,UPI,3,4.8,No
ORD100754,2024-03-25,CUST5632,Regular,Home Decor,4,8279,18213.800000000003,45.0,Yes,Holi,Wallet,6,3.3,No
ORD100755,2024-03-18,CUST1884,Premium,Fashion,1,5230,2981.1000000000004,43.0,No,None,Credit Card,6,2.5,No
ORD100756,2024-12-31,CUST7158,New,Electronics,4,1705,6547.2,4.0,Yes,Christmas/New Year,COD,3,4.2,No
ORD100757,2024-01-01,CUST1111,Regular,Groceries,4,9648,23927.04,38.0,No,None,Credit Card,6,4.4,No
ORD100758,2024-02-20,CUST5816,New,Fashion,4,7609,16131.08,47.0,No,None,Wallet,6,,Yes
ORD100759,2024-06-21,CUST9922,Regular,Home Decor,4,4540,16707.2,8.0,No,None,Wallet,6,4.3,No
ORD100760,2024-07-23,CUST1714,Premium,Fashion,4,409,1177.9199999999998,28.0,No,None,Wallet,1,3.7,No
ORD100761,2024-09-16,CUST7811,Premium,Electronics,3,3993,9343.62,22.0,No,None,UPI,1,2.5,No
ORD100762,2024-10-14,CUST4961,Premium,Beauty,4,4721,10197.36,46.0,No,None,Credit Card,7,4.3,No
ORD100763,2024-02-03,CUST3788,New,Groceries,1,3247,2110.55,35.0,No,None,COD,3,4.8,No
ORD100764,2024-12-13,CUST2758,Premium,Home Decor,4,1180,3304.0,30.0,No,None,UPI,1,2.9,Yes
ORD100765,2024-04-04,CUST9607,Premium,Groceries,5,2319,9391.95,19.0,No,None,Credit Card,2,2.7,No
ORD100766,2024-03-12,CUST3225,Regular,Groceries,5,3945,15385.5,22.0,No,None,Wallet,1,3.2,No
ORD100767,2024-02-08,CUST5106,Regular,Groceries,1,377,354.38,6.0,No,None,Credit Card,6,4.6,No
ORD100768,2024-06-02,CUST1949,Regular,Fashion,3,1746,2880.9,45.0,No,,,3,2.8,No
ORD100769,2024-09-06,CUST2631,Premium,Fashion,1,8690,5648.5,35.0,No,None,Wallet,7,4.3,No
ORD100770,2024-06-10,CUST5317,Regular,Beauty,3,3766,10959.06,3.0,No,None,,4,2.7,No
ORD100771,2024-04-27,CUST4249,Regular,Electronics,2,474,729.96,23.0,No,None,Credit Card,7,2.6,No
ORD100772,2024-09-15,CUST3248,Regular,Home Decor,5,3195,13898.25,13.0,No,None,COD,1,4.7,No
ORD100773,2024-11-01,CUST2372,Regular,Fashion,5,252,957.6,24.0,Yes,Diwali,Credit Card,5,4.4,No
ORD100774,2024-09-24,CUST2621,Regular,Groceries,5,7975,37482.5,6.0,No,None,Credit Card,2,4.0,No
ORD100775,2024-02-23,CUST6787,New,Electronics,3,9815,25322.7,14.0,No,None,UPI,7,2.9,No
ORD100776,2024-08-23,CUST6414,Premium,Home Decor,1,1827,1041.39,43.0,No,None,Wallet,2,3.2,No
ORD100777,2024-08-09,CUST9228,Premium,Home Decor,3,6243,10300.95,45.0,No,None,Wallet,2,2.6,No
ORD100778,2024-09-07,CUST5763,Premium,Home Decor,5,8023,35301.2,12.0,No,None,COD,5,4.1,No
ORD100779,2024-11-08,CUST1483,Regular,Home Decor,5,8880,36408.0,18.0,Yes,Diwali,UPI,5,4.2,No
ORD100780,2024-04-21,CUST3228,New,Beauty,5,8808,39195.6,11.0,No,None,COD,2,3.3,No
ORD100781,2024-09-11,CUST5936,Regular,Home Decor,5,9312,24676.800000000003,47.0,No,None,Credit Card,2,3.3,No
ORD100782,2024-10-29,CUST5664,Regular,Electronics,2,1753,2629.5,25.0,Yes,Diwali,COD,2,4.1,No
ORD100783,2024-07-25,CUST1482,Premium,Fashion,5,9057,24001.050000000003,47.0,No,None,Wallet,1,4.9,No
ORD100784,2024-08-16,CUST5731,Regular,Electronics,3,2669,5444.759999999999,32.0,Yes,Independence Day,UPI,6,3.5,No
ORD100785,2024-12-06,CUST8846,Premium,Groceries,5,1674,7198.2,14.0,No,,Credit Card,5,3.7,No
ORD100786,2024-03-06,CUST4772,Regular,Beauty,4,6677,17093.12,36.0,No,None,,3,4.2,No
ORD100787,2024-03-15,CUST1525,Premium,Beauty,2,537,1020.3,5.0,No,None,UPI,7,3.4,No
ORD100788,2024-04-12,CUST3853,Regular,Groceries,5,7191,27325.8,24.0,No,,COD,6,4.7,No
ORD100789,2024-07-10,CUST1277,Regular,Electronics,4,8660,29097.6,16.0,No,None,Credit Card,1,4.6,No
ORD100790,2024-09-08,CUST5558,Premium,Electronics,3,1287,2239.38,42.0,No,None,UPI,3,4.2,No
ORD100791,2024-08-13,CUST8225,Regular,Groceries,2,1493,1940.9,35.0,Yes,Independence Day,UPI,1,3.8,No
ORD100792,2024-10-20,CUST5129,Regular,Home Decor,5,9048,23072.4,49.0,Yes,Diwali,COD,1,5.0,No
ORD100793,2024-11-01,CUST4405,Regular,Home Decor,3,6164,10170.6,45.0,Yes,Diwali,UPI,3,4.3,No
ORD100794,2024-04-07,CUST3261,Premium,Fashion,4,3028,11143.04,8.0,No,None,Wallet,2,4.1,No
ORD100795,2024-12-03,CUST8414,Premium,Electronics,2,6672,9741.119999999999,27.0,No,None,Wallet,6,4.7,Yes
ORD100796,2024-10-12,CUST1848,Regular,Electronics,5,4173,13770.899999999998,34.0,No,None,Credit Card,3,3.9,No
ORD100797,2024-11-30,CUST8039,New,Groceries,3,6861,20171.34,2.0,No,None,Credit Card,4,3.1,No
ORD100798,2024-12-12,CUST4368,New,Groceries,2,5157,9282.6,10.0,No,None,COD,5,2.8,No
ORD100799,2024-11-03,CUST6908,Premium,Home Decor,4,6764,21915.36,19.0,Yes,Diwali,UPI,4,3.7,No
ORD100800,2024-09-05,CUST6380,Premium,Electronics,5,1536,5990.400000000001,22.0,No,None,COD,6,3.8,No
ORD100801,2024-06-14,CUST5373,Regular,Electronics,2,1867,2651.14,29.0,No,None,COD,1,4.6,No
ORD100802,2024-11-30,CUST5908,Premium,Beauty,4,2025,5184.0,36.0,No,None,Wallet,3,2.8,No
ORD100803,2024-01-30,CUST9805,Regular,Fashion,4,1412,3671.2000000000003,35.0,Yes,Republic Day,UPI,2,4.2,No
ORD100804,2024-09-03,CUST2229,Regular,Fashion,3,2968,5075.280000000001,,No,None,Wallet,6,3.3,No
ORD100805,2024-04-15,CUST5376,New,Home Decor,4,5976,21274.56,11.0,No,None,Wallet,2,4.8,No
ORD100806,2024-02-20,CUST9535,Premium,Electronics,4,644,1674.4,35.0,No,None,Credit Card,7,3.7,No
ORD100807,2024-03-21,CUST6809,Regular,Beauty,1,9789,6460.739999999999,34.0,Yes,Holi,COD,7,4.1,No
ORD100808,2024-05-12,CUST1271,Regular,Electronics,4,4581,12277.079999999998,33.0,No,None,Wallet,4,4.1,No
ORD100809,2024-10-11,CUST7748,Premium,Groceries,5,3876,18798.6,3.0,No,None,Credit Card,7,2.7,No
ORD100810,2024-05-17,CUST4313,Regular,Home Decor,2,2510,3865.4,23.0,No,None,Credit Card,4,4.6,No
ORD100811,2024-07-02,CUST2610,Regular,Fashion,5,4240,13780.0,35.0,No,None,UPI,1,2.9,No
ORD100812,2024-11-25,CUST2217,Regular,Electronics,5,7285,26590.25,27.0,No,None,UPI,5,3.5,No
ORD100813,2024-09-29,CUST9059,Regular,Home Decor,3,2027,3770.22,38.0,No,None,Wallet,1,4.2,No
ORD100814,2024-12-05,CUST8516,Premium,Fashion,1,6485,6420.15,1.0,No,None,Credit Card,6,2.6,No
ORD100815,2024-03-09,CUST2504,Regular,Electronics,1,3419,1983.0200000000002,42.0,No,None,Credit Card,2,4.0,No
ORD100816,2024-02-03,CUST6216,Premium,Beauty,5,5759,27643.2,4.0,No,None,Credit Card,6,3.5,No
ORD100817,2024-09-18,CUST6683,Regular,Home Decor,2,6971,10177.66,27.0,No,None,COD,7,2.7,No
ORD100818,2024-02-22,CUST7460,Premium,Electronics,1,4888,4301.44,12.0,No,None,Credit Card,3,4.3,No
ORD100819,2024-07-23,CUST7641,New,Fashion,1,4711,3062.15,35.0,No,None,COD,4,3.8,No
ORD100820,2024-05-05,CUST3743,Premium,Fashion,5,2272,10451.2,8.0,No,None,UPI,2,3.3,No
ORD100821,2024-08-22,CUST7760,New,Beauty,1,6970,4321.4,38.0,No,None,Wallet,7,2.7,No
ORD100822,2024-02-12,CUST6648,New,Home Decor,3,6528,13904.64,29.0,No,None,UPI,1,3.9,No
ORD100823,2024-08-27,CUST8329,Regular,Home Decor,5,2530,9361.0,26.0,Yes,Raksha Bandhan,Wallet,5,3.3,No
ORD100824,2024-04-20,CUST3268,Premium,Electronics,1,885,778.8,12.0,No,None,Credit Card,3,4.9,No
ORD100825,2024-09-05,CUST7855,New,Fashion,1,5158,3043.2200000000003,41.0,No,None,Wallet,5,4.0,No
ORD100826,2024-05-30,CUST2031,Regular,Fashion,1,884,548.08,38.0,No,None,Wallet,1,3.2,No
ORD100827,2024-07-01,CUST5833,Regular,Beauty,5,8732,22266.600000000002,49.0,No,None,UPI,1,3.8,No
ORD100828,2024-12-01,CUST2053,New,Beauty,2,933,1362.18,27.0,No,None,Wallet,2,3.8,No
ORD100829,2024-04-04,CUST4403,Premium,Home Decor,4,1696,5630.719999999999,17.0,No,None,Credit Card,7,4.3,No
ORD100830,2024-01-08,CUST1167,Regular,Fashion,1,9523,6380.409999999999,33.0,No,None,COD,3,4.8,No
ORD100831,2024-12-25,CUST3779,Regular,Electronics,4,5650,18080.0,20.0,Yes,Christmas/New Year,Credit Card,6,4.9,No
ORD100832,2024-07-02,CUST3071,Premium,Groceries,4,4835,19340.0,0.0,No,None,Wallet,1,4.3,No
ORD100833,2024-10-07,CUST2085,Premium,Electronics,1,1932,1081.92,44.0,No,None,UPI,2,3.9,No
ORD100834,2024-07-13,CUST7241,Premium,Beauty,1,6727,5247.06,22.0,No,None,Credit Card,1,3.1,No
ORD100835,2024-12-17,CUST9127,Premium,Electronics,4,6925,18558.999999999996,33.0,No,None,Wallet,2,3.5,Yes
ORD100836,2024-07-13,CUST4361,Premium,Fashion,2,6503,8453.9,35.0,No,None,UPI,5,3.7,No
ORD100837,2024-06-03,CUST3392,Premium,Home Decor,4,8231,30290.08,8.0,No,None,COD,2,2.8,No
ORD100838,2024-04-02,CUST8373,Premium,Groceries,2,1619,3011.3399999999997,7.0,No,None,UPI,6,3.1,No
ORD100839,2024-06-08,CUST2050,Premium,Home Decor,3,4910,7512.3,49.0,No,None,Wallet,5,5.0,No
ORD100840,2024-03-01,CUST6932,Premium,Groceries,2,8879,12608.179999999998,29.0,No,None,UPI,4,4.4,No
ORD100841,2024-05-01,CUST3955,Regular,Groceries,5,1641,4348.650000000001,47.0,No,None,Wallet,1,3.7,No
ORD100842,2024-02-20,CUST8940,Regular,Fashion,1,2590,1683.5,35.0,No,None,UPI,4,3.1,No
ORD100843,2024-10-03,CUST3899,New,Fashion,3,1584,3088.8,35.0,No,None,UPI,3,3.9,No
ORD100844,2024-01-05,CUST4661,Regular,Beauty,4,2356,7821.92,17.0,No,None,UPI,4,3.1,Yes
ORD100845,2024-04-01,CUST4149,Regular,Beauty,2,4596,9100.08,1.0,No,None,Wallet,7,3.0,No
ORD100846,2024-06-18,CUST5949,Regular,Groceries,3,1591,4295.7,10.0,No,None,UPI,2,2.7,No
ORD100847,2024-11-12,CUST4889,New,Beauty,5,7622,24771.5,35.0,No,None,Wallet,2,3.4,No
ORD100848,2024-01-22,CUST4352,Regular,Fashion,2,5635,7888.999999999999,30.0,Yes,Republic Day,Credit Card,3,3.9,No
ORD100849,2024-11-21,CUST3092,Regular,Beauty,4,5000,14000.0,30.0,No,None,COD,3,2.9,No
ORD100850,2024-01-01,CUST3782,Regular,Groceries,4,3342,10293.36,23.0,No,None,Credit Card,1,3.0,No
ORD100851,2024-05-12,CUST5905,Premium,Home Decor,2,468,514.8000000000001,45.0,No,None,,7,3.5,No
ORD100852,2024-08-20,CUST7146,Regular,Electronics,5,4117,16468.0,20.0,Yes,Independence Day,,2,3.7,No
ORD100853,2024-01-12,CUST6916,Regular,Beauty,1,9916,6842.039999999999,31.0,No,None,Credit Card,7,4.4,No
ORD100854,2024-12-11,CUST1110,Regular,Fashion,1,8869,4611.88,48.0,No,None,COD,7,3.9,No
ORD100855,2024-02-15,CUST1858,New,Home Decor,4,4471,12697.64,29.0,No,None,COD,3,4.0,No
ORD100856,2024-02-03,CUST4127,Regular,Fashion,5,438,2036.6999999999998,7.0,No,None,Credit Card,7,4.2,No
ORD100857,2024-03-18,CUST1161,Regular,Beauty,4,9001,24482.719999999998,32.0,No,None,Credit Card,6,,No
ORD100858,2024-08-05,CUST5098,Premium,Groceries,1,7202,4465.24,38.0,No,None,Wallet,7,3.4,No
ORD100859,2024-10-27,CUST3582,New,Electronics,4,7968,31872.0,0.0,Yes,Diwali,COD,4,4.5,No
ORD100860,2024-03-13,CUST8539,Premium,Electronics,2,6083,8272.88,32.0,No,None,Wallet,7,4.6,No
ORD100861,2024-10-08,CUST7115,New,Home Decor,2,5985,7062.300000000001,41.0,No,,Wallet,2,2.9,Yes
ORD100862,2024-09-05,CUST2105,New,Electronics,5,5293,23289.2,12.0,No,None,UPI,7,4.9,No
ORD100863,2024-02-16,CUST3160,Regular,Groceries,1,6638,5244.02,21.0,No,None,Wallet,6,4.8,No
ORD100864,2024-04-30,CUST1057,Premium,Fashion,5,6374,30595.199999999997,4.0,No,None,COD,7,4.7,No
ORD100865,2024-08-01,CUST6713,Regular,Groceries,5,9546,42479.7,11.0,No,None,UPI,3,3.6,No
ORD100866,2024-08-26,CUST8117,Premium,Home Decor,1,5645,4064.3999999999996,28.0,Yes,Raksha Bandhan,Wallet,7,4.6,No
ORD100867,2024-02-25,CUST5964,Regular,Home Decor,3,3538,10401.72,2.0,No,None,Wallet,1,4.1,No
ORD100868,2024-12-15,CUST1570,Regular,Electronics,3,2533,4939.35,35.0,No,None,COD,7,3.0,No
ORD100869,2024-04-16,CUST4847,New,Groceries,4,4586,9905.76,,No,None,UPI,6,4.4,No
ORD100870,2024-11-14,CUST6219,Regular,Fashion,3,4781,8032.080000000001,44.0,No,None,Credit Card,5,3.5,No
ORD100871,2024-02-17,CUST2784,New,Groceries,2,6898,12416.4,10.0,No,None,Credit Card,7,3.2,No
ORD100872,2024-03-01,CUST9403,Regular,Fashion,5,8559,32096.25,25.0,No,None,UPI,2,4.7,No
ORD100873,2024-12-02,CUST4061,Regular,Fashion,4,3742,14818.32,1.0,No,None,,7,4.7,No
ORD100874,2024-01-26,CUST2183,New,Groceries,5,6086,21909.6,28.0,Yes,Republic Day,UPI,2,4.7,No
ORD100875,2024-10-18,CUST2874,Premium,Beauty,1,8254,4952.4,40.0,No,None,UPI,7,4.6,No
ORD100876,2024-09-13,CUST8969,Premium,Groceries,3,7114,15366.24,28.0,No,None,Credit Card,2,3.9,No
ORD100877,2024-01-08,CUST5412,Regular,Fashion,1,7713,4396.410000000001,43.0,No,None,Wallet,2,4.0,No
ORD100878,2024-04-22,CUST2297,Premium,Home Decor,4,8469,22019.4,35.0,No,None,COD,5,4.9,No
ORD100879,2024-12-20,CUST8237,Premium,Home Decor,2,1308,2145.1200000000003,18.0,Yes,Christmas/New Year,Credit Card,5,2.8,No
ORD100880,2024-09-09,CUST8763,Premium,Electronics,3,9283,25342.59,9.0,No,None,COD,6,4.5,No
ORD100881,2024-06-28,CUST3509,Regular,Home Decor,1,4956,4460.400000000001,10.0,No,None,Credit Card,6,3.8,No
ORD100882,2024-07-25,CUST7857,New,Beauty,3,1424,4015.68,6.0,No,None,UPI,1,4.9,No
ORD100883,2024-10-29,CUST7341,Premium,Fashion,5,7728,34003.2,12.0,Yes,Diwali,Credit Card,2,4.1,No
ORD100884,2024-05-06,CUST1649,New,Groceries,2,8956,10747.199999999999,40.0,No,None,Credit Card,3,2.9,No
ORD100885,2024-02-25,CUST8390,Premium,Groceries,3,3059,5230.89,43.0,No,None,UPI,7,4.5,No
ORD100886,2024-08-01,CUST5478,Premium,Beauty,2,8693,17212.14,1.0,No,None,Wallet,4,4.2,No
ORD100887,2024-01-14,CUST8221,Regular,Home Decor,5,8500,30175.0,29.0,No,,UPI,2,2.9,No
ORD100888,2024-01-28,CUST3765,Regular,Fashion,5,2612,10317.4,21.0,Yes,Republic Day,Wallet,6,2.5,No
ORD100889,2024-03-18,CUST3138,New,Home Decor,1,2847,2847.0,0.0,No,None,Credit Card,5,3.9,No
ORD100890,2024-08-03,CUST8178,Regular,Electronics,4,3538,10472.48,26.0,No,None,Credit Card,1,3.1,No
ORD100891,2024-12-30,CUST5442,Regular,Home Decor,1,6004,5643.759999999999,6.0,Yes,Christmas/New Year,COD,2,4.7,No
ORD100892,2024-06-02,CUST7935,Regular,Electronics,2,7431,14862.0,0.0,No,None,COD,7,3.1,No
ORD100893,2024-01-14,CUST6941,Regular,Groceries,1,4723,3589.48,24.0,No,None,Credit Card,1,4.2,No
ORD100894,2024-07-05,CUST7688,New,Fashion,3,4013,6380.67,47.0,No,None,COD,3,3.4,No
ORD100895,2024-11-07,CUST9441,New,Electronics,1,3845,3729.65,3.0,Yes,Diwali,Wallet,3,3.4,No
ORD100896,2024-01-07,CUST7959,Regular,Home Decor,4,3617,10272.279999999999,29.0,No,None,UPI,3,,Yes
ORD100897,2024-01-03,CUST8428,Regular,Home Decor,4,211,784.92,7.0,No,,Credit Card,3,3.8,No
ORD100898,2024-04-20,CUST8125,Premium,Groceries,2,6809,7081.360000000001,48.0,No,,Credit Card,4,3.9,No
ORD100899,2024-08-25,CUST9026,Premium,Beauty,5,3345,13380.0,20.0,Yes,Raksha Bandhan,COD,1,4.0,Yes
ORD100900,2024-12-28,CUST5664,New,Beauty,4,1074,4167.12,3.0,Yes,Christmas/New Year,Credit Card,2,4.6,No
ORD100901,2024-08-26,CUST5904,Premium,Home Decor,2,7503,14555.82,3.0,Yes,Raksha Bandhan,Credit Card,4,4.1,No
ORD100902,2024-09-30,CUST5840,Regular,Beauty,4,1083,4028.7599999999998,7.0,No,None,Wallet,2,4.4,No
ORD100903,2024-10-20,CUST1991,Premium,Fashion,4,4850,11446.000000000002,41.0,Yes,Diwali,Wallet,5,3.3,No
ORD100904,2024-08-14,CUST6876,New,Beauty,5,7910,29662.5,25.0,Yes,Independence Day,UPI,7,3.6,No
ORD100905,2024-01-15,CUST8766,Premium,Fashion,3,6997,15113.519999999999,28.0,No,None,Credit Card,6,2.5,Yes
ORD100906,2024-07-10,CUST4055,Premium,Home Decor,2,5639,9586.3,15.0,No,None,COD,4,2.7,No
ORD100907,2024-04-28,CUST4456,Regular,Home Decor,4,7208,23642.24,18.0,No,None,UPI,6,3.5,No
ORD100908,2024-01-28,CUST9361,Premium,Home Decor,4,9971,39884.0,0.0,Yes,Republic Day,COD,4,,No
ORD100909,2024-07-20,CUST4719,Premium,Groceries,1,8744,5596.16,36.0,No,None,Credit Card,6,4.5,No
ORD100910,2024-02-08,CUST9154,Regular,Beauty,3,8362,16807.62,33.0,No,None,COD,7,4.2,No
ORD100911,2024-09-29,CUST8407,Regular,Electronics,5,9898,35632.799999999996,28.0,No,None,COD,6,4.9,No
ORD100912,2024-08-18,CUST7712,Regular,Electronics,2,3687,5456.76,26.0,Yes,Independence Day,UPI,5,4.7,No
ORD100913,2024-03-26,CUST1377,Regular,Home Decor,4,7737,16402.440000000002,47.0,Yes,Holi,Credit Card,6,4.9,No
ORD100914,2024-05-05,CUST9116,Regular,Beauty,2,2590,2900.8,44.0,No,None,UPI,4,3.4,No
ORD100915,2024-10-26,CUST1507,Regular,Fashion,5,4230,15016.5,29.0,Yes,Diwali,Credit Card,6,3.7,No
ORD100916,2024-01-25,CUST4215,Premium,Electronics,3,7692,21922.2,5.0,Yes,Republic Day,Wallet,1,3.4,No
ORD100917,2024-05-24,CUST3264,Regular,Home Decor,1,3638,2364.7000000000003,35.0,No,None,UPI,7,4.9,No
ORD100918,2024-01-13,CUST4941,Regular,Electronics,3,2583,4804.38,38.0,No,None,Credit Card,6,3.5,No
ORD100919,2024-07-30,CUST6786,New,Electronics,1,3567,3531.33,1.0,No,None,Wallet,3,2.8,No
ORD100920,2024-01-25,CUST9227,Premium,Electronics,2,6367,7513.060000000001,41.0,Yes,Republic Day,Wallet,7,3.1,No
ORD100921,2024-03-08,CUST5183,Premium,Home Decor,3,1665,4345.65,13.0,No,None,Wallet,7,3.6,No
ORD100922,2024-03-07,CUST4219,Regular,Home Decor,3,2351,6559.29,7.0,No,None,UPI,6,4.0,No
ORD100923,2024-08-20,CUST5710,Premium,Groceries,3,3683,10828.02,2.0,Yes,Independence Day,Wallet,2,4.0,No
ORD100924,2024-04-18,CUST6386,Regular,Groceries,5,773,2550.8999999999996,34.0,No,None,Credit Card,5,4.4,No
ORD100925,2024-05-25,CUST1461,New,Groceries,2,974,1441.52,26.0,No,None,UPI,3,4.1,No
ORD100926,2024-04-20,CUST7524,Regular,Electronics,1,7230,4844.099999999999,33.0,No,None,COD,4,3.7,No
ORD100927,2024-08-15,CUST4300,Premium,Beauty,3,4538,9938.22,27.0,Yes,Independence Day,Wallet,1,2.6,No
ORD100928,2024-04-20,CUST6996,Regular,Home Decor,2,8221,11509.4,30.0,No,None,UPI,6,4.2,No
ORD100929,2024-02-03,CUST2928,Premium,Groceries,5,4130,17346.0,16.0,No,None,COD,6,2.7,No
ORD100930,2024-04-20,CUST1630,Premium,Beauty,5,5160,21156.0,18.0,No,None,UPI,4,3.7,No
ORD100931,2024-09-20,CUST8891,Regular,Groceries,2,2420,2855.6000000000004,41.0,No,None,Wallet,5,4.7,No
ORD100932,2024-08-23,CUST9889,Regular,Groceries,1,1639,934.2300000000001,43.0,No,None,Wallet,4,4.0,No
ORD100933,2024-03-23,CUST5457,Premium,Beauty,2,6446,11602.800000000001,10.0,Yes,Holi,COD,1,3.0,No
ORD100934,2024-02-11,CUST9491,New,Groceries,2,7624,14028.16,8.0,No,,Credit Card,7,4.5,No
ORD100935,2024-04-10,CUST5193,New,Electronics,4,9105,25858.199999999997,29.0,No,None,Wallet,6,3.3,No
ORD100936,2024-01-06,CUST7300,Regular,Electronics,5,6900,19320.000000000004,44.0,No,None,COD,7,3.9,No
ORD100937,2024-06-28,CUST6761,Regular,Electronics,1,8967,8518.65,5.0,No,None,,4,4.1,No
ORD100938,2024-10-08,CUST3097,New,Fashion,4,6539,22755.72,13.0,No,None,Credit Card,7,4.3,No
ORD100939,2024-11-15,CUST2000,Premium,Groceries,2,5284,7397.599999999999,30.0,No,None,COD,4,2.7,No
ORD100940,2024-08-13,CUST6667,Premium,Fashion,5,5710,25695.0,10.0,Yes,Independence Day,Credit Card,6,4.6,No
ORD100941,2024-11-10,CUST3005,New,Home Decor,4,269,1032.96,4.0,Yes,Diwali,Wallet,4,2.8,No
ORD100942,2024-12-30,CUST8776,New,Beauty,4,9309,26065.199999999997,30.0,Yes,Christmas/New Year,COD,6,2.7,No
ORD100943,2024-08-16,CUST3465,Premium,Home Decor,1,9134,9042.66,1.0,Yes,Independence Day,UPI,4,3.6,Yes
ORD100944,2024-10-15,CUST4967,Regular,Fashion,2,6928,8590.72,,No,None,Credit Card,7,3.4,No
ORD100945,2024-05-29,CUST4951,Regular,Electronics,1,4350,3654.0,16.0,No,None,Wallet,1,2.6,No
ORD100946,2024-10-03,CUST9834,Premium,Groceries,4,2733,6887.16,37.0,No,None,Wallet,2,2.9,Yes
ORD100947,2024-07-16,CUST1788,Regular,Groceries,4,7610,16742.0,45.0,No,None,Credit Card,3,3.6,No
ORD100948,2024-03-10,CUST4508,Regular,Electronics,1,9768,6349.2,35.0,No,None,COD,5,4.6,No
ORD100949,2024-04-21,CUST5780,Regular,Groceries,4,8801,34499.92,2.0,No,None,UPI,7,2.8,No
ORD100950,2024-01-04,CUST4039,Regular,Beauty,3,3207,5580.18,42.0,No,,Wallet,2,2.8,No
ORD100951,2024-12-15,CUST2218,Premium,Beauty,5,8343,30034.8,28.0,No,None,Credit Card,1,4.5,No
ORD100952,2024-11-26,CUST3782,Premium,Beauty,2,7070,9615.199999999999,32.0,No,None,Credit Card,5,3.7,No
ORD100953,2024-11-13,CUST6594,Regular,Home Decor,5,5334,23202.9,13.0,No,None,UPI,5,3.4,No
ORD100954,2024-12-15,CUST8853,Regular,Electronics,2,4442,5596.92,37.0,No,None,UPI,6,3.7,No
ORD100955,2024-04-04,CUST8427,New,Beauty,4,5809,16729.92,,No,None,Wallet,6,3.5,No
ORD100956,2024-05-31,CUST8266,Regular,Fashion,1,7978,6222.84,22.0,No,None,UPI,7,4.5,No
ORD100957,2024-11-06,CUST9462,Premium,Beauty,1,1397,1173.48,16.0,Yes,Diwali,Credit Card,4,2.5,Yes
ORD100958,2024-05-16,CUST1054,New,Home Decor,4,2537,5276.96,48.0,No,None,COD,3,3.6,No
ORD100959,2024-09-03,CUST6206,Regular,Fashion,2,8286,14914.800000000001,10.0,No,None,COD,6,2.9,No
ORD100960,2024-08-30,CUST3393,Premium,Electronics,4,3393,9907.56,27.0,Yes,Raksha Bandhan,Credit Card,3,3.3,No
ORD100961,2024-01-31,CUST5225,New,Electronics,2,8418,15825.839999999998,6.0,No,None,Credit Card,1,2.8,No
ORD100962,2024-02-09,CUST1241,Regular,Beauty,4,5420,12140.800000000001,44.0,No,None,Credit Card,6,3.6,No
ORD100963,2024-08-16,CUST5643,Premium,Fashion,4,3173,7742.12,39.0,Yes,Independence Day,Wallet,2,4.1,No
ORD100964,2024-02-05,CUST9613,Regular,Fashion,4,6731,25039.32,7.0,No,None,Credit Card,4,4.2,No
ORD100965,2024-08-10,CUST3413,Regular,Beauty,1,3365,2019.0,40.0,Yes,Independence Day,UPI,3,4.5,No
ORD100966,2024-01-06,CUST2976,New,Beauty,2,1290,1857.6,28.0,No,None,Credit Card,4,4.5,No
ORD100967,2024-11-17,CUST6503,New,Groceries,4,8641,26268.64,24.0,No,None,Credit Card,2,4.0,No
ORD100968,2024-08-07,CUST1900,Premium,Groceries,5,341,1602.6999999999998,6.0,No,None,Wallet,5,3.4,No
ORD100969,2024-03-15,CUST1756,Regular,Beauty,5,466,1840.7,21.0,No,None,Credit Card,2,2.6,No
ORD100970,2024-01-04,CUST3617,Regular,Home Decor,1,7919,7285.4800000000005,8.0,No,None,UPI,5,,Yes
ORD100971,2024-11-30,CUST5135,Premium,Groceries,3,4510,12177.0,,No,None,,2,2.8,Yes
ORD100972,2024-05-13,CUST1893,Regular,Beauty,1,8880,5949.599999999999,33.0,No,None,UPI,4,5.0,Yes
ORD100973,2024-04-27,CUST8255,Premium,Fashion,3,8887,19729.14,26.0,No,None,Credit Card,2,4.5,No
ORD100974,2024-04-03,CUST1187,Premium,Groceries,1,679,346.29,49.0,No,None,Wallet,6,3.5,No
ORD100975,2024-03-02,CUST4308,Premium,Home Decor,5,2890,11415.5,21.0,No,None,Wallet,3,3.7,No
ORD100976,2024-07-12,CUST9717,Premium,Electronics,4,6199,24300.079999999998,2.0,No,None,Wallet,3,4.3,No
ORD100977,2024-11-30,CUST4112,Regular,Fashion,2,5136,5238.72,49.0,No,None,UPI,1,3.8,No
ORD100978,2024-07-21,CUST2965,Regular,Home Decor,4,2627,5569.240000000001,47.0,No,None,Wallet,7,3.4,No
ORD100979,2024-01-26,CUST2642,Regular,Home Decor,5,9235,28166.75,39.0,Yes,Republic Day,Credit Card,6,3.4,No
ORD100980,2024-06-21,CUST6994,Premium,Home Decor,2,8264,15371.039999999999,7.0,No,None,Credit Card,3,3.0,Yes
ORD100981,2024-10-26,CUST3386,Premium,Fashion,3,3415,9732.75,5.0,Yes,Diwali,COD,3,4.7,Yes
ORD100982,2024-05-12,CUST7974,Premium,Home Decor,3,6181,14092.68,24.0,No,None,UPI,5,3.5,Yes
ORD100983,2024-11-21,CUST1296,Premium,Electronics,5,4111,20349.45,1.0,No,None,COD,6,4.4,No
ORD100984,2024-04-27,CUST7526,New,Groceries,2,4277,7270.9,15.0,No,None,COD,4,3.9,Yes
ORD100985,2024-11-19,CUST2369,Regular,Fashion,4,2549,6117.599999999999,40.0,No,None,UPI,4,4.4,No
ORD100986,2024-10-01,CUST8658,Regular,Home Decor,5,849,3396.0,20.0,No,None,UPI,5,3.3,No
ORD100987,2024-07-30,CUST8578,Regular,Beauty,3,5736,14798.88,14.0,No,None,COD,3,4.4,No
ORD100988,2024-08-12,CUST6324,Premium,Groceries,5,3056,10237.599999999999,33.0,Yes,Independence Day,,2,4.5,No
ORD100989,2024-01-20,CUST1903,Regular,Fashion,4,5778,12480.480000000001,46.0,Yes,Republic Day,,5,2.8,No
ORD100990,2024-04-22,CUST3615,New,Beauty,1,1925,1116.5000000000002,42.0,No,None,UPI,4,2.7,No
ORD100991,2024-05-19,CUST6940,Premium,Beauty,1,8316,6735.96,19.0,No,None,Credit Card,1,5.0,No
ORD100992,2024-02-16,CUST1329,New,Home Decor,4,1554,3543.1200000000003,43.0,No,None,COD,4,2.8,No
ORD100993,2024-01-01,CUST5685,New,Fashion,2,1493,2090.2,30.0,No,None,COD,2,4.2,No
ORD100994,2024-03-30,CUST6647,Regular,Home Decor,5,3458,14869.4,14.0,Yes,Holi,COD,4,4.4,No
ORD100995,2024-05-21,CUST7180,Regular,Electronics,4,2913,6175.56,47.0,No,None,UPI,5,2.7,No
ORD100996,2024-11-15,CUST2813,Premium,Beauty,1,8795,6420.349999999999,27.0,No,None,COD,1,4.4,No
ORD100997,2024-02-07,CUST8581,Regular,Electronics,3,4232,12061.199999999999,5.0,No,None,UPI,4,3.5,No
ORD100998,2024-10-19,CUST8850,Regular,Home Decor,4,1746,6844.32,2.0,No,None,Credit Card,5,,No
ORD100999,2024-05-18,CUST8987,Premium,Groceries,4,2806,7071.12,37.0,No,None,Wallet,7,4.2,No
ORD101000,2024-12-21,CUST9822,Regular,Beauty,4,3025,9438.0,22.0,Yes,Christmas/New Year,Credit Card,5,4.6,No
ORD101001,2024-11-28,CUST1232,Premium,Groceries,1,4406,4317.88,2.0,No,None,COD,7,3.9,No
ORD101002,2024-09-15,CUST5614,Premium,Fashion,1,9204,5154.240000000001,44.0,No,None,UPI,5,4.7,No
ORD101003,2024-06-09,CUST2636,Regular,Beauty,4,3574,8148.720000000001,43.0,No,None,COD,1,2.6,No
ORD101004,2024-06-26,CUST5955,Regular,Electronics,4,9321,34674.119999999995,7.0,No,None,Credit Card,5,4.3,No
ORD101005,2024-01-10,CUST4321,Regular,Groceries,2,7840,15523.2,1.0,No,None,Wallet,1,2.9,No
ORD101006,2024-09-17,CUST9382,Premium,Fashion,3,7134,20117.879999999997,6.0,No,None,Wallet,6,3.2,No
ORD101007,2024-05-17,CUST9473,Regular,Beauty,5,6278,26367.6,16.0,No,None,UPI,7,3.9,No
ORD101008,2024-06-20,CUST1785,New,Fashion,5,3523,16558.1,6.0,No,None,Credit Card,2,3.2,No
ORD101009,2024-01-13,CUST1492,Regular,Electronics,5,8566,29124.399999999998,32.0,No,None,Credit Card,2,2.9,No
ORD101010,2024-06-16,CUST2769,Regular,Beauty,1,7305,4748.25,35.0,No,None,UPI,2,4.7,No
ORD101011,2024-05-09,CUST2753,Regular,Fashion,1,1563,844.0200000000001,46.0,No,None,UPI,6,4.8,No
ORD101012,2024-03-24,CUST6338,Regular,Home Decor,2,9429,18292.26,3.0,Yes,Holi,UPI,5,2.6,No
ORD101013,2024-11-16,CUST5763,Regular,Beauty,1,7689,4382.7300000000005,43.0,No,None,COD,1,3.8,No
ORD101014,2024-11-14,CUST1647,Premium,Beauty,4,8151,27713.399999999998,15.0,No,None,COD,6,3.0,No
ORD101015,2024-04-10,CUST6884,Premium,Beauty,3,3211,7706.400000000001,20.0,No,None,UPI,2,4.7,No
ORD101016,2024-11-24,CUST7456,Regular,Beauty,3,2290,5702.099999999999,17.0,No,None,UPI,3,3.7,No
ORD101017,2024-09-29,CUST7613,Regular,Home Decor,3,8852,14605.800000000001,45.0,No,None,Wallet,2,3.7,No
ORD101018,2024-09-21,CUST3696,Premium,Electronics,3,348,574.2,45.0,No,None,Wallet,5,4.1,No
ORD101019,2024-02-07,CUST1797,Premium,Home Decor,5,4633,16910.45,27.0,No,None,COD,7,2.6,No
ORD101020,2024-04-03,CUST6589,Regular,Home Decor,5,5298,15364.200000000003,42.0,No,None,Wallet,6,2.8,No
ORD101021,2024-04-04,CUST5457,New,Fashion,4,1333,4532.2,15.0,No,None,UPI,3,3.7,No
ORD101022,2024-10-31,CUST1096,Regular,Groceries,2,553,597.24,46.0,Yes,Diwali,Credit Card,6,4.9,No
ORD101023,2024-03-09,CUST2574,Premium,Groceries,1,9499,7504.21,21.0,No,None,UPI,4,4.6,Yes
ORD101024,2024-11-13,CUST6744,Regular,Fashion,1,2313,2197.35,5.0,No,None,Wallet,3,4.7,No
ORD101025,2024-08-23,CUST3115,Regular,Home Decor,5,7755,27530.25,29.0,No,None,COD,4,2.8,No
ORD101026,2024-11-29,CUST9964,New,Fashion,3,6210,10432.800000000001,44.0,No,None,UPI,3,4.9,No
ORD101027,2024-05-16,CUST5042,Regular,Beauty,4,3885,11344.199999999999,27.0,No,None,UPI,1,4.3,No
ORD101028,2024-03-16,CUST6763,Premium,Fashion,2,3406,5722.08,16.0,No,None,Wallet,3,3.3,No
ORD101029,2024-02-04,CUST8767,Regular,Fashion,5,1309,4254.25,35.0,No,None,Credit Card,2,4.7,Yes
ORD101030,2024-01-01,CUST5799,Premium,Beauty,4,8618,30680.08,11.0,No,None,UPI,7,4.4,No
ORD101031,2024-10-22,CUST3669,New,Groceries,4,9404,19184.16,49.0,Yes,Diwali,COD,4,4.3,No
ORD101032,2024-11-15,CUST8802,Regular,Beauty,5,3306,10083.3,39.0,No,None,COD,4,4.3,No
ORD101033,2024-02-29,CUST1821,New,Electronics,4,4136,14724.16,11.0,No,None,Credit Card,6,4.5,No
ORD101034,2024-11-15,CUST5684,Premium,Fashion,3,9858,19223.100000000002,35.0,No,None,Wallet,2,4.9,No
ORD101035,2024-12-14,CUST6660,Premium,Fashion,4,8661,21132.84,39.0,No,None,Credit Card,1,2.8,No
ORD101036,2024-11-23,CUST7910,Premium,Groceries,2,4006,5768.639999999999,,No,None,COD,3,5.0,No
ORD101037,2024-09-23,CUST1633,New,Home Decor,4,6749,26726.04,1.0,No,None,UPI,1,4.7,No
ORD101038,2024-12-26,CUST2136,Regular,Beauty,1,9923,7144.5599999999995,28.0,Yes,Christmas/New Year,COD,2,,No
ORD101039,2024-08-16,CUST4185,Regular,Home Decor,4,8695,24693.8,29.0,Yes,Independence Day,Credit Card,7,2.9,No
ORD101040,2024-09-26,CUST4427,New,Electronics,5,5348,17381.0,35.0,No,None,COD,3,3.6,No
ORD101041,2024-11-11,CUST5803,Premium,Beauty,1,2132,1215.2400000000002,43.0,No,None,Wallet,2,4.4,No
ORD101042,2024-10-12,CUST9298,Regular,Electronics,5,2240,8512.0,24.0,No,None,Credit Card,4,4.0,No
ORD101043,2024-10-17,CUST4350,Premium,Electronics,2,8134,13014.400000000001,20.0,No,None,COD,4,3.2,No
ORD101044,2024-07-31,CUST7028,Premium,Electronics,3,8533,20223.21,21.0,No,None,UPI,4,3.5,No
ORD101045,2024-06-13,CUST7283,Regular,Beauty,2,6989,12719.98,9.0,No,None,UPI,5,4.9,No
ORD101046,2024-01-05,CUST3205,Regular,Beauty,1,5975,4182.5,30.0,No,None,Credit Card,5,4.5,No
ORD101047,2024-12-04,CUST9741,Premium,Groceries,3,9200,14904.000000000002,46.0,No,None,UPI,4,,No
ORD101048,2024-03-18,CUST8106,Regular,Fashion,4,1147,4220.96,8.0,No,None,Credit Card,7,3.9,No
ORD101049,2024-03-02,CUST5156,Premium,Home Decor,1,965,579.0,40.0,No,None,UPI,5,4.8,No
ORD101050,2024-05-11,CUST7766,New,Home Decor,3,7372,13711.92,38.0,No,None,COD,7,2.6,No
ORD101051,2024-03-29,CUST9191,Regular,Electronics,5,5215,17470.249999999996,33.0,Yes,Holi,UPI,5,2.6,No
ORD101052,2024-08-24,CUST6674,Regular,Beauty,3,9330,17353.8,38.0,No,None,COD,6,4.3,No
ORD101053,2024-02-11,CUST3103,Regular,Beauty,5,2696,8088.0,40.0,No,,Credit Card,2,3.9,Yes
ORD101054,2024-03-29,CUST7630,Regular,Electronics,5,3762,9593.1,49.0,Yes,Holi,UPI,6,2.6,No
ORD101055,2024-10-22,CUST7990,Premium,Fashion,3,1462,3421.08,22.0,Yes,Diwali,Wallet,7,5.0,No
ORD101056,2024-11-23,CUST2095,Regular,Home Decor,2,6593,11735.54,11.0,No,None,Wallet,3,4.0,No
ORD101057,2024-10-21,CUST2454,Premium,Groceries,2,5250,9870.0,6.0,Yes,Diwali,Wallet,4,3.7,No
ORD101058,2024-04-13,CUST9042,Regular,Fashion,5,5610,19354.5,31.0,No,None,UPI,6,3.6,No
ORD101059,2024-01-14,CUST1463,Regular,Beauty,1,742,608.44,18.0,No,,COD,6,4.3,No
ORD101060,2024-10-14,CUST4587,Regular,Electronics,3,6864,16267.68,21.0,No,None,Credit Card,5,3.6,No
ORD101061,2024-06-27,CUST9679,Regular,Home Decor,1,7923,6734.55,15.0,No,None,UPI,2,4.1,Yes
ORD101062,2024-05-04,CUST5731,Regular,Electronics,2,2981,5544.66,7.0,No,None,Credit Card,2,3.7,No
ORD101063,2024-12-18,CUST4142,Regular,Beauty,1,2812,1996.52,29.0,No,None,Credit Card,6,4.0,No
ORD101064,2024-01-23,CUST3295,New,Electronics,4,1399,5316.2,5.0,Yes,Republic Day,UPI,3,4.5,No
ORD101065,2024-03-03,CUST3956,Premium,Home Decor,4,7232,28638.72,1.0,No,None,COD,7,4.5,No
ORD101066,2024-05-22,CUST2257,Regular,Electronics,2,6523,8740.82,33.0,No,None,Wallet,2,4.6,No
ORD101067,2024-06-01,CUST2690,Regular,Home Decor,1,4888,3519.3599999999997,28.0,No,None,Credit Card,1,3.0,No
ORD101068,2024-05-24,CUST5427,Regular,Electronics,3,4986,9124.38,39.0,No,None,Credit Card,1,2.7,No
ORD101069,2024-08-12,CUST9732,Regular,Electronics,2,3881,4579.580000000001,41.0,Yes,Independence Day,UPI,4,4.6,No
ORD101070,2024-11-04,CUST2419,Regular,Home Decor,4,5429,12595.28,42.0,Yes,Diwali,Credit Card,6,2.6,No
ORD101071,2024-04-13,CUST9216,Regular,Electronics,2,3695,5985.900000000001,19.0,No,None,UPI,3,3.0,No
ORD101072,2024-04-13,CUST6785,Regular,Fashion,1,9056,8874.88,2.0,No,None,Credit Card,6,3.8,No
ORD101073,2024-02-08,CUST5634,Regular,Groceries,1,6278,3327.34,47.0,No,None,COD,1,4.6,No
ORD101074,2024-07-16,CUST6816,Regular,Fashion,1,3362,2218.9199999999996,34.0,No,None,COD,7,4.7,No
ORD101075,2024-05-13,CUST8344,Regular,Groceries,5,1616,7514.4,7.0,No,None,Wallet,3,4.1,No
ORD101076,2024-03-07,CUST9613,Premium,Fashion,1,3308,2944.12,11.0,No,None,Wallet,7,4.9,No
ORD101077,2024-06-27,CUST3766,Regular,Groceries,4,8908,18172.32,49.0,No,None,,4,4.3,Yes
ORD101078,2024-02-11,CUST9042,Regular,Electronics,4,9241,20699.840000000004,44.0,No,None,Wallet,2,3.8,No
ORD101079,2024-01-15,CUST1986,Premium,Home Decor,5,8029,23284.100000000002,42.0,No,None,Wallet,2,2.8,No
ORD101080,2024-04-20,CUST8622,New,Home Decor,4,1107,3055.3199999999997,31.0,No,None,Wallet,2,3.6,No
ORD101081,2024-06-05,CUST8371,New,Beauty,4,8707,25076.16,28.0,No,None,COD,1,4.6,No
ORD101082,2024-10-15,CUST3990,Premium,Groceries,2,7773,8705.76,44.0,No,None,Wallet,7,3.2,No
ORD101083,2024-08-18,CUST7296,Regular,Beauty,1,9899,7919.200000000001,20.0,Yes,Independence Day,UPI,3,3.9,No
ORD101084,2024-06-05,CUST5084,Premium,Beauty,2,9910,19423.6,2.0,No,None,Wallet,1,5.0,Yes
ORD101085,2024-02-07,CUST2021,Premium,Groceries,2,2134,2688.84,37.0,No,None,UPI,5,2.9,No
ORD101086,2024-04-06,CUST9536,Regular,Home Decor,4,6151,18206.96,26.0,No,None,Wallet,3,2.8,No
ORD101087,2024-10-15,CUST6791,Premium,Groceries,3,4544,13359.36,2.0,No,None,UPI,4,4.5,No
ORD101088,2024-09-10,CUST3420,New,Electronics,1,7626,7626.0,0.0,No,None,Wallet,7,2.6,No
ORD101089,2024-07-14,CUST9936,Regular,Beauty,3,6534,10781.1,45.0,No,None,UPI,1,4.1,No
ORD101090,2024-03-26,CUST1575,Regular,Beauty,4,2822,9143.28,19.0,Yes,,Wallet,2,3.3,No
ORD101091,2024-11-17,CUST6354,Regular,Groceries,5,9248,43465.6,6.0,No,None,UPI,2,4.3,No
ORD101092,2024-01-10,CUST5419,Regular,Beauty,2,5765,6918.0,40.0,No,None,COD,2,2.8,No
ORD101093,2024-01-05,CUST5768,Regular,Home Decor,4,1725,6900.0,0.0,No,None,Credit Card,1,3.3,No
ORD101094,2024-05-02,CUST7926,Premium,Beauty,4,1616,5882.24,9.0,No,None,Credit Card,7,2.5,No
ORD101095,2024-11-25,CUST8927,Premium,Groceries,3,1994,3349.9200000000005,44.0,No,None,COD,1,3.1,No
ORD101096,2024-12-18,CUST4601,Regular,Home Decor,5,2920,12994.0,11.0,No,None,COD,2,3.7,No
ORD101097,2024-04-27,CUST7459,New,Home Decor,2,7026,13630.44,3.0,No,None,UPI,2,2.9,No
ORD101098,2024-10-20,CUST8482,Regular,Beauty,5,6995,32876.5,6.0,Yes,Diwali,UPI,2,4.0,No
ORD101099,2024-06-07,CUST4775,Regular,Groceries,5,3876,17635.8,9.0,No,None,Wallet,5,2.8,No
ORD101100,2024-10-29,CUST7213,Premium,Beauty,5,5276,20840.2,21.0,Yes,Diwali,Wallet,1,4.4,No
ORD101101,2024-08-15,CUST8557,Premium,Electronics,1,6569,4992.4400000000005,24.0,Yes,Independence Day,Credit Card,2,4.8,Yes
ORD101102,2024-12-30,CUST5270,Premium,Electronics,5,8744,31478.399999999998,28.0,Yes,Christmas/New Year,Credit Card,4,3.5,No
ORD101103,2024-08-03,CUST3046,New,Home Decor,4,9819,24351.12,38.0,No,None,UPI,2,3.8,No
ORD101104,2024-07-02,CUST8840,Premium,Beauty,1,6026,5182.36,14.0,No,None,UPI,7,3.7,No
ORD101105,2024-01-15,CUST1457,New,Electronics,1,2392,1961.44,18.0,No,None,COD,1,4.5,No
ORD101106,2024-06-05,CUST7288,Regular,Fashion,5,3736,11581.6,38.0,No,None,UPI,4,5.0,Yes
ORD101107,2024-05-15,CUST7785,Premium,Electronics,4,7499,16497.800000000003,45.0,No,None,Wallet,7,4.3,No
ORD101108,2024-09-17,CUST1546,New,Beauty,2,9508,10458.800000000001,45.0,No,None,COD,6,3.0,No
ORD101109,2024-06-05,CUST2823,Premium,Beauty,5,2520,10458.0,17.0,No,None,UPI,6,4.2,No
ORD101110,2024-02-16,CUST9260,Regular,Electronics,1,8071,4761.89,41.0,No,None,Wallet,6,4.0,No
ORD101111,2024-11-19,CUST2022,Premium,Beauty,2,733,1436.68,2.0,No,None,Wallet,7,3.0,No
ORD101112,2024-11-27,CUST8138,Premium,Beauty,2,9609,18257.1,5.0,No,None,Credit Card,1,3.1,No
ORD101113,2024-06-21,CUST6221,Regular,Fashion,1,5551,4385.29,21.0,No,None,COD,1,4.1,No
ORD101114,2024-05-09,CUST4041,New,Home Decor,2,2179,2614.7999999999997,40.0,No,None,Credit Card,7,4.5,No
ORD101115,2024-04-04,CUST8905,Regular,Beauty,4,2276,5007.200000000001,45.0,No,None,COD,1,4.4,No
ORD101116,2024-04-24,CUST9277,Regular,Groceries,4,8923,24984.399999999998,30.0,No,None,COD,3,4.0,No
ORD101117,2024-08-30,CUST3094,New,Home Decor,5,4435,17740.0,20.0,Yes,Raksha Bandhan,Credit Card,7,4.8,No
ORD101118,2024-10-18,CUST3765,Regular,Home Decor,5,6441,29950.649999999998,7.0,No,None,Credit Card,4,4.3,No
ORD101119,2024-10-08,CUST8816,Regular,Groceries,2,4314,8628.0,0.0,No,None,UPI,5,3.9,No
ORD101120,2024-10-25,CUST6601,Premium,Electronics,1,2784,2728.32,2.0,Yes,Diwali,COD,5,4.5,No
ORD101121,2024-10-09,CUST3821,Premium,Fashion,4,9940,28627.2,28.0,No,,UPI,3,3.2,No
ORD101122,2024-03-09,CUST7788,Regular,Beauty,3,1688,4810.8,5.0,No,None,,1,,No
ORD101123,2024-05-27,CUST1458,New,Electronics,5,3859,13120.599999999999,32.0,No,None,Wallet,5,4.9,No
ORD101124,2024-01-11,CUST7619,Premium,Groceries,4,6602,21918.64,17.0,No,None,UPI,4,4.9,No
ORD101125,2024-09-10,CUST5058,Premium,Fashion,2,8247,9731.460000000001,41.0,No,None,Credit Card,7,4.7,No
ORD101126,2024-11-25,CUST2406,Premium,Fashion,4,427,888.1600000000001,48.0,No,None,Wallet,2,3.0,No
ORD101127,2024-12-25,CUST2537,Premium,Fashion,4,4671,18684.0,0.0,Yes,Christmas/New Year,Credit Card,7,4.0,No
ORD101128,2024-02-07,CUST5324,Regular,Groceries,2,5442,8598.36,21.0,No,None,Wallet,4,3.8,No
ORD101129,2024-05-13,CUST6028,Regular,Electronics,5,7823,27380.5,30.0,No,None,Wallet,1,3.0,No
ORD101130,2024-07-18,CUST2851,Premium,Beauty,5,4552,17752.8,22.0,No,None,UPI,4,3.6,No
ORD101131,2024-01-23,CUST4674,New,Fashion,3,5128,14307.119999999999,7.0,Yes,Republic Day,Credit Card,6,3.7,No
ORD101132,2024-10-29,CUST6717,Regular,Fashion,3,7515,16232.4,28.0,Yes,Diwali,UPI,1,3.1,No
ORD101133,2024-12-11,CUST5974,Premium,Electronics,5,898,2559.3,43.0,No,None,Wallet,4,4.9,No
ORD101134,2024-10-28,CUST9104,New,Fashion,5,637,1751.7500000000002,45.0,Yes,Diwali,COD,3,3.7,No
ORD101135,2024-12-28,CUST3982,Regular,Fashion,5,6019,24677.9,18.0,Yes,Christmas/New Year,COD,7,3.8,No
ORD101136,2024-08-05,CUST6867,Regular,Groceries,5,6380,16588.0,48.0,No,None,Wallet,4,4.0,No
ORD101137,2024-05-20,CUST1068,Regular,Home Decor,4,2353,8000.2,15.0,No,None,Credit Card,7,4.7,No
ORD101138,2024-04-13,CUST8906,Premium,Electronics,3,6238,15345.480000000001,18.0,No,None,Credit Card,6,3.8,No
ORD101139,2024-07-28,CUST9155,Regular,Electronics,2,6208,7946.24,36.0,No,None,Credit Card,5,3.9,No
ORD101140,2024-04-20,CUST2493,Regular,Electronics,1,6575,5194.25,21.0,No,None,COD,2,3.1,No
ORD101141,2024-04-13,CUST7757,Premium,Groceries,2,5336,8751.04,18.0,No,None,UPI,3,4.0,No
ORD101142,2024-11-11,CUST4024,Premium,Groceries,1,5478,5313.66,3.0,No,None,Credit Card,4,3.5,No
ORD101143,2024-06-19,CUST2860,Regular,Beauty,4,1159,4450.5599999999995,4.0,No,None,UPI,1,4.1,No
ORD101144,2024-12-21,CUST6456,Regular,Groceries,3,8669,24966.719999999998,4.0,Yes,Christmas/New Year,Credit Card,3,3.3,No
ORD101145,2024-11-19,CUST1011,Premium,Electronics,1,4420,3359.2,24.0,No,None,Credit Card,5,4.3,No
ORD101146,2024-05-12,CUST2143,New,Beauty,5,3956,15230.6,23.0,No,None,Credit Card,2,4.0,No
ORD101147,2024-10-19,CUST3775,New,Home Decor,4,7787,31148.0,0.0,No,None,UPI,6,3.7,No
ORD101148,2024-11-23,CUST1633,Premium,Fashion,1,9735,4964.85,49.0,No,None,UPI,2,2.7,No
ORD101149,2024-05-06,CUST9523,Regular,Fashion,5,4970,18140.5,27.0,No,None,UPI,4,4.1,No
ORD101150,2024-04-15,CUST7301,Regular,Beauty,4,9106,19668.960000000003,46.0,No,None,Wallet,6,4.6,No
ORD101151,2024-04-01,CUST9517,Regular,Home Decor,1,9897,7917.6,20.0,No,None,,5,2.9,Yes
ORD101152,2024-10-13,CUST8846,Regular,Fashion,5,4121,16896.100000000002,18.0,No,None,Wallet,5,2.7,No
ORD101153,2024-02-20,CUST2935,Premium,Beauty,3,2914,6818.76,22.0,No,None,COD,2,2.6,Yes
ORD101154,2024-01-29,CUST6938,Regular,Groceries,4,1547,5383.56,13.0,Yes,Republic Day,Wallet,2,2.6,No
ORD101155,2024-10-22,CUST3798,Regular,Electronics,1,5208,4947.599999999999,5.0,Yes,Diwali,COD,5,4.6,No
ORD101156,2024-10-23,CUST3781,New,Home Decor,5,6285,21683.25,31.0,Yes,Diwali,UPI,7,4.3,No
ORD101157,2024-08-01,CUST5878,Regular,Fashion,3,8369,12804.57,49.0,No,None,COD,2,3.0,No
ORD101158,2024-09-23,CUST2920,Regular,Electronics,5,5068,17484.6,31.0,No,None,Credit Card,1,4.8,No
ORD101159,2024-09-13,CUST3632,Regular,Beauty,3,4160,11606.4,7.0,No,None,UPI,2,2.8,No
ORD101160,2024-10-28,CUST3815,Premium,Fashion,1,2705,1731.2,36.0,Yes,Diwali,Wallet,1,3.4,No
ORD101161,2024-04-10,CUST8575,Premium,Electronics,5,5296,20919.2,21.0,No,None,Credit Card,6,3.6,No
ORD101162,2024-12-11,CUST5809,Regular,Groceries,5,7575,35223.75,7.0,No,None,Credit Card,2,2.7,No
ORD101163,2024-04-19,CUST4136,Premium,Home Decor,2,1937,2440.62,37.0,No,None,UPI,3,3.4,No
ORD101164,2024-06-30,CUST6633,Premium,Beauty,4,1308,4761.12,9.0,No,None,Credit Card,3,2.8,No
ORD101165,2024-11-08,CUST8016,New,Fashion,5,2879,14107.1,2.0,Yes,Diwali,UPI,7,4.5,No
ORD101166,2024-01-01,CUST3333,New,Groceries,3,1237,3265.68,12.0,No,None,COD,7,2.6,No
ORD101167,2024-11-14,CUST9986,New,Home Decor,4,5960,14780.8,38.0,No,None,UPI,6,2.5,Yes
ORD101168,2024-02-24,CUST7250,Premium,Home Decor,1,9303,6605.13,29.0,No,None,UPI,6,4.3,No
ORD101169,2024-05-28,CUST6087,Regular,Groceries,4,2296,8908.48,3.0,No,None,Wallet,7,4.5,No
ORD101170,2024-11-04,CUST8440,Regular,Fashion,2,558,624.96,44.0,Yes,Diwali,Credit Card,3,3.7,No
ORD101171,2024-05-16,CUST7832,Regular,Home Decor,1,6153,5845.349999999999,5.0,No,None,Wallet,6,3.3,No
ORD101172,2024-07-20,CUST2791,Premium,Beauty,5,1276,5423.0,15.0,No,None,Wallet,1,3.1,Yes
ORD101173,2024-11-08,CUST4512,New,Electronics,1,7436,5874.4400000000005,21.0,Yes,Diwali,Wallet,7,2.8,Yes
ORD101174,2024-04-26,CUST8288,Premium,Beauty,1,5871,4344.54,26.0,No,None,Wallet,1,3.7,No
ORD101175,2024-06-02,CUST7903,Regular,Home Decor,2,6015,9624.0,20.0,No,None,Wallet,4,3.7,No
ORD101176,2024-10-17,CUST5842,Premium,Electronics,3,5964,12882.24,28.0,No,None,Credit Card,4,3.6,Yes
ORD101177,2024-03-03,CUST9550,New,Groceries,1,5174,5174.0,0.0,No,None,Credit Card,2,4.4,No
ORD101178,2024-08-31,CUST2372,Premium,Electronics,3,3727,7938.509999999999,29.0,Yes,Raksha Bandhan,Credit Card,1,2.7,No
ORD101179,2024-01-25,CUST5156,New,Electronics,4,2502,7706.16,23.0,Yes,Republic Day,Wallet,7,4.2,No
ORD101180,2024-03-30,CUST7778,New,Electronics,2,9996,17592.96,12.0,Yes,Holi,Credit Card,3,3.5,No
ORD101181,2024-03-15,CUST2727,New,Home Decor,5,1275,4526.25,29.0,No,None,Wallet,3,3.1,No
ORD101182,2024-10-20,CUST7532,Premium,Fashion,1,4248,3186.0,25.0,Yes,Diwali,Credit Card,7,4.2,Yes
ORD101183,2024-07-28,CUST4603,Premium,Home Decor,3,528,1061.28,33.0,No,None,Credit Card,3,3.0,No
ORD101184,2024-12-12,CUST5005,Regular,Fashion,1,3677,2978.3700000000003,19.0,No,None,Credit Card,2,,No
ORD101185,2024-01-17,CUST9330,Regular,Groceries,2,7324,13915.599999999999,5.0,No,None,Credit Card,1,5.0,No
ORD101186,2024-05-07,CUST6396,Premium,Groceries,5,1202,3485.8000000000006,42.0,No,None,UPI,6,4.7,No
ORD101187,2024-12-29,CUST9139,Regular,Groceries,4,8968,18653.440000000002,48.0,Yes,Christmas/New Year,Credit Card,2,4.2,No
ORD101188,2024-09-07,CUST5316,New,Groceries,4,8718,32082.24,8.0,No,None,Credit Card,6,3.3,No
ORD101189,2024-06-27,CUST5399,Regular,Groceries,3,6586,12645.12,36.0,No,None,UPI,5,3.8,No
ORD101190,2024-06-30,CUST3228,New,Beauty,4,9919,25392.64,36.0,No,None,COD,5,2.8,No
ORD101191,2024-05-31,CUST5827,Regular,Home Decor,3,3021,7703.55,15.0,No,None,COD,4,3.3,Yes
ORD101192,2024-01-25,CUST8273,Regular,Fashion,5,9857,47806.45,3.0,Yes,Republic Day,UPI,6,2.7,No
ORD101193,2024-06-28,CUST9340,New,Groceries,1,2580,1780.1999999999998,31.0,No,None,COD,1,4.0,Yes
ORD101194,2024-07-16,CUST2817,Regular,Beauty,2,8886,14395.320000000002,19.0,No,None,Credit Card,6,4.6,No
ORD101195,2024-12-09,CUST7520,Regular,Beauty,5,9530,34308.0,28.0,No,None,Wallet,6,4.5,No
ORD101196,2024-06-09,CUST3042,Regular,Beauty,5,2616,9156.0,30.0,No,None,Wallet,3,4.6,No
ORD101197,2024-06-25,CUST1564,Premium,Home Decor,4,9748,21835.52,44.0,No,None,Credit Card,1,2.9,Yes
ORD101198,2024-10-11,CUST1600,Regular,Groceries,4,9545,32071.199999999997,16.0,No,None,Credit Card,7,4.1,No
ORD101199,2024-03-03,CUST7298,Premium,Beauty,2,3449,4138.8,40.0,No,,COD,6,4.9,No
ORD101200,2024-05-29,CUST6109,Premium,Beauty,1,2342,1779.92,24.0,No,None,UPI,6,4.5,No
ORD101201,2024-06-02,CUST6517,Premium,Groceries,5,3588,10046.400000000001,44.0,No,None,Wallet,6,2.5,No
ORD101202,2024-06-04,CUST9854,Premium,Home Decor,4,9516,32354.399999999998,15.0,No,None,Credit Card,4,4.7,No
ORD101203,2024-02-18,CUST9492,Premium,Beauty,5,5515,22335.75,19.0,No,None,UPI,7,4.3,No
ORD101204,2024-12-02,CUST1783,Regular,Fashion,1,9193,5423.870000000001,41.0,No,None,UPI,3,2.8,No
ORD101205,2024-03-24,CUST5008,New,Electronics,3,407,1111.1100000000001,9.0,Yes,Holi,,2,3.3,No
ORD101206,2024-12-26,CUST8556,Regular,Electronics,1,8864,4697.92,47.0,Yes,Christmas/New Year,UPI,3,2.8,No
ORD101207,2024-06-25,CUST4715,Premium,Electronics,5,1838,7168.2,22.0,No,None,Wallet,6,4.3,No
ORD101208,2024-05-27,CUST3014,Regular,Home Decor,5,5327,18111.8,32.0,No,None,Wallet,6,2.5,No
ORD101209,2024-04-27,CUST3524,New,Beauty,2,8527,9891.320000000002,42.0,No,None,UPI,7,3.7,No
ORD101210,2024-12-07,CUST1223,Regular,Electronics,5,4556,20046.4,12.0,No,None,Credit Card,5,5.0,No
ORD101211,2024-03-03,CUST4433,Regular,Electronics,4,9562,29068.48,24.0,No,None,UPI,2,4.6,No
ORD101212,2024-07-07,CUST4604,Premium,Groceries,2,8849,9025.98,49.0,No,None,COD,6,4.0,No
ORD101213,2024-12-25,CUST4502,Premium,Beauty,5,6224,19916.8,36.0,Yes,Christmas/New Year,Credit Card,7,4.2,No
ORD101214,2024-02-18,CUST5442,Regular,Beauty,1,7805,5073.25,35.0,No,None,Credit Card,3,4.0,No
ORD101215,2024-11-22,CUST2846,Premium,Groceries,5,1636,6298.6,23.0,No,None,Credit Card,7,4.5,No
ORD101216,2024-09-13,CUST5310,Premium,Beauty,1,6575,6246.25,5.0,No,None,Wallet,2,4.7,No
ORD101217,2024-08-11,CUST2109,New,Fashion,1,8898,7652.28,14.0,Yes,Independence Day,Credit Card,5,4.4,No
ORD101218,2024-05-20,CUST1641,Premium,Home Decor,5,6447,21597.449999999997,33.0,No,None,Credit Card,5,3.0,No
ORD101219,2024-08-02,CUST3613,Regular,Groceries,1,8837,8571.89,3.0,No,None,Wallet,1,3.4,No
ORD101220,2024-07-29,CUST4333,Regular,Electronics,3,2981,7780.41,13.0,No,None,Wallet,6,4.5,Yes
ORD101221,2024-11-13,CUST9972,New,Beauty,2,643,1247.42,3.0,No,None,Wallet,7,4.6,No
ORD101222,2024-02-01,CUST1034,New,Fashion,5,317,1157.05,27.0,No,None,Credit Card,5,4.1,No
ORD101223,2024-06-06,CUST4445,Regular,Fashion,3,9932,21453.12,28.0,No,None,Credit Card,5,4.3,No
ORD101224,2024-10-11,CUST4202,Regular,Home Decor,1,766,635.78,17.0,No,None,Wallet,5,2.9,No
ORD101225,2024-10-31,CUST5085,Premium,Fashion,1,3802,3079.6200000000003,19.0,Yes,Diwali,Wallet,6,3.4,No
ORD101226,2024-10-12,CUST9079,Regular,Beauty,2,2136,2264.1600000000003,47.0,No,None,COD,7,3.8,No
ORD101227,2024-05-23,CUST7978,Regular,Beauty,3,4383,7889.4,40.0,No,None,Wallet,4,5.0,No
ORD101228,2024-01-19,CUST9111,Regular,Fashion,3,8126,16820.82,31.0,No,None,UPI,7,4.5,No
ORD101229,2024-01-18,CUST4083,Regular,Beauty,5,4771,22185.149999999998,7.0,No,None,COD,7,3.0,No
ORD101230,2024-09-13,CUST7899,Regular,Beauty,1,6001,3480.5800000000004,42.0,No,None,Wallet,7,3.4,No
ORD101231,2024-03-18,CUST2118,Premium,Electronics,4,4590,10098.0,45.0,No,None,Wallet,5,3.0,No
ORD101232,2024-06-23,CUST7124,Regular,Groceries,5,5015,13039.0,48.0,No,None,Wallet,7,2.9,No
ORD101233,2024-07-12,CUST2529,Regular,Beauty,5,5700,25080.0,12.0,No,None,Wallet,1,2.8,No
ORD101234,2024-04-22,CUST4664,Regular,Beauty,5,5602,17086.1,39.0,No,None,UPI,2,4.9,Yes
ORD101235,2024-04-23,CUST5298,Regular,Home Decor,2,7187,7905.700000000001,45.0,No,None,Wallet,4,4.8,No
ORD101236,2024-08-09,CUST3494,Regular,Groceries,2,4981,5777.960000000001,42.0,No,None,Credit Card,2,3.7,No
ORD101237,2024-06-14,CUST4147,Regular,Groceries,5,2886,13275.6,8.0,No,None,,2,3.9,No
ORD101238,2024-11-14,CUST2808,Premium,Groceries,4,1403,3423.3199999999997,39.0,No,None,Wallet,7,4.6,No
ORD101239,2024-05-11,CUST7969,Regular,Fashion,3,5256,8672.400000000001,45.0,No,None,Credit Card,7,4.1,No
ORD101240,2024-09-20,CUST1647,Regular,Electronics,3,7257,11756.34,46.0,No,None,UPI,1,4.3,No
ORD101241,2024-02-24,CUST2552,Regular,Electronics,1,8797,5981.959999999999,32.0,No,,COD,7,4.5,Yes
ORD101242,2024-12-24,CUST8930,Premium,Home Decor,3,5913,15787.710000000001,11.0,Yes,Christmas/New Year,Wallet,4,3.7,No
ORD101243,2024-05-10,CUST6416,New,Groceries,3,5383,10335.36,36.0,No,None,COD,6,4.9,No
ORD101244,2024-10-14,CUST4778,Regular,Groceries,4,4414,13418.56,24.0,No,None,Wallet,3,4.1,No
ORD101245,2024-09-22,CUST9199,New,Beauty,3,4279,7060.35,45.0,No,None,UPI,5,4.1,Yes
ORD101246,2024-12-31,CUST6995,Regular,Fashion,4,512,1556.48,24.0,Yes,Christmas/New Year,UPI,2,,No
ORD101247,2024-06-10,CUST6530,New,Fashion,2,8554,14541.8,15.0,No,None,COD,2,5.0,No
ORD101248,2024-03-27,CUST1201,Regular,Home Decor,4,1728,5875.2,15.0,Yes,Holi,COD,1,2.7,No
ORD101249,2024-02-24,CUST2538,Premium,Electronics,2,5696,7063.04,38.0,No,None,COD,6,5.0,No
ORD101250,2024-10-14,CUST2694,Premium,Groceries,4,9957,26286.479999999996,34.0,No,None,UPI,1,4.8,No
ORD101251,2024-06-26,CUST2228,Regular,Home Decor,5,4968,19375.2,22.0,No,None,Credit Card,1,4.6,No
ORD101252,2024-12-14,CUST4323,New,Fashion,2,7767,14446.619999999999,7.0,No,None,COD,4,4.2,No
ORD101253,2024-01-08,CUST5470,Premium,Fashion,2,598,657.8000000000001,45.0,No,None,Wallet,7,4.0,No
ORD101254,2024-11-16,CUST2922,Regular,Fashion,3,6830,20080.2,2.0,No,None,UPI,6,5.0,No
ORD101255,2024-11-08,CUST9661,Regular,Groceries,2,1247,1920.38,23.0,Yes,Diwali,COD,7,4.9,No
ORD101256,2024-09-03,CUST2863,Regular,Groceries,4,2142,4969.4400000000005,42.0,No,None,UPI,7,4.5,No
ORD101257,2024-11-18,CUST6407,New,Groceries,5,439,1734.0500000000002,21.0,No,None,COD,5,2.7,No
ORD101258,2024-09-11,CUST1271,Premium,Beauty,5,6664,28988.4,13.0,No,None,UPI,4,3.4,No
ORD101259,2024-11-23,CUST6791,Regular,Electronics,3,871,2064.27,21.0,No,None,UPI,1,4.7,No
ORD101260,2024-02-23,CUST1428,Premium,Fashion,4,2819,7554.919999999999,33.0,No,None,COD,7,4.3,No
ORD101261,2024-09-05,CUST8682,New,Fashion,4,8119,21109.4,35.0,No,None,Wallet,1,2.8,No
ORD101262,2024-08-26,CUST9716,Premium,Beauty,1,2661,1862.6999999999998,30.0,Yes,Raksha Bandhan,UPI,6,3.4,No
ORD101263,2024-08-16,CUST4224,Premium,Fashion,2,8793,14068.800000000001,20.0,Yes,Independence Day,Wallet,6,2.5,No
ORD101264,2024-03-07,CUST5043,Premium,Fashion,3,2306,6641.28,4.0,No,None,Wallet,7,,Yes
ORD101265,2024-02-20,CUST3351,Regular,Groceries,5,4348,17826.800000000003,18.0,No,None,UPI,2,4.4,No
ORD101266,2024-04-06,CUST2090,Regular,Groceries,1,1287,759.3300000000002,41.0,No,None,UPI,4,3.6,No
ORD101267,2024-04-01,CUST5527,New,Electronics,4,6976,22323.2,20.0,No,None,UPI,7,4.4,No
ORD101268,2024-09-20,CUST7116,Regular,Fashion,2,9534,18877.32,1.0,No,None,Wallet,4,4.8,No
ORD101269,2024-10-17,CUST4553,New,Home Decor,5,4581,22446.899999999998,2.0,No,None,UPI,6,3.2,No
ORD101270,2024-04-05,CUST9937,Regular,Fashion,1,5324,2874.96,46.0,No,None,UPI,5,3.2,No
ORD101271,2024-03-28,CUST1647,Regular,Fashion,4,7759,22035.559999999998,29.0,Yes,Holi,UPI,4,3.7,No
ORD101272,2024-03-18,CUST5889,New,Electronics,5,341,1142.35,33.0,No,None,UPI,6,4.3,No
ORD101273,2024-10-14,CUST6318,Premium,Home Decor,5,596,2264.8,24.0,No,None,COD,5,5.0,No
ORD101274,2024-04-29,CUST7718,Regular,Fashion,4,5337,14089.679999999998,34.0,No,None,UPI,3,2.9,No
ORD101275,2024-10-28,CUST7935,Premium,Home Decor,4,7481,21545.28,28.0,Yes,Diwali,Wallet,6,3.4,No
ORD101276,2024-06-13,CUST1719,Premium,Groceries,3,1755,4685.85,11.0,No,None,Wallet,5,3.4,No
ORD101277,2024-06-30,CUST8119,Premium,Groceries,5,7254,28290.600000000002,22.0,No,None,Credit Card,1,4.3,No
ORD101278,2024-08-10,CUST3171,Regular,Home Decor,4,6094,17794.48,27.0,Yes,Independence Day,COD,3,4.7,No
ORD101279,2024-11-06,CUST8277,New,Fashion,1,1228,675.4000000000001,45.0,Yes,Diwali,COD,7,3.0,No
ORD101280,2024-01-07,CUST1473,New,Home Decor,2,5251,8821.68,16.0,No,None,Credit Card,2,4.3,No
ORD101281,2024-11-25,CUST9161,Regular,Home Decor,3,870,2218.5,15.0,No,None,Wallet,2,4.8,No
ORD101282,2024-09-19,CUST6145,New,Groceries,4,4794,9971.52,48.0,No,None,Wallet,2,2.8,No
ORD101283,2024-06-09,CUST4162,New,Home Decor,2,2055,3781.2000000000003,8.0,No,None,UPI,1,4.1,No
ORD101284,2024-05-30,CUST3104,Premium,Beauty,3,3629,10669.26,2.0,No,None,Credit Card,7,3.0,No
ORD101285,2024-03-25,CUST5560,Premium,Beauty,5,5476,21630.2,21.0,Yes,Holi,Wallet,6,3.6,No
ORD101286,2024-05-26,CUST2410,Regular,Groceries,2,7186,10060.4,30.0,No,None,Credit Card,2,2.8,No
ORD101287,2024-04-21,CUST7168,Regular,Fashion,3,4631,12086.91,13.0,No,None,Credit Card,5,4.2,No
ORD101288,2024-02-05,CUST4420,Premium,Fashion,4,769,3014.48,2.0,No,None,COD,6,3.5,No
ORD101289,2024-10-11,CUST1170,New,Groceries,4,6656,16773.12,37.0,No,None,Wallet,1,3.9,No
ORD101290,2024-07-06,CUST1443,Premium,Fashion,3,1346,3149.6400000000003,22.0,No,None,Wallet,4,3.8,Yes
ORD101291,2024-03-22,CUST1187,Premium,Electronics,5,9256,37024.0,20.0,Yes,Holi,UPI,1,4.2,No
ORD101292,2024-01-02,CUST4177,Regular,Beauty,3,6714,15509.34,23.0,No,None,Wallet,7,4.7,No
ORD101293,2024-10-29,CUST1416,Regular,Electronics,1,5100,3518.9999999999995,31.0,Yes,Diwali,COD,1,3.2,No
ORD101294,2024-07-15,CUST8429,Regular,Electronics,3,227,381.36,44.0,No,None,Wallet,4,4.0,No
ORD101295,2024-01-11,CUST4847,Regular,Electronics,3,5549,15981.119999999999,4.0,No,None,UPI,7,3.9,No
ORD101296,2024-08-21,CUST4873,Premium,Groceries,4,1229,3342.8799999999997,,No,None,Wallet,5,3.3,No
ORD101297,2024-07-13,CUST9360,Regular,Electronics,5,6816,19425.600000000002,43.0,No,None,Credit Card,3,3.7,No
ORD101298,2024-04-28,CUST1535,Premium,Home Decor,3,2196,3557.5200000000004,46.0,No,None,COD,4,2.6,No
ORD101299,2024-01-20,CUST6588,Regular,Fashion,2,1541,2527.2400000000002,18.0,Yes,Republic Day,UPI,1,3.6,Yes
ORD101300,2024-09-17,CUST2979,Premium,Groceries,4,9640,25835.199999999997,33.0,No,None,UPI,2,3.2,No
ORD101301,2024-10-19,CUST6050,Premium,Home Decor,4,2287,8965.039999999999,2.0,No,None,Credit Card,4,4.7,No
ORD101302,2024-09-12,CUST4925,Regular,Home Decor,3,9072,16873.92,38.0,No,None,COD,4,3.4,Yes
ORD101303,2024-08-09,CUST7611,Regular,Beauty,2,574,838.04,27.0,No,None,Wallet,3,3.0,No
ORD101304,2024-08-13,CUST3946,Regular,Beauty,3,3245,8761.5,10.0,Yes,Independence Day,COD,7,3.8,No
ORD101305,2024-02-22,CUST1783,New,Home Decor,2,6475,11784.5,9.0,No,None,COD,1,4.5,Yes
ORD101306,2024-12-20,CUST9964,Regular,Beauty,4,6149,15003.56,39.0,Yes,Christmas/New Year,,2,3.4,No
ORD101307,2024-12-07,CUST2535,Premium,Fashion,2,1005,1989.9,1.0,No,None,COD,2,4.6,No
ORD101308,2024-12-29,CUST4431,New,Fashion,3,6552,10810.800000000001,45.0,Yes,Christmas/New Year,COD,3,3.3,No
ORD101309,2024-10-06,CUST7426,Premium,Beauty,1,6670,3735.2000000000003,44.0,No,None,COD,6,4.3,No
ORD101310,2024-03-21,CUST6389,Regular,Electronics,1,6846,4244.5199999999995,38.0,Yes,Holi,Credit Card,2,2.8,No
ORD101311,2024-07-20,CUST1843,New,Home Decor,2,478,707.4399999999999,26.0,No,None,UPI,5,2.7,No
ORD101312,2024-06-06,CUST3752,Regular,Fashion,3,1605,4429.8,8.0,No,None,Credit Card,4,4.3,No
ORD101313,2024-04-29,CUST8979,Regular,Beauty,5,9179,28454.9,38.0,No,None,Wallet,4,3.4,No
ORD101314,2024-02-28,CUST5053,New,Beauty,1,7350,7350.0,0.0,No,None,UPI,2,3.5,Yes
ORD101315,2024-08-02,CUST2800,Premium,Fashion,4,1532,4167.04,32.0,No,None,UPI,2,3.9,Yes
ORD101316,2024-05-07,CUST8533,Regular,Fashion,3,8265,15620.85,37.0,No,None,Wallet,2,5.0,No
ORD101317,2024-08-11,CUST8971,Regular,Electronics,3,3347,6827.879999999999,32.0,Yes,Independence Day,UPI,4,2.9,No
ORD101318,2024-07-27,CUST8706,Regular,Beauty,1,8192,4341.76,47.0,No,None,Wallet,2,3.2,No
ORD101319,2024-04-24,CUST6893,Premium,Beauty,5,3649,17880.1,2.0,No,None,COD,5,4.1,No
ORD101320,2024-07-27,CUST7831,Regular,Groceries,4,632,1744.32,31.0,No,None,COD,5,4.3,No
ORD101321,2024-01-14,CUST4183,New,Electronics,5,8226,36194.4,12.0,No,None,UPI,4,4.3,Yes
ORD101322,2024-01-09,CUST1693,New,Fashion,4,1209,3868.8,20.0,No,None,UPI,6,4.0,No
ORD101323,2024-02-09,CUST5518,New,Fashion,1,7479,7254.63,3.0,No,None,COD,1,4.0,No
ORD101324,2024-08-24,CUST8136,Regular,Home Decor,3,5391,13585.32,16.0,No,None,COD,7,2.9,No
ORD101325,2024-10-07,CUST1836,Premium,Fashion,4,8708,20550.88,41.0,No,None,Wallet,1,4.6,Yes
ORD101326,2024-12-24,CUST9372,New,Beauty,3,5507,16025.369999999999,3.0,Yes,Christmas/New Year,UPI,1,2.5,No
ORD101327,2024-07-19,CUST7637,New,Fashion,2,4416,7153.92,19.0,No,None,UPI,5,3.5,No
ORD101328,2024-09-02,CUST3002,Regular,Beauty,2,1565,2785.7,11.0,No,None,Credit Card,7,3.0,No
ORD101329,2024-10-04,CUST8145,Regular,Beauty,1,6996,5247.0,25.0,No,None,COD,3,2.8,No
ORD101330,2024-08-22,CUST3380,Regular,Electronics,1,9327,5223.120000000001,44.0,No,None,COD,7,3.3,Yes
ORD101331,2024-01-04,CUST2034,Premium,Fashion,1,3718,2416.7000000000003,35.0,No,None,UPI,1,4.1,No
ORD101332,2024-06-02,CUST1539,Premium,Electronics,2,2968,5045.599999999999,,No,None,Credit Card,3,,No
ORD101333,2024-01-29,CUST5209,New,Beauty,4,695,2613.2,6.0,Yes,Republic Day,Wallet,4,4.7,No
ORD101334,2024-04-18,CUST9387,Regular,Fashion,5,3792,12892.8,32.0,No,None,Wallet,7,4.0,No
ORD101335,2024-04-07,CUST5751,Regular,Fashion,1,2432,1288.96,47.0,No,None,COD,5,3.1,No
ORD101336,2024-08-02,CUST3281,Regular,Electronics,5,8248,40827.6,1.0,No,None,Credit Card,6,3.8,No
ORD101337,2024-10-19,CUST4299,Regular,Electronics,5,3135,10658.999999999998,32.0,No,None,Credit Card,1,3.1,No
ORD101338,2024-03-15,CUST1043,Regular,Beauty,2,6919,12039.06,13.0,No,None,Wallet,5,2.9,No
ORD101339,2024-11-21,CUST6236,Premium,Beauty,4,4645,15049.800000000001,19.0,No,None,COD,4,4.9,No
ORD101340,2024-05-25,CUST9993,Premium,Fashion,2,2567,3285.76,36.0,No,None,UPI,5,3.7,No
ORD101341,2024-05-07,CUST7405,Premium,Fashion,1,6755,4998.7,26.0,No,None,Credit Card,2,4.1,No
ORD101342,2024-12-06,CUST4296,Regular,Groceries,2,1105,1193.4,46.0,No,None,UPI,1,4.7,Yes
ORD101343,2024-02-11,CUST2483,Regular,Groceries,2,8368,9874.240000000002,41.0,No,None,COD,5,3.3,No
ORD101344,2024-12-21,CUST2688,Regular,Home Decor,2,8100,12960.0,20.0,Yes,Christmas/New Year,Wallet,6,4.5,No
ORD101345,2024-02-10,CUST8123,New,Beauty,1,4797,4749.03,1.0,No,None,Credit Card,5,4.5,No
ORD101346,2024-02-03,CUST4469,Regular,Home Decor,1,7853,4554.740000000001,42.0,No,None,UPI,5,4.6,No
ORD101347,2024-01-17,CUST5471,New,Home Decor,2,5209,8855.3,15.0,No,None,Credit Card,4,3.0,No
ORD101348,2024-06-13,CUST9516,Regular,Electronics,2,7435,12193.400000000001,18.0,No,None,Credit Card,1,4.9,No
ORD101349,2024-06-01,CUST7153,New,Electronics,5,9907,48048.95,3.0,No,None,Credit Card,6,3.2,No
ORD101350,2024-03-16,CUST1691,New,Groceries,4,7408,26965.120000000003,9.0,No,None,COD,1,4.4,No
ORD101351,2024-03-27,CUST9907,Regular,Home Decor,5,8158,32224.100000000002,21.0,Yes,Holi,UPI,2,2.9,No
ORD101352,2024-04-26,CUST8114,Premium,Groceries,4,5488,19537.28,11.0,No,None,Credit Card,2,4.8,Yes
ORD101353,2024-12-27,CUST5131,Regular,Beauty,4,8013,31731.48,1.0,Yes,Christmas/New Year,UPI,7,3.6,No
ORD101354,2024-12-07,CUST6861,New,Fashion,2,6336,12545.28,1.0,No,None,COD,5,4.2,No
ORD101355,2024-01-27,CUST6056,Regular,Electronics,5,8503,25509.0,40.0,Yes,Republic Day,Credit Card,1,4.6,No
ORD101356,2024-11-08,CUST7704,Regular,Beauty,4,6806,15517.680000000002,43.0,Yes,Diwali,Credit Card,7,3.2,No
ORD101357,2024-10-13,CUST7676,Premium,Beauty,4,2502,6705.36,33.0,No,None,Credit Card,7,3.5,Yes
ORD101358,2024-05-13,CUST1413,New,Electronics,1,7525,6245.75,17.0,No,None,UPI,1,3.3,No
ORD101359,2024-08-06,CUST6186,Regular,Electronics,4,4595,15623.0,15.0,No,None,UPI,5,3.2,No
ORD101360,2024-06-16,CUST7305,Premium,Home Decor,2,4195,6879.8,18.0,No,None,Credit Card,3,3.8,No
ORD101361,2024-04-07,CUST8701,Regular,Groceries,3,8698,14090.76,46.0,No,None,UPI,1,3.9,No
ORD101362,2024-09-24,CUST2460,Regular,Beauty,1,8512,6469.12,24.0,No,None,UPI,5,2.7,No
ORD101363,2024-08-24,CUST1313,Premium,Home Decor,3,7969,16973.969999999998,,No,None,Credit Card,5,4.2,No
ORD101364,2024-11-04,CUST1875,Regular,Home Decor,2,9669,10249.140000000001,47.0,Yes,Diwali,Credit Card,7,3.6,Yes
ORD101365,2024-06-21,CUST2639,Regular,Beauty,3,1627,4636.95,5.0,No,None,Wallet,3,4.7,No
ORD101366,2024-07-08,CUST9672,New,Beauty,4,5813,17206.48,26.0,No,None,Wallet,2,4.7,No
ORD101367,2024-05-01,CUST7348,Regular,Fashion,3,3302,8519.16,14.0,No,None,Credit Card,6,4.3,No
ORD101368,2024-02-15,CUST2579,Premium,Groceries,5,9577,33519.5,30.0,No,None,COD,5,4.6,No
ORD101369,2024-03-04,CUST4998,Regular,Beauty,2,1655,1886.7000000000003,,No,None,Credit Card,1,4.8,No
ORD101370,2024-05-09,CUST7964,Regular,Electronics,5,9571,37805.450000000004,21.0,No,None,Credit Card,2,3.9,Yes
ORD101371,2024-11-05,CUST5029,Regular,Fashion,3,1546,4127.82,11.0,Yes,Diwali,Credit Card,2,4.9,Yes
ORD101372,2024-12-28,CUST3588,Premium,Groceries,5,9020,41041.0,9.0,Yes,Christmas/New Year,Credit Card,2,4.9,No
ORD101373,2024-07-11,CUST2768,Premium,Electronics,1,1414,1131.2,20.0,No,None,Credit Card,5,2.8,No
ORD101374,2024-11-02,CUST2743,Regular,Electronics,3,2161,3500.82,46.0,Yes,Diwali,Credit Card,1,3.8,No
ORD101375,2024-06-29,CUST2976,Regular,Groceries,5,3195,11182.5,30.0,No,None,Credit Card,6,2.8,Yes
ORD101376,2024-10-18,CUST4887,New,Fashion,4,4812,12511.2,35.0,No,None,Credit Card,3,4.2,No
ORD101377,2024-10-08,CUST9813,Regular,Electronics,3,9939,27133.47,9.0,No,None,Wallet,4,4.4,No
ORD101378,2024-01-29,CUST2726,New,Home Decor,1,5890,4829.8,18.0,Yes,Republic Day,Wallet,4,4.7,No
ORD101379,2024-05-28,CUST1973,Regular,Groceries,4,3058,9540.960000000001,22.0,No,None,Wallet,2,4.1,No
ORD101380,2024-09-23,CUST4660,Premium,Groceries,3,961,1585.65,45.0,No,None,COD,7,3.6,Yes
ORD101381,2024-10-22,CUST9603,Regular,Beauty,4,5658,20595.12,9.0,Yes,Diwali,UPI,4,2.9,No
ORD101382,2024-01-11,CUST8282,New,Fashion,3,8247,12865.32,48.0,No,None,COD,7,2.8,No
ORD101383,2024-06-12,CUST8139,Premium,Home Decor,3,5102,11326.44,26.0,No,None,COD,4,3.7,No
ORD101384,2024-04-22,CUST6759,Regular,Home Decor,2,8305,9633.800000000001,,No,None,Credit Card,5,4.6,No
ORD101385,2024-07-05,CUST6037,Regular,Beauty,5,1696,4324.8,49.0,No,None,Wallet,3,4.4,No
ORD101386,2024-10-21,CUST6915,Premium,Electronics,3,9635,28615.95,1.0,Yes,Diwali,Credit Card,4,4.7,No
ORD101387,2024-08-19,CUST2507,Premium,Electronics,1,4782,4303.8,10.0,Yes,,Credit Card,7,4.5,Yes
ORD101388,2024-08-14,CUST5284,Regular,Home Decor,5,2243,10429.949999999999,7.0,Yes,Independence Day,Wallet,6,3.0,No
ORD101389,2024-11-05,CUST8453,Regular,Fashion,2,3576,5864.64,18.0,Yes,Diwali,Credit Card,6,3.0,No
ORD101390,2024-04-07,CUST9135,New,Electronics,5,8908,37859.0,15.0,No,None,UPI,3,3.6,No
ORD101391,2024-02-24,CUST4698,Regular,Groceries,5,1034,5014.9,3.0,No,,UPI,4,3.0,No
ORD101392,2024-04-20,CUST3856,Premium,Beauty,3,823,2148.03,13.0,No,None,COD,6,3.0,No
ORD101393,2024-05-31,CUST8598,Regular,Fashion,1,1247,985.13,21.0,No,None,Wallet,2,3.2,No
ORD101394,2024-09-02,CUST8933,New,Electronics,3,1764,4445.28,16.0,No,None,UPI,2,2.6,No
ORD101395,2024-03-09,CUST3982,New,Home Decor,1,4182,2425.5600000000004,42.0,No,None,COD,6,3.9,No
ORD101396,2024-11-07,CUST3057,New,Beauty,1,5640,4230.0,25.0,Yes,Diwali,Credit Card,3,3.5,Yes
ORD101397,2024-10-15,CUST7917,Regular,Electronics,4,696,1837.4399999999998,34.0,No,None,COD,7,3.1,No
ORD101398,2024-09-06,CUST5622,New,Home Decor,3,742,1446.9,35.0,No,None,COD,3,2.8,No
ORD101399,2024-02-05,CUST2337,Regular,Electronics,2,1115,1248.8000000000002,44.0,No,None,UPI,3,3.6,No
ORD101400,2024-08-26,CUST6754,Premium,Beauty,5,2001,5202.6,48.0,Yes,Raksha Bandhan,COD,3,4.0,No
ORD101401,2024-05-27,CUST1690,Premium,Groceries,4,281,798.04,29.0,No,None,Wallet,1,4.9,No
ORD101402,2024-08-14,CUST6963,Regular,Groceries,2,1379,2206.4,20.0,Yes,Independence Day,Credit Card,2,3.1,Yes
ORD101403,2024-08-31,CUST1263,New,Home Decor,3,8557,20793.510000000002,19.0,Yes,Raksha Bandhan,Wallet,4,2.6,Yes
ORD101404,2024-12-02,CUST2146,Regular,Groceries,1,2271,1339.89,41.0,No,None,Credit Card,1,4.3,No
ORD101405,2024-12-30,CUST9508,Premium,Beauty,3,9198,20695.5,25.0,Yes,Christmas/New Year,Wallet,3,3.1,No
ORD101406,2024-07-19,CUST4187,Premium,Home Decor,3,7230,19304.1,11.0,No,None,,4,3.7,No
ORD101407,2024-06-02,CUST4947,Premium,Electronics,4,531,1975.32,7.0,No,,Wallet,2,4.5,No
ORD101408,2024-03-13,CUST2739,Regular,Fashion,2,7345,9695.4,34.0,No,None,Credit Card,3,2.6,Yes
ORD101409,2024-07-19,CUST1325,Regular,Electronics,4,9926,28586.879999999997,28.0,No,None,,5,2.9,No
ORD101410,2024-10-22,CUST4030,New,Beauty,2,7179,8471.220000000001,41.0,Yes,Diwali,COD,3,,No
ORD101411,2024-01-17,CUST5094,Regular,Home Decor,4,8572,32230.719999999998,6.0,No,None,COD,4,3.1,Yes
ORD101412,2024-05-08,CUST8408,Regular,Electronics,5,9708,44171.4,9.0,No,None,COD,2,2.9,No
ORD101413,2024-08-04,CUST2634,Regular,Home Decor,1,6312,3913.44,38.0,No,None,COD,7,3.3,No
ORD101414,2024-03-01,CUST9681,Regular,Groceries,1,9498,4843.9800000000005,49.0,No,None,Credit Card,3,4.4,No
ORD101415,2024-04-13,CUST6316,New,Fashion,1,1789,1449.0900000000001,19.0,No,None,Wallet,2,2.6,No
ORD101416,2024-02-11,CUST6589,Regular,Beauty,5,2686,9803.9,27.0,No,None,Wallet,1,2.7,No
ORD101417,2024-01-25,CUST5232,Premium,Electronics,5,6034,26247.9,13.0,Yes,Republic Day,UPI,5,3.9,No
ORD101418,2024-02-08,CUST4874,Regular,Fashion,1,2790,2483.1,11.0,No,None,COD,6,3.8,No
ORD101419,2024-10-17,CUST4771,Regular,Beauty,1,8879,8257.47,7.0,No,None,COD,6,3.7,No
ORD101420,2024-05-10,CUST6280,Regular,Beauty,2,9003,16925.64,6.0,No,None,UPI,1,3.8,No
ORD101421,2024-08-16,CUST8622,Regular,Groceries,2,3620,6950.4,4.0,Yes,Independence Day,COD,6,4.4,No
ORD101422,2024-04-17,CUST7924,Regular,Home Decor,3,5408,16224.0,0.0,No,None,UPI,5,3.9,No
ORD101423,2024-06-20,CUST1504,Premium,Home Decor,4,9789,21144.24,46.0,No,None,COD,7,3.6,Yes
ORD101424,2024-04-11,CUST2125,Regular,Fashion,2,7414,13641.76,8.0,No,None,Wallet,1,2.7,Yes
ORD101425,2024-12-19,CUST9264,Regular,Groceries,2,1656,1887.8400000000001,43.0,No,None,UPI,2,4.9,No
ORD101426,2024-01-12,CUST5282,Regular,Beauty,2,9729,16150.14,17.0,No,None,Wallet,7,3.1,No
ORD101427,2024-10-01,CUST7115,Regular,Groceries,2,4697,5448.52,42.0,No,None,COD,2,4.7,No
ORD101428,2024-04-10,CUST3379,New,Groceries,5,3067,9047.650000000001,41.0,No,None,Wallet,1,3.4,No
ORD101429,2024-02-13,CUST2198,Premium,Fashion,3,4783,13057.59,,No,None,Wallet,7,4.2,No
ORD101430,2024-10-31,CUST6648,Regular,Home Decor,2,5454,5563.08,49.0,Yes,Diwali,Credit Card,4,3.6,No
ORD101431,2024-01-17,CUST2538,Regular,Groceries,4,6545,26180.0,0.0,No,None,COD,1,3.4,No
ORD101432,2024-11-25,CUST5158,New,Groceries,2,6771,10969.02,19.0,No,None,Credit Card,3,4.0,Yes
ORD101433,2024-02-26,CUST7147,Regular,Groceries,5,7283,21120.700000000004,42.0,No,None,UPI,4,3.8,No
ORD101434,2024-11-06,CUST6248,New,Electronics,1,5498,3958.56,28.0,Yes,Diwali,Credit Card,2,3.1,No
ORD101435,2024-10-29,CUST4719,Regular,Groceries,1,278,275.21999999999997,1.0,Yes,Diwali,COD,1,3.3,No
ORD101436,2024-01-12,CUST3600,New,Groceries,3,5852,13167.0,25.0,No,None,Credit Card,7,2.6,No
ORD101437,2024-11-13,CUST2736,New,Beauty,1,577,519.3000000000001,10.0,No,None,Credit Card,4,3.0,No
ORD101438,2024-03-20,CUST7720,Premium,Electronics,2,364,553.28,24.0,Yes,Holi,COD,7,3.3,Yes
ORD101439,2024-08-03,CUST3584,Regular,Groceries,5,8167,27359.449999999997,33.0,No,None,Wallet,3,4.9,No
ORD101440,2024-12-04,CUST9978,Regular,Groceries,3,6141,11053.8,40.0,No,None,UPI,5,3.8,No
ORD101441,2024-09-20,CUST1345,Regular,Fashion,2,8546,17092.0,0.0,No,None,Credit Card,2,4.3,No
ORD101442,2024-05-28,CUST7729,Regular,Fashion,1,1346,942.1999999999999,30.0,No,None,COD,4,4.2,No
ORD101443,2024-03-21,CUST7127,Regular,Electronics,4,9455,23826.6,37.0,Yes,Holi,Credit Card,6,5.0,No
ORD101444,2024-08-02,CUST6555,Regular,Beauty,2,2416,3817.28,21.0,No,None,UPI,4,3.9,No
ORD101445,2024-07-16,CUST8070,Premium,Electronics,4,5649,22370.04,1.0,No,None,UPI,7,4.0,Yes
ORD101446,2024-07-18,CUST1571,Premium,Electronics,4,1663,3592.0800000000004,46.0,No,None,UPI,6,3.3,No
ORD101447,2024-01-25,CUST5506,Regular,Fashion,3,3670,11010.0,0.0,Yes,Republic Day,Credit Card,4,4.1,No
ORD101448,2024-03-29,CUST4066,Regular,Fashion,5,1716,6606.6,23.0,Yes,Holi,Wallet,1,4.4,No
ORD101449,2024-09-24,CUST1189,New,Beauty,1,4623,2357.73,,No,None,Wallet,2,2.8,Yes
ORD101450,2024-05-22,CUST4323,Regular,Groceries,1,1726,1121.9,35.0,No,None,Wallet,2,3.7,No
ORD101451,2024-02-28,CUST3345,Premium,Beauty,2,988,1106.5600000000002,44.0,No,None,COD,1,3.6,No
ORD101452,2024-12-30,CUST7631,Regular,Groceries,1,6720,4368.0,,Yes,Christmas/New Year,Wallet,1,2.8,No
ORD101453,2024-01-26,CUST9220,Regular,Home Decor,3,7621,12346.02,46.0,Yes,Republic Day,Wallet,6,3.4,No
ORD101454,2024-02-16,CUST1397,Regular,Fashion,1,6777,4540.589999999999,33.0,No,None,UPI,6,3.8,No
ORD101455,2024-10-14,CUST8052,Regular,Home Decor,2,2748,5056.320000000001,8.0,No,None,COD,6,4.1,No
ORD101456,2024-09-22,CUST9607,New,Home Decor,1,7452,6632.28,11.0,No,None,UPI,7,3.2,No
ORD101457,2024-01-16,CUST5347,Premium,Fashion,5,4808,13222.000000000002,45.0,No,None,Credit Card,1,3.7,No
ORD101458,2024-07-17,CUST6078,Regular,Home Decor,4,8907,28858.68,19.0,No,None,Credit Card,7,4.3,Yes
ORD101459,2024-10-08,CUST5701,New,Electronics,4,6840,26539.2,3.0,No,None,UPI,7,3.6,No
ORD101460,2024-03-26,CUST2186,Regular,Groceries,4,6945,23890.8,14.0,Yes,Holi,COD,3,4.9,No
ORD101461,2024-09-06,CUST5832,New,Beauty,5,3262,15820.699999999999,3.0,No,,Wallet,4,2.6,No
ORD101462,2024-09-26,CUST8401,New,Fashion,3,5481,15785.279999999999,4.0,No,None,Wallet,3,3.2,No
ORD101463,2024-11-30,CUST2443,Regular,Electronics,2,4962,9030.84,9.0,No,None,COD,2,2.8,No
ORD101464,2024-04-26,CUST9927,Regular,Beauty,5,9959,28383.15,43.0,No,None,Wallet,1,3.9,No
ORD101465,2024-01-07,CUST3082,Regular,Beauty,2,9840,11217.6,43.0,No,None,Wallet,4,2.9,No
ORD101466,2024-05-16,CUST4041,Premium,Beauty,3,1166,2133.7799999999997,39.0,No,None,UPI,6,4.4,No
ORD101467,2024-06-24,CUST9787,Premium,Home Decor,5,6276,20397.0,35.0,No,None,Credit Card,5,4.8,No
ORD101468,2024-11-23,CUST4269,New,Home Decor,1,5894,3890.0399999999995,34.0,No,None,COD,7,3.0,No
ORD101469,2024-11-10,CUST8451,Premium,Home Decor,3,8755,26265.0,0.0,Yes,Diwali,COD,4,4.8,No
ORD101470,2024-08-02,CUST7368,Regular,Home Decor,4,307,1019.2399999999999,17.0,No,None,Wallet,5,4.1,No
ORD101471,2024-03-22,CUST2393,Regular,Electronics,5,7381,25833.5,30.0,Yes,Holi,Wallet,4,3.0,No
ORD101472,2024-08-10,CUST5630,Premium,Home Decor,3,9014,14873.1,45.0,Yes,Independence Day,Credit Card,1,4.3,No
ORD101473,2024-04-12,CUST9776,Regular,Fashion,3,4616,7200.96,48.0,No,None,COD,5,2.7,No
ORD101474,2024-09-29,CUST6744,Premium,Beauty,5,709,3367.75,5.0,No,None,UPI,5,4.2,No
ORD101475,2024-01-14,CUST6751,Regular,Electronics,4,7015,26657.0,5.0,No,None,Credit Card,2,4.7,No
ORD101476,2024-06-07,CUST7817,Regular,Home Decor,4,9456,22316.160000000003,41.0,No,None,UPI,4,4.9,No
ORD101477,2024-05-31,CUST6502,Regular,Beauty,3,4065,9999.900000000001,18.0,No,None,Credit Card,3,2.6,No
ORD101478,2024-04-17,CUST5171,Premium,Electronics,2,8695,11999.099999999999,31.0,No,None,UPI,6,2.7,No
ORD101479,2024-07-06,CUST4960,Regular,Beauty,3,9360,16567.2,41.0,No,,,3,4.8,No
ORD101480,2024-10-27,CUST8091,Premium,Electronics,5,9830,34896.5,29.0,Yes,Diwali,UPI,2,4.5,No
ORD101481,2024-04-07,CUST9341,Regular,Groceries,5,4071,15266.25,25.0,No,None,COD,2,4.4,No
ORD101482,2024-05-10,CUST8825,Premium,Electronics,5,5713,27993.7,2.0,No,None,Wallet,2,4.4,No
ORD101483,2024-10-19,CUST5453,Premium,Home Decor,4,6708,18245.76,32.0,No,None,COD,1,4.3,No
ORD101484,2024-06-19,CUST5173,Regular,Beauty,1,7364,3755.64,49.0,No,None,UPI,1,4.0,No
ORD101485,2024-07-01,CUST5612,Premium,Beauty,5,3700,12950.0,30.0,No,None,Wallet,1,4.5,No
ORD101486,2024-12-29,CUST4408,Regular,Beauty,5,2399,6477.3,46.0,Yes,Christmas/New Year,UPI,1,2.6,No
ORD101487,2024-02-08,CUST9947,Regular,Fashion,2,4101,6643.620000000001,19.0,No,None,Credit Card,2,4.4,No
ORD101488,2024-01-15,CUST2045,Regular,Fashion,2,7958,15438.52,3.0,No,None,Wallet,2,4.0,Yes
ORD101489,2024-01-04,CUST9610,Premium,Home Decor,3,6270,12978.9,31.0,No,None,COD,7,4.8,No
ORD101490,2024-12-14,CUST5205,New,Groceries,3,2470,6150.299999999999,17.0,No,None,UPI,1,4.8,Yes
ORD101491,2024-07-28,CUST1903,Premium,Fashion,3,5585,15247.050000000001,9.0,No,None,Wallet,1,3.1,No
ORD101492,2024-06-09,CUST5466,Premium,Electronics,5,429,1694.5500000000002,21.0,No,None,COD,5,4.5,No
ORD101493,2024-01-16,CUST9668,Premium,Home Decor,2,2686,4512.48,16.0,No,None,Credit Card,4,4.9,No
ORD101494,2024-04-17,CUST1387,Regular,Groceries,3,8541,15117.570000000002,41.0,No,None,UPI,5,3.2,No
ORD101495,2024-11-06,CUST2067,New,Electronics,2,1109,2151.46,3.0,Yes,Diwali,COD,4,4.6,Yes
ORD101496,2024-08-14,CUST4348,Regular,Beauty,5,1177,3766.4,36.0,Yes,Independence Day,Wallet,1,4.0,No
ORD101497,2024-06-18,CUST3867,New,Fashion,5,834,3919.7999999999997,6.0,No,None,Credit Card,1,3.5,No
ORD101498,2024-02-03,CUST6909,Premium,Electronics,3,6189,17267.309999999998,7.0,No,None,UPI,6,4.6,No
ORD101499,2024-09-07,CUST2906,Premium,Groceries,5,4917,24585.0,0.0,No,None,COD,1,4.7,No
ORD101500,2024-09-03,CUST5397,Premium,Home Decor,5,2390,11113.5,7.0,No,None,Credit Card,5,3.2,Yes
ORD101501,2024-09-25,CUST5714,Regular,Electronics,2,5389,8837.960000000001,18.0,No,None,Credit Card,2,4.5,No
ORD101502,2024-05-20,CUST1447,Premium,Home Decor,1,5139,4316.76,16.0,No,None,COD,4,2.6,No
ORD101503,2024-09-30,CUST6635,Regular,Beauty,4,7281,17474.399999999998,40.0,No,None,UPI,7,3.5,No
ORD101504,2024-04-05,CUST9480,Premium,Groceries,3,3674,5841.66,47.0,No,None,COD,6,2.7,No
ORD101505,2024-08-14,CUST9671,Premium,Groceries,1,6895,6343.400000000001,8.0,Yes,Independence Day,Credit Card,5,3.2,No
ORD101506,2024-02-08,CUST4753,New,Fashion,3,7394,18854.7,15.0,No,None,Credit Card,6,4.9,No
ORD101507,2024-10-28,CUST8723,Premium,Groceries,1,2065,1156.4,44.0,Yes,Diwali,Wallet,1,4.3,No
ORD101508,2024-01-29,CUST7996,Regular,Electronics,5,498,1593.6000000000001,36.0,Yes,Republic Day,UPI,2,4.4,Yes
ORD101509,2024-11-13,CUST8477,Regular,Electronics,3,2939,6524.58,26.0,No,None,COD,7,2.8,No
ORD101510,2024-09-01,CUST2504,Premium,Electronics,1,6901,6831.99,1.0,No,,UPI,5,3.9,No
ORD101511,2024-08-23,CUST9796,Regular,Beauty,4,3925,10205.0,35.0,No,None,UPI,4,3.5,No
ORD101512,2024-07-03,CUST4672,Regular,Groceries,5,4740,21093.0,11.0,No,None,Credit Card,6,4.3,No
ORD101513,2024-09-28,CUST2035,New,Groceries,3,8489,12988.17,49.0,No,None,Wallet,6,2.9,No
ORD101514,2024-08-23,CUST7072,Premium,Electronics,3,5014,9927.72,34.0,No,None,COD,6,3.2,No
ORD101515,2024-08-26,CUST5858,Premium,Fashion,1,6334,4433.799999999999,30.0,Yes,Raksha Bandhan,COD,1,4.7,No
ORD101516,2024-09-22,CUST1167,Regular,Fashion,3,3722,9156.12,18.0,No,None,Wallet,4,2.9,Yes
ORD101517,2024-12-24,CUST5582,Premium,Groceries,5,4618,17317.5,25.0,Yes,Christmas/New Year,Wallet,6,4.1,No
ORD101518,2024-12-05,CUST5145,Regular,Groceries,2,7018,9123.4,35.0,No,None,Credit Card,1,3.3,No
ORD101519,2024-03-05,CUST7727,Premium,Home Decor,1,8324,8074.28,3.0,No,None,Credit Card,1,2.7,No
ORD101520,2024-06-25,CUST7184,Regular,Groceries,4,8362,17727.440000000002,47.0,No,None,COD,3,3.1,No
ORD101521,2024-01-03,CUST9024,New,Electronics,3,5689,9898.86,42.0,No,None,Wallet,4,4.7,Yes
ORD101522,2024-05-21,CUST1816,Regular,Beauty,5,6285,21997.5,30.0,No,None,UPI,7,4.8,No
ORD101523,2024-06-06,CUST2911,Regular,Groceries,3,9237,24385.68,12.0,No,None,UPI,2,3.5,No
ORD101524,2024-11-19,CUST7084,Premium,Groceries,4,4385,10173.2,42.0,No,None,Wallet,1,4.1,No
ORD101525,2024-05-25,CUST2598,Premium,Electronics,5,4426,13720.6,38.0,No,None,COD,2,3.8,No
ORD101526,2024-10-19,CUST4119,Regular,Home Decor,4,8296,18251.2,45.0,No,None,UPI,5,3.2,No
ORD101527,2024-06-01,CUST7445,Premium,Groceries,5,4081,19792.85,,No,,UPI,1,3.4,Yes
ORD101528,2024-07-11,CUST9408,Regular,Fashion,2,7892,9628.24,39.0,No,None,Wallet,6,3.8,No
ORD101529,2024-03-13,CUST4829,New,Fashion,5,9444,26915.4,43.0,No,None,Credit Card,1,4.2,Yes
ORD101530,2024-10-31,CUST7726,New,Fashion,4,3815,13428.8,12.0,Yes,Diwali,UPI,6,3.4,No
ORD101531,2024-12-09,CUST3558,Regular,Beauty,1,7005,4203.0,40.0,No,None,Credit Card,1,4.2,No
ORD101532,2024-05-19,CUST3499,New,Beauty,2,3357,6176.88,8.0,No,None,UPI,6,4.9,No
ORD101533,2024-07-05,CUST7684,Regular,Groceries,3,2305,6845.85,1.0,No,None,COD,2,2.6,No
ORD101534,2024-10-19,CUST5097,Regular,Groceries,2,5376,7096.319999999999,34.0,No,None,Credit Card,3,2.9,No
ORD101535,2024-03-01,CUST2223,New,Groceries,2,1193,2123.54,11.0,No,None,COD,7,4.8,No
ORD101536,2024-07-16,CUST5026,Premium,Beauty,3,3296,8305.92,16.0,No,None,Credit Card,4,2.7,No
ORD101537,2024-10-21,CUST2824,Regular,Groceries,5,389,1886.6499999999999,3.0,Yes,Diwali,Wallet,1,4.4,No
ORD101538,2024-11-14,CUST9854,Regular,Electronics,2,3098,5390.5199999999995,13.0,No,None,Wallet,4,4.1,No
ORD101539,2024-10-28,CUST8565,Regular,Home Decor,2,6056,9689.6,20.0,Yes,Diwali,UPI,6,2.6,Yes
ORD101540,2024-12-09,CUST8021,New,Fashion,1,4449,2669.4,40.0,No,None,COD,4,,No
ORD101541,2024-01-11,CUST8945,Regular,Fashion,1,5588,5196.839999999999,7.0,No,None,Credit Card,6,3.8,No
ORD101542,2024-03-02,CUST7875,Regular,Electronics,4,7246,19709.12,32.0,No,None,COD,4,2.8,No
ORD101543,2024-11-28,CUST1730,Regular,Groceries,3,3611,6066.4800000000005,44.0,No,None,COD,6,4.7,No
ORD101544,2024-08-13,CUST1198,Regular,Beauty,5,9438,34448.7,27.0,Yes,Independence Day,UPI,2,3.7,Yes
ORD101545,2024-06-01,CUST8776,Regular,Groceries,5,805,3944.5,2.0,No,None,Wallet,6,3.1,No
ORD101546,2024-07-17,CUST7963,Regular,Groceries,4,1566,5449.68,,No,None,Credit Card,4,2.9,No
ORD101547,2024-02-21,CUST2212,Regular,Fashion,5,6682,27396.2,18.0,No,None,UPI,5,4.6,No
ORD101548,2024-09-16,CUST8153,Regular,Fashion,5,9456,44916.0,5.0,No,None,COD,7,,No
ORD101549,2024-02-28,CUST4457,New,Beauty,1,5995,3896.75,35.0,No,None,Wallet,6,4.3,No
ORD101550,2024-03-12,CUST1042,Regular,Fashion,5,717,2903.8500000000004,19.0,No,None,Wallet,2,2.7,No
ORD101551,2024-05-27,CUST1568,Premium,Groceries,5,5418,27090.0,0.0,No,None,Credit Card,2,4.1,No
ORD101552,2024-12-14,CUST5897,Premium,Electronics,4,4007,14585.480000000001,9.0,No,None,Wallet,5,4.7,No
ORD101553,2024-03-03,CUST5983,New,Beauty,4,5635,19835.2,12.0,No,None,COD,3,4.4,Yes
ORD101554,2024-11-05,CUST9089,New,Electronics,2,2472,4400.16,11.0,Yes,Diwali,Wallet,3,2.8,No
ORD101555,2024-08-30,CUST5219,Regular,Groceries,5,2508,11286.0,10.0,Yes,Raksha Bandhan,COD,6,4.9,No
ORD101556,2024-12-31,CUST9833,Regular,Beauty,5,9494,30855.5,35.0,Yes,Christmas/New Year,Credit Card,1,2.7,Yes
ORD101557,2024-11-25,CUST9909,Regular,Electronics,5,4992,20966.399999999998,16.0,No,None,COD,3,3.9,No
ORD101558,2024-04-16,CUST8334,Regular,Beauty,1,1010,545.4000000000001,46.0,No,None,Wallet,7,4.9,No
ORD101559,2024-08-13,CUST3619,Premium,Groceries,5,8468,30484.8,28.0,Yes,Independence Day,Wallet,1,4.6,No
ORD101560,2024-11-08,CUST1416,Premium,Beauty,1,2509,2458.82,2.0,Yes,Diwali,Credit Card,7,4.2,No
ORD101561,2024-08-05,CUST1355,New,Groceries,2,8108,11675.52,28.0,No,None,Credit Card,4,4.6,No
ORD101562,2024-08-28,CUST7909,Regular,Beauty,3,9417,25708.41,9.0,Yes,Raksha Bandhan,Wallet,1,4.2,No
ORD101563,2024-09-15,CUST7549,New,Beauty,5,4639,12757.250000000002,45.0,No,None,Credit Card,3,2.6,No
ORD101564,2024-09-18,CUST7072,Regular,Fashion,4,6589,21611.920000000002,18.0,No,None,COD,1,3.4,No
ORD101565,2024-01-05,CUST4242,Regular,Groceries,4,3758,14581.039999999999,3.0,No,None,UPI,2,3.6,No
ORD101566,2024-09-17,CUST9645,Regular,Home Decor,5,8208,22572.000000000004,45.0,No,None,COD,7,3.9,No
ORD101567,2024-02-23,CUST7739,Premium,Beauty,1,1045,658.35,37.0,No,None,COD,3,3.1,No
ORD101568,2024-02-16,CUST3332,Regular,Electronics,4,9084,32339.04,11.0,No,None,Credit Card,7,4.7,No
ORD101569,2024-08-02,CUST6315,New,Fashion,4,1532,4289.599999999999,30.0,No,None,UPI,1,3.1,No
ORD101570,2024-06-25,CUST6256,New,Fashion,2,6500,12870.0,1.0,No,None,Wallet,3,4.1,No
ORD101571,2024-01-09,CUST9607,New,Beauty,2,1474,1532.96,48.0,No,None,Credit Card,7,4.7,No
ORD101572,2024-04-08,CUST6270,Regular,Home Decor,2,7366,14732.0,0.0,No,None,COD,5,4.3,Yes
ORD101573,2024-01-20,CUST4372,New,Fashion,4,9636,32376.96,16.0,Yes,Republic Day,UPI,3,2.8,No
ORD101574,2024-08-28,CUST9021,Premium,Groceries,4,537,1632.48,24.0,Yes,Raksha Bandhan,Credit Card,7,4.9,No
ORD101575,2024-03-01,CUST9968,Regular,Beauty,5,3494,16771.2,4.0,No,None,COD,5,2.7,No
ORD101576,2024-06-26,CUST8050,Regular,Beauty,5,536,1420.4,47.0,No,None,COD,1,3.0,No
ORD101577,2024-12-03,CUST6396,Regular,Home Decor,1,2067,1798.29,13.0,No,None,Wallet,5,2.8,No
ORD101578,2024-03-02,CUST2466,Regular,Groceries,4,7114,25894.96,9.0,No,None,Wallet,3,4.2,No
ORD101579,2024-05-24,CUST4630,Premium,Groceries,5,694,2776.0,20.0,No,None,UPI,2,4.5,No
ORD101580,2024-08-03,CUST3954,New,Home Decor,5,4842,18399.6,24.0,No,None,COD,5,3.1,No
ORD101581,2024-01-03,CUST1229,Regular,Electronics,2,4086,5393.5199999999995,34.0,No,None,COD,3,4.9,No
ORD101582,2024-06-08,CUST9989,Premium,Groceries,2,8552,16761.92,2.0,No,None,Wallet,2,2.8,No
ORD101583,2024-08-14,CUST1269,New,Electronics,2,2236,3711.7599999999998,17.0,Yes,Independence Day,COD,4,3.3,No
ORD101584,2024-09-25,CUST1011,Regular,Electronics,3,9899,15145.470000000001,49.0,No,None,Wallet,6,3.7,No
ORD101585,2024-04-29,CUST8535,New,Beauty,5,5283,17169.75,35.0,No,None,COD,5,4.5,No
ORD101586,2024-03-29,CUST2541,Premium,Beauty,2,3760,4662.4,38.0,Yes,Holi,Wallet,5,3.4,Yes
ORD101587,2024-11-24,CUST2673,Premium,Fashion,2,9767,13283.119999999999,32.0,No,None,Wallet,1,2.9,Yes
ORD101588,2024-03-08,CUST9445,Regular,Beauty,4,9945,21083.4,,No,None,UPI,4,3.7,No
ORD101589,2024-12-22,CUST2743,Premium,Groceries,2,2481,4168.08,16.0,Yes,Christmas/New Year,COD,1,3.7,No
ORD101590,2024-04-07,CUST2189,Regular,Groceries,4,1801,4394.44,39.0,No,None,COD,1,2.5,No
ORD101591,2024-09-23,CUST1273,Premium,Electronics,1,1499,1424.05,5.0,No,None,Wallet,3,2.6,No
ORD101592,2024-04-14,CUST5179,Regular,Groceries,2,9102,12196.679999999998,33.0,No,None,COD,7,3.2,No
ORD101593,2024-11-18,CUST4810,New,Beauty,4,4367,13101.0,25.0,No,None,Wallet,1,4.4,Yes
ORD101594,2024-05-02,CUST3846,Regular,Beauty,2,2246,2650.28,41.0,No,None,UPI,7,3.4,No
ORD101595,2024-01-29,CUST4987,Regular,Beauty,1,3081,2156.7,30.0,Yes,Republic Day,UPI,5,3.0,No
ORD101596,2024-05-16,CUST5040,Premium,Home Decor,2,5674,5900.96,48.0,No,None,Wallet,1,2.8,No
ORD101597,2024-07-13,CUST7319,Regular,Groceries,4,2017,5889.639999999999,27.0,No,None,Credit Card,2,3.2,No
ORD101598,2024-08-13,CUST9301,Premium,Fashion,1,2398,1558.7,35.0,Yes,Independence Day,UPI,5,3.7,No
ORD101599,2024-11-27,CUST2378,New,Groceries,1,3532,3108.16,12.0,No,None,COD,6,,No
ORD101600,2024-06-18,CUST4899,Premium,Groceries,1,1303,1042.4,20.0,No,None,Wallet,3,2.5,No
ORD101601,2024-01-09,CUST8095,Regular,Home Decor,3,3377,7598.25,25.0,No,None,Wallet,1,2.8,No
ORD101602,2024-02-09,CUST4123,Premium,Groceries,4,5015,14042.0,30.0,No,None,UPI,2,4.3,No
ORD101603,2024-01-25,CUST9889,Premium,Electronics,3,2377,6061.349999999999,15.0,Yes,Republic Day,Wallet,6,3.7,No
ORD101604,2024-09-17,CUST6298,New,Beauty,1,1394,975.8,30.0,No,None,UPI,7,3.6,No
ORD101605,2024-08-13,CUST7048,Regular,Beauty,3,4701,12410.64,12.0,Yes,Independence Day,Wallet,2,2.5,No
ORD101606,2024-05-03,CUST7491,Regular,Home Decor,2,6241,8862.22,29.0,No,None,UPI,5,4.3,No
ORD101607,2024-02-07,CUST9580,Premium,Beauty,3,8927,18478.89,31.0,No,None,COD,1,3.0,Yes
ORD101608,2024-11-23,CUST7638,Regular,Electronics,5,7260,34848.0,4.0,No,None,Credit Card,2,2.7,No
ORD101609,2024-09-07,CUST7396,Regular,Home Decor,1,9461,8420.29,11.0,No,None,Credit Card,1,4.6,No
ORD101610,2024-06-24,CUST3270,Regular,Fashion,1,8524,5284.88,38.0,No,None,Credit Card,5,3.7,No
ORD101611,2024-03-30,CUST3990,New,Beauty,4,463,1111.2,40.0,Yes,Holi,Credit Card,4,4.4,No
ORD101612,2024-02-06,CUST7480,New,Groceries,2,4662,5967.36,36.0,No,None,UPI,2,4.6,No
ORD101613,2024-11-11,CUST9787,Premium,Electronics,4,7168,27811.84,3.0,No,None,Wallet,3,4.9,No
ORD101614,2024-06-24,CUST5547,Regular,Electronics,3,2252,3986.0400000000004,41.0,No,None,Credit Card,7,4.1,No
ORD101615,2024-10-10,CUST5068,Regular,Beauty,5,5146,13636.900000000001,47.0,No,None,Wallet,1,2.7,No
ORD101616,2024-03-21,CUST6157,New,Fashion,5,6025,17472.500000000004,42.0,Yes,Holi,UPI,6,3.9,No
ORD101617,2024-04-23,CUST7713,New,Groceries,5,6244,22478.399999999998,28.0,No,None,UPI,5,3.8,Yes
ORD101618,2024-02-09,CUST1977,New,Fashion,5,4289,12867.0,40.0,No,None,Credit Card,5,2.6,No
ORD101619,2024-10-27,CUST3503,Premium,Fashion,2,557,1069.44,4.0,Yes,Diwali,COD,6,3.3,No
ORD101620,2024-08-11,CUST1191,Regular,Beauty,3,5705,15403.5,10.0,Yes,Independence Day,Credit Card,3,3.5,No
ORD101621,2024-11-13,CUST4514,New,Groceries,5,4620,16401.0,29.0,No,None,Wallet,4,2.9,No
ORD101622,2024-12-14,CUST7886,Regular,Beauty,1,9142,8410.640000000001,8.0,No,None,Credit Card,1,2.5,No
ORD101623,2024-04-24,CUST3910,Regular,Beauty,3,3450,5382.0,48.0,No,None,UPI,4,4.4,No
ORD101624,2024-07-04,CUST9572,Premium,Electronics,2,6762,9872.52,27.0,No,None,UPI,7,4.6,Yes
ORD101625,2024-11-18,CUST4553,Regular,Beauty,5,2458,9709.1,21.0,No,None,Wallet,5,3.1,No
ORD101626,2024-02-25,CUST5430,Regular,Home Decor,2,9302,16743.600000000002,10.0,No,None,Wallet,2,2.5,No
ORD101627,2024-02-09,CUST7988,Regular,Groceries,5,4010,16040.0,20.0,No,None,Wallet,4,4.7,Yes
ORD101628,2024-12-19,CUST6106,Regular,Electronics,1,783,743.8499999999999,5.0,No,None,Credit Card,2,2.8,No
ORD101629,2024-02-09,CUST7499,New,Groceries,3,3638,8185.5,25.0,No,None,Credit Card,3,3.5,No
ORD101630,2024-12-12,CUST9888,Regular,Electronics,1,8968,7622.8,15.0,No,None,,5,3.4,No
ORD101631,2024-08-24,CUST4794,Regular,Home Decor,5,6557,28522.95,13.0,No,None,Wallet,2,2.9,No
ORD101632,2024-10-15,CUST2678,Regular,Beauty,4,9544,25196.159999999996,34.0,No,None,COD,1,4.0,No
ORD101633,2024-09-18,CUST2124,Regular,Electronics,3,6346,11232.420000000002,41.0,No,None,COD,5,4.8,No
ORD101634,2024-08-03,CUST7005,Regular,Electronics,2,5190,6747.0,35.0,No,None,UPI,3,3.8,No
ORD101635,2024-05-26,CUST1404,Premium,Electronics,5,1983,7832.85,21.0,No,None,COD,1,4.9,No
ORD101636,2024-12-01,CUST8909,Regular,Home Decor,1,1293,1280.07,1.0,No,None,UPI,5,3.0,No
ORD101637,2024-06-16,CUST7100,Premium,Groceries,4,4732,16656.64,12.0,No,None,Wallet,4,4.6,No
ORD101638,2024-04-01,CUST2521,New,Home Decor,5,5317,23926.5,10.0,No,None,UPI,7,3.1,No
ORD101639,2024-12-18,CUST3194,Premium,Electronics,2,8138,14485.64,11.0,No,None,Wallet,6,3.1,No
ORD101640,2024-02-28,CUST8569,Regular,Electronics,1,6946,4723.28,32.0,No,None,Credit Card,5,2.8,No
ORD101641,2024-02-28,CUST6508,Regular,Beauty,3,2333,5529.21,21.0,No,None,COD,1,4.7,No
ORD101642,2024-10-30,CUST8703,New,Home Decor,4,8909,32785.12,,Yes,Diwali,Wallet,2,4.3,No
ORD101643,2024-06-17,CUST7042,Premium,Home Decor,5,9133,26029.050000000003,43.0,No,None,Credit Card,7,3.4,No
ORD101644,2024-09-25,CUST2835,New,Fashion,5,6320,29704.0,6.0,No,None,Credit Card,2,3.4,No
ORD101645,2024-12-28,CUST4693,New,Groceries,5,2677,11243.4,16.0,Yes,Christmas/New Year,Wallet,5,4.6,No
ORD101646,2024-02-14,CUST1065,New,Fashion,5,5158,23468.9,9.0,No,None,UPI,5,4.8,No
ORD101647,2024-12-10,CUST2529,New,Fashion,1,6337,3992.31,37.0,No,None,Wallet,3,4.0,No
ORD101648,2024-06-29,CUST4097,Premium,Groceries,3,3076,5721.36,38.0,No,None,COD,4,3.5,No
ORD101649,2024-06-18,CUST3847,Regular,Beauty,2,242,266.20000000000005,45.0,No,None,Credit Card,3,2.6,No
ORD101650,2024-12-21,CUST9461,New,Beauty,4,6029,18328.16,24.0,Yes,Christmas/New Year,UPI,6,2.8,No
ORD101651,2024-07-09,CUST7379,Premium,Groceries,5,3641,13471.7,26.0,No,None,Wallet,3,2.9,No
ORD101652,2024-06-03,CUST8759,Regular,Groceries,5,8795,31222.25,29.0,No,None,Wallet,2,3.2,No
ORD101653,2024-07-06,CUST5672,Premium,Home Decor,3,9718,20699.34,29.0,No,None,Credit Card,2,3.1,No
ORD101654,2024-01-07,CUST6542,Premium,Home Decor,3,6546,11390.04,42.0,No,None,Wallet,1,3.9,No
ORD101655,2024-05-12,CUST8399,New,Home Decor,1,7049,4722.83,,No,None,COD,6,4.9,No
ORD101656,2024-08-22,CUST7396,Premium,Home Decor,1,6886,4682.48,32.0,No,None,UPI,6,4.7,No
ORD101657,2024-02-14,CUST2583,Regular,Electronics,1,2850,1966.4999999999998,31.0,No,None,COD,3,3.8,No
ORD101658,2024-11-09,CUST1105,New,Electronics,4,4545,10726.2,41.0,Yes,Diwali,Credit Card,7,2.5,No
ORD101659,2024-09-05,CUST3979,New,Beauty,1,1077,958.53,11.0,No,None,UPI,1,2.7,Yes
ORD101660,2024-01-31,CUST9890,Premium,Electronics,5,2086,6258.0,40.0,No,None,Credit Card,5,4.7,No
ORD101661,2024-01-23,CUST1419,Regular,Electronics,1,1503,1172.3400000000001,22.0,Yes,Republic Day,Credit Card,1,3.2,No
ORD101662,2024-06-08,CUST2987,Regular,Home Decor,4,1940,5587.2,28.0,No,None,COD,2,3.3,No
ORD101663,2024-12-28,CUST6108,Premium,Home Decor,1,1312,760.96,42.0,Yes,Christmas/New Year,UPI,3,2.8,No
ORD101664,2024-06-06,CUST4250,Regular,Groceries,1,4076,4076.0,0.0,No,None,Credit Card,2,3.1,No
ORD101665,2024-02-08,CUST1086,Regular,Home Decor,5,6240,25272.0,19.0,No,None,COD,5,3.1,Yes
ORD101666,2024-03-22,CUST6174,Premium,Groceries,5,7652,34816.6,9.0,Yes,Holi,COD,4,3.5,No
ORD101667,2024-12-21,CUST5945,Regular,Groceries,5,6318,25903.800000000003,18.0,Yes,Christmas/New Year,UPI,7,4.1,No
ORD101668,2024-09-14,CUST4153,Regular,Electronics,1,8639,6738.42,22.0,No,None,Wallet,6,3.4,No
ORD101669,2024-07-24,CUST3341,Regular,Home Decor,5,6995,27980.0,20.0,No,None,Wallet,3,3.6,No
ORD101670,2024-03-17,CUST6318,Regular,Electronics,3,7244,12604.560000000001,42.0,No,None,Credit Card,2,3.0,Yes
ORD101671,2024-01-12,CUST9413,Premium,Home Decor,2,767,1012.4399999999998,34.0,No,None,Wallet,4,2.6,No
ORD101672,2024-10-21,CUST5709,Regular,Electronics,2,6158,6527.4800000000005,47.0,Yes,Diwali,UPI,5,3.4,No
ORD101673,2024-08-11,CUST7396,Regular,Electronics,5,9580,33051.0,31.0,Yes,Independence Day,Wallet,4,2.7,No
ORD101674,2024-01-13,CUST3775,Premium,Electronics,4,1553,5652.92,9.0,No,None,UPI,2,3.2,No
ORD101675,2024-02-15,CUST7120,New,Beauty,5,5229,25883.55,1.0,No,None,Credit Card,2,4.6,No
ORD101676,2024-06-03,CUST4960,Premium,Electronics,5,9372,30459.0,35.0,No,None,Wallet,5,3.4,No
ORD101677,2024-04-22,CUST5471,Regular,Fashion,1,5165,2737.4500000000003,47.0,No,None,UPI,5,3.0,No
ORD101678,2024-08-20,CUST3962,Regular,Fashion,4,368,1398.3999999999999,5.0,Yes,Independence Day,UPI,4,4.8,No
ORD101679,2024-01-17,CUST9929,New,Fashion,5,7912,22944.800000000003,42.0,No,None,UPI,4,4.1,No
ORD101680,2024-12-25,CUST1917,Regular,Groceries,3,2871,7234.92,16.0,Yes,Christmas/New Year,COD,6,5.0,No
ORD101681,2024-08-10,CUST8246,Premium,Electronics,2,578,994.16,14.0,Yes,Independence Day,Credit Card,6,3.3,Yes
ORD101682,2024-12-19,CUST9807,Regular,Fashion,3,2132,4157.400000000001,35.0,No,None,UPI,2,3.0,No
ORD101683,2024-07-06,CUST6861,Regular,Groceries,3,393,907.83,23.0,No,None,COD,5,3.2,No
ORD101684,2024-12-09,CUST4208,New,Fashion,3,8655,15838.65,39.0,No,None,COD,1,4.5,Yes
ORD101685,2024-12-30,CUST6005,Premium,Home Decor,4,9863,28405.44,28.0,Yes,Christmas/New Year,UPI,5,2.9,No
ORD101686,2024-06-11,CUST2587,Premium,Beauty,4,4816,9824.64,49.0,No,,Credit Card,3,3.1,No
ORD101687,2024-11-21,CUST2674,Regular,Electronics,4,5214,18144.72,13.0,No,None,Wallet,3,4.3,No
ORD101688,2024-03-14,CUST5245,Regular,Beauty,2,8078,15994.44,1.0,No,None,COD,5,4.3,No
ORD101689,2024-08-20,CUST2410,Premium,Beauty,1,1500,795.0,47.0,Yes,Independence Day,UPI,4,4.9,No
ORD101690,2024-08-11,CUST1871,Premium,Home Decor,5,3400,13430.0,21.0,Yes,Independence Day,Credit Card,3,5.0,No
ORD101691,2024-11-14,CUST6182,Regular,Home Decor,5,3573,9647.1,46.0,No,None,Credit Card,7,4.2,No
ORD101692,2024-02-29,CUST7757,Regular,Home Decor,1,8965,8516.75,5.0,No,None,UPI,6,3.4,No
ORD101693,2024-11-30,CUST8472,Regular,Groceries,5,9929,45673.4,8.0,No,None,COD,2,3.6,No
ORD101694,2024-08-09,CUST2320,New,Fashion,3,1583,4226.61,11.0,No,None,Wallet,2,3.6,No
ORD101695,2024-02-06,CUST7889,Premium,Electronics,2,9772,11530.960000000001,41.0,No,None,Credit Card,7,3.5,No
ORD101696,2024-10-04,CUST8752,New,Home Decor,5,3737,11584.7,38.0,No,None,Wallet,7,3.3,No
ORD101697,2024-07-14,CUST5109,Regular,Electronics,2,8124,15598.08,4.0,No,None,Credit Card,2,2.9,No
ORD101698,2024-12-17,CUST9964,New,Electronics,1,9915,6048.15,39.0,No,None,Credit Card,6,3.4,Yes
ORD101699,2024-08-29,CUST9162,Regular,Electronics,5,5191,14794.350000000002,43.0,Yes,Raksha Bandhan,Credit Card,5,4.9,Yes
ORD101700,2024-11-19,CUST2944,Premium,Home Decor,2,5402,10804.0,,No,None,COD,3,4.7,No
ORD101701,2024-08-06,CUST2821,New,Home Decor,3,4132,11280.36,9.0,No,None,COD,4,4.0,No
ORD101702,2024-07-10,CUST8793,Regular,Fashion,3,3822,10319.4,10.0,No,None,UPI,6,3.0,No
ORD101703,2024-01-17,CUST8141,Regular,Home Decor,1,9287,6872.38,26.0,No,None,Wallet,6,4.7,No
ORD101704,2024-01-12,CUST1378,Regular,Home Decor,4,664,2071.6800000000003,22.0,No,None,Wallet,2,3.3,No
ORD101705,2024-07-11,CUST9990,Regular,Electronics,5,8180,33129.0,19.0,No,None,UPI,7,3.9,No
ORD101706,2024-01-22,CUST9356,Premium,Fashion,3,1810,5212.8,4.0,Yes,Republic Day,COD,6,4.8,No
ORD101707,2024-04-29,CUST4356,Premium,Beauty,3,9004,23770.56,12.0,No,None,Wallet,6,3.3,No
ORD101708,2024-07-28,CUST7582,Premium,Home Decor,1,804,410.04,49.0,No,None,UPI,4,4.8,No
ORD101709,2024-11-01,CUST2098,Premium,Home Decor,3,8167,22295.91,9.0,Yes,Diwali,Credit Card,6,3.1,No
ORD101710,2024-09-26,CUST9827,Premium,Beauty,5,820,2132.0,48.0,No,None,Wallet,2,4.8,Yes
ORD101711,2024-07-10,CUST2593,Regular,Electronics,1,2802,1821.3,35.0,No,None,COD,6,3.4,No
ORD101712,2024-06-23,CUST2354,Regular,Fashion,2,6673,8007.599999999999,40.0,No,None,Wallet,5,3.4,No
ORD101713,2024-10-11,CUST7331,New,Electronics,1,4000,2040.0,49.0,No,None,Credit Card,2,3.9,Yes
ORD101714,2024-07-22,CUST5220,Regular,Groceries,5,7298,31016.5,15.0,No,None,COD,5,3.4,No
ORD101715,2024-06-12,CUST7196,Premium,Home Decor,5,6738,31668.6,6.0,No,None,COD,7,3.6,No
ORD101716,2024-09-07,CUST2707,Regular,Groceries,2,355,489.9,31.0,No,None,UPI,3,3.8,No
ORD101717,2024-08-14,CUST8024,Premium,Home Decor,1,8360,6353.6,24.0,Yes,Independence Day,COD,7,3.7,No
ORD101718,2024-01-07,CUST4574,Premium,Groceries,5,6881,19610.850000000002,43.0,No,None,UPI,7,4.9,No
ORD101719,2024-01-29,CUST8576,Regular,Beauty,5,2915,10931.25,25.0,Yes,Republic Day,COD,3,3.2,No
ORD101720,2024-02-02,CUST3719,Regular,Home Decor,2,4539,5900.7,35.0,No,None,Credit Card,4,3.2,No
ORD101721,2024-05-13,CUST3869,Premium,Home Decor,4,8270,24148.399999999998,27.0,No,None,Credit Card,6,4.6,No
ORD101722,2024-03-19,CUST7965,Regular,Groceries,1,6890,3927.3000000000006,43.0,No,None,Credit Card,2,3.5,No
ORD101723,2024-02-27,CUST6773,Regular,Fashion,5,649,2888.05,11.0,No,None,Credit Card,3,2.7,No
ORD101724,2024-01-26,CUST4167,Premium,Groceries,3,1269,2855.25,25.0,Yes,Republic Day,Credit Card,6,3.7,Yes
ORD101725,2024-08-13,CUST6075,Regular,Home Decor,2,4217,8180.98,3.0,Yes,Independence Day,Wallet,1,3.9,No
ORD101726,2024-10-11,CUST2579,New,Home Decor,4,3019,6883.320000000001,43.0,No,None,Credit Card,1,4.0,No
ORD101727,2024-01-04,CUST4773,Premium,Fashion,4,2485,7753.2,22.0,No,None,COD,4,3.1,No
ORD101728,2024-04-08,CUST6049,Regular,Electronics,2,9582,11690.039999999999,39.0,No,None,UPI,6,4.9,No
ORD101729,2024-02-08,CUST3592,Premium,Fashion,4,1599,4924.92,23.0,No,None,Wallet,7,4.3,No
ORD101730,2024-09-27,CUST4345,Premium,Electronics,5,2448,8568.0,30.0,No,None,COD,3,4.3,No
ORD101731,2024-10-11,CUST6341,Regular,Home Decor,4,6575,18673.0,29.0,No,None,Credit Card,5,4.7,No
ORD101732,2024-06-05,CUST7969,Regular,Beauty,1,923,904.54,2.0,No,None,Credit Card,6,2.6,No
ORD101733,2024-03-15,CUST2353,Regular,Beauty,3,9833,25074.149999999998,15.0,No,None,COD,1,4.0,No
ORD101734,2024-10-14,CUST9849,Regular,Groceries,5,5473,18334.55,33.0,No,None,Wallet,6,4.5,Yes
ORD101735,2024-05-09,CUST9754,Regular,Fashion,2,7735,9746.1,37.0,No,None,UPI,3,2.6,No
ORD101736,2024-06-23,CUST1842,Regular,Fashion,3,5020,10993.8,27.0,No,None,UPI,5,4.4,No
ORD101737,2024-03-24,CUST8075,Regular,Beauty,5,286,743.6,,Yes,Holi,UPI,2,5.0,No
ORD101738,2024-01-22,CUST2801,Premium,Electronics,3,7897,13503.87,43.0,Yes,Republic Day,UPI,7,4.0,No
ORD101739,2024-01-27,CUST1732,Premium,Fashion,4,7046,16910.399999999998,40.0,Yes,Republic Day,,6,3.6,No
ORD101740,2024-07-13,CUST6264,Premium,Electronics,2,4349,4609.9400000000005,47.0,No,None,Wallet,3,3.6,No
ORD101741,2024-12-02,CUST9786,Premium,Electronics,2,1951,3667.8799999999997,6.0,No,None,Credit Card,2,4.2,Yes
ORD101742,2024-08-23,CUST2171,New,Electronics,1,5361,4985.73,7.0,No,None,Wallet,1,3.9,No
ORD101743,2024-04-01,CUST7439,Premium,Electronics,4,3620,13611.199999999999,6.0,No,None,UPI,2,4.5,No
ORD101744,2024-01-21,CUST2183,Premium,Groceries,1,5037,3223.6800000000003,36.0,Yes,Republic Day,COD,1,3.6,Yes
ORD101745,2024-10-29,CUST8232,Regular,Groceries,1,2683,2522.02,6.0,Yes,Diwali,COD,4,3.5,No
ORD101746,2024-12-22,CUST2924,New,Beauty,4,3412,6960.4800000000005,49.0,Yes,Christmas/New Year,Credit Card,4,4.4,No
ORD101747,2024-03-24,CUST7594,Regular,Groceries,5,4122,17106.3,17.0,Yes,Holi,COD,1,4.1,No
ORD101748,2024-09-18,CUST8822,Regular,Fashion,1,6510,3450.3,47.0,No,None,Credit Card,5,4.4,No
ORD101749,2024-05-26,CUST4096,Premium,Groceries,3,6242,11610.12,38.0,No,None,Credit Card,4,4.7,No
ORD101750,2024-09-13,CUST7471,Regular,Fashion,5,8213,32852.0,20.0,No,None,Wallet,7,3.2,No
ORD101751,2024-02-27,CUST3802,Regular,Fashion,4,9878,26473.039999999997,33.0,No,None,UPI,5,3.3,No
ORD101752,2024-01-15,CUST7274,Premium,Electronics,2,3727,3876.08,48.0,No,None,UPI,5,3.8,No
ORD101753,2024-06-10,CUST4706,Premium,Beauty,5,8464,31316.8,26.0,No,None,UPI,5,4.8,No
ORD101754,2024-06-11,CUST1077,Premium,Electronics,1,9116,8477.88,7.0,No,None,UPI,3,4.6,No
ORD101755,2024-11-15,CUST1368,New,Electronics,3,3954,7947.539999999999,33.0,No,None,Wallet,6,3.7,No
ORD101756,2024-10-07,CUST8483,Regular,Groceries,4,8362,27761.84,17.0,No,None,UPI,7,3.9,No
ORD101757,2024-10-06,CUST6402,Regular,Groceries,2,4565,5478.0,40.0,No,None,UPI,3,4.3,No
ORD101758,2024-01-12,CUST7443,Premium,Fashion,3,8610,22988.7,11.0,No,None,COD,6,3.8,No
ORD101759,2024-09-30,CUST4232,Regular,Groceries,2,746,1178.68,21.0,No,None,UPI,6,2.7,No
ORD101760,2024-09-27,CUST7471,Premium,Groceries,4,3929,9586.76,39.0,No,None,UPI,5,3.4,No
ORD101761,2024-07-26,CUST9414,Regular,Home Decor,5,7550,29822.5,21.0,No,None,Credit Card,1,2.6,No
ORD101762,2024-01-27,CUST3280,Regular,Fashion,1,6084,5658.12,7.0,Yes,Republic Day,Credit Card,6,4.2,No
ORD101763,2024-03-12,CUST8074,Premium,Fashion,4,2168,5116.4800000000005,41.0,No,None,UPI,4,3.3,No
ORD101764,2024-02-29,CUST8706,Premium,Home Decor,3,4716,10328.039999999999,27.0,No,None,Credit Card,2,4.3,No
ORD101765,2024-05-24,CUST9701,Premium,Fashion,5,1459,3720.4500000000003,49.0,No,None,COD,3,3.6,No
ORD101766,2024-04-02,CUST2604,Regular,Beauty,2,7192,7767.360000000001,46.0,No,None,COD,3,2.6,No
ORD101767,2024-11-04,CUST8362,Regular,Beauty,5,7956,27448.199999999997,31.0,Yes,Diwali,COD,7,3.4,No
ORD101768,2024-01-08,CUST5146,Regular,Home Decor,5,3133,14098.5,10.0,No,None,Wallet,2,3.0,No
ORD101769,2024-03-19,CUST7107,Regular,Groceries,3,2709,6501.6,20.0,No,None,COD,5,3.0,No
ORD101770,2024-01-27,CUST3516,Regular,Beauty,1,1762,1321.5,25.0,Yes,Republic Day,UPI,7,3.4,No
ORD101771,2024-06-22,CUST3094,Regular,Home Decor,5,8275,35996.25,13.0,No,None,COD,7,4.9,No
ORD101772,2024-02-19,CUST5888,Premium,Beauty,5,3869,16636.7,14.0,No,None,COD,6,4.9,No
ORD101773,2024-07-17,CUST3146,Regular,Electronics,1,2681,2332.47,13.0,No,None,COD,7,4.5,No
ORD101774,2024-12-14,CUST4328,Premium,Home Decor,1,7398,6584.22,11.0,No,None,COD,2,3.1,No
ORD101775,2024-06-29,CUST9784,New,Fashion,2,404,525.2,35.0,No,None,Credit Card,5,4.4,Yes
ORD101776,2024-01-24,CUST1999,Regular,Beauty,2,941,1844.36,2.0,Yes,Republic Day,COD,7,2.5,No
ORD101777,2024-11-11,CUST2742,Regular,Fashion,1,7249,4131.93,43.0,No,None,COD,3,2.6,No
ORD101778,2024-02-15,CUST5577,Regular,Home Decor,4,4463,16780.879999999997,6.0,No,None,Credit Card,7,4.6,No
ORD101779,2024-01-15,CUST6520,Premium,Beauty,1,8037,4982.94,38.0,No,None,Credit Card,2,3.9,No
ORD101780,2024-06-01,CUST7951,Regular,Fashion,2,4937,5430.700000000001,45.0,No,None,Wallet,6,3.4,No
ORD101781,2024-08-09,CUST2302,Regular,Groceries,3,1305,3915.0,0.0,No,None,UPI,1,4.4,No
ORD101782,2024-07-24,CUST1832,Premium,Groceries,3,7030,13075.8,38.0,No,None,Wallet,4,2.8,No
ORD101783,2024-09-29,CUST3452,Regular,Electronics,5,4397,16708.6,24.0,No,None,Credit Card,4,3.2,No
ORD101784,2024-08-23,CUST3034,Premium,Home Decor,3,288,604.8,30.0,No,None,Credit Card,4,4.3,No
ORD101785,2024-12-05,CUST2256,Premium,Fashion,2,6688,10567.04,21.0,No,None,Credit Card,2,3.0,No
ORD101786,2024-08-15,CUST5250,Premium,Electronics,3,3581,9776.130000000001,9.0,Yes,Independence Day,Wallet,7,4.0,No
ORD101787,2024-01-09,CUST1690,Regular,Home Decor,4,3385,11238.199999999999,17.0,No,None,COD,7,3.6,No
ORD101788,2024-06-14,CUST4652,New,Groceries,1,6879,6053.52,12.0,No,None,UPI,6,3.0,No
ORD101789,2024-11-14,CUST2192,Premium,Fashion,1,6506,6050.58,7.0,No,None,UPI,5,4.7,Yes
ORD101790,2024-08-01,CUST6073,Regular,Beauty,2,1064,1957.76,8.0,No,None,COD,6,,No
ORD101791,2024-04-26,CUST5282,Regular,Groceries,5,8446,36317.8,14.0,No,None,UPI,6,4.0,No
ORD101792,2024-12-09,CUST2139,Regular,Beauty,1,4871,4530.03,7.0,No,None,COD,7,3.1,No
ORD101793,2024-03-12,CUST1788,New,Beauty,3,757,1544.2799999999997,32.0,No,None,Wallet,7,3.4,No
ORD101794,2024-03-04,CUST7313,New,Fashion,4,9384,24773.76,34.0,No,None,Credit Card,3,2.6,No
ORD101795,2024-07-23,CUST5963,Premium,Fashion,5,4491,18413.100000000002,18.0,No,None,COD,4,3.7,No
ORD101796,2024-07-27,CUST8600,New,Beauty,5,647,2296.85,29.0,No,None,COD,2,3.4,No
ORD101797,2024-03-12,CUST2697,Regular,Electronics,5,2021,9296.6,8.0,No,None,Credit Card,4,3.3,No
ORD101798,2024-10-03,CUST5912,Regular,Beauty,1,4019,3295.5800000000004,18.0,No,None,Credit Card,6,4.7,No
ORD101799,2024-09-30,CUST6891,New,Beauty,5,291,785.7,46.0,No,None,UPI,5,4.3,No
ORD101800,2024-11-15,CUST1829,Premium,Fashion,2,807,887.7,45.0,No,None,COD,7,3.6,No
ORD101801,2024-12-03,CUST6767,Regular,Home Decor,3,9643,21696.75,25.0,No,None,Credit Card,1,3.0,No
ORD101802,2024-12-31,CUST4211,Premium,Groceries,4,485,1940.0,0.0,Yes,Christmas/New Year,UPI,7,4.9,No
ORD101803,2024-04-04,CUST4446,New,Fashion,3,3121,9175.74,2.0,No,None,Wallet,1,2.7,No
ORD101804,2024-06-14,CUST1434,Premium,Electronics,2,301,403.34,33.0,No,None,COD,7,2.8,No
ORD101805,2024-02-01,CUST7625,New,Groceries,2,4035,6133.2,24.0,No,None,Wallet,6,3.2,No
ORD101806,2024-01-11,CUST5110,Premium,Fashion,3,8369,17825.969999999998,29.0,No,None,Credit Card,3,4.9,No
ORD101807,2024-10-27,CUST7497,Regular,Fashion,1,4435,4435.0,0.0,Yes,Diwali,Credit Card,1,3.2,No
ORD101808,2024-08-04,CUST5459,New,Home Decor,2,7709,12796.939999999999,17.0,No,None,COD,1,3.7,No
ORD101809,2024-10-15,CUST5534,Regular,Electronics,5,6916,23514.399999999998,32.0,No,None,Wallet,7,4.4,No
ORD101810,2024-04-11,CUST3553,New,Electronics,4,734,2701.12,8.0,No,None,Credit Card,2,,No
ORD101811,2024-09-23,CUST7597,Regular,Fashion,4,6866,25816.16,6.0,No,None,COD,7,4.0,Yes
ORD101812,2024-08-01,CUST1556,Premium,Home Decor,2,8407,11937.939999999999,29.0,No,None,COD,2,,No
ORD101813,2024-06-27,CUST2929,Regular,Fashion,5,8952,39388.8,12.0,No,None,COD,3,5.0,No
ORD101814,2024-03-28,CUST7947,Regular,Beauty,3,3125,7875.0,16.0,Yes,Holi,Credit Card,6,2.6,No
ORD101815,2024-02-10,CUST9432,Regular,Beauty,4,1109,3903.68,12.0,No,None,Credit Card,7,4.6,No
ORD101816,2024-03-16,CUST2746,New,Home Decor,5,9805,43142.0,12.0,No,None,COD,3,3.2,Yes
ORD101817,2024-02-15,CUST9603,New,Fashion,5,5208,15363.600000000002,41.0,No,None,UPI,6,4.5,No
ORD101818,2024-06-08,CUST4815,Regular,Home Decor,1,318,200.34,37.0,No,None,COD,2,2.9,No
ORD101819,2024-03-20,CUST8077,New,Fashion,2,3313,4240.64,36.0,Yes,Holi,COD,7,3.4,No
ORD101820,2024-11-05,CUST6688,New,Fashion,5,6353,28906.15,9.0,Yes,Diwali,COD,1,2.6,No
ORD101821,2024-03-26,CUST1376,Premium,Beauty,3,1691,4413.51,13.0,Yes,Holi,UPI,6,3.0,Yes
ORD101822,2024-04-01,CUST1901,Regular,Groceries,4,2296,5326.72,42.0,No,None,Wallet,5,4.0,No
ORD101823,2024-05-27,CUST6714,New,Electronics,1,8144,7818.24,4.0,No,None,Credit Card,1,4.4,No
ORD101824,2024-06-09,CUST6221,Premium,Electronics,3,2454,4785.3,35.0,No,None,Credit Card,1,4.8,No
ORD101825,2024-07-20,CUST9118,New,Home Decor,4,8905,23509.199999999997,34.0,No,None,Wallet,5,2.8,No
ORD101826,2024-08-29,CUST3041,New,Electronics,2,6303,6933.3,45.0,Yes,Raksha Bandhan,COD,3,2.9,No
ORD101827,2024-12-18,CUST6381,New,Beauty,3,1433,2407.44,44.0,No,None,COD,2,4.8,No
ORD101828,2024-01-02,CUST6747,Premium,Groceries,4,5458,17028.96,22.0,No,None,Credit Card,3,4.4,No
ORD101829,2024-08-12,CUST3534,Regular,Fashion,1,9871,9476.16,4.0,Yes,Independence Day,COD,3,3.8,No
ORD101830,2024-10-15,CUST9240,Regular,Fashion,4,5831,13294.680000000002,43.0,No,None,Wallet,7,3.7,Yes
ORD101831,2024-08-20,CUST7774,Regular,Beauty,5,3549,12953.85,27.0,Yes,Independence Day,Credit Card,7,2.9,No
ORD101832,2024-03-17,CUST9358,Regular,Electronics,1,9932,7746.96,22.0,No,None,UPI,3,3.4,No
ORD101833,2024-04-25,CUST6371,Premium,Fashion,3,329,582.33,41.0,No,None,COD,2,3.4,No
ORD101834,2024-06-02,CUST7472,Premium,Electronics,2,3916,5247.44,33.0,No,None,Wallet,3,4.1,No
ORD101835,2024-04-12,CUST1887,New,Beauty,1,6954,4867.799999999999,30.0,No,None,Credit Card,7,4.0,Yes
ORD101836,2024-07-12,CUST3253,Regular,Fashion,1,3943,3706.4199999999996,6.0,No,None,Credit Card,3,2.6,No
ORD101837,2024-06-14,CUST3331,Premium,Home Decor,1,1971,1852.7399999999998,6.0,No,None,UPI,4,4.6,No
ORD101838,2024-12-24,CUST3612,Regular,Groceries,4,4654,18057.52,3.0,Yes,Christmas/New Year,,1,4.8,No
ORD101839,2024-03-30,CUST1719,Regular,Electronics,5,6970,19864.500000000004,43.0,Yes,Holi,UPI,7,4.5,No
ORD101840,2024-06-22,CUST9996,Regular,Electronics,2,7450,10281.0,31.0,No,None,Wallet,4,2.9,No
ORD101841,2024-05-01,CUST3396,Premium,Electronics,2,5473,7990.58,27.0,No,None,Credit Card,2,2.9,No
ORD101842,2024-05-22,CUST1039,Regular,Electronics,5,8897,43150.45,3.0,No,None,Credit Card,6,4.3,No
ORD101843,2024-04-15,CUST4530,Premium,Beauty,4,5828,14453.44,38.0,No,None,UPI,6,3.6,Yes
ORD101844,2024-10-31,CUST1941,Regular,Beauty,4,5113,11453.12,44.0,Yes,Diwali,UPI,5,4.4,No
ORD101845,2024-12-25,CUST9800,New,Beauty,5,9230,42919.5,7.0,Yes,Christmas/New Year,UPI,6,2.7,No
ORD101846,2024-11-12,CUST2797,New,Beauty,5,4918,21393.3,13.0,No,None,COD,5,4.3,No
ORD101847,2024-05-02,CUST6922,New,Fashion,3,2876,6125.88,29.0,No,None,Credit Card,6,3.6,No
ORD101848,2024-01-09,CUST7481,New,Beauty,4,296,1160.32,2.0,No,None,COD,4,2.6,No
ORD101849,2024-09-18,CUST6692,New,Fashion,1,2163,2141.37,1.0,No,None,Wallet,4,3.9,No
ORD101850,2024-03-13,CUST4738,New,Home Decor,2,5601,10193.82,9.0,No,None,COD,4,4.2,No
ORD101851,2024-12-24,CUST3182,Premium,Beauty,4,7967,30274.6,5.0,Yes,Christmas/New Year,UPI,1,3.8,No
ORD101852,2024-08-10,CUST1711,Regular,Home Decor,5,798,3750.6,6.0,Yes,Independence Day,Wallet,2,2.8,No
ORD101853,2024-02-10,CUST9301,Regular,Beauty,1,4163,3538.5499999999997,15.0,No,None,Wallet,7,4.5,No
ORD101854,2024-07-22,CUST6889,Regular,Home Decor,3,8820,25137.0,5.0,No,None,COD,6,3.3,No
ORD101855,2024-09-20,CUST4166,Premium,Groceries,3,7493,19107.149999999998,15.0,No,None,COD,6,4.8,No
ORD101856,2024-11-23,CUST7027,Premium,Home Decor,1,1524,1127.76,26.0,No,None,UPI,6,4.8,Yes
ORD101857,2024-06-26,CUST8238,New,Fashion,1,8311,7396.79,11.0,No,None,UPI,3,3.0,No
ORD101858,2024-12-13,CUST1584,New,Electronics,5,1967,7769.650000000001,21.0,No,None,Wallet,4,3.7,No
ORD101859,2024-11-13,CUST8466,Regular,Home Decor,5,5364,23065.2,14.0,No,None,UPI,1,2.8,No
ORD101860,2024-03-24,CUST2110,Premium,Electronics,2,9908,15654.640000000001,21.0,Yes,,Credit Card,5,4.2,No
ORD101861,2024-11-13,CUST5893,New,Groceries,2,1539,2031.4799999999998,34.0,No,None,Credit Card,7,4.6,No
ORD101862,2024-04-20,CUST2876,Regular,Groceries,3,9368,14895.12,47.0,No,None,Wallet,7,4.1,No
ORD101863,2024-09-07,CUST6159,Premium,Fashion,1,6666,3399.66,,No,None,COD,5,3.2,No
ORD101864,2024-01-07,CUST6290,Regular,Fashion,3,9976,25738.079999999998,14.0,No,None,COD,5,2.7,No
ORD101865,2024-03-24,CUST1619,Premium,Home Decor,5,5663,22085.7,22.0,Yes,Holi,Credit Card,4,2.7,No
ORD101866,2024-07-26,CUST5899,Regular,Beauty,4,5690,14338.8,37.0,No,None,COD,5,4.0,Yes
ORD101867,2024-11-09,CUST3727,New,Groceries,5,4261,11078.6,48.0,Yes,Diwali,UPI,5,4.9,No
ORD101868,2024-01-22,CUST3201,Premium,Electronics,4,7804,30903.84,1.0,Yes,Republic Day,Credit Card,5,4.2,No
ORD101869,2024-01-03,CUST8565,Regular,Beauty,1,1470,1455.3,1.0,No,None,Wallet,3,4.3,No
ORD101870,2024-05-06,CUST2401,Regular,Groceries,1,418,217.36,48.0,No,None,COD,5,3.3,No
ORD101871,2024-10-23,CUST1682,Regular,Home Decor,1,733,601.0600000000001,18.0,Yes,Diwali,Wallet,1,4.0,No
ORD101872,2024-07-06,CUST4658,New,Groceries,2,8151,15649.92,4.0,No,None,Wallet,4,3.3,Yes
ORD101873,2024-12-27,CUST7041,Premium,Fashion,2,9887,19180.78,3.0,Yes,Christmas/New Year,COD,6,4.8,No
ORD101874,2024-01-14,CUST5429,Regular,Electronics,4,9765,28513.8,27.0,No,None,COD,3,2.8,No
ORD101875,2024-01-12,CUST2164,Regular,Electronics,3,4023,10017.269999999999,17.0,No,None,Credit Card,3,4.1,No
ORD101876,2024-03-27,CUST8891,Premium,Fashion,3,264,483.12,39.0,Yes,Holi,Credit Card,4,4.3,No
ORD101877,2024-01-12,CUST3856,Premium,Beauty,4,4541,10898.4,40.0,No,None,Wallet,5,4.2,No
ORD101878,2024-01-25,CUST1919,Premium,Fashion,2,5282,5387.64,49.0,Yes,Republic Day,Wallet,6,3.1,No
ORD101879,2024-10-27,CUST8201,Regular,Electronics,5,3185,11147.5,30.0,Yes,Diwali,Credit Card,6,3.7,No
ORD101880,2024-08-30,CUST4000,Premium,Home Decor,4,5794,18309.04,21.0,Yes,Raksha Bandhan,Wallet,5,4.2,No
ORD101881,2024-05-01,CUST6276,Premium,Beauty,3,4113,11105.1,10.0,No,None,UPI,2,4.8,No
ORD101882,2024-05-26,CUST7013,New,Groceries,4,9440,20012.8,47.0,No,None,COD,5,3.7,No
ORD101883,2024-02-24,CUST6008,New,Home Decor,4,8217,27937.8,15.0,No,None,COD,7,,No
ORD101884,2024-08-25,CUST1278,Premium,Beauty,1,4455,4321.349999999999,3.0,Yes,Raksha Bandhan,UPI,6,3.5,No
ORD101885,2024-12-21,CUST3315,Premium,Electronics,2,1204,1926.4,20.0,Yes,Christmas/New Year,Credit Card,1,3.9,No
ORD101886,2024-06-21,CUST1156,Regular,Electronics,1,2322,1393.2,40.0,No,None,Credit Card,5,4.9,No
ORD101887,2024-08-08,CUST5684,New,Home Decor,2,6896,7723.52,44.0,No,None,Wallet,4,4.1,No
ORD101888,2024-04-28,CUST5122,Regular,Beauty,4,4181,12710.24,24.0,No,None,Wallet,5,2.9,No
ORD101889,2024-11-04,CUST5277,Regular,Groceries,2,671,1087.02,19.0,Yes,Diwali,Credit Card,4,4.6,No
ORD101890,2024-07-01,CUST8319,Regular,Groceries,3,3605,10057.949999999999,7.0,No,None,Wallet,3,3.0,No
ORD101891,2024-10-14,CUST9321,New,Fashion,1,508,294.64000000000004,42.0,No,None,UPI,2,2.6,No
ORD101892,2024-11-02,CUST6262,Regular,Home Decor,4,7895,29053.600000000002,8.0,Yes,Diwali,COD,3,2.8,No
ORD101893,2024-10-26,CUST1523,Regular,Beauty,3,7907,19688.43,17.0,Yes,Diwali,UPI,4,4.5,No
ORD101894,2024-03-22,CUST2160,Regular,Home Decor,2,3247,4545.799999999999,30.0,Yes,Holi,COD,7,4.8,No
ORD101895,2024-07-29,CUST9102,Regular,Groceries,2,2217,2926.4399999999996,34.0,No,None,COD,2,3.2,No
ORD101896,2024-05-29,CUST9935,Regular,Beauty,3,5081,10822.529999999999,29.0,No,None,Wallet,3,3.7,Yes
ORD101897,2024-02-06,CUST7098,New,Electronics,2,1678,2785.48,17.0,No,None,Wallet,5,4.0,No
ORD101898,2024-12-17,CUST9518,New,Electronics,1,4397,3605.5400000000004,18.0,No,None,COD,6,3.5,Yes
ORD101899,2024-11-07,CUST4250,Regular,Beauty,5,7921,23763.0,40.0,Yes,Diwali,Wallet,7,2.7,No
ORD101900,2024-12-26,CUST8714,New,Home Decor,2,5070,7807.8,23.0,Yes,Christmas/New Year,UPI,6,2.6,No
ORD101901,2024-02-28,CUST5410,Premium,Home Decor,4,3659,7464.360000000001,49.0,No,None,,7,3.6,No
ORD101902,2024-05-10,CUST1730,Regular,Electronics,2,9623,15204.34,21.0,No,None,Wallet,5,4.5,No
ORD101903,2024-07-20,CUST7655,Premium,Electronics,4,5634,11944.08,,No,None,Wallet,7,2.7,No
ORD101904,2024-08-30,CUST7763,New,Groceries,2,771,1341.54,13.0,Yes,Raksha Bandhan,Wallet,2,3.0,Yes
ORD101905,2024-02-04,CUST1979,Regular,Beauty,2,3789,6213.96,18.0,No,None,Credit Card,3,3.2,No
ORD101906,2024-04-02,CUST2623,Regular,Home Decor,4,8539,24592.32,28.0,No,None,UPI,1,3.9,No
ORD101907,2024-07-25,CUST5353,New,Groceries,1,6118,4833.22,21.0,No,None,COD,1,2.6,Yes
ORD101908,2024-12-18,CUST2716,Premium,Home Decor,5,796,2825.7999999999997,29.0,No,None,UPI,1,4.7,No
ORD101909,2024-11-27,CUST1060,Regular,Electronics,5,5273,22673.9,14.0,No,None,Wallet,3,3.7,No
ORD101910,2024-10-31,CUST9684,Premium,Beauty,1,1270,1016.0,20.0,Yes,Diwali,Credit Card,6,3.7,No
ORD101911,2024-12-15,CUST7855,Premium,Fashion,2,4450,6675.0,25.0,No,None,UPI,3,3.3,No
ORD101912,2024-07-31,CUST6574,New,Beauty,5,4525,14706.25,35.0,No,None,Wallet,7,3.0,No
ORD101913,2024-06-07,CUST4663,Premium,Fashion,1,3571,3178.19,11.0,No,None,Wallet,3,3.4,No
ORD101914,2024-01-24,CUST3793,Regular,Groceries,1,357,335.58,6.0,Yes,Republic Day,COD,4,4.8,No
ORD101915,2024-10-19,CUST4959,Premium,Fashion,5,9314,41913.0,10.0,No,None,Credit Card,6,2.7,No
ORD101916,2024-01-04,CUST2653,Premium,Fashion,4,3518,8724.64,38.0,No,None,COD,1,2.7,No
ORD101917,2024-08-07,CUST8614,Regular,Groceries,3,6911,16793.73,19.0,No,None,UPI,1,2.8,No
ORD101918,2024-12-29,CUST9095,Premium,Beauty,4,7421,19591.44,34.0,Yes,Christmas/New Year,COD,1,4.4,Yes
ORD101919,2024-01-20,CUST7418,New,Groceries,2,9638,18697.72,3.0,Yes,Republic Day,UPI,6,2.6,No
ORD101920,2024-05-31,CUST9589,Regular,Electronics,4,9157,36261.72,1.0,No,None,Wallet,4,,No
ORD101921,2024-02-19,CUST8530,Premium,Electronics,3,2812,6833.160000000001,19.0,No,None,Credit Card,4,3.6,Yes
ORD101922,2024-06-25,CUST2132,Regular,Fashion,3,4762,7714.4400000000005,46.0,No,None,Credit Card,7,3.8,Yes
ORD101923,2024-04-05,CUST3479,Regular,Groceries,1,643,520.83,19.0,No,None,Wallet,7,2.5,Yes
ORD101924,2024-04-14,CUST9683,Regular,Groceries,2,6173,10987.94,11.0,No,None,Credit Card,3,3.7,No
ORD101925,2024-09-06,CUST4365,Regular,Groceries,1,1104,927.36,16.0,No,None,COD,6,3.0,No
ORD101926,2024-04-26,CUST3312,New,Beauty,4,3110,10325.199999999999,17.0,No,None,UPI,7,2.7,No
ORD101927,2024-12-19,CUST3051,Regular,Home Decor,4,2001,4882.44,39.0,No,None,UPI,6,3.8,No
ORD101928,2024-08-15,CUST3522,Premium,Home Decor,5,1125,4331.25,23.0,Yes,Independence Day,UPI,1,4.4,No
ORD101929,2024-03-06,CUST5503,Regular,Home Decor,1,8051,7487.429999999999,7.0,No,None,COD,1,4.8,No
ORD101930,2024-11-30,CUST2152,New,Beauty,1,6130,3923.2000000000003,36.0,No,None,UPI,6,4.8,No
ORD101931,2024-09-18,CUST3923,Premium,Groceries,1,9143,5485.8,40.0,No,None,Credit Card,5,3.5,No
ORD101932,2024-10-21,CUST4595,Premium,Home Decor,1,9626,6834.46,29.0,Yes,Diwali,UPI,6,4.3,No
ORD101933,2024-08-30,CUST4252,Regular,Groceries,3,3122,7586.460000000001,19.0,Yes,Raksha Bandhan,COD,7,4.2,No
ORD101934,2024-07-04,CUST7487,Regular,Fashion,5,9054,35310.6,22.0,No,None,Credit Card,5,3.5,No
ORD101935,2024-09-02,CUST1351,Regular,Home Decor,2,7755,9926.4,36.0,No,None,Wallet,5,2.7,No
ORD101936,2024-05-04,CUST9828,New,Fashion,2,9976,18156.32,9.0,No,None,Credit Card,4,3.5,No
ORD101937,2024-09-24,CUST8287,Regular,Beauty,2,1119,1521.84,32.0,No,None,COD,7,5.0,No
ORD101938,2024-05-10,CUST7696,Premium,Electronics,3,5204,12021.24,23.0,No,None,Credit Card,3,3.9,No
ORD101939,2024-08-24,CUST5721,Premium,Beauty,5,4419,14361.75,35.0,No,None,UPI,2,3.4,No
ORD101940,2024-01-18,CUST9122,Regular,Beauty,5,8459,35950.75,15.0,No,None,COD,1,4.4,No
ORD101941,2024-02-09,CUST2092,Premium,Beauty,3,4770,7298.1,49.0,No,None,Wallet,7,4.2,No
ORD101942,2024-01-21,CUST7703,Premium,Home Decor,1,4653,3396.69,27.0,Yes,Republic Day,,5,3.9,No
ORD101943,2024-08-12,CUST6676,Premium,Fashion,4,5775,20559.0,11.0,Yes,Independence Day,COD,1,4.1,No
ORD101944,2024-12-20,CUST8701,Regular,Home Decor,1,2153,1743.93,19.0,Yes,Christmas/New Year,COD,1,4.0,No
ORD101945,2024-10-08,CUST6083,Regular,Electronics,2,2768,2989.44,46.0,No,None,Wallet,1,4.9,Yes
ORD101946,2024-01-08,CUST4218,Regular,Beauty,1,8145,6760.349999999999,17.0,No,None,Wallet,6,3.8,No
ORD101947,2024-04-09,CUST4218,New,Groceries,3,3908,7503.360000000001,36.0,No,None,COD,3,4.0,No
ORD101948,2024-08-27,CUST7405,Premium,Electronics,2,5128,7692.0,25.0,Yes,Raksha Bandhan,Wallet,1,3.7,No
ORD101949,2024-03-27,CUST4177,Regular,Fashion,4,3599,7917.800000000001,45.0,Yes,Holi,Wallet,7,4.0,Yes
ORD101950,2024-10-24,CUST3829,New,Electronics,2,9745,18320.6,6.0,Yes,Diwali,UPI,3,4.7,No
ORD101951,2024-01-14,CUST3266,Regular,Home Decor,1,6770,3926.6000000000004,42.0,No,None,COD,2,3.3,No
ORD101952,2024-11-29,CUST3098,New,Groceries,5,642,1733.4,46.0,No,None,Credit Card,2,3.7,No
ORD101953,2024-01-02,CUST3883,New,Home Decor,5,800,3200.0,20.0,No,None,UPI,4,3.6,No
ORD101954,2024-10-19,CUST9292,New,Beauty,5,4782,13867.800000000001,42.0,No,None,COD,1,3.5,No
ORD101955,2024-11-20,CUST6506,New,Beauty,2,2986,4120.679999999999,31.0,No,None,COD,5,,No
ORD101956,2024-02-10,CUST3887,Regular,Electronics,5,2895,13606.5,6.0,No,None,UPI,4,3.1,Yes
ORD101957,2024-11-13,CUST1005,Regular,Beauty,3,2252,5269.68,22.0,No,None,Wallet,6,3.7,No
ORD101958,2024-11-11,CUST3840,Premium,Beauty,4,831,2692.44,19.0,No,None,Credit Card,7,4.8,No
ORD101959,2024-04-20,CUST5324,Regular,Fashion,5,3642,14750.1,19.0,No,None,Credit Card,7,2.9,No
ORD101960,2024-01-14,CUST9263,Regular,Fashion,3,1954,4044.7799999999997,31.0,No,None,COD,4,2.5,No
ORD101961,2024-08-18,CUST2635,Premium,Home Decor,3,7220,16245.0,25.0,Yes,Independence Day,COD,2,3.2,No
ORD101962,2024-03-24,CUST6918,Regular,Home Decor,2,9970,12961.0,35.0,Yes,Holi,Credit Card,5,4.8,No
ORD101963,2024-05-09,CUST1426,New,Fashion,2,225,346.5,23.0,No,None,COD,1,2.7,No
ORD101964,2024-08-18,CUST3235,New,Electronics,4,8146,32584.0,0.0,Yes,Independence Day,Credit Card,1,2.8,No
ORD101965,2024-11-21,CUST4155,New,Fashion,4,7497,21891.239999999998,,No,None,Wallet,2,3.3,No
ORD101966,2024-05-24,CUST7212,Premium,Home Decor,1,6753,5064.75,25.0,No,None,Credit Card,6,4.4,No
ORD101967,2024-12-10,CUST3708,New,Groceries,4,5959,15970.119999999999,33.0,No,None,Credit Card,3,4.4,No
ORD101968,2024-01-28,CUST8315,New,Beauty,2,7955,11932.5,25.0,Yes,Republic Day,Credit Card,2,2.7,No
ORD101969,2024-03-06,CUST7104,Premium,Groceries,3,1329,2591.55,35.0,No,,COD,5,4.8,No
ORD101970,2024-06-11,CUST5127,Regular,Groceries,1,5196,4988.16,4.0,No,None,Wallet,3,3.1,No
ORD101971,2024-08-16,CUST5008,New,Beauty,4,4345,17206.2,1.0,Yes,Independence Day,UPI,5,3.2,No
ORD101972,2024-09-17,CUST4508,New,Fashion,3,5841,12090.869999999999,31.0,No,None,UPI,1,3.5,No
ORD101973,2024-06-12,CUST8895,Regular,Electronics,2,8833,11836.22,33.0,No,None,Credit Card,3,4.1,No
ORD101974,2024-10-27,CUST9730,Regular,Groceries,5,6097,15547.35,49.0,Yes,Diwali,COD,5,3.8,No
ORD101975,2024-10-29,CUST5064,Premium,Electronics,1,7569,5373.99,29.0,Yes,Diwali,UPI,7,4.8,No
ORD101976,2024-10-13,CUST1862,Regular,Home Decor,3,4095,9459.45,23.0,No,,UPI,1,3.9,No
ORD101977,2024-01-10,CUST6103,New,Groceries,2,4997,7295.62,27.0,No,,Credit Card,5,,Yes
ORD101978,2024-07-13,CUST3329,New,Home Decor,2,2028,2230.8,45.0,No,None,Credit Card,3,2.7,No
ORD101979,2024-04-27,CUST7327,Regular,Fashion,1,9927,9728.46,2.0,No,None,COD,1,4.6,No
ORD101980,2024-09-26,CUST4075,Premium,Groceries,1,759,387.09000000000003,49.0,No,None,UPI,5,3.0,No
ORD101981,2024-03-20,CUST2803,Regular,Home Decor,4,9565,34816.6,9.0,Yes,Holi,Credit Card,4,3.4,No
ORD101982,2024-04-02,CUST3032,Premium,Home Decor,4,9476,36008.799999999996,5.0,No,None,Wallet,3,3.3,No
ORD101983,2024-09-22,CUST1509,Regular,Fashion,1,4114,2756.3799999999997,33.0,No,None,Wallet,3,3.3,No
ORD101984,2024-11-27,CUST1738,Premium,Electronics,1,8630,6041.0,30.0,No,None,Wallet,3,4.8,No
ORD101985,2024-12-15,CUST4756,Regular,Electronics,3,8250,14355.000000000002,42.0,No,None,Credit Card,6,3.6,No
ORD101986,2024-12-26,CUST1087,Regular,Groceries,4,9863,20120.52,49.0,Yes,Christmas/New Year,COD,1,3.2,No
ORD101987,2024-09-13,CUST3375,Regular,Fashion,2,7100,7810.000000000001,45.0,No,None,Wallet,3,3.2,No
ORD101988,2024-05-12,CUST6791,Regular,Groceries,4,5787,20370.24,12.0,No,None,Wallet,5,4.5,No
ORD101989,2024-10-02,CUST8264,Premium,Electronics,4,5612,13917.76,38.0,No,None,Wallet,7,3.8,No
ORD101990,2024-09-20,CUST9716,Regular,Fashion,1,4812,3897.7200000000003,19.0,No,None,Credit Card,4,3.6,No
ORD101991,2024-06-19,CUST3176,Premium,Beauty,1,3883,2679.27,31.0,No,None,Credit Card,5,4.8,No
ORD101992,2024-01-01,CUST6929,New,Fashion,4,8596,31289.440000000002,9.0,No,None,Credit Card,5,4.8,No
ORD101993,2024-11-08,CUST2547,New,Fashion,5,7547,28301.25,25.0,Yes,Diwali,Wallet,3,4.4,No
ORD101994,2024-03-04,CUST5959,New,Beauty,5,3800,15580.000000000002,18.0,No,None,Credit Card,4,3.8,No
ORD101995,2024-10-10,CUST4482,New,Home Decor,4,6843,19707.84,28.0,No,None,Credit Card,4,2.8,No
ORD101996,2024-04-30,CUST5316,Regular,Home Decor,5,1413,6217.2,12.0,No,None,COD,7,4.3,No
ORD101997,2024-04-16,CUST7423,Regular,Home Decor,4,7547,20225.96,33.0,No,None,Credit Card,4,4.5,No
ORD101998,2024-06-23,CUST3988,Premium,Electronics,1,3291,2665.71,19.0,No,None,UPI,4,4.6,Yes
ORD101999,2024-07-22,CUST9034,New,Fashion,1,1582,901.7400000000001,43.0,No,None,Credit Card,2,4.0,No
ORD102000,2024-06-13,CUST3508,New,Beauty,1,3880,2366.7999999999997,39.0,No,None,Credit Card,7,4.0,No
ORD102001,2024-10-31,CUST4984,Regular,Electronics,2,8398,13940.679999999998,17.0,Yes,Diwali,UPI,7,4.3,No
ORD102002,2024-04-29,CUST7464,Regular,Beauty,1,3698,2477.66,33.0,No,None,UPI,4,4.7,No
ORD102003,2024-02-13,CUST1929,Regular,Electronics,1,8687,4604.110000000001,,No,None,Credit Card,3,2.6,No
ORD102004,2024-11-07,CUST9736,Premium,Electronics,4,5706,21226.32,7.0,Yes,Diwali,COD,6,3.9,No
ORD102005,2024-06-04,CUST7389,Premium,Electronics,5,8655,36783.75,15.0,No,None,Wallet,4,3.4,Yes
ORD102006,2024-07-25,CUST1479,Regular,Beauty,5,2337,7127.849999999999,39.0,No,None,UPI,5,4.6,No
ORD102007,2024-04-17,CUST8830,Regular,Groceries,1,7855,6126.900000000001,22.0,No,None,COD,2,2.8,No
ORD102008,2024-09-07,CUST8136,Premium,Electronics,1,8324,5743.5599999999995,31.0,No,None,Credit Card,5,4.8,Yes
ORD102009,2024-11-29,CUST8656,Premium,Home Decor,1,5148,4530.24,12.0,No,None,Credit Card,3,2.8,No
ORD102010,2024-05-09,CUST9171,Regular,Fashion,4,4065,12195.0,25.0,No,None,UPI,3,2.7,No
ORD102011,2024-10-19,CUST2507,New,Groceries,4,5660,14263.2,37.0,No,None,UPI,7,3.4,No
ORD102012,2024-01-20,CUST5697,Premium,Groceries,4,5648,22592.0,0.0,Yes,Republic Day,COD,6,5.0,No
ORD102013,2024-10-08,CUST6081,New,Beauty,5,4696,23245.2,1.0,No,None,Credit Card,6,4.1,No
ORD102014,2024-10-11,CUST8969,New,Groceries,2,4652,5768.48,38.0,No,None,UPI,4,2.6,No
ORD102015,2024-01-01,CUST8942,Regular,Beauty,5,7098,31231.2,12.0,No,None,UPI,7,3.1,No
ORD102016,2024-04-28,CUST7949,Regular,Beauty,4,2746,8128.16,26.0,No,None,Wallet,6,2.9,Yes
ORD102017,2024-02-04,CUST9791,Premium,Home Decor,3,5129,14925.39,3.0,No,None,UPI,3,2.5,No
ORD102018,2024-07-16,CUST5736,Regular,Electronics,2,8510,10212.0,40.0,No,None,COD,2,3.8,Yes
ORD102019,2024-09-01,CUST9826,New,Groceries,1,7414,6005.34,19.0,No,None,Credit Card,7,3.5,No
ORD102020,2024-02-28,CUST8176,Premium,Electronics,5,2595,12715.5,2.0,No,None,UPI,6,4.0,No
ORD102021,2024-11-20,CUST7157,New,Electronics,2,7871,12278.76,22.0,No,None,Wallet,5,3.0,Yes
ORD102022,2024-06-09,CUST1842,Regular,Electronics,3,5714,16970.579999999998,1.0,No,None,UPI,3,4.6,No
ORD102023,2024-06-27,CUST6405,Regular,Beauty,2,1902,3233.4,15.0,No,None,UPI,6,3.5,No
ORD102024,2024-07-24,CUST2307,Premium,Electronics,5,8921,40590.55,9.0,No,None,Credit Card,6,3.7,No
ORD102025,2024-01-12,CUST9185,Regular,Groceries,4,3874,11312.08,27.0,No,None,Wallet,3,4.3,No
ORD102026,2024-10-02,CUST1951,Premium,Beauty,1,8694,4955.580000000001,43.0,No,None,COD,2,2.9,No
ORD102027,2024-06-29,CUST2849,New,Groceries,4,4451,14777.32,17.0,No,None,COD,1,3.2,No
ORD102028,2024-08-29,CUST7202,Regular,Beauty,4,213,843.48,,Yes,Raksha Bandhan,Credit Card,1,2.9,Yes
ORD102029,2024-08-03,CUST8031,Premium,Fashion,5,7387,32133.45,13.0,No,None,COD,2,4.4,No
ORD102030,2024-09-07,CUST6488,Regular,Fashion,4,3003,6846.840000000001,43.0,No,None,COD,3,2.7,No
ORD102031,2024-10-25,CUST9020,Regular,Fashion,4,1088,3525.1200000000003,19.0,Yes,Diwali,UPI,2,3.7,Yes
ORD102032,2024-05-05,CUST1107,New,Fashion,5,9588,29243.399999999998,39.0,No,None,COD,2,4.4,No
ORD102033,2024-08-04,CUST3026,New,Beauty,5,4740,18486.0,22.0,No,None,Wallet,1,3.8,No
ORD102034,2024-11-01,CUST9625,Premium,Electronics,3,8290,23377.8,6.0,Yes,Diwali,UPI,4,3.8,No
ORD102035,2024-10-11,CUST5028,New,Home Decor,4,2369,5306.56,44.0,No,None,COD,6,2.7,No
ORD102036,2024-07-03,CUST1237,Premium,Home Decor,2,3851,4159.08,46.0,No,None,Wallet,3,4.5,No
ORD102037,2024-02-08,CUST3679,Regular,Fashion,1,8217,7148.79,13.0,No,None,UPI,5,4.0,No
ORD102038,2024-08-10,CUST1342,Regular,Electronics,1,8440,5401.6,36.0,Yes,Independence Day,Wallet,2,4.2,No
ORD102039,2024-07-02,CUST1495,New,Groceries,5,380,1766.9999999999998,7.0,No,None,Credit Card,7,4.4,No
ORD102040,2024-06-26,CUST3514,Regular,Electronics,5,4078,10398.9,49.0,No,None,Credit Card,1,3.9,No
ORD102041,2024-10-20,CUST3214,Premium,Groceries,3,9809,28249.92,4.0,Yes,Diwali,COD,4,3.8,No
ORD102042,2024-12-05,CUST8844,Premium,Home Decor,4,3664,11431.68,22.0,No,None,Wallet,7,4.2,No
ORD102043,2024-05-30,CUST4645,Premium,Electronics,5,729,2187.0,40.0,No,None,UPI,3,4.8,No
ORD102044,2024-05-05,CUST8980,Regular,Electronics,5,5971,27168.05,9.0,No,None,Wallet,7,4.1,No
ORD102045,2024-10-27,CUST3056,Regular,Home Decor,1,4879,2537.08,48.0,Yes,Diwali,Wallet,2,4.5,Yes
ORD102046,2024-11-03,CUST6727,Regular,Electronics,4,8140,24094.4,26.0,Yes,Diwali,Credit Card,1,3.7,No
ORD102047,2024-12-01,CUST9638,Premium,Groceries,3,1486,2942.2799999999997,34.0,No,None,Credit Card,2,4.0,No
ORD102048,2024-08-21,CUST9218,Premium,Electronics,5,2390,11950.0,,No,None,COD,5,3.0,Yes
ORD102049,2024-01-08,CUST7290,Premium,Groceries,5,9098,42760.6,6.0,No,,Wallet,7,3.7,No
ORD102050,2024-12-06,CUST3946,Premium,Fashion,5,8685,23449.5,46.0,No,None,Wallet,3,2.9,No
ORD102051,2024-05-08,CUST5275,Regular,Electronics,1,1761,1637.7299999999998,7.0,No,None,UPI,6,3.7,No
ORD102052,2024-09-20,CUST5521,New,Groceries,5,5828,26226.0,10.0,No,None,UPI,3,2.7,No
ORD102053,2024-06-05,CUST3498,Premium,Home Decor,5,2811,9416.849999999999,33.0,No,None,Credit Card,3,3.9,No
ORD102054,2024-12-17,CUST6253,Regular,Fashion,1,6760,4934.8,27.0,No,None,Wallet,3,3.2,No
ORD102055,2024-12-23,CUST9190,Regular,Electronics,5,860,2880.9999999999995,33.0,Yes,Christmas/New Year,COD,1,4.6,No
ORD102056,2024-01-05,CUST5583,New,Groceries,4,3378,7836.960000000001,42.0,No,None,Credit Card,5,3.4,No
ORD102057,2024-03-26,CUST1526,New,Electronics,4,3589,11628.36,19.0,Yes,Holi,Wallet,2,4.8,No
ORD102058,2024-06-23,CUST9375,Regular,Groceries,1,3263,2381.99,27.0,No,None,Credit Card,1,3.7,No
ORD102059,2024-10-16,CUST3505,Premium,Electronics,4,6601,13730.08,48.0,No,None,COD,7,4.6,No
ORD102060,2024-07-11,CUST5600,Regular,Fashion,3,8327,14738.790000000003,41.0,No,None,Wallet,4,3.2,No
ORD102061,2024-11-06,CUST4403,Regular,Fashion,5,3040,9728.0,36.0,Yes,Diwali,COD,3,3.6,No
ORD102062,2024-04-28,CUST7943,Premium,Electronics,3,6509,19136.46,2.0,No,None,Wallet,3,4.1,No
ORD102063,2024-08-05,CUST9858,Premium,Electronics,4,7392,27202.56,8.0,No,None,Wallet,2,3.1,No
ORD102064,2024-04-23,CUST5248,Premium,Beauty,1,6254,4940.66,21.0,No,None,COD,3,4.1,No
ORD102065,2024-05-24,CUST5854,Regular,Electronics,1,6346,4822.96,24.0,No,None,UPI,3,3.2,No
ORD102066,2024-01-26,CUST5181,Regular,Electronics,3,6761,20080.17,1.0,Yes,Republic Day,COD,2,3.7,No
ORD102067,2024-05-15,CUST6463,Regular,Fashion,4,8760,27331.2,22.0,No,None,COD,5,2.6,No
ORD102068,2024-10-29,CUST1589,Regular,Electronics,5,738,3099.6,16.0,Yes,Diwali,Credit Card,1,2.7,Yes
ORD102069,2024-08-19,CUST2260,Regular,Home Decor,4,3127,9506.08,24.0,Yes,Independence Day,COD,5,3.1,No
ORD102070,2024-03-16,CUST9121,Regular,Electronics,4,2593,9231.08,11.0,No,None,COD,2,4.5,No
ORD102071,2024-11-23,CUST1809,Regular,Beauty,1,9122,6750.28,26.0,No,None,Credit Card,6,4.2,No
ORD102072,2024-12-10,CUST3658,Regular,Groceries,2,1096,1775.5200000000002,19.0,No,None,UPI,7,4.7,No
ORD102073,2024-10-28,CUST5273,Premium,Fashion,5,7067,32508.2,8.0,Yes,Diwali,COD,7,4.8,No
ORD102074,2024-10-15,CUST4924,Regular,Home Decor,5,6545,25525.5,22.0,No,None,Credit Card,6,3.4,No
ORD102075,2024-01-01,CUST9244,Regular,Groceries,1,2568,1669.2,35.0,No,None,UPI,6,3.4,No
ORD102076,2024-05-26,CUST2717,Premium,Home Decor,4,4759,13896.279999999999,27.0,No,None,UPI,3,,Yes
ORD102077,2024-10-13,CUST1119,Regular,Fashion,1,7947,4052.9700000000003,,No,None,COD,7,3.6,No
ORD102078,2024-05-21,CUST3783,Premium,Beauty,4,2580,5469.6,47.0,No,None,UPI,3,4.6,No
ORD102079,2024-02-22,CUST8336,Regular,Fashion,2,214,308.15999999999997,28.0,No,None,COD,5,3.8,No
ORD102080,2024-10-30,CUST8633,Regular,Home Decor,2,9745,11499.100000000002,41.0,Yes,Diwali,UPI,4,3.6,No
ORD102081,2024-03-09,CUST3491,Regular,Home Decor,3,3335,6903.45,31.0,No,None,UPI,1,,No
ORD102082,2024-12-26,CUST6655,Regular,Fashion,4,2477,8818.12,11.0,Yes,Christmas/New Year,UPI,3,2.8,No
ORD102083,2024-03-30,CUST6711,Premium,Electronics,1,8402,5965.42,29.0,Yes,Holi,COD,2,3.8,Yes
ORD102084,2024-08-07,CUST5353,New,Fashion,1,1856,1670.4,10.0,No,None,UPI,5,3.3,Yes
ORD102085,2024-07-10,CUST9375,Regular,Beauty,1,9639,6168.96,36.0,No,None,Wallet,7,3.1,No
ORD102086,2024-03-03,CUST8579,Regular,Fashion,3,1860,4519.8,19.0,No,None,Credit Card,1,2.9,No
ORD102087,2024-03-13,CUST4657,Premium,Groceries,5,1963,8833.5,10.0,No,,Credit Card,6,3.5,No
ORD102088,2024-06-09,CUST2123,Regular,Electronics,1,8933,4734.490000000001,47.0,No,None,Wallet,4,3.9,Yes
ORD102089,2024-06-17,CUST8286,New,Groceries,2,1729,1867.3200000000002,46.0,No,None,UPI,6,4.6,No
ORD102090,2024-03-29,CUST1167,Regular,Fashion,1,8065,5080.95,37.0,Yes,Holi,Wallet,6,4.6,No
ORD102091,2024-06-24,CUST8740,New,Electronics,1,6038,3381.28,44.0,No,None,COD,7,4.6,No
ORD102092,2024-09-25,CUST4993,Regular,Groceries,1,7110,6043.5,15.0,No,None,Credit Card,3,3.9,No
ORD102093,2024-03-13,CUST3344,Regular,Groceries,5,9572,31587.599999999995,34.0,No,None,UPI,5,3.9,No
ORD102094,2024-09-01,CUST8703,New,Electronics,1,2817,1436.67,49.0,No,None,Credit Card,3,4.8,No
ORD102095,2024-03-17,CUST4522,Premium,Electronics,5,2954,14770.0,0.0,No,None,Wallet,7,3.2,No
ORD102096,2024-06-07,CUST8581,Premium,Home Decor,5,9320,35416.0,24.0,No,None,Wallet,7,2.9,No
ORD102097,2024-11-19,CUST5005,Premium,Electronics,3,8301,12949.560000000001,48.0,No,None,Credit Card,5,2.7,No
ORD102098,2024-04-07,CUST6385,Premium,Fashion,2,1626,2406.48,26.0,No,None,Credit Card,4,4.7,No
ORD102099,2024-04-11,CUST3461,Regular,Beauty,1,8267,5704.23,31.0,No,None,Credit Card,7,3.4,No
ORD102100,2024-05-11,CUST8683,Premium,Home Decor,1,5408,5137.599999999999,5.0,No,None,Credit Card,2,3.7,No
ORD102101,2024-04-11,CUST6377,Regular,Electronics,1,6422,3853.2,40.0,No,None,Wallet,7,4.5,No
ORD102102,2024-01-19,CUST5176,New,Beauty,5,8008,26026.0,35.0,No,None,UPI,7,3.4,No
ORD102103,2024-03-22,CUST8872,New,Home Decor,4,2261,5607.28,38.0,Yes,Holi,Credit Card,2,4.7,No
ORD102104,2024-10-05,CUST4940,Regular,Fashion,2,2763,4310.28,22.0,No,None,UPI,1,3.3,No
ORD102105,2024-12-04,CUST8524,Regular,Beauty,1,3003,2162.16,28.0,No,None,Credit Card,7,4.3,No
ORD102106,2024-12-30,CUST6610,Regular,Electronics,4,6409,18201.559999999998,29.0,Yes,Christmas/New Year,COD,3,4.2,No
ORD102107,2024-11-26,CUST6971,Regular,Electronics,4,2493,7877.88,21.0,No,None,UPI,3,3.0,No
ORD102108,2024-05-08,CUST9220,New,Fashion,4,1825,6570.0,10.0,No,None,COD,3,2.8,No
ORD102109,2024-12-09,CUST2456,Regular,Home Decor,2,6009,9013.5,25.0,No,None,Wallet,2,2.8,No
ORD102110,2024-11-05,CUST8857,Regular,Beauty,4,771,2405.52,22.0,Yes,Diwali,COD,7,4.1,No
ORD102111,2024-03-29,CUST7969,New,Fashion,1,7599,7447.0199999999995,2.0,Yes,Holi,Wallet,1,2.5,No
ORD102112,2024-07-31,CUST6102,New,Home Decor,1,2600,1378.0,47.0,No,None,Credit Card,2,4.2,No
ORD102113,2024-05-22,CUST9607,Premium,Groceries,3,8774,25005.899999999998,5.0,No,None,Wallet,6,4.5,No
ORD102114,2024-03-05,CUST8155,Premium,Groceries,5,6029,28336.3,6.0,No,None,Credit Card,5,3.3,No
ORD102115,2024-03-16,CUST1232,Premium,Home Decor,4,1283,2925.2400000000002,43.0,No,None,Credit Card,3,4.4,No
ORD102116,2024-07-17,CUST2544,New,Electronics,5,2149,6661.9,38.0,No,None,Credit Card,7,,No
ORD102117,2024-05-22,CUST9966,Premium,Electronics,5,5730,22633.5,21.0,No,None,Wallet,7,4.9,No
ORD102118,2024-11-11,CUST2763,Premium,Groceries,5,5402,14315.300000000001,47.0,No,None,Credit Card,5,3.1,No
ORD102119,2024-04-02,CUST1495,Regular,Electronics,5,5630,14356.5,49.0,No,None,COD,6,3.7,No
ORD102120,2024-10-31,CUST7901,Regular,Electronics,5,3697,10906.150000000001,41.0,Yes,Diwali,COD,4,5.0,No
ORD102121,2024-08-11,CUST8040,Premium,Home Decor,1,5696,3873.2799999999997,32.0,Yes,Independence Day,Credit Card,7,4.8,No
ORD102122,2024-10-17,CUST9263,New,Home Decor,2,5130,6258.599999999999,39.0,No,None,Credit Card,5,4.1,No
ORD102123,2024-04-11,CUST3284,New,Electronics,4,3594,14088.48,2.0,No,None,UPI,5,3.4,No
ORD102124,2024-09-23,CUST5269,New,Home Decor,4,9595,27249.8,29.0,No,None,Wallet,7,4.3,No
ORD102125,2024-12-20,CUST1327,Premium,Beauty,1,973,515.69,47.0,Yes,Christmas/New Year,UPI,5,3.7,Yes
ORD102126,2024-04-19,CUST5129,Premium,Groceries,1,7993,6154.610000000001,23.0,No,None,COD,7,2.8,No
ORD102127,2024-11-25,CUST7732,New,Beauty,5,2797,13705.3,2.0,No,None,Wallet,7,4.5,No
ORD102128,2024-09-21,CUST1994,Premium,Beauty,2,9795,19394.1,1.0,No,None,COD,7,4.7,Yes
ORD102129,2024-01-03,CUST2964,Regular,Electronics,4,8181,18652.68,43.0,No,None,Wallet,2,3.5,No
ORD102130,2024-03-25,CUST6351,Regular,Electronics,3,3261,5967.63,39.0,Yes,Holi,Wallet,5,4.2,No
ORD102131,2024-10-08,CUST7064,New,Beauty,1,3525,2890.5,18.0,No,None,Wallet,6,2.6,No
ORD102132,2024-11-23,CUST6710,Regular,Beauty,3,1603,3702.9300000000003,23.0,No,None,COD,3,3.0,No
ORD102133,2024-10-30,CUST3096,New,Fashion,4,3520,7180.8,49.0,Yes,Diwali,Credit Card,1,3.9,No
ORD102134,2024-04-26,CUST5476,Regular,Fashion,1,7439,6025.59,19.0,No,None,COD,4,,No
ORD102135,2024-08-08,CUST9808,Premium,Groceries,4,6849,14793.84,46.0,No,None,Wallet,3,4.9,No
ORD102136,2024-06-02,CUST8554,Premium,Beauty,1,7620,3962.4,48.0,No,None,COD,1,4.6,No
ORD102137,2024-06-01,CUST2740,Premium,Home Decor,4,7339,14971.56,49.0,No,None,COD,3,4.1,No
ORD102138,2024-01-12,CUST4446,Regular,Fashion,3,1069,2244.8999999999996,30.0,No,None,UPI,5,5.0,No
ORD102139,2024-05-12,CUST9151,New,Electronics,2,6642,6774.84,49.0,No,None,Wallet,4,3.1,No
ORD102140,2024-10-30,CUST4227,Premium,Beauty,1,9475,5685.0,40.0,Yes,Diwali,COD,7,4.8,No
ORD102141,2024-10-19,CUST1119,Regular,Home Decor,3,1173,2463.2999999999997,30.0,No,None,Wallet,3,3.3,No
ORD102142,2024-10-26,CUST5346,Premium,Home Decor,4,9617,24619.52,36.0,Yes,Diwali,COD,4,4.0,No
ORD102143,2024-08-15,CUST2849,Regular,Home Decor,3,1388,2415.1200000000003,,Yes,Independence Day,UPI,2,3.6,No
ORD102144,2024-09-27,CUST4045,Regular,Electronics,1,5347,3849.8399999999997,28.0,No,None,,2,3.6,No
ORD102145,2024-02-12,CUST6208,Regular,Fashion,3,3643,10601.13,3.0,No,None,Credit Card,5,4.4,No
ORD102146,2024-12-08,CUST7176,New,Home Decor,4,5884,21417.760000000002,9.0,No,None,Wallet,5,3.4,No
ORD102147,2024-11-21,CUST8207,Premium,Fashion,5,1521,4943.25,35.0,No,None,UPI,2,3.8,No
ORD102148,2024-10-28,CUST8722,Premium,Groceries,2,2223,2934.3599999999997,34.0,Yes,Diwali,COD,3,3.0,No
ORD102149,2024-12-29,CUST7306,Regular,Electronics,2,6940,7356.400000000001,47.0,Yes,Christmas/New Year,UPI,7,4.4,No
ORD102150,2024-01-21,CUST4567,Regular,Fashion,5,5668,22672.0,20.0,Yes,Republic Day,COD,1,3.9,No
ORD102151,2024-04-16,CUST7216,New,Fashion,1,638,370.04,42.0,No,None,Wallet,1,3.1,No
ORD102152,2024-12-01,CUST4728,Premium,Home Decor,3,364,655.1999999999999,40.0,No,None,COD,7,3.2,No
ORD102153,2024-10-29,CUST6433,New,Home Decor,3,5878,17634.0,0.0,Yes,Diwali,UPI,2,3.2,No
ORD102154,2024-04-26,CUST6905,Regular,Electronics,5,8035,23703.250000000004,41.0,No,None,Credit Card,1,4.2,No
ORD102155,2024-05-03,CUST6712,Regular,Fashion,5,3537,15739.65,11.0,No,None,UPI,3,4.0,No
ORD102156,2024-10-07,CUST7826,New,Beauty,4,3550,10934.0,23.0,No,None,Credit Card,1,4.6,No
ORD102157,2024-10-18,CUST6823,Premium,Home Decor,4,1187,4700.5199999999995,1.0,No,None,Credit Card,6,3.9,Yes
ORD102158,2024-07-21,CUST2440,Regular,Home Decor,2,2729,2947.32,46.0,No,None,Wallet,1,3.3,No
ORD102159,2024-02-20,CUST3834,Regular,Groceries,1,4812,3897.7200000000003,19.0,No,None,UPI,7,4.9,No
ORD102160,2024-09-27,CUST9747,New,Electronics,1,4045,3438.25,15.0,No,None,COD,6,4.7,No
ORD102161,2024-11-19,CUST7851,Regular,Fashion,5,5956,19952.6,33.0,No,None,Credit Card,7,3.2,No
ORD102162,2024-10-03,CUST6475,Premium,Fashion,2,8305,14616.8,12.0,No,,UPI,2,4.8,No
ORD102163,2024-05-20,CUST3279,Regular,Fashion,2,1526,2533.16,17.0,No,None,Wallet,4,4.3,No
ORD102164,2024-10-01,CUST8660,Regular,Home Decor,4,8419,24246.719999999998,28.0,No,None,COD,4,3.5,No
ORD102165,2024-10-16,CUST1438,New,Electronics,3,7124,12395.760000000002,42.0,No,None,COD,3,3.7,No
ORD102166,2024-11-29,CUST5341,Regular,Fashion,1,4793,4169.91,13.0,No,None,COD,4,3.6,No
ORD102167,2024-02-21,CUST4466,Premium,Beauty,2,6862,9744.039999999999,29.0,No,None,UPI,5,4.5,No
ORD102168,2024-01-27,CUST5288,New,Groceries,4,393,1037.52,34.0,Yes,Republic Day,UPI,2,,No
ORD102169,2024-06-05,CUST5789,Regular,Groceries,4,8983,33057.44,8.0,No,None,COD,6,2.6,No
ORD102170,2024-08-26,CUST8598,Regular,Fashion,4,2689,6883.84,36.0,Yes,Raksha Bandhan,Wallet,6,3.7,No
ORD102171,2024-06-04,CUST7598,Premium,Home Decor,3,6601,10891.650000000001,45.0,No,None,COD,4,3.2,No
ORD102172,2024-10-17,CUST2245,Regular,Groceries,2,8504,10544.96,38.0,No,None,COD,1,3.9,No
ORD102173,2024-05-15,CUST8909,Regular,Groceries,5,9709,43205.05,11.0,No,None,Wallet,4,4.9,No
ORD102174,2024-05-23,CUST7047,Regular,Groceries,5,1937,7748.0,20.0,No,None,Wallet,2,4.2,No
ORD102175,2024-04-15,CUST4388,Premium,Groceries,4,2261,7506.5199999999995,17.0,No,None,Wallet,1,4.9,No
ORD102176,2024-06-06,CUST3439,Premium,Fashion,4,6483,23338.8,10.0,No,None,COD,1,4.3,No
ORD102177,2024-05-25,CUST1294,Premium,Electronics,3,9786,21724.92,26.0,No,None,Wallet,6,2.7,No
ORD102178,2024-01-02,CUST9977,Regular,Electronics,4,7040,21683.2,23.0,No,None,UPI,7,4.7,No
ORD102179,2024-03-17,CUST8913,Premium,Home Decor,2,3759,4510.8,40.0,No,None,Wallet,2,3.0,No
ORD102180,2024-05-11,CUST5903,New,Beauty,4,5661,13133.520000000002,42.0,No,None,COD,3,4.7,No
ORD102181,2024-03-30,CUST4348,Premium,Electronics,4,7799,15909.960000000001,49.0,Yes,Holi,Credit Card,3,4.4,No
ORD102182,2024-12-10,CUST4092,Premium,Beauty,2,4083,5471.219999999999,33.0,No,None,Credit Card,2,4.6,No
ORD102183,2024-12-15,CUST2968,Premium,Electronics,1,3451,2795.3100000000004,19.0,No,None,UPI,6,3.1,No
ORD102184,2024-09-19,CUST4513,New,Electronics,5,5253,23113.2,12.0,No,None,Credit Card,7,,No
ORD102185,2024-12-16,CUST7010,New,Home Decor,4,3214,6942.240000000001,46.0,No,None,Credit Card,2,4.0,No
ORD102186,2024-04-17,CUST1856,Regular,Groceries,2,1328,2470.08,7.0,No,None,Credit Card,2,2.7,No
ORD102187,2024-03-14,CUST7765,Regular,Home Decor,5,7065,22608.0,36.0,No,None,UPI,1,4.7,Yes
ORD102188,2024-02-08,CUST4801,Regular,Electronics,3,6672,19215.36,4.0,No,None,Credit Card,7,4.7,No
ORD102189,2024-06-07,CUST2613,Regular,Groceries,1,7616,7159.04,6.0,No,None,COD,1,3.9,No
ORD102190,2024-03-11,CUST3140,Regular,Groceries,4,1896,4322.88,,No,None,Credit Card,2,3.6,No
ORD102191,2024-11-07,CUST7967,New,Groceries,1,8524,7586.36,11.0,Yes,Diwali,Wallet,6,3.5,No
ORD102192,2024-08-28,CUST8199,Regular,Beauty,4,7607,18256.8,40.0,Yes,Raksha Bandhan,Credit Card,1,4.0,No
ORD102193,2024-10-24,CUST1449,Premium,Electronics,4,7445,28886.6,3.0,Yes,Diwali,Credit Card,5,4.6,No
ORD102194,2024-02-05,CUST3709,Premium,Fashion,4,4865,11870.6,39.0,No,None,COD,2,3.9,No
ORD102195,2024-03-24,CUST2462,Regular,Home Decor,1,4420,3624.4,18.0,Yes,Holi,UPI,7,2.8,No
ORD102196,2024-09-19,CUST6150,New,Beauty,3,7774,23322.0,,No,None,UPI,1,3.3,No
ORD102197,2024-11-05,CUST5754,New,Home Decor,2,6370,7389.200000000001,42.0,Yes,Diwali,Credit Card,3,4.2,No
ORD102198,2024-06-20,CUST7576,Regular,Fashion,2,511,899.36,,No,None,COD,2,4.1,No
ORD102199,2024-06-21,CUST8211,Regular,Groceries,3,5634,8620.02,49.0,No,None,Credit Card,7,3.8,No
ORD102200,2024-12-27,CUST5492,Regular,Fashion,3,601,1063.7700000000002,41.0,Yes,Christmas/New Year,,7,3.1,No
ORD102201,2024-02-16,CUST9550,Premium,Home Decor,4,5754,12888.960000000001,44.0,No,None,UPI,2,3.2,Yes
ORD102202,2024-05-20,CUST9342,Regular,Fashion,4,1796,5459.84,24.0,No,None,Wallet,2,3.7,No
ORD102203,2024-04-27,CUST6568,Premium,Electronics,2,321,365.94000000000005,43.0,No,None,Wallet,4,3.5,No
ORD102204,2024-10-03,CUST5931,New,Fashion,4,950,2128.0,44.0,No,None,COD,2,3.3,No
ORD102205,2024-08-01,CUST5871,Regular,Electronics,4,305,817.3999999999999,33.0,No,None,COD,3,,No
ORD102206,2024-08-07,CUST3549,New,Fashion,3,7134,14125.319999999998,34.0,No,None,UPI,1,3.8,No
ORD102207,2024-01-26,CUST1790,Regular,Electronics,1,9451,7938.84,16.0,Yes,Republic Day,UPI,2,3.8,No
ORD102208,2024-01-09,CUST9491,New,Electronics,5,3438,12892.5,25.0,No,None,UPI,6,3.6,No
ORD102209,2024-09-27,CUST4180,Regular,Fashion,5,1444,5776.0,20.0,No,None,Credit Card,5,4.2,No
ORD102210,2024-01-10,CUST6071,Premium,Beauty,4,8467,30142.52,11.0,No,None,Wallet,6,2.9,No
ORD102211,2024-04-30,CUST9502,Regular,Groceries,4,7065,24021.0,15.0,No,None,Wallet,6,4.9,No
ORD102212,2024-05-04,CUST5630,New,Groceries,5,9401,38074.05,19.0,No,None,UPI,1,2.8,No
ORD102213,2024-06-18,CUST8585,Premium,Groceries,3,3482,9505.86,9.0,No,None,UPI,3,4.3,No
ORD102214,2024-03-12,CUST4632,Regular,Electronics,5,2475,9652.5,22.0,No,,Wallet,4,4.3,Yes
ORD102215,2024-05-31,CUST5274,Premium,Groceries,5,4008,10821.6,46.0,No,None,,7,2.8,No
ORD102216,2024-07-26,CUST7656,Regular,Electronics,5,8844,31396.199999999997,29.0,No,None,UPI,3,5.0,No
ORD102217,2024-02-18,CUST3881,Premium,Beauty,4,965,3589.7999999999997,7.0,No,None,UPI,6,,No
ORD102218,2024-06-02,CUST5871,New,Fashion,4,4782,18362.88,,No,None,COD,4,3.4,No
ORD102219,2024-12-12,CUST9546,Regular,Fashion,5,2915,12971.75,11.0,No,None,UPI,1,3.6,No
ORD102220,2024-10-19,CUST7214,Regular,Electronics,4,1697,4004.9200000000005,41.0,No,None,Wallet,7,,No
ORD102221,2024-03-08,CUST2772,Regular,Electronics,5,3038,13215.3,13.0,No,None,Wallet,4,2.6,No
ORD102222,2024-02-19,CUST2599,Premium,Beauty,3,6236,16650.12,11.0,No,None,COD,1,3.9,No
ORD102223,2024-05-31,CUST1205,Regular,Groceries,4,5266,16219.28,23.0,No,None,Wallet,7,3.0,No
ORD102224,2024-01-19,CUST7356,Regular,Beauty,1,689,385.84000000000003,44.0,No,None,COD,3,3.9,No
ORD102225,2024-04-09,CUST7374,Regular,Fashion,4,6574,22088.64,16.0,No,None,COD,6,4.1,No
ORD102226,2024-02-29,CUST7087,Regular,Fashion,3,2135,6405.0,0.0,No,None,Wallet,3,2.6,No
ORD102227,2024-06-15,CUST4109,New,Groceries,3,2949,5219.7300000000005,41.0,No,None,COD,4,2.7,No
ORD102228,2024-07-20,CUST9615,Regular,Fashion,4,9495,24307.2,36.0,No,None,Wallet,7,2.7,No
ORD102229,2024-12-10,CUST1934,Premium,Electronics,2,8012,14421.6,10.0,No,None,COD,5,4.6,No
ORD102230,2024-05-25,CUST2365,Premium,Fashion,5,9991,29473.450000000004,41.0,No,None,COD,6,4.8,No
ORD102231,2024-06-12,CUST3124,Premium,Home Decor,5,7664,36404.0,5.0,No,None,COD,6,3.6,No
ORD102232,2024-08-29,CUST7355,Regular,Groceries,3,7977,20580.66,14.0,Yes,Raksha Bandhan,Wallet,3,4.7,No
ORD102233,2024-03-09,CUST7941,Premium,Groceries,4,8617,20680.8,40.0,No,None,UPI,4,3.7,No
ORD102234,2024-06-23,CUST1095,New,Groceries,2,6486,7912.92,39.0,No,None,Credit Card,2,3.5,No
ORD102235,2024-02-18,CUST3816,Regular,Home Decor,1,4349,3392.2200000000003,22.0,No,None,UPI,1,3.8,Yes
ORD102236,2024-04-17,CUST7299,Regular,Beauty,5,6048,23587.2,22.0,No,None,COD,2,4.5,No
ORD102237,2024-08-13,CUST7736,Regular,Electronics,2,7856,9898.56,37.0,Yes,Independence Day,Wallet,7,3.1,No
ORD102238,2024-06-09,CUST5614,Regular,Groceries,5,2545,8016.75,37.0,No,None,COD,2,3.3,No
ORD102239,2024-04-28,CUST2300,Regular,Fashion,4,5749,11957.92,48.0,No,None,UPI,2,4.6,No
ORD102240,2024-05-28,CUST5904,Premium,Electronics,5,6880,30616.0,11.0,No,,Credit Card,4,4.8,No
ORD102241,2024-05-29,CUST5557,Regular,Fashion,1,8970,8431.8,6.0,No,None,UPI,3,2.8,No
ORD102242,2024-10-19,CUST7766,Premium,Electronics,4,1898,4858.88,36.0,No,None,Wallet,6,4.3,No
ORD102243,2024-05-22,CUST1104,Premium,Electronics,3,7184,18319.2,15.0,No,None,Wallet,2,2.5,No
ORD102244,2024-06-08,CUST2471,Regular,Fashion,2,6237,7858.62,,No,None,UPI,7,3.1,No
ORD102245,2024-01-11,CUST3926,Premium,Fashion,5,5456,16640.8,39.0,No,None,UPI,4,2.7,No
ORD102246,2024-05-17,CUST1089,Regular,Electronics,4,6751,17822.64,34.0,No,None,Credit Card,3,3.8,No
ORD102247,2024-03-18,CUST5395,New,Groceries,4,478,1166.32,39.0,No,None,COD,1,3.4,No
ORD102248,2024-03-17,CUST2780,Regular,Fashion,5,1668,6004.8,28.0,No,None,Wallet,3,2.8,No
ORD102249,2024-09-10,CUST3942,Premium,Home Decor,3,9332,17357.52,38.0,No,None,Wallet,3,,No
ORD102250,2024-09-14,CUST6223,New,Home Decor,5,2518,10575.6,16.0,No,None,Credit Card,2,,No
ORD102251,2024-11-15,CUST3281,Regular,Electronics,3,4736,10656.0,25.0,No,None,Wallet,7,3.2,No
ORD102252,2024-10-17,CUST6375,Regular,Beauty,5,5547,22465.350000000002,19.0,No,None,Wallet,4,2.6,No
ORD102253,2024-09-19,CUST1254,Premium,Electronics,4,6139,13505.800000000001,45.0,No,None,UPI,6,4.6,No
ORD102254,2024-03-25,CUST4714,Regular,Electronics,1,1983,1507.08,24.0,Yes,Holi,,7,3.5,No
ORD102255,2024-05-25,CUST2212,New,Groceries,1,6830,4302.9,37.0,No,None,Credit Card,5,4.4,No
ORD102256,2024-11-18,CUST4359,New,Groceries,4,3426,8496.48,38.0,No,None,Wallet,1,3.6,No
ORD102257,2024-02-11,CUST6523,Regular,Beauty,1,9377,6001.28,36.0,No,None,Credit Card,4,2.7,Yes
ORD102258,2024-05-04,CUST7007,Regular,Beauty,3,3019,7426.740000000001,18.0,No,None,COD,6,3.5,No
ORD102259,2024-06-15,CUST8866,Regular,Beauty,4,4170,13344.0,20.0,No,None,COD,2,4.7,No
ORD102260,2024-08-28,CUST1474,Regular,Beauty,3,624,1291.6799999999998,31.0,Yes,Raksha Bandhan,Credit Card,4,2.5,No
ORD102261,2024-10-06,CUST9225,Premium,Beauty,4,2305,6730.599999999999,27.0,No,None,Wallet,6,4.7,Yes
ORD102262,2024-07-06,CUST6549,Premium,Electronics,3,2670,4966.2,38.0,No,None,COD,5,4.1,No
ORD102263,2024-10-28,CUST7519,Regular,Electronics,3,6094,10969.199999999999,40.0,Yes,Diwali,Wallet,1,5.0,No
ORD102264,2024-01-19,CUST1207,Regular,Home Decor,1,3994,3554.66,11.0,No,None,UPI,7,4.8,No
ORD102265,2024-03-08,CUST8421,Regular,Home Decor,4,3091,6676.56,46.0,No,None,Credit Card,3,4.7,No
ORD102266,2024-08-05,CUST4611,Regular,Fashion,5,3347,14392.1,14.0,No,None,COD,6,2.6,No
ORD102267,2024-04-11,CUST8233,New,Electronics,1,4251,3103.23,27.0,No,None,Wallet,1,3.2,No
ORD102268,2024-02-11,CUST4216,Regular,Beauty,3,3851,9242.4,20.0,No,None,UPI,7,3.4,No
ORD102269,2024-10-14,CUST8203,New,Fashion,3,8101,20657.55,15.0,No,,Credit Card,5,4.2,No
ORD102270,2024-06-15,CUST2199,Premium,Groceries,5,1374,5358.6,22.0,No,None,COD,1,4.1,Yes
ORD102271,2024-04-18,CUST1135,Premium,Electronics,5,3149,11808.75,25.0,No,None,UPI,6,2.9,No
ORD102272,2024-02-05,CUST7065,Regular,Home Decor,3,8828,22776.239999999998,14.0,No,None,Credit Card,1,4.3,No
ORD102273,2024-08-19,CUST6484,Premium,Electronics,5,6316,20211.2,36.0,Yes,Independence Day,COD,2,2.9,Yes
ORD102274,2024-08-16,CUST4575,Premium,Electronics,2,434,772.52,11.0,Yes,Independence Day,Wallet,3,3.6,No
ORD102275,2024-12-18,CUST4256,Premium,Electronics,1,8112,7868.639999999999,3.0,No,None,UPI,5,3.9,No
ORD102276,2024-06-12,CUST8328,Regular,Electronics,4,4970,13120.8,34.0,No,None,UPI,2,4.7,No
ORD102277,2024-03-13,CUST8601,Regular,Groceries,5,5328,18648.0,30.0,No,None,Wallet,1,4.1,No
ORD102278,2024-05-15,CUST3392,Premium,Home Decor,5,5056,18707.2,26.0,No,None,,1,,No
ORD102279,2024-12-18,CUST9043,Regular,Electronics,2,8359,11535.419999999998,31.0,No,None,UPI,7,5.0,No
ORD102280,2024-03-10,CUST7650,Regular,Groceries,4,2674,7273.28,32.0,No,None,Credit Card,4,3.8,No
ORD102281,2024-07-14,CUST9452,New,Fashion,2,426,749.76,12.0,No,None,Wallet,2,2.6,Yes
ORD102282,2024-09-25,CUST5534,Regular,Electronics,4,6360,16281.6,36.0,No,None,UPI,5,2.6,No
ORD102283,2024-02-18,CUST2323,Regular,Groceries,1,5001,2850.57,43.0,No,None,Wallet,5,4.6,No
ORD102284,2024-11-11,CUST3650,Regular,Beauty,5,5557,27507.15,1.0,No,None,Credit Card,7,3.7,Yes
ORD102285,2024-05-09,CUST2595,Premium,Fashion,1,7748,4881.24,37.0,No,None,Credit Card,5,3.4,No
ORD102286,2024-01-05,CUST6684,Regular,Home Decor,4,4195,10739.2,36.0,No,None,Wallet,6,3.2,Yes
ORD102287,2024-01-27,CUST5671,Premium,Electronics,5,1610,4105.5,49.0,Yes,Republic Day,Wallet,6,3.2,No
ORD102288,2024-06-08,CUST8300,Regular,Electronics,2,4964,9530.88,4.0,No,None,COD,6,2.7,No
ORD102289,2024-05-28,CUST4676,Regular,Groceries,3,1537,3827.1299999999997,17.0,No,None,Credit Card,5,3.3,No
ORD102290,2024-09-20,CUST8017,Premium,Home Decor,2,5620,5957.200000000001,47.0,No,None,UPI,1,4.1,No
ORD102291,2024-08-17,CUST2719,Regular,Beauty,3,317,798.8399999999999,16.0,Yes,Independence Day,Credit Card,6,3.5,No
ORD102292,2024-07-18,CUST1540,New,Fashion,2,2068,4094.64,1.0,No,None,Credit Card,1,4.9,No
ORD102293,2024-02-19,CUST2810,Regular,Home Decor,4,2297,4777.76,48.0,No,None,COD,7,4.2,No
ORD102294,2024-03-07,CUST5312,Regular,Electronics,1,2013,1187.67,41.0,No,None,,2,4.7,Yes
ORD102295,2024-10-26,CUST3923,Regular,Groceries,3,9979,19758.42,34.0,Yes,Diwali,Credit Card,3,2.8,No
ORD102296,2024-02-27,CUST8920,Regular,Beauty,4,8934,31090.32,13.0,No,None,COD,7,3.6,No
ORD102297,2024-09-15,CUST5012,New,Groceries,1,2574,2290.86,11.0,No,None,Wallet,5,2.6,No
ORD102298,2024-12-07,CUST6124,New,Fashion,1,1726,1173.6799999999998,32.0,No,None,Credit Card,1,4.7,Yes
ORD102299,2024-11-21,CUST4331,Regular,Home Decor,5,7287,34248.9,6.0,No,None,COD,2,2.9,Yes
ORD102300,2024-05-09,CUST4548,Premium,Groceries,5,9661,29949.1,38.0,No,None,Credit Card,5,4.5,No
ORD102301,2024-08-02,CUST8160,Premium,Groceries,5,8993,25180.4,44.0,No,None,UPI,3,4.8,No
ORD102302,2024-06-20,CUST2453,Regular,Electronics,3,3814,10526.640000000001,8.0,No,None,Wallet,5,3.6,No
ORD102303,2024-09-14,CUST5342,Regular,Groceries,3,2349,6765.12,4.0,No,None,Wallet,6,3.5,No
ORD102304,2024-04-11,CUST2211,New,Beauty,1,3501,3395.97,3.0,No,None,Credit Card,4,4.0,No
ORD102305,2024-07-27,CUST7871,New,Home Decor,3,8779,18172.53,31.0,No,None,COD,5,4.4,No
ORD102306,2024-10-17,CUST2544,New,Fashion,1,3880,3724.7999999999997,,No,,COD,4,4.1,No
ORD102307,2024-12-19,CUST1267,Premium,Groceries,4,9994,22786.320000000003,43.0,No,,UPI,3,2.5,No
ORD102308,2024-10-12,CUST5430,Premium,Beauty,2,3482,6476.5199999999995,7.0,No,None,UPI,4,4.5,No
ORD102309,2024-04-25,CUST6356,Regular,Fashion,1,2896,2548.48,12.0,No,None,COD,3,2.9,No
ORD102310,2024-09-20,CUST2778,Regular,Beauty,1,4351,4220.47,3.0,No,None,Wallet,2,3.6,No
ORD102311,2024-05-29,CUST2354,Regular,Groceries,4,1505,5418.0,10.0,No,None,UPI,4,3.2,No
ORD102312,2024-10-26,CUST5261,Premium,Groceries,5,916,3938.7999999999997,14.0,Yes,Diwali,Credit Card,6,4.8,No
ORD102313,2024-02-05,CUST4260,Premium,Home Decor,5,6045,16623.75,45.0,No,None,Credit Card,5,3.8,No
ORD102314,2024-11-28,CUST3427,New,Electronics,5,5958,24725.699999999997,17.0,No,None,Wallet,5,3.8,No
ORD102315,2024-10-13,CUST1684,New,Beauty,1,3855,3122.55,19.0,No,None,Wallet,2,2.7,No
ORD102316,2024-10-29,CUST2825,New,Electronics,1,6559,6559.0,0.0,Yes,Diwali,UPI,7,4.7,No
ORD102317,2024-11-06,CUST7722,New,Electronics,3,8705,26115.0,0.0,Yes,Diwali,Credit Card,1,3.1,No
ORD102318,2024-07-26,CUST2847,Regular,Fashion,3,2480,6696.0,10.0,No,None,Wallet,6,3.5,No
ORD102319,2024-04-15,CUST1109,Premium,Fashion,2,2822,4063.68,28.0,No,None,Credit Card,6,5.0,No
ORD102320,2024-06-06,CUST4203,Premium,Beauty,2,9279,13361.76,28.0,No,None,UPI,3,2.8,No
ORD102321,2024-04-30,CUST8491,Regular,Electronics,3,4542,10492.02,23.0,No,,Wallet,6,4.3,No
ORD102322,2024-02-24,CUST5425,New,Home Decor,1,2689,2178.09,19.0,No,None,COD,1,3.2,No
ORD102323,2024-01-12,CUST7349,New,Electronics,4,2122,6026.48,29.0,No,None,,1,3.5,No
ORD102324,2024-05-24,CUST2289,Regular,Fashion,3,6478,12243.42,37.0,No,None,Wallet,2,3.5,No
ORD102325,2024-05-15,CUST4041,Regular,Electronics,1,8315,7982.4,4.0,No,,UPI,2,4.8,No
ORD102326,2024-01-03,CUST8800,Premium,Groceries,3,8249,13858.320000000002,44.0,No,None,COD,7,2.5,No
ORD102327,2024-05-23,CUST6469,Premium,Groceries,5,4229,19241.95,9.0,No,None,Wallet,7,3.4,No
ORD102328,2024-01-30,CUST1010,New,Home Decor,3,3263,9299.55,5.0,Yes,Republic Day,Credit Card,4,4.6,No
ORD102329,2024-08-24,CUST3203,Regular,Beauty,5,8552,41477.2,3.0,No,None,Credit Card,6,4.8,No
ORD102330,2024-10-05,CUST2002,Regular,Electronics,1,9875,9578.75,3.0,No,None,UPI,4,3.3,No
ORD102331,2024-12-13,CUST1163,Regular,Groceries,5,4092,19232.399999999998,6.0,No,None,Credit Card,4,3.1,No
ORD102332,2024-04-24,CUST3006,Regular,Beauty,3,1937,3079.8300000000004,47.0,No,None,COD,4,3.7,Yes
ORD102333,2024-04-13,CUST5446,Regular,Groceries,5,4420,15027.999999999998,32.0,No,None,UPI,4,4.4,No
ORD102334,2024-04-27,CUST5016,New,Beauty,4,7280,26790.4,8.0,No,None,UPI,5,2.9,No
ORD102335,2024-01-05,CUST1996,Regular,Beauty,5,9762,36607.5,25.0,No,None,Wallet,7,4.5,No
ORD102336,2024-12-25,CUST2927,Regular,Groceries,5,3595,9706.5,46.0,Yes,Christmas/New Year,UPI,2,3.8,No
ORD102337,2024-09-04,CUST7727,Regular,Fashion,2,2654,3184.7999999999997,40.0,No,None,Wallet,3,,No
ORD102338,2024-12-29,CUST9650,Regular,Beauty,4,5157,16502.4,20.0,Yes,Christmas/New Year,UPI,7,4.2,Yes
ORD102339,2024-11-16,CUST1544,New,Electronics,1,2487,1964.73,21.0,No,None,Wallet,3,4.1,No
ORD102340,2024-04-30,CUST7235,Premium,Groceries,5,9628,32735.199999999997,32.0,No,None,Wallet,3,4.1,No
ORD102341,2024-10-12,CUST6715,Premium,Fashion,4,8350,22711.999999999996,32.0,No,None,Wallet,3,4.4,No
ORD102342,2024-05-28,CUST8212,Regular,Groceries,1,6492,3440.76,47.0,No,None,COD,3,3.0,No
ORD102343,2024-03-24,CUST2618,Regular,Home Decor,4,9598,36856.32,4.0,Yes,Holi,Wallet,5,4.2,No
ORD102344,2024-08-18,CUST2373,Regular,Electronics,2,8896,14233.6,20.0,Yes,Independence Day,COD,7,4.7,No
ORD102345,2024-10-14,CUST4068,Regular,Home Decor,1,9795,7248.3,26.0,No,None,Wallet,2,3.8,No
ORD102346,2024-06-09,CUST2806,New,Beauty,1,3933,2359.7999999999997,40.0,No,None,Wallet,6,3.7,No
ORD102347,2024-09-28,CUST6771,Regular,Beauty,5,9092,45460.0,0.0,No,None,COD,4,4.5,No
ORD102348,2024-02-07,CUST8019,Premium,Home Decor,3,5313,13548.15,15.0,No,None,COD,4,2.9,Yes
ORD102349,2024-08-13,CUST9292,Regular,Home Decor,1,3205,2115.2999999999997,34.0,Yes,Independence Day,COD,7,3.4,No
ORD102350,2024-05-21,CUST7499,Premium,Beauty,1,4990,3243.5,35.0,No,None,COD,4,4.6,No
ORD102351,2024-10-18,CUST4973,New,Fashion,2,210,239.40000000000003,43.0,No,None,Wallet,7,3.7,No
ORD102352,2024-05-30,CUST7714,Premium,Electronics,2,5421,7480.98,31.0,No,None,Wallet,2,4.6,No
ORD102353,2024-04-23,CUST3842,Premium,Groceries,2,3877,5582.88,28.0,No,None,UPI,7,3.1,Yes
ORD102354,2024-08-24,CUST3996,New,Home Decor,5,9364,29028.4,38.0,No,None,UPI,2,3.5,No
ORD102355,2024-03-06,CUST4690,Premium,Electronics,1,7534,4068.36,46.0,No,None,Wallet,6,4.6,No
ORD102356,2024-12-26,CUST2255,Regular,Groceries,2,5364,8367.84,22.0,Yes,Christmas/New Year,UPI,5,2.9,No
ORD102357,2024-12-06,CUST9894,Regular,Groceries,2,9233,15880.76,14.0,No,None,COD,5,4.7,No
ORD102358,2024-09-14,CUST4425,Premium,Home Decor,4,7060,21180.0,25.0,No,None,UPI,6,3.3,No
ORD102359,2024-09-05,CUST6807,Premium,Fashion,4,8305,21260.8,36.0,No,None,COD,4,4.9,No
ORD102360,2024-11-26,CUST9082,Regular,Fashion,2,484,735.6800000000001,24.0,No,None,Wallet,7,4.6,No
ORD102361,2024-11-18,CUST1619,Regular,Electronics,5,6743,33377.85,1.0,No,None,UPI,6,3.6,No
ORD102362,2024-06-28,CUST3873,New,Electronics,3,5770,15405.9,11.0,No,None,COD,2,4.4,No
ORD102363,2024-07-08,CUST5810,Regular,Beauty,4,5931,19453.68,18.0,No,None,Wallet,4,3.9,Yes
ORD102364,2024-06-02,CUST6504,Regular,Fashion,4,7811,21558.359999999997,31.0,No,None,Wallet,7,4.6,No
ORD102365,2024-07-14,CUST8027,Regular,Electronics,1,2635,2055.3,22.0,No,None,COD,5,3.8,No
ORD102366,2024-11-06,CUST4397,New,Beauty,1,7723,7414.08,4.0,Yes,Diwali,COD,6,5.0,No
ORD102367,2024-09-18,CUST6449,Regular,Groceries,2,1229,1868.08,24.0,No,None,Wallet,4,2.8,No
ORD102368,2024-05-22,CUST4028,Premium,Electronics,1,6784,4477.44,34.0,No,None,Credit Card,5,4.2,No
ORD102369,2024-12-07,CUST2354,Regular,Beauty,1,8291,5969.5199999999995,28.0,No,None,Credit Card,7,3.1,No
ORD102370,2024-11-11,CUST7756,Premium,Fashion,3,4651,8790.39,37.0,No,None,COD,1,3.0,No
ORD102371,2024-04-10,CUST7080,New,Groceries,5,3166,8864.800000000001,44.0,No,None,UPI,7,3.5,No
ORD102372,2024-08-31,CUST7053,Regular,Electronics,2,7955,12887.1,19.0,Yes,Raksha Bandhan,COD,3,3.4,Yes
ORD102373,2024-01-12,CUST8133,Premium,Fashion,3,753,1219.8600000000001,46.0,No,None,Wallet,1,2.6,No
ORD102374,2024-08-26,CUST5864,Regular,Groceries,2,467,607.1,35.0,Yes,Raksha Bandhan,COD,6,3.6,No
ORD102375,2024-02-18,CUST5386,Regular,Home Decor,5,7335,34474.5,6.0,No,None,Credit Card,4,4.9,No
ORD102376,2024-02-11,CUST7010,New,Fashion,2,1440,2275.2000000000003,21.0,No,None,COD,4,3.7,No
ORD102377,2024-06-14,CUST3651,Regular,Home Decor,1,4359,3617.97,17.0,No,None,Credit Card,2,3.3,No
ORD102378,2024-03-22,CUST6482,Premium,Electronics,5,2689,10756.0,20.0,Yes,Holi,UPI,3,4.9,No
ORD102379,2024-10-17,CUST1746,Regular,Beauty,3,8058,19097.46,21.0,No,None,UPI,5,3.8,No
ORD102380,2024-06-06,CUST2375,Regular,Electronics,3,5594,10404.84,38.0,No,None,UPI,4,3.2,No
ORD102381,2024-08-03,CUST1313,Regular,Fashion,4,8861,31545.16,11.0,No,None,COD,5,4.5,No
ORD102382,2024-06-06,CUST3924,Premium,Home Decor,3,3487,9414.9,10.0,No,None,Credit Card,5,3.1,No
ORD102383,2024-05-13,CUST7702,Regular,Home Decor,4,2219,7899.64,11.0,No,None,COD,5,3.1,No
ORD102384,2024-03-07,CUST7989,Premium,Groceries,1,9981,7485.75,25.0,No,None,UPI,7,3.3,No
ORD102385,2024-12-01,CUST3351,Regular,Electronics,3,5513,11742.689999999999,29.0,No,None,COD,1,3.5,No
ORD102386,2024-01-07,CUST8632,Regular,Electronics,5,4517,19423.1,14.0,No,None,Credit Card,5,4.0,Yes
ORD102387,2024-01-14,CUST1983,Premium,Fashion,4,6024,22409.28,7.0,No,None,Wallet,2,3.8,No
ORD102388,2024-03-13,CUST5787,New,Home Decor,3,9811,17071.140000000003,42.0,No,None,Credit Card,7,4.4,No
ORD102389,2024-06-11,CUST3644,Regular,Fashion,1,9272,7695.759999999999,17.0,No,None,UPI,1,4.3,No
ORD102390,2024-03-06,CUST2226,Premium,Fashion,5,1038,4722.900000000001,9.0,No,None,UPI,1,2.6,No
ORD102391,2024-12-12,CUST5517,Regular,Home Decor,5,9143,42514.95,7.0,No,None,UPI,4,2.8,No
ORD102392,2024-05-09,CUST4983,Premium,Fashion,1,8661,5456.43,37.0,No,None,COD,3,3.0,No
ORD102393,2024-07-24,CUST5633,New,Home Decor,3,5027,9953.46,34.0,No,None,Credit Card,3,4.0,No
ORD102394,2024-10-02,CUST7789,New,Fashion,2,7187,11642.94,19.0,No,None,COD,6,4.7,No
ORD102395,2024-09-12,CUST5137,Premium,Beauty,3,3703,9887.01,11.0,No,None,UPI,4,3.3,No
ORD102396,2024-09-22,CUST2921,Regular,Fashion,4,8024,16689.920000000002,48.0,No,None,Credit Card,3,4.9,No
ORD102397,2024-01-25,CUST9248,New,Fashion,4,2275,8918.0,2.0,Yes,Republic Day,Wallet,5,2.9,Yes
ORD102398,2024-10-07,CUST2408,Premium,Beauty,3,1512,3674.1600000000003,19.0,No,None,UPI,2,4.8,No
ORD102399,2024-09-09,CUST2119,Regular,Electronics,4,2484,5067.36,49.0,No,None,Credit Card,5,4.5,No
ORD102400,2024-11-05,CUST4270,Regular,Home Decor,2,8775,15619.5,11.0,Yes,Diwali,Credit Card,3,3.5,No
ORD102401,2024-10-15,CUST6760,New,Groceries,2,3008,4632.32,23.0,No,None,UPI,3,3.0,No
ORD102402,2024-06-12,CUST5591,New,Beauty,5,9195,39078.75,15.0,No,None,,7,3.5,No
ORD102403,2024-04-04,CUST3580,Regular,Electronics,4,9488,34536.32,9.0,No,None,Credit Card,2,3.0,No
ORD102404,2024-09-26,CUST8303,Premium,Fashion,3,6721,16533.66,18.0,No,None,Credit Card,1,3.9,Yes
ORD102405,2024-11-16,CUST4182,New,Electronics,5,6555,19665.0,,No,None,Wallet,1,3.9,No
ORD102406,2024-04-19,CUST2943,Regular,Beauty,2,3919,6819.06,13.0,No,None,UPI,2,4.4,No
ORD102407,2024-12-01,CUST7767,Regular,Fashion,5,4971,21623.85,13.0,No,None,Credit Card,7,3.8,No
ORD102408,2024-11-05,CUST6298,Premium,Electronics,1,2896,2287.84,21.0,Yes,Diwali,UPI,1,3.4,No
ORD102409,2024-08-25,CUST2657,Regular,Groceries,4,5996,23264.48,3.0,Yes,Raksha Bandhan,COD,7,4.8,No
ORD102410,2024-01-25,CUST1714,Regular,Home Decor,3,1008,1632.96,46.0,Yes,Republic Day,COD,3,2.7,Yes
ORD102411,2024-05-20,CUST8753,Premium,Home Decor,2,3493,4680.62,33.0,No,None,Wallet,1,4.5,No
ORD102412,2024-04-26,CUST8745,New,Beauty,5,9697,40242.549999999996,17.0,No,None,UPI,3,3.5,No
ORD102413,2024-01-25,CUST4560,Premium,Fashion,3,3659,7354.589999999999,33.0,Yes,Republic Day,Credit Card,4,3.0,No
ORD102414,2024-03-19,CUST3585,Premium,Fashion,4,2619,8695.08,17.0,No,None,Wallet,5,2.8,No
ORD102415,2024-03-08,CUST4693,Regular,Home Decor,3,4424,8095.92,39.0,No,None,COD,1,3.1,Yes
ORD102416,2024-06-21,CUST1645,Regular,Electronics,4,7771,21758.8,30.0,No,None,UPI,4,2.8,No
ORD102417,2024-01-12,CUST7939,Premium,Fashion,4,6563,15488.680000000002,41.0,No,None,Wallet,6,3.6,No
ORD102418,2024-10-14,CUST9220,Regular,Groceries,4,9588,31065.120000000003,19.0,No,None,Wallet,1,3.4,No
ORD102419,2024-05-07,CUST3438,New,Groceries,5,4767,15492.75,35.0,No,None,UPI,4,3.4,No
ORD102420,2024-04-05,CUST9485,Regular,Fashion,4,3724,8788.640000000001,41.0,No,None,,2,2.9,No
ORD102421,2024-04-01,CUST6134,Regular,Fashion,3,6951,18976.23,9.0,No,None,Credit Card,4,4.1,No
ORD102422,2024-05-20,CUST7463,Regular,Home Decor,1,9917,9718.66,2.0,No,None,Credit Card,3,4.0,No
ORD102423,2024-01-31,CUST7736,New,Beauty,3,6437,15448.800000000001,20.0,No,None,UPI,2,5.0,No
ORD102424,2024-11-29,CUST6528,Regular,Home Decor,5,9991,32470.75,35.0,No,None,COD,7,2.9,No
ORD102425,2024-01-20,CUST3461,Regular,Beauty,4,9436,34347.04,,Yes,Republic Day,Wallet,2,4.6,No
ORD102426,2024-05-25,CUST2964,Regular,Groceries,1,5519,5187.86,6.0,No,None,UPI,3,2.6,No
ORD102427,2024-11-11,CUST8215,New,Beauty,5,2067,8164.650000000001,21.0,No,None,Credit Card,1,2.7,No
ORD102428,2024-06-08,CUST6459,Regular,Home Decor,2,1575,2457.0,22.0,No,None,Credit Card,2,4.1,No
ORD102429,2024-12-14,CUST1531,Regular,Fashion,2,8330,14827.4,11.0,No,None,Wallet,1,3.5,No
ORD102430,2024-02-12,CUST1456,Regular,Beauty,2,5601,6945.24,38.0,No,None,Wallet,5,3.1,No
ORD102431,2024-09-10,CUST4460,Premium,Home Decor,1,9003,7922.64,12.0,No,None,Wallet,7,2.5,No
ORD102432,2024-05-09,CUST1301,Regular,Groceries,3,7192,13161.36,39.0,No,None,Wallet,4,4.2,No
ORD102433,2024-02-29,CUST9552,Regular,Beauty,1,3516,3094.08,12.0,No,None,Wallet,7,3.6,No
ORD102434,2024-05-30,CUST7192,Regular,Groceries,1,1798,1222.6399999999999,32.0,No,None,UPI,4,2.9,No
ORD102435,2024-10-13,CUST5605,Premium,Groceries,1,5149,3604.2999999999997,30.0,No,None,Credit Card,3,4.9,No
ORD102436,2024-01-05,CUST3904,Premium,Electronics,2,6772,7178.320000000001,47.0,No,None,Credit Card,3,3.4,No
ORD102437,2024-09-22,CUST9590,Premium,Beauty,3,838,1835.22,27.0,No,None,UPI,6,3.3,No
ORD102438,2024-12-10,CUST7327,New,Home Decor,1,4366,3580.1200000000003,18.0,No,None,COD,4,3.8,No
ORD102439,2024-05-09,CUST9170,New,Beauty,3,845,2028.0,20.0,No,None,Credit Card,5,3.2,No
ORD102440,2024-09-23,CUST3154,Regular,Beauty,4,6084,16791.84,,No,None,COD,3,3.2,No
ORD102441,2024-06-26,CUST9218,Premium,Groceries,1,6868,5151.0,25.0,No,None,COD,5,4.9,No
ORD102442,2024-09-09,CUST6665,Premium,Groceries,1,289,254.32,12.0,No,None,COD,6,3.2,No
ORD102443,2024-02-25,CUST9514,New,Groceries,1,9215,6634.8,28.0,No,None,COD,3,4.0,No
ORD102444,2024-03-23,CUST7466,Regular,Groceries,4,750,2820.0,6.0,Yes,Holi,Credit Card,2,2.6,No
ORD102445,2024-04-08,CUST8514,Premium,Home Decor,4,8451,18254.16,46.0,No,None,Credit Card,6,2.9,No
ORD102446,2024-05-28,CUST6402,Regular,Fashion,2,5424,8136.0,25.0,No,None,UPI,1,2.6,No
ORD102447,2024-11-24,CUST6964,New,Electronics,5,5781,27459.75,5.0,No,None,Credit Card,4,3.8,No
ORD102448,2024-06-04,CUST9771,Regular,Groceries,3,4378,9062.46,31.0,No,None,UPI,1,3.7,No
ORD102449,2024-07-08,CUST7993,Regular,Groceries,5,9635,31313.75,35.0,No,None,COD,6,3.3,No
ORD102450,2024-09-19,CUST6351,Regular,Electronics,1,3679,2869.62,22.0,No,None,UPI,4,4.3,No
ORD102451,2024-03-20,CUST2380,Regular,Groceries,1,9337,8403.300000000001,10.0,Yes,Holi,UPI,6,4.1,No
ORD102452,2024-09-08,CUST8677,Premium,Fashion,2,6291,10065.6,20.0,No,None,Credit Card,3,4.0,No
ORD102453,2024-04-06,CUST5665,Regular,Beauty,5,2833,11615.300000000001,18.0,No,None,UPI,1,3.3,No
ORD102454,2024-09-16,CUST6932,Regular,Electronics,1,6990,4683.299999999999,33.0,No,None,COD,6,3.3,No
ORD102455,2024-09-16,CUST2052,New,Home Decor,5,3701,9622.6,48.0,No,None,Credit Card,6,4.7,No
ORD102456,2024-04-12,CUST4339,Regular,Electronics,2,1089,1176.1200000000001,46.0,No,None,Credit Card,5,3.9,No
ORD102457,2024-02-09,CUST7383,Premium,Fashion,5,8965,22860.75,49.0,No,None,Credit Card,6,3.2,No
ORD102458,2024-09-29,CUST6306,Regular,Home Decor,3,8904,15225.840000000002,43.0,No,None,Wallet,3,3.9,No
ORD102459,2024-04-10,CUST9851,Regular,Beauty,2,7446,9828.72,34.0,No,None,COD,6,3.2,No
ORD102460,2024-12-24,CUST7279,New,Groceries,5,4360,11336.0,48.0,Yes,Christmas/New Year,UPI,2,3.0,No
ORD102461,2024-11-03,CUST7315,Premium,Electronics,1,4251,2975.7,30.0,Yes,Diwali,Wallet,1,3.2,No
ORD102462,2024-08-08,CUST5936,Regular,Home Decor,4,2430,5346.0,45.0,No,None,Credit Card,1,4.1,No
ORD102463,2024-11-03,CUST6463,New,Electronics,4,5385,15508.8,28.0,Yes,Diwali,Wallet,7,3.8,No
ORD102464,2024-05-03,CUST7908,New,Beauty,2,7575,14392.5,5.0,No,None,Wallet,2,2.9,No
ORD102465,2024-08-18,CUST4956,New,Electronics,4,6397,16632.2,35.0,Yes,Independence Day,UPI,4,4.8,No
ORD102466,2024-06-26,CUST4168,Regular,Home Decor,3,2483,5214.299999999999,30.0,No,None,COD,3,3.7,No
ORD102467,2024-03-03,CUST6651,Regular,Fashion,2,5184,7153.919999999999,31.0,No,None,Wallet,2,4.5,No
ORD102468,2024-04-25,CUST4398,Premium,Home Decor,1,811,494.71,39.0,No,None,COD,6,3.3,No
ORD102469,2024-07-09,CUST6851,Premium,Electronics,1,8829,7151.490000000001,19.0,No,None,COD,5,4.9,No
ORD102470,2024-03-02,CUST9877,Regular,Beauty,2,9851,15564.58,21.0,No,None,Credit Card,3,4.4,No
ORD102471,2024-09-12,CUST6637,Premium,Groceries,4,7037,27585.04,2.0,No,None,Credit Card,2,3.6,No
ORD102472,2024-01-07,CUST8087,Regular,Groceries,4,7306,27178.32,7.0,No,None,UPI,2,4.8,No
ORD102473,2024-06-03,CUST7129,Regular,Beauty,1,7475,4186.0,44.0,No,None,UPI,1,4.3,No
ORD102474,2024-04-01,CUST8195,Regular,Electronics,3,8915,21930.9,18.0,No,None,Wallet,1,3.6,No
ORD102475,2024-01-14,CUST3458,Premium,Beauty,4,3777,10575.599999999999,30.0,No,None,Credit Card,1,4.9,No
ORD102476,2024-08-16,CUST5790,Regular,Electronics,3,6686,13840.019999999999,31.0,Yes,Independence Day,COD,7,3.2,Yes
ORD102477,2024-03-26,CUST4249,New,Home Decor,4,2461,8465.84,14.0,Yes,Holi,COD,3,3.1,No
ORD102478,2024-05-12,CUST1706,Premium,Fashion,2,1223,1516.52,38.0,No,None,Wallet,6,4.7,No
ORD102479,2024-07-01,CUST4019,Premium,Electronics,5,9971,34898.5,30.0,No,None,Credit Card,4,4.3,No
ORD102480,2024-03-02,CUST8187,New,Groceries,1,8713,8538.74,2.0,No,None,UPI,3,3.4,No
ORD102481,2024-08-06,CUST7777,Premium,Groceries,2,7435,10260.3,31.0,No,None,Wallet,1,3.1,No
ORD102482,2024-09-02,CUST3055,New,Fashion,4,3957,14403.480000000001,9.0,No,None,COD,1,2.9,No
ORD102483,2024-08-17,CUST4161,Regular,Electronics,1,8268,6035.639999999999,27.0,Yes,Independence Day,Credit Card,3,3.3,No
ORD102484,2024-03-19,CUST3014,Regular,Fashion,5,8841,32711.7,26.0,No,None,UPI,6,2.8,No
ORD102485,2024-05-28,CUST5770,Regular,Home Decor,5,1484,3932.6000000000004,47.0,No,None,UPI,6,2.9,No
ORD102486,2024-05-17,CUST5408,Regular,Fashion,4,1860,4092.0000000000005,45.0,No,None,COD,2,4.4,No
ORD102487,2024-11-09,CUST3074,New,Home Decor,1,5553,3387.33,39.0,Yes,Diwali,COD,2,2.7,No
ORD102488,2024-03-05,CUST5331,Regular,Groceries,4,1103,2558.9600000000005,42.0,No,None,COD,1,3.6,No
ORD102489,2024-01-13,CUST7626,Premium,Home Decor,5,9569,33491.5,30.0,No,None,COD,7,3.5,No
ORD102490,2024-07-31,CUST6916,Premium,Electronics,2,8721,11686.14,33.0,No,None,UPI,1,4.9,No
ORD102491,2024-08-29,CUST9333,Premium,Electronics,2,9028,17333.76,4.0,Yes,Raksha Bandhan,Credit Card,4,3.7,Yes
ORD102492,2024-07-31,CUST3269,Regular,Electronics,3,6210,16767.0,10.0,No,None,UPI,6,2.9,No
ORD102493,2024-06-29,CUST4864,Premium,Electronics,5,612,2876.3999999999996,6.0,No,None,COD,2,2.7,No
ORD102494,2024-12-03,CUST7143,Regular,Beauty,5,6839,31801.35,7.0,No,None,Credit Card,4,4.3,No
ORD102495,2024-06-21,CUST7221,Regular,Home Decor,4,4033,13550.88,16.0,No,None,UPI,1,2.9,No
ORD102496,2024-06-08,CUST6050,Premium,Electronics,3,2615,4471.650000000001,43.0,No,None,Credit Card,6,4.8,No
ORD102497,2024-06-12,CUST9029,Premium,Fashion,3,2786,4262.58,49.0,No,None,UPI,1,3.9,No
ORD102498,2024-07-06,CUST7956,Regular,Fashion,1,5771,3578.02,38.0,No,None,Credit Card,4,3.5,No
ORD102499,2024-07-09,CUST1613,New,Beauty,4,9956,23894.399999999998,40.0,No,None,UPI,4,4.2,Yes
ORD102500,2024-11-03,CUST4933,Regular,Home Decor,2,8872,15437.28,13.0,Yes,Diwali,UPI,1,3.0,No
ORD102501,2024-09-12,CUST6702,Regular,Home Decor,1,6757,5202.89,23.0,No,None,Wallet,5,3.5,No
ORD102502,2024-07-01,CUST4044,Regular,Home Decor,3,6480,13802.4,29.0,No,None,COD,1,2.6,No
ORD102503,2024-04-26,CUST6599,Premium,Beauty,2,3082,3143.64,49.0,No,None,Wallet,2,4.7,No
ORD102504,2024-10-08,CUST2828,Premium,Home Decor,5,2719,11691.7,14.0,No,None,,6,3.6,No
ORD102505,2024-07-14,CUST1021,Regular,Home Decor,4,4600,17848.0,3.0,No,None,COD,6,4.4,No
ORD102506,2024-02-03,CUST2555,Regular,Electronics,3,9046,23881.44,12.0,No,None,UPI,7,4.8,No
ORD102507,2024-02-21,CUST8455,Premium,Home Decor,5,380,1824.0,4.0,No,None,,1,4.1,No
ORD102508,2024-04-21,CUST2355,Regular,Electronics,3,4325,9082.5,30.0,No,None,Credit Card,3,3.4,No
ORD102509,2024-09-08,CUST5994,Regular,Electronics,2,3219,5729.82,11.0,No,None,Credit Card,1,4.0,No
ORD102510,2024-03-22,CUST2810,Premium,Home Decor,1,964,684.4399999999999,29.0,Yes,Holi,,5,3.4,No
ORD102511,2024-08-19,CUST7481,Regular,Fashion,2,4335,4508.400000000001,48.0,Yes,Independence Day,Wallet,2,3.9,No
ORD102512,2024-08-14,CUST9487,New,Groceries,4,5238,19066.32,9.0,Yes,Independence Day,Wallet,1,3.6,No
ORD102513,2024-08-20,CUST8369,Regular,Fashion,4,6999,19877.16,29.0,Yes,Independence Day,UPI,4,2.9,No
ORD102514,2024-08-08,CUST5731,Premium,Home Decor,3,3590,8077.5,25.0,No,None,COD,7,4.5,Yes
ORD102515,2024-02-11,CUST4160,Regular,Home Decor,2,1264,1440.9600000000003,43.0,No,None,Credit Card,2,3.7,No
ORD102516,2024-01-21,CUST6581,New,Fashion,1,2656,2523.2,5.0,Yes,Republic Day,Wallet,2,3.0,No
ORD102517,2024-02-11,CUST6958,Regular,Home Decor,4,5881,17407.76,26.0,No,None,UPI,5,4.7,No
ORD102518,2024-04-22,CUST3209,Premium,Electronics,1,1546,1252.26,19.0,No,None,COD,6,4.6,No
ORD102519,2024-04-14,CUST2263,Premium,Beauty,5,7197,26269.05,27.0,No,None,Wallet,4,3.9,No
ORD102520,2024-07-10,CUST9794,Regular,Home Decor,3,9574,23264.820000000003,19.0,No,None,Wallet,3,4.9,No
ORD102521,2024-01-17,CUST4935,Regular,Home Decor,1,4332,3855.48,11.0,No,None,Credit Card,1,4.8,No
ORD102522,2024-04-29,CUST6430,Premium,Fashion,3,2653,4457.040000000001,44.0,No,None,Wallet,3,4.7,No
ORD102523,2024-05-08,CUST4362,New,Electronics,5,738,2952.0,20.0,No,None,Credit Card,6,2.8,No
ORD102524,2024-05-09,CUST6518,Regular,Fashion,1,2503,1777.1299999999999,29.0,No,None,Wallet,4,3.2,No
ORD102525,2024-02-29,CUST4688,Regular,Fashion,1,6621,3442.92,48.0,No,None,UPI,7,3.5,No
ORD102526,2024-02-17,CUST5711,New,Home Decor,5,448,2038.4,9.0,No,None,UPI,7,4.6,No
ORD102527,2024-01-29,CUST8890,Regular,Electronics,2,9432,18109.44,4.0,Yes,Republic Day,UPI,2,4.7,No
ORD102528,2024-04-06,CUST3620,New,Home Decor,1,1591,1018.24,36.0,No,None,COD,5,4.4,No
ORD102529,2024-01-10,CUST3709,Premium,Home Decor,1,2372,2205.96,7.0,No,None,COD,5,3.7,No
ORD102530,2024-08-29,CUST9852,Premium,Home Decor,4,1535,4359.4,29.0,Yes,Raksha Bandhan,UPI,2,2.9,No
ORD102531,2024-11-09,CUST7432,Regular,Home Decor,2,2459,4131.12,16.0,Yes,Diwali,UPI,5,2.6,No
ORD102532,2024-08-19,CUST8995,Regular,Beauty,1,6815,6678.7,2.0,Yes,Independence Day,UPI,3,4.2,No
ORD102533,2024-10-03,CUST7597,Premium,Groceries,5,5734,22936.0,20.0,No,None,Credit Card,6,5.0,No
ORD102534,2024-10-10,CUST3749,New,Electronics,3,8891,22672.05,15.0,No,None,UPI,2,3.4,No
ORD102535,2024-07-21,CUST2375,New,Beauty,5,1010,3484.4999999999995,31.0,No,None,COD,1,3.9,No
ORD102536,2024-09-03,CUST7848,Regular,Groceries,2,5184,7672.32,26.0,No,None,Credit Card,1,4.5,No
ORD102537,2024-10-16,CUST2508,Regular,Groceries,4,7548,28682.399999999998,5.0,No,None,UPI,4,3.0,No
ORD102538,2024-09-20,CUST4525,Regular,Groceries,4,7756,18304.160000000003,41.0,No,,COD,6,4.6,No
ORD102539,2024-08-01,CUST3239,New,Beauty,4,3913,13304.199999999999,15.0,No,None,Credit Card,6,4.1,Yes
ORD102540,2024-07-18,CUST9378,Regular,Electronics,5,3904,10931.2,44.0,No,None,Credit Card,2,3.9,No
ORD102541,2024-03-19,CUST4883,Regular,Fashion,3,1410,4145.4,2.0,No,None,COD,6,4.4,No
ORD102542,2024-12-08,CUST4451,Regular,Groceries,3,3945,7219.349999999999,39.0,No,None,COD,3,3.1,No
ORD102543,2024-12-09,CUST5708,Regular,Fashion,1,7991,6472.71,19.0,No,None,Credit Card,7,4.0,No
ORD102544,2024-06-21,CUST7251,New,Fashion,3,1691,3094.5299999999997,39.0,No,None,COD,6,3.1,No
ORD102545,2024-03-09,CUST7130,Premium,Home Decor,3,7501,21152.82,6.0,No,None,Credit Card,2,2.9,No
ORD102546,2024-03-27,CUST6665,Regular,Fashion,1,6660,5994.0,10.0,Yes,Holi,Credit Card,2,4.1,No
ORD102547,2024-04-10,CUST7373,Regular,Home Decor,5,3248,11692.8,28.0,No,None,Credit Card,3,3.2,Yes
ORD102548,2024-01-08,CUST7708,Regular,Electronics,5,5119,25083.1,2.0,No,None,Credit Card,5,4.3,No
ORD102549,2024-11-28,CUST4057,Regular,Electronics,2,3134,5014.400000000001,20.0,No,None,UPI,3,3.8,No
ORD102550,2024-07-18,CUST4669,Regular,Home Decor,5,6310,21769.5,31.0,No,None,COD,2,4.2,No
ORD102551,2024-03-27,CUST6624,Premium,Electronics,4,2017,5728.28,29.0,Yes,Holi,UPI,2,4.7,No
ORD102552,2024-02-12,CUST4890,Regular,Groceries,4,6813,16896.24,38.0,No,None,UPI,2,2.8,Yes
ORD102553,2024-04-18,CUST5716,Regular,Electronics,2,4519,8134.2,10.0,No,None,UPI,2,2.7,No
ORD102554,2024-05-31,CUST3364,Regular,Home Decor,3,1475,3717.0,16.0,No,None,UPI,4,3.5,No
ORD102555,2024-01-17,CUST6396,Premium,Groceries,2,7431,11295.12,24.0,No,None,Credit Card,7,4.3,No
ORD102556,2024-05-12,CUST9053,Premium,Fashion,1,3077,1569.27,49.0,No,None,Credit Card,5,4.7,No
ORD102557,2024-05-27,CUST9104,Premium,Fashion,2,4214,6405.28,24.0,No,None,Credit Card,2,2.6,No
ORD102558,2024-10-03,CUST6886,Premium,Fashion,2,4287,7888.08,8.0,No,,Wallet,4,4.5,No
ORD102559,2024-08-19,CUST8482,Premium,Home Decor,4,1347,3017.28,44.0,Yes,Independence Day,Credit Card,6,2.7,No
ORD102560,2024-11-09,CUST6737,Regular,Fashion,1,437,314.64,28.0,Yes,Diwali,UPI,2,4.0,No
ORD102561,2024-12-31,CUST9107,New,Electronics,1,2322,1996.92,14.0,Yes,Christmas/New Year,Wallet,5,3.4,No
ORD102562,2024-08-15,CUST6173,Regular,Fashion,2,7809,12806.76,18.0,Yes,Independence Day,Wallet,7,2.5,Yes
ORD102563,2024-05-18,CUST5455,Regular,Beauty,1,4795,4123.7,14.0,No,None,Wallet,5,2.7,No
ORD102564,2024-07-29,CUST8070,Premium,Beauty,1,9937,6160.94,38.0,No,None,Credit Card,3,3.4,No
ORD102565,2024-01-28,CUST6914,Regular,Fashion,5,4183,13803.899999999998,34.0,Yes,Republic Day,UPI,4,4.9,No
ORD102566,2024-02-20,CUST9771,New,Fashion,1,8334,5083.74,39.0,No,None,Credit Card,6,2.9,No
ORD102567,2024-09-17,CUST2944,Regular,Beauty,3,5806,15327.84,12.0,No,None,COD,5,3.2,No
ORD102568,2024-09-17,CUST3835,New,Fashion,1,9378,7971.3,15.0,No,None,Wallet,1,5.0,No
ORD102569,2024-12-15,CUST1413,New,Groceries,4,1823,7146.16,2.0,No,None,COD,2,3.7,No
ORD102570,2024-12-17,CUST5140,New,Beauty,5,7426,25991.0,30.0,No,None,Wallet,5,3.2,No
ORD102571,2024-01-08,CUST1117,New,Home Decor,4,922,3688.0,0.0,No,None,Wallet,6,4.0,Yes
ORD102572,2024-11-15,CUST3347,New,Beauty,4,1295,3418.7999999999997,34.0,No,None,COD,6,3.6,No
ORD102573,2024-05-17,CUST8916,Premium,Electronics,3,4027,10268.85,15.0,No,None,COD,7,4.6,No
ORD102574,2024-02-07,CUST7423,Regular,Groceries,5,4485,22425.0,0.0,No,None,Credit Card,4,2.5,No
ORD102575,2024-04-20,CUST4049,Regular,Home Decor,2,1195,1218.9,49.0,No,None,,4,5.0,No
ORD102576,2024-08-07,CUST7269,Premium,Fashion,1,5881,5116.47,13.0,No,None,COD,4,2.7,Yes
ORD102577,2024-12-02,CUST8656,New,Electronics,3,4861,13708.019999999999,6.0,No,,UPI,3,3.8,No
ORD102578,2024-08-10,CUST2909,Premium,Electronics,3,1192,2789.28,22.0,Yes,Independence Day,COD,6,4.2,Yes
ORD102579,2024-05-15,CUST7009,New,Groceries,2,2983,3937.5599999999995,34.0,No,None,Credit Card,2,3.9,No
ORD102580,2024-09-12,CUST5344,New,Home Decor,3,8547,18461.52,28.0,No,None,Wallet,1,3.3,No
ORD102581,2024-12-25,CUST6045,Regular,Electronics,2,5882,9293.560000000001,21.0,Yes,Christmas/New Year,Wallet,4,4.6,No
ORD102582,2024-11-24,CUST4623,Regular,Home Decor,2,6161,10473.699999999999,15.0,No,None,UPI,2,3.6,No
ORD102583,2024-02-18,CUST1311,Regular,Home Decor,2,4968,7153.92,28.0,No,None,Credit Card,4,3.3,No
ORD102584,2024-10-18,CUST4243,Regular,Electronics,3,5960,16986.0,5.0,No,None,Wallet,4,4.4,No
ORD102585,2024-11-19,CUST7302,Premium,Home Decor,2,5404,8970.64,17.0,No,None,UPI,6,2.9,No
ORD102586,2024-03-18,CUST7889,New,Groceries,3,7752,16744.32,28.0,No,None,Wallet,1,3.0,No
ORD102587,2024-04-14,CUST2128,Premium,Electronics,5,8446,32094.8,24.0,No,None,Credit Card,2,3.1,No
ORD102588,2024-06-17,CUST3154,Regular,Groceries,2,284,318.08000000000004,44.0,No,None,COD,4,3.6,No
ORD102589,2024-08-04,CUST4888,Regular,Groceries,3,6176,18342.72,1.0,No,None,UPI,6,2.6,No
ORD102590,2024-04-28,CUST6739,Regular,Home Decor,3,8347,14273.37,43.0,No,None,COD,3,5.0,No
ORD102591,2024-07-08,CUST8388,Premium,Home Decor,3,7284,15077.88,31.0,No,None,Credit Card,4,4.0,No
ORD102592,2024-09-11,CUST5714,Regular,Electronics,1,2979,1936.3500000000001,35.0,No,None,Credit Card,6,4.9,No
ORD102593,2024-09-22,CUST6209,Regular,Fashion,1,6255,4315.95,31.0,No,None,Wallet,2,4.5,No
ORD102594,2024-05-28,CUST2239,Regular,Electronics,2,2869,3442.7999999999997,40.0,No,None,Wallet,5,2.8,No
ORD102595,2024-06-12,CUST4498,Regular,Groceries,5,1208,4892.400000000001,19.0,No,None,UPI,4,3.0,No
ORD102596,2024-05-19,CUST7086,New,Home Decor,2,2564,3281.92,36.0,No,None,Wallet,3,2.6,No
ORD102597,2024-12-12,CUST5151,Regular,Groceries,4,3886,9170.960000000001,41.0,No,None,Wallet,3,4.6,No
ORD102598,2024-09-14,CUST7868,Regular,Beauty,4,6968,17559.36,37.0,No,None,Credit Card,4,4.0,No
ORD102599,2024-09-25,CUST5603,Regular,Beauty,5,2399,8156.599999999999,32.0,No,None,Credit Card,2,3.0,No
ORD102600,2024-06-29,CUST9815,Regular,Groceries,5,9751,46804.799999999996,4.0,No,None,UPI,7,4.9,No
ORD102601,2024-06-08,CUST4542,Premium,Fashion,5,1109,5267.75,5.0,No,None,COD,4,4.3,No
ORD102602,2024-12-16,CUST9500,Premium,Fashion,1,3639,2874.81,21.0,No,None,UPI,3,4.3,No
ORD102603,2024-10-14,CUST1357,Regular,Electronics,1,6082,4865.6,20.0,No,None,Credit Card,4,3.2,No
ORD102604,2024-10-14,CUST4125,Premium,Electronics,4,3113,10210.640000000001,18.0,No,None,Credit Card,3,3.3,Yes
ORD102605,2024-08-13,CUST8671,Regular,Electronics,5,4895,14195.500000000002,42.0,Yes,Independence Day,UPI,5,4.2,No
ORD102606,2024-01-11,CUST5112,Premium,Home Decor,3,1206,3111.48,14.0,No,None,UPI,4,4.0,No
ORD102607,2024-01-10,CUST9944,Regular,Fashion,4,7314,19601.519999999997,33.0,No,None,COD,1,4.1,No
ORD102608,2024-09-27,CUST7742,Regular,Groceries,5,1343,3626.1000000000004,46.0,No,None,Credit Card,4,4.7,No
ORD102609,2024-09-29,CUST5075,Premium,Beauty,3,7752,21860.64,6.0,No,None,Wallet,3,2.9,Yes
ORD102610,2024-07-01,CUST2757,New,Fashion,5,1424,5980.8,16.0,No,None,Credit Card,7,2.8,No
ORD102611,2024-06-01,CUST2329,Premium,Fashion,2,4695,5352.3,43.0,No,None,Wallet,2,3.9,No
ORD102612,2024-11-10,CUST4486,Regular,Fashion,3,8459,14464.890000000001,43.0,Yes,Diwali,Wallet,3,3.8,No
ORD102613,2024-11-29,CUST9162,Regular,Electronics,2,9406,18059.52,4.0,No,None,Wallet,5,3.5,No
ORD102614,2024-05-03,CUST8552,New,Home Decor,1,381,236.22,38.0,No,None,COD,2,4.8,No
ORD102615,2024-04-23,CUST4368,Regular,Groceries,4,6532,25866.72,1.0,No,None,UPI,1,3.9,No
ORD102616,2024-10-04,CUST1567,Regular,Electronics,5,5146,19040.2,26.0,No,None,Wallet,1,3.9,No
ORD102617,2024-07-31,CUST1326,Regular,Home Decor,4,7650,17136.0,44.0,No,None,UPI,5,3.4,No
ORD102618,2024-06-20,CUST8826,Regular,Fashion,5,3145,12108.25,23.0,No,None,Wallet,5,3.4,No
ORD102619,2024-10-14,CUST4051,Regular,Home Decor,2,9046,10855.199999999999,40.0,No,None,COD,5,5.0,No
ORD102620,2024-06-22,CUST3146,Regular,Electronics,3,3886,6295.320000000001,46.0,No,None,Wallet,6,4.1,No
ORD102621,2024-04-22,CUST1289,Regular,Fashion,3,2488,5448.72,27.0,No,None,UPI,5,4.6,No
ORD102622,2024-05-01,CUST3129,New,Electronics,5,3031,8183.700000000001,46.0,No,None,COD,4,3.6,No
ORD102623,2024-02-01,CUST4463,Regular,Groceries,2,9113,18226.0,0.0,No,None,UPI,3,3.0,No
ORD102624,2024-08-09,CUST9423,Regular,Fashion,5,3448,13792.0,20.0,No,None,UPI,6,3.3,No
ORD102625,2024-04-28,CUST7236,Premium,Home Decor,5,9592,35010.799999999996,27.0,No,None,UPI,4,3.4,No
ORD102626,2024-02-08,CUST3010,Premium,Electronics,5,8701,42634.9,2.0,No,None,Wallet,7,3.9,No
ORD102627,2024-09-24,CUST5540,Regular,Beauty,3,1225,2609.25,29.0,No,None,COD,2,2.9,No
ORD102628,2024-08-20,CUST4916,New,Home Decor,5,4612,23060.0,0.0,Yes,Independence Day,COD,7,3.5,No
ORD102629,2024-01-18,CUST2304,Regular,Home Decor,3,6102,10251.36,44.0,No,None,COD,1,2.8,No
ORD102630,2024-05-28,CUST8061,New,Fashion,1,9924,5358.96,46.0,No,None,Credit Card,7,3.7,No
ORD102631,2024-05-28,CUST1001,Regular,Home Decor,2,3843,4304.160000000001,44.0,No,None,Credit Card,1,4.9,Yes
ORD102632,2024-05-05,CUST2878,Regular,Electronics,1,8759,7269.969999999999,17.0,No,None,COD,2,3.3,No
ORD102633,2024-10-28,CUST9816,New,Beauty,5,4850,12610.0,48.0,Yes,Diwali,Wallet,1,2.6,No
ORD102634,2024-12-25,CUST6256,Premium,Groceries,3,1449,2955.9599999999996,32.0,Yes,Christmas/New Year,Credit Card,7,4.0,No
ORD102635,2024-08-25,CUST6676,Regular,Beauty,2,3183,5474.76,14.0,Yes,Raksha Bandhan,,5,4.1,No
ORD102636,2024-05-14,CUST5441,Regular,Electronics,4,4775,14707.0,23.0,No,None,Wallet,5,3.7,No
ORD102637,2024-05-30,CUST7931,Regular,Fashion,2,7647,9941.1,35.0,No,None,Credit Card,6,3.5,No
ORD102638,2024-08-23,CUST9629,Premium,Electronics,2,9331,12503.539999999999,33.0,No,None,UPI,5,4.7,No
ORD102639,2024-08-11,CUST5275,Regular,Home Decor,5,4309,16158.75,25.0,Yes,Independence Day,UPI,2,4.8,Yes
ORD102640,2024-07-21,CUST1712,Regular,Fashion,1,4223,2576.0299999999997,39.0,No,None,UPI,3,4.2,No
ORD102641,2024-09-12,CUST3058,Regular,Groceries,1,8169,6453.51,21.0,No,None,Credit Card,2,3.8,No
ORD102642,2024-03-26,CUST7413,Premium,Groceries,4,789,2682.6,15.0,Yes,Holi,Wallet,7,2.7,No
ORD102643,2024-05-29,CUST7792,New,Electronics,5,1982,6045.099999999999,39.0,No,None,Credit Card,3,3.3,No
ORD102644,2024-08-22,CUST1816,Premium,Home Decor,2,4768,5626.240000000001,41.0,No,None,COD,1,3.2,No
ORD102645,2024-12-10,CUST7940,Regular,Groceries,1,9599,8159.15,15.0,No,None,Wallet,6,2.6,No
ORD102646,2024-01-22,CUST1800,New,Beauty,1,4612,4427.5199999999995,4.0,Yes,Republic Day,Credit Card,7,4.6,No
ORD102647,2024-12-13,CUST4893,Premium,Fashion,3,9238,26328.3,5.0,No,None,Wallet,1,4.7,No
ORD102648,2024-10-11,CUST7857,New,Beauty,2,4880,5758.400000000001,41.0,No,None,Credit Card,1,4.8,No
ORD102649,2024-09-25,CUST9384,Regular,Groceries,5,9190,35381.5,23.0,No,None,COD,3,4.4,No
ORD102650,2024-09-14,CUST5985,Regular,Groceries,1,670,475.7,29.0,No,None,COD,1,4.3,No
ORD102651,2024-01-29,CUST1402,Premium,Electronics,5,5027,16086.4,36.0,Yes,Republic Day,,2,3.7,Yes
ORD102652,2024-07-31,CUST2082,Regular,Electronics,2,5267,7268.459999999999,31.0,No,None,UPI,7,4.6,No
ORD102653,2024-10-09,CUST9303,Premium,Fashion,2,3194,5238.160000000001,18.0,No,None,COD,3,3.8,No
ORD102654,2024-02-19,CUST1849,New,Electronics,1,3329,1864.2400000000002,44.0,No,None,UPI,5,2.6,No
ORD102655,2024-04-04,CUST2748,New,Home Decor,4,6367,18591.64,,No,None,Wallet,7,4.0,No
ORD102656,2024-03-28,CUST8805,New,Fashion,5,1513,4085.1000000000004,46.0,Yes,Holi,Wallet,3,3.5,No
ORD102657,2024-02-13,CUST1879,Premium,Home Decor,5,6746,31368.899999999998,7.0,No,None,Wallet,7,3.8,No
ORD102658,2024-10-04,CUST1441,Regular,Electronics,3,9439,16423.86,42.0,No,None,Credit Card,2,3.6,No
ORD102659,2024-06-19,CUST8154,Regular,Fashion,2,9479,18958.0,0.0,No,,Credit Card,6,3.7,No
ORD102660,2024-07-07,CUST1590,Regular,Groceries,2,8134,15779.96,3.0,No,None,UPI,2,2.8,No
ORD102661,2024-12-18,CUST2088,Premium,Beauty,1,5558,4390.820000000001,21.0,No,None,UPI,2,2.5,No
ORD102662,2024-07-02,CUST9909,Regular,Groceries,1,482,380.78000000000003,21.0,No,None,UPI,1,3.4,No
ORD102663,2024-01-03,CUST2315,Regular,Home Decor,1,7809,5544.389999999999,29.0,No,None,Credit Card,7,3.1,No
ORD102664,2024-07-09,CUST8466,Premium,Groceries,3,1598,3547.56,26.0,No,None,Credit Card,6,3.1,No
ORD102665,2024-04-27,CUST4112,Premium,Groceries,4,2933,8681.68,26.0,No,None,Wallet,5,4.8,No
ORD102666,2024-01-19,CUST4781,New,Beauty,1,4267,3754.96,12.0,No,None,COD,6,4.5,No
ORD102667,2024-01-23,CUST5240,Premium,Beauty,1,2557,1585.34,38.0,Yes,Republic Day,COD,5,2.5,No
ORD102668,2024-01-30,CUST6170,Premium,Groceries,1,3438,2544.12,26.0,Yes,Republic Day,Credit Card,4,2.5,No
ORD102669,2024-10-21,CUST9835,Premium,Beauty,3,8189,15231.539999999999,38.0,Yes,Diwali,COD,6,4.4,No
ORD102670,2024-04-17,CUST2327,New,Groceries,5,7410,23341.5,37.0,No,None,Wallet,6,5.0,No
ORD102671,2024-10-07,CUST7367,Premium,Fashion,4,987,3671.64,7.0,No,None,COD,7,3.7,No
ORD102672,2024-05-07,CUST5483,New,Groceries,5,8434,37531.3,11.0,No,None,UPI,2,3.6,No
ORD102673,2024-08-16,CUST3836,New,Electronics,2,5984,9215.36,23.0,Yes,Independence Day,Wallet,6,3.2,No
ORD102674,2024-04-20,CUST7865,New,Beauty,2,4843,8039.379999999999,17.0,No,None,Credit Card,1,4.2,No
ORD102675,2024-05-15,CUST9871,Regular,Beauty,1,4521,3888.06,14.0,No,None,UPI,7,3.7,No
ORD102676,2024-12-27,CUST9582,Regular,Home Decor,5,4928,20944.0,15.0,Yes,Christmas/New Year,Credit Card,3,2.9,No
ORD102677,2024-07-04,CUST4159,Regular,Home Decor,3,5840,11913.599999999999,32.0,No,None,Credit Card,1,3.7,No
ORD102678,2024-05-23,CUST4821,Regular,Electronics,4,3610,13140.4,9.0,No,None,UPI,2,3.4,No
ORD102679,2024-03-12,CUST3004,Regular,Beauty,5,1558,4206.6,46.0,No,None,Wallet,1,4.7,Yes
ORD102680,2024-05-08,CUST8341,Regular,Beauty,5,9596,36944.6,23.0,No,None,Credit Card,6,4.4,No
ORD102681,2024-12-29,CUST2306,Regular,Home Decor,4,737,1650.88,44.0,Yes,Christmas/New Year,UPI,2,4.3,No
ORD102682,2024-09-17,CUST4674,Premium,Home Decor,5,4068,16678.800000000003,18.0,No,None,UPI,7,3.3,No
ORD102683,2024-01-03,CUST5791,Premium,Groceries,5,4776,17671.2,26.0,No,None,Credit Card,6,2.8,No
ORD102684,2024-04-13,CUST1171,Regular,Beauty,4,4725,10584.000000000002,44.0,No,None,Credit Card,3,4.7,No
ORD102685,2024-08-11,CUST2831,Premium,Beauty,3,3783,6809.4,40.0,Yes,Independence Day,Wallet,3,3.4,No
ORD102686,2024-11-15,CUST3976,Premium,Groceries,4,8098,22674.399999999998,30.0,No,None,UPI,5,4.0,No
ORD102687,2024-12-27,CUST5242,Premium,Beauty,1,1550,1240.0,20.0,Yes,Christmas/New Year,COD,6,4.0,No
ORD102688,2024-12-19,CUST4203,New,Electronics,1,9336,7935.599999999999,15.0,No,None,COD,4,4.8,No
ORD102689,2024-01-10,CUST3759,Regular,Home Decor,1,4056,3163.6800000000003,22.0,No,None,Credit Card,1,2.9,No
ORD102690,2024-10-28,CUST8429,Regular,Home Decor,1,2825,2457.75,13.0,Yes,Diwali,Credit Card,4,4.4,No
ORD102691,2024-08-18,CUST4787,Regular,Home Decor,2,4507,7030.92,22.0,Yes,Independence Day,Wallet,1,3.7,No
ORD102692,2024-08-06,CUST9127,Regular,Fashion,3,9242,16635.6,40.0,No,None,COD,5,2.9,No
ORD102693,2024-03-06,CUST4253,Premium,Electronics,2,3125,5187.5,17.0,No,None,Credit Card,5,4.6,No
ORD102694,2024-04-21,CUST4077,Regular,Electronics,5,9387,30507.75,35.0,No,None,Credit Card,3,4.6,No
ORD102695,2024-01-13,CUST2271,Regular,Groceries,5,6914,30767.3,11.0,No,None,COD,7,2.6,No
ORD102696,2024-03-26,CUST8575,Regular,Fashion,4,7397,18936.32,36.0,Yes,Holi,Credit Card,7,4.3,No
ORD102697,2024-08-21,CUST5049,Regular,Beauty,1,6206,5585.400000000001,10.0,No,None,COD,3,2.9,No
ORD102698,2024-03-30,CUST8062,Premium,Electronics,4,8741,33565.44,4.0,Yes,Holi,COD,6,4.0,No
ORD102699,2024-11-09,CUST4698,Premium,Fashion,5,1737,6948.0,20.0,Yes,Diwali,Wallet,3,4.1,No
ORD102700,2024-02-23,CUST1235,Regular,Fashion,1,2928,2020.32,31.0,No,None,COD,6,4.2,No
ORD102701,2024-01-12,CUST3392,Regular,Electronics,3,7581,16374.96,28.0,No,None,Credit Card,1,2.8,No
ORD102702,2024-07-27,CUST4833,Regular,Groceries,5,4546,21366.199999999997,6.0,No,None,UPI,6,4.0,Yes
ORD102703,2024-01-14,CUST2389,Regular,Fashion,4,2566,6671.6,35.0,No,None,UPI,7,2.7,No
ORD102704,2024-04-30,CUST7618,New,Home Decor,4,7228,17636.32,39.0,No,None,UPI,4,4.4,No
ORD102705,2024-01-20,CUST1356,Regular,Fashion,5,7068,26151.6,26.0,Yes,Republic Day,Wallet,7,2.7,No
ORD102706,2024-03-15,CUST2770,Premium,Beauty,2,4075,7742.5,5.0,No,None,Credit Card,4,4.4,Yes
ORD102707,2024-08-30,CUST5163,New,Electronics,3,6241,11795.49,37.0,Yes,Raksha Bandhan,Wallet,3,4.7,Yes
ORD102708,2024-08-10,CUST7041,Regular,Beauty,5,3801,18434.85,3.0,Yes,Independence Day,Wallet,5,3.2,No
ORD102709,2024-03-10,CUST3575,Regular,Groceries,5,4374,12028.500000000002,45.0,No,None,Wallet,4,4.4,No
ORD102710,2024-11-07,CUST9713,New,Home Decor,4,1123,2964.72,34.0,Yes,Diwali,Credit Card,5,3.5,No
ORD102711,2024-07-29,CUST3368,New,Electronics,1,818,744.38,9.0,No,None,Credit Card,3,4.5,No
ORD102712,2024-04-10,CUST2652,Regular,Fashion,1,4600,2898.0,37.0,No,None,Credit Card,1,4.2,No
ORD102713,2024-07-04,CUST3563,Premium,Home Decor,1,6542,3336.42,49.0,No,None,UPI,6,3.2,No
ORD102714,2024-05-11,CUST1438,New,Fashion,4,3503,9948.519999999999,29.0,No,None,COD,2,3.0,No
ORD102715,2024-04-20,CUST6141,Regular,Groceries,1,9439,5569.010000000001,41.0,No,None,Credit Card,4,4.8,No
ORD102716,2024-05-11,CUST5194,New,Electronics,5,5780,26588.0,8.0,No,None,Credit Card,6,4.6,No
ORD102717,2024-01-20,CUST8810,Regular,Groceries,2,7800,13260.0,15.0,Yes,Republic Day,Wallet,6,4.1,No
ORD102718,2024-01-24,CUST1663,Premium,Groceries,2,8322,16144.68,3.0,Yes,Republic Day,Credit Card,3,3.4,Yes
ORD102719,2024-08-14,CUST3704,New,Groceries,2,282,423.0,25.0,Yes,Independence Day,COD,3,3.8,No
ORD102720,2024-06-02,CUST2963,New,Groceries,1,292,210.23999999999998,28.0,No,None,UPI,6,3.9,No
ORD102721,2024-10-19,CUST3367,Regular,Fashion,2,6960,10161.6,27.0,No,None,Credit Card,4,2.7,No
ORD102722,2024-08-17,CUST8475,Regular,Beauty,1,7575,6817.5,10.0,Yes,Independence Day,UPI,2,4.9,No
ORD102723,2024-11-05,CUST9441,Premium,Fashion,5,8037,29335.05,27.0,Yes,Diwali,Credit Card,7,2.7,No
ORD102724,2024-12-24,CUST3149,Premium,Home Decor,5,6924,19733.4,43.0,Yes,Christmas/New Year,UPI,1,4.3,No
ORD102725,2024-07-20,CUST3061,Premium,Groceries,4,3248,8964.48,31.0,No,None,Credit Card,4,3.7,No
ORD102726,2024-02-07,CUST2966,New,Home Decor,4,1667,5134.36,23.0,No,None,Wallet,6,4.4,No
ORD102727,2024-09-16,CUST1478,New,Fashion,3,5689,10069.53,41.0,No,None,UPI,1,3.2,Yes
ORD102728,2024-07-06,CUST3941,Regular,Groceries,5,2898,8983.8,38.0,No,None,Wallet,3,3.5,No
ORD102729,2024-02-26,CUST8416,Regular,Fashion,1,9183,8632.019999999999,6.0,No,None,Wallet,6,3.8,No
ORD102730,2024-01-20,CUST2186,Regular,Groceries,3,675,1680.75,17.0,Yes,Republic Day,Credit Card,6,2.8,No
ORD102731,2024-09-29,CUST8829,Premium,Fashion,5,8895,43585.5,2.0,No,None,Wallet,4,4.6,No
ORD102732,2024-04-28,CUST6719,Premium,Electronics,1,430,245.10000000000002,43.0,No,None,Wallet,1,5.0,No
ORD102733,2024-03-11,CUST4364,Premium,Beauty,5,7221,19857.75,45.0,No,None,Credit Card,5,3.5,No
ORD102734,2024-01-04,CUST9799,Regular,Beauty,5,9978,40410.9,19.0,No,None,Wallet,5,3.4,No
ORD102735,2024-08-08,CUST9958,Regular,Groceries,1,7033,4712.11,33.0,No,None,UPI,5,4.0,No
ORD102736,2024-01-14,CUST2871,Regular,Electronics,5,2456,8718.8,29.0,No,None,UPI,6,4.2,No
ORD102737,2024-01-03,CUST8245,Premium,Home Decor,5,4170,19182.0,8.0,No,None,COD,7,4.7,No
ORD102738,2024-08-03,CUST1541,Regular,Electronics,5,5038,22922.9,9.0,No,None,COD,1,3.4,No
ORD102739,2024-08-16,CUST1475,Regular,Groceries,4,583,2215.4,5.0,Yes,Independence Day,COD,5,4.4,No
ORD102740,2024-12-01,CUST9036,Regular,Electronics,2,960,1612.8,16.0,No,None,COD,3,3.1,No
ORD102741,2024-07-04,CUST8001,Premium,Home Decor,5,5443,23404.9,14.0,No,None,Wallet,6,4.2,No
ORD102742,2024-02-24,CUST5866,Regular,Groceries,1,4152,2823.3599999999997,32.0,No,None,UPI,7,3.7,No
ORD102743,2024-09-10,CUST1882,New,Beauty,5,1142,5024.8,12.0,No,None,COD,7,4.2,No
ORD102744,2024-01-24,CUST7870,Premium,Electronics,4,2895,6832.200000000001,41.0,Yes,Republic Day,Wallet,1,3.4,No
ORD102745,2024-06-10,CUST1684,Premium,Beauty,4,1496,3410.8800000000006,43.0,No,None,Credit Card,7,3.2,No
ORD102746,2024-06-06,CUST4880,Premium,Beauty,5,2347,9270.65,21.0,No,None,UPI,3,3.7,No
ORD102747,2024-03-22,CUST2383,Regular,Fashion,3,7074,18038.7,15.0,Yes,Holi,Credit Card,2,4.7,Yes
ORD102748,2024-06-07,CUST4058,Regular,Home Decor,2,4596,6158.639999999999,,No,None,COD,1,4.2,No
ORD102749,2024-07-06,CUST8656,New,Electronics,1,808,791.84,2.0,No,None,COD,5,4.0,No
ORD102750,2024-02-29,CUST8612,Premium,Beauty,1,1081,1005.3299999999999,7.0,No,None,COD,5,4.3,No
ORD102751,2024-10-31,CUST7429,New,Beauty,1,7516,6087.96,19.0,Yes,Diwali,UPI,6,4.3,No
ORD102752,2024-11-14,CUST4723,Premium,Home Decor,1,5091,2749.1400000000003,46.0,No,None,Credit Card,2,3.2,No
ORD102753,2024-12-31,CUST1774,Regular,Beauty,4,6680,20574.4,23.0,Yes,Christmas/New Year,Credit Card,6,3.1,Yes
ORD102754,2024-07-29,CUST4019,Regular,Beauty,2,7705,12790.3,17.0,No,None,UPI,4,3.8,No
ORD102755,2024-05-31,CUST4962,Premium,Beauty,5,2194,8556.6,22.0,No,None,COD,2,2.9,Yes
ORD102756,2024-04-18,CUST5169,Regular,Beauty,5,1523,7615.0,0.0,No,None,COD,5,3.7,Yes
ORD102757,2024-03-16,CUST2375,Regular,Fashion,3,7968,23664.96,1.0,No,None,Wallet,5,4.2,No
ORD102758,2024-01-30,CUST5736,New,Fashion,5,1211,5812.8,4.0,Yes,Republic Day,UPI,4,2.5,No
ORD102759,2024-11-09,CUST6914,Regular,Groceries,2,7103,11790.98,17.0,Yes,Diwali,Credit Card,7,2.8,No
ORD102760,2024-04-26,CUST7437,Regular,Electronics,5,888,3774.0,15.0,No,None,Wallet,2,4.9,No
ORD102761,2024-12-21,CUST7372,New,Home Decor,4,4268,15535.52,9.0,Yes,Christmas/New Year,Credit Card,3,4.8,No
ORD102762,2024-07-10,CUST7646,New,Groceries,5,9634,34682.4,28.0,No,None,Credit Card,2,3.5,No
ORD102763,2024-01-19,CUST7339,Regular,Fashion,1,3647,2407.0199999999995,34.0,No,None,Wallet,3,4.0,Yes
ORD102764,2024-06-21,CUST8091,New,Fashion,1,8097,6153.72,24.0,No,None,Credit Card,5,2.9,No
ORD102765,2024-08-15,CUST7355,New,Fashion,1,7455,4398.450000000001,41.0,Yes,Independence Day,Wallet,5,3.3,No
ORD102766,2024-12-15,CUST9129,Regular,Groceries,1,8275,6371.75,23.0,No,None,Wallet,2,4.5,No
ORD102767,2024-07-01,CUST8882,Regular,Fashion,4,8832,31088.64,12.0,No,None,Wallet,5,4.6,No
ORD102768,2024-04-22,CUST2089,Regular,Groceries,4,9616,30771.2,20.0,No,None,COD,6,3.5,No
ORD102769,2024-07-01,CUST7659,Premium,Fashion,4,2662,6282.320000000001,,No,None,COD,7,3.3,No
ORD102770,2024-05-25,CUST9234,Regular,Beauty,5,5323,15436.700000000003,42.0,No,None,UPI,6,4.2,No
ORD102771,2024-11-14,CUST4336,New,Beauty,1,4378,2714.36,38.0,No,None,UPI,7,4.3,No
ORD102772,2024-04-25,CUST6455,Premium,Electronics,3,6349,12761.489999999998,33.0,No,,Wallet,7,5.0,No
ORD102773,2024-04-22,CUST9167,Premium,Fashion,3,1952,4801.92,18.0,No,None,UPI,6,4.2,No
ORD102774,2024-09-07,CUST4280,New,Electronics,1,4829,3525.17,27.0,No,None,COD,4,3.1,No
ORD102775,2024-09-07,CUST9125,New,Groceries,2,6116,9051.68,26.0,No,None,COD,1,2.6,No
ORD102776,2024-10-29,CUST9956,Regular,Electronics,5,4746,12102.300000000001,49.0,Yes,Diwali,Wallet,3,3.1,No
ORD102777,2024-11-08,CUST5554,Regular,Fashion,3,3559,8007.75,25.0,Yes,Diwali,COD,5,3.1,No
ORD102778,2024-04-27,CUST8111,Premium,Groceries,4,5213,18766.8,10.0,No,None,,7,2.7,No
ORD102779,2024-10-27,CUST2173,Regular,Groceries,2,7804,8116.16,48.0,Yes,Diwali,UPI,7,3.6,No
ORD102780,2024-06-09,CUST1665,Regular,Beauty,4,4214,11124.96,34.0,No,None,COD,3,3.2,No
ORD102781,2024-07-16,CUST2411,Premium,Groceries,2,1099,1780.38,19.0,No,None,Wallet,7,4.8,No
ORD102782,2024-09-16,CUST1858,New,Groceries,2,1389,2472.42,11.0,No,None,Wallet,2,3.5,No
ORD102783,2024-05-27,CUST3187,Regular,Electronics,5,852,3109.7999999999997,27.0,No,None,Credit Card,4,4.7,No
ORD102784,2024-08-27,CUST1125,Premium,Groceries,4,8196,32456.16,1.0,Yes,Raksha Bandhan,Wallet,3,3.3,No
ORD102785,2024-02-16,CUST9200,Regular,Home Decor,4,1182,4728.0,0.0,No,None,Wallet,5,4.6,No
ORD102786,2024-07-16,CUST2705,Premium,Beauty,3,775,2139.0,8.0,No,None,COD,1,3.6,No
ORD102787,2024-02-16,CUST7629,Regular,Beauty,1,8724,6891.96,21.0,No,None,Credit Card,6,2.6,No
ORD102788,2024-03-18,CUST6164,New,Groceries,1,4507,2749.27,39.0,No,None,Credit Card,4,3.7,No
ORD102789,2024-05-03,CUST8276,Regular,Electronics,3,8680,19269.6,26.0,No,None,Credit Card,7,3.1,No
ORD102790,2024-03-15,CUST8721,Premium,Beauty,2,6953,12793.52,8.0,No,None,COD,2,3.3,No
ORD102791,2024-12-24,CUST3766,Regular,Beauty,3,7940,22390.8,6.0,Yes,Christmas/New Year,UPI,5,4.2,No
ORD102792,2024-05-16,CUST4219,Regular,Home Decor,3,1255,2447.25,35.0,No,None,Wallet,4,3.8,No
ORD102793,2024-03-30,CUST7202,Regular,Groceries,4,6226,13199.12,47.0,Yes,Holi,Credit Card,7,4.7,Yes
ORD102794,2024-11-20,CUST1530,Regular,Beauty,3,4569,8635.41,37.0,No,None,Credit Card,5,4.8,No
ORD102795,2024-03-01,CUST4536,Regular,Beauty,2,1524,1554.48,49.0,No,None,COD,2,4.2,No
ORD102796,2024-05-17,CUST9146,Regular,Beauty,1,3795,3757.05,1.0,No,None,COD,2,4.7,No
ORD102797,2024-02-19,CUST8227,Premium,Beauty,5,4027,11678.300000000001,42.0,No,None,Credit Card,1,3.0,No
ORD102798,2024-09-15,CUST8316,Premium,Electronics,3,2523,7266.24,4.0,No,None,UPI,7,2.7,No
ORD102799,2024-04-16,CUST1642,Regular,Fashion,3,2082,5246.639999999999,16.0,No,None,COD,7,3.3,No
ORD102800,2024-04-22,CUST7046,Premium,Home Decor,4,1353,3463.6800000000003,36.0,No,None,Credit Card,4,3.3,No
ORD102801,2024-12-15,CUST3589,Regular,Electronics,4,3570,9424.8,34.0,No,None,UPI,1,4.2,No
ORD102802,2024-09-10,CUST2482,Premium,Home Decor,3,8488,23681.519999999997,7.0,No,None,COD,1,4.6,No
ORD102803,2024-04-27,CUST2192,Regular,Beauty,3,476,828.2400000000001,42.0,No,None,UPI,7,3.2,No
ORD102804,2024-07-16,CUST1543,Premium,Home Decor,2,5604,10983.84,2.0,No,None,Credit Card,1,3.6,No
ORD102805,2024-12-02,CUST3891,Regular,Groceries,1,5492,5382.16,2.0,No,None,UPI,6,,No
ORD102806,2024-12-30,CUST4855,New,Groceries,1,8723,8723.0,0.0,Yes,Christmas/New Year,Credit Card,7,3.5,No
ORD102807,2024-02-20,CUST5213,Regular,Fashion,5,4398,16932.3,23.0,No,None,COD,3,3.0,No
ORD102808,2024-09-01,CUST7612,Regular,Fashion,1,3896,2181.76,44.0,No,None,Wallet,2,3.5,No
ORD102809,2024-02-04,CUST4399,Regular,Home Decor,5,3402,12077.099999999999,29.0,No,None,Wallet,1,3.2,No
ORD102810,2024-10-28,CUST7776,New,Electronics,4,2286,5394.960000000001,41.0,Yes,Diwali,Credit Card,3,4.5,No
ORD102811,2024-03-09,CUST6850,Premium,Electronics,5,506,1897.5,25.0,No,None,Wallet,3,2.5,No
ORD102812,2024-12-14,CUST4421,Premium,Beauty,5,1083,3411.45,37.0,No,None,Credit Card,3,3.3,No
ORD102813,2024-11-15,CUST7650,New,Electronics,1,6863,3980.5400000000004,42.0,No,None,Wallet,1,4.9,No
ORD102814,2024-02-18,CUST3277,New,Fashion,3,6389,11691.869999999999,39.0,No,None,Wallet,3,4.2,Yes
ORD102815,2024-03-14,CUST9602,Premium,Electronics,4,4489,10414.480000000001,42.0,No,None,COD,1,4.4,No
ORD102816,2024-07-10,CUST3962,Regular,Beauty,2,3789,4774.14,37.0,No,None,Credit Card,4,4.6,No
ORD102817,2024-09-17,CUST9777,New,Groceries,5,3841,10946.85,43.0,No,None,UPI,2,3.4,No
ORD102818,2024-12-21,CUST6533,Regular,Electronics,5,7536,19216.8,49.0,Yes,Christmas/New Year,COD,5,2.7,No
ORD102819,2024-03-10,CUST9083,Premium,Electronics,5,5308,26009.2,2.0,No,None,UPI,1,3.5,No
ORD102820,2024-03-30,CUST6914,Premium,Fashion,3,2362,6235.68,12.0,Yes,Holi,COD,2,4.1,No
ORD102821,2024-09-16,CUST2239,Premium,Home Decor,2,6909,8981.7,35.0,No,None,Credit Card,1,3.4,No
ORD102822,2024-05-05,CUST4776,Premium,Groceries,1,5367,3220.2,40.0,No,None,UPI,6,3.6,No
ORD102823,2024-08-18,CUST6648,Premium,Home Decor,4,3341,7082.92,47.0,Yes,Independence Day,COD,4,4.6,No
ORD102824,2024-10-21,CUST5963,New,Beauty,3,6331,16903.77,11.0,Yes,Diwali,Wallet,7,2.6,No
ORD102825,2024-05-08,CUST1949,Regular,Beauty,2,4803,7780.860000000001,19.0,No,None,UPI,2,3.3,No
ORD102826,2024-10-06,CUST6632,Regular,Home Decor,4,354,877.92,38.0,No,None,COD,2,3.7,No
ORD102827,2024-11-08,CUST8579,Premium,Fashion,1,3830,2183.1000000000004,43.0,Yes,Diwali,COD,3,3.2,No
ORD102828,2024-04-09,CUST5720,New,Fashion,4,8852,32929.439999999995,7.0,No,None,UPI,7,3.6,No
ORD102829,2024-11-21,CUST8880,Regular,Fashion,5,1596,4309.200000000001,46.0,No,None,Wallet,1,3.5,No
ORD102830,2024-10-23,CUST8324,Regular,Groceries,5,9182,45450.9,1.0,Yes,Diwali,UPI,1,4.8,No
ORD102831,2024-06-30,CUST4959,Regular,Beauty,3,6997,18891.9,10.0,No,None,UPI,5,3.7,No
ORD102832,2024-06-22,CUST6807,Regular,Beauty,4,6794,21740.800000000003,20.0,No,None,UPI,3,3.7,No
ORD102833,2024-11-11,CUST7345,New,Beauty,5,3909,12508.800000000001,36.0,No,None,COD,7,3.1,No
ORD102834,2024-12-29,CUST7269,Premium,Groceries,3,2067,5890.95,5.0,Yes,Christmas/New Year,Wallet,3,2.6,No
ORD102835,2024-07-06,CUST5429,Premium,Beauty,3,776,1908.96,18.0,No,None,UPI,5,3.2,No
ORD102836,2024-02-26,CUST4321,Premium,Home Decor,3,7463,15896.189999999999,29.0,No,None,UPI,3,2.6,No
ORD102837,2024-01-31,CUST6462,Premium,Electronics,1,3964,2180.2000000000003,45.0,No,None,UPI,3,4.6,No
ORD102838,2024-03-24,CUST7222,Regular,Groceries,5,8753,27134.3,38.0,Yes,Holi,UPI,4,3.0,No
ORD102839,2024-05-31,CUST9777,Regular,Electronics,5,656,1869.6000000000001,43.0,No,None,UPI,6,4.8,No
ORD102840,2024-02-05,CUST6952,Regular,Home Decor,2,3761,3911.44,48.0,No,None,UPI,2,4.7,No
ORD102841,2024-07-31,CUST7451,Regular,Fashion,1,3310,2151.5,35.0,No,None,Wallet,7,4.2,No
ORD102842,2024-12-29,CUST5425,Regular,Fashion,5,3729,15102.45,19.0,Yes,Christmas/New Year,,5,4.7,No
ORD102843,2024-04-15,CUST8884,Regular,Fashion,5,5107,23236.850000000002,9.0,No,None,Wallet,4,4.7,No
ORD102844,2024-12-07,CUST8149,Regular,Groceries,2,5168,7958.72,23.0,No,,Credit Card,6,,No
ORD102845,2024-08-07,CUST7519,Regular,Fashion,4,8741,23775.519999999997,32.0,No,None,Credit Card,4,3.8,No
ORD102846,2024-06-11,CUST7222,Premium,Groceries,4,4747,13671.359999999999,28.0,No,None,COD,4,4.9,No
ORD102847,2024-08-07,CUST6937,Regular,Groceries,1,4283,3040.93,29.0,No,None,Wallet,3,4.5,No
ORD102848,2024-09-26,CUST7505,New,Electronics,3,308,600.6,35.0,No,None,Wallet,6,2.8,No
ORD102849,2024-04-29,CUST7000,Regular,Fashion,2,7951,8905.12,44.0,No,None,Wallet,6,3.5,No
ORD102850,2024-12-01,CUST7223,Premium,Beauty,2,1431,2718.9,5.0,No,None,UPI,5,3.8,No
ORD102851,2024-06-30,CUST5148,New,Fashion,5,776,2095.2000000000003,46.0,No,None,UPI,3,,No
ORD102852,2024-04-15,CUST5148,New,Fashion,5,440,1914.0,13.0,No,None,COD,3,3.4,No
ORD102853,2024-08-04,CUST4101,New,Fashion,2,7766,15221.36,2.0,No,None,Wallet,4,3.8,No
ORD102854,2024-07-23,CUST8507,Regular,Beauty,3,6009,13880.79,23.0,No,None,UPI,1,2.7,No
ORD102855,2024-03-10,CUST2805,Regular,Beauty,4,6921,22700.88,18.0,No,None,Wallet,5,4.1,No
ORD102856,2024-02-13,CUST7037,Regular,Groceries,1,570,359.1,37.0,No,None,Wallet,5,3.7,No
ORD102857,2024-11-24,CUST9306,Regular,Beauty,4,6254,16760.719999999998,33.0,No,None,UPI,4,4.5,No
ORD102858,2024-10-27,CUST6893,Regular,Groceries,1,297,273.24,8.0,Yes,Diwali,UPI,4,4.2,No
ORD102859,2024-08-15,CUST2411,New,Electronics,3,5806,12366.779999999999,29.0,Yes,Independence Day,Credit Card,7,2.8,No
ORD102860,2024-07-02,CUST7780,Premium,Groceries,2,8356,11531.279999999999,31.0,No,None,UPI,2,3.4,No
ORD102861,2024-04-16,CUST6506,Premium,Fashion,3,9887,26101.68,12.0,No,None,Credit Card,4,4.3,No
ORD102862,2024-03-24,CUST8672,New,Home Decor,2,2655,4407.3,17.0,Yes,Holi,UPI,3,3.3,No
ORD102863,2024-12-03,CUST3296,Premium,Home Decor,5,3646,10391.1,43.0,No,None,Wallet,7,3.9,No
ORD102864,2024-09-06,CUST1542,Premium,Fashion,1,9797,7739.63,21.0,No,None,UPI,4,4.9,No
ORD102865,2024-12-28,CUST9722,Premium,Groceries,5,5011,24303.35,3.0,Yes,Christmas/New Year,COD,5,2.7,No
ORD102866,2024-01-21,CUST4544,Regular,Fashion,2,8027,12522.12,22.0,Yes,Republic Day,Wallet,1,3.0,Yes
ORD102867,2024-07-14,CUST6837,Regular,Beauty,1,2891,2717.54,6.0,No,None,COD,1,3.7,No
ORD102868,2024-06-26,CUST2515,New,Groceries,1,1172,668.0400000000001,43.0,No,None,Wallet,3,4.3,No
ORD102869,2024-01-07,CUST1148,New,Fashion,5,9904,44568.0,10.0,No,None,UPI,1,3.3,No
ORD102870,2024-03-10,CUST3445,New,Beauty,1,8006,4963.72,38.0,No,None,UPI,4,2.8,No
ORD102871,2024-05-06,CUST3238,Regular,Beauty,2,3123,3685.1400000000003,41.0,No,None,UPI,1,3.3,No
ORD102872,2024-06-08,CUST6869,New,Groceries,2,5201,6241.2,40.0,No,None,Credit Card,4,4.1,No
ORD102873,2024-09-04,CUST3516,Regular,Electronics,5,1008,3376.7999999999997,33.0,No,None,UPI,6,4.5,No
ORD102874,2024-07-21,CUST3374,Regular,Electronics,3,7676,22106.879999999997,4.0,No,None,COD,2,4.9,No
ORD102875,2024-05-27,CUST8512,Regular,Beauty,2,6163,7272.340000000001,41.0,No,None,Credit Card,5,4.4,No
ORD102876,2024-05-22,CUST7788,Regular,Electronics,2,6135,9325.2,24.0,No,None,UPI,6,3.7,No
ORD102877,2024-07-17,CUST1573,Regular,Beauty,1,4430,3233.9,27.0,No,None,Credit Card,3,3.2,No
ORD102878,2024-06-02,CUST6087,Regular,Electronics,1,527,458.49,13.0,No,None,Credit Card,2,4.8,No
ORD102879,2024-05-21,CUST1316,Regular,Beauty,2,882,1305.36,26.0,No,None,Wallet,1,3.8,No
ORD102880,2024-11-08,CUST6547,Regular,Beauty,5,323,1372.75,15.0,Yes,Diwali,,3,4.2,No
ORD102881,2024-06-13,CUST2919,Premium,Beauty,3,953,2115.66,26.0,No,None,Credit Card,7,3.7,No
ORD102882,2024-11-09,CUST8591,Premium,Beauty,1,8314,8230.86,1.0,Yes,Diwali,Wallet,4,3.1,Yes
ORD102883,2024-01-21,CUST8657,Regular,Home Decor,1,1806,1480.92,18.0,Yes,Republic Day,UPI,2,3.9,No
ORD102884,2024-03-22,CUST4763,Regular,Electronics,3,6725,15736.5,22.0,Yes,Holi,COD,5,4.6,No
ORD102885,2024-03-09,CUST1670,Premium,Beauty,1,3778,2266.7999999999997,40.0,No,None,Credit Card,5,3.5,No
ORD102886,2024-05-10,CUST7656,Premium,Fashion,5,4866,21167.1,13.0,No,None,COD,2,4.2,No
ORD102887,2024-03-27,CUST7566,Regular,Groceries,1,7408,4000.32,46.0,Yes,Holi,Credit Card,2,2.6,No
ORD102888,2024-08-05,CUST2488,Premium,Fashion,1,9860,7395.0,25.0,No,None,COD,2,4.8,No
ORD102889,2024-10-31,CUST7699,New,Fashion,2,3045,5663.7,7.0,Yes,Diwali,Wallet,1,4.9,No
ORD102890,2024-12-10,CUST5146,Regular,Home Decor,5,3138,11610.6,26.0,No,None,Credit Card,6,3.5,No
ORD102891,2024-12-06,CUST8238,Regular,Electronics,5,6519,17601.300000000003,46.0,No,None,Credit Card,6,3.7,Yes
ORD102892,2024-06-09,CUST8958,Regular,Home Decor,2,2627,3204.94,39.0,No,None,UPI,6,2.9,No
ORD102893,2024-06-26,CUST2733,Premium,Electronics,4,8556,24983.52,27.0,No,None,UPI,5,3.0,No
ORD102894,2024-04-26,CUST8297,Regular,Beauty,3,9901,28811.91,3.0,No,None,Credit Card,7,4.0,No
ORD102895,2024-07-14,CUST6543,Regular,Home Decor,5,8356,26321.4,37.0,No,None,Wallet,5,4.1,Yes
ORD102896,2024-11-22,CUST4558,Regular,Groceries,4,7107,25585.2,10.0,No,None,COD,1,3.4,No
ORD102897,2024-03-26,CUST5140,New,Electronics,3,7932,13563.720000000001,43.0,Yes,Holi,UPI,3,3.4,No
ORD102898,2024-10-15,CUST7576,Premium,Home Decor,5,6086,23431.100000000002,23.0,No,None,UPI,5,3.8,No
ORD102899,2024-03-21,CUST4372,Premium,Groceries,1,9592,7002.16,27.0,Yes,Holi,UPI,3,4.8,No
ORD102900,2024-05-31,CUST8706,New,Fashion,5,5368,16104.0,40.0,No,None,UPI,7,2.9,No
ORD102901,2024-03-01,CUST2043,Regular,Beauty,3,3481,8667.689999999999,17.0,No,None,Wallet,3,3.9,No
ORD102902,2024-03-01,CUST1977,New,Beauty,4,9010,18740.8,48.0,No,None,Credit Card,3,2.6,No
ORD102903,2024-12-19,CUST7015,Premium,Fashion,1,2912,2329.6,20.0,No,None,COD,5,3.6,No
ORD102904,2024-01-28,CUST2686,Regular,Home Decor,3,5154,11596.5,25.0,Yes,Republic Day,UPI,4,3.5,No
ORD102905,2024-02-12,CUST9519,New,Fashion,3,3923,11533.619999999999,2.0,No,None,Wallet,3,2.9,No
ORD102906,2024-06-17,CUST8037,New,Groceries,5,1886,8298.4,,No,None,Wallet,6,2.9,No
ORD102907,2024-03-26,CUST1561,New,Electronics,2,7640,9626.4,37.0,Yes,Holi,UPI,7,3.6,No
ORD102908,2024-06-25,CUST6609,Regular,Home Decor,2,1806,2636.7599999999998,27.0,No,None,COD,7,2.8,No
ORD102909,2024-01-17,CUST2600,New,Electronics,1,9745,8478.15,13.0,No,None,UPI,4,3.2,No
ORD102910,2024-04-07,CUST5481,New,Fashion,3,4439,13317.0,0.0,No,None,Wallet,1,2.7,No
ORD102911,2024-07-16,CUST9217,Regular,Beauty,4,9010,26309.2,27.0,No,None,COD,6,3.2,Yes
ORD102912,2024-04-07,CUST9620,Regular,Electronics,1,5303,3446.9500000000003,35.0,No,None,Wallet,7,3.8,No
ORD102913,2024-03-05,CUST4427,Regular,Electronics,1,8745,4459.95,49.0,No,None,Credit Card,4,4.4,Yes
ORD102914,2024-11-25,CUST4600,New,Beauty,5,480,2160.0,10.0,No,,Wallet,4,4.6,Yes
ORD102915,2024-12-06,CUST2121,Premium,Electronics,4,5132,11906.240000000002,42.0,No,None,UPI,2,3.3,No
ORD102916,2024-01-05,CUST7424,Regular,Electronics,3,3750,6862.5,39.0,No,None,COD,3,4.8,No
ORD102917,2024-01-02,CUST1309,Regular,Beauty,3,2159,6282.69,3.0,No,None,UPI,5,3.1,No
ORD102918,2024-01-22,CUST4612,Regular,Beauty,3,589,1183.8899999999999,,Yes,Republic Day,Credit Card,2,2.7,No
ORD102919,2024-04-21,CUST8091,Premium,Fashion,1,5383,5383.0,0.0,No,None,COD,6,4.8,No
ORD102920,2024-02-26,CUST9617,Regular,Fashion,5,4067,18504.850000000002,9.0,No,None,COD,4,3.8,No
ORD102921,2024-03-06,CUST7501,New,Electronics,1,4560,3830.3999999999996,16.0,No,None,COD,1,3.4,No
ORD102922,2024-11-25,CUST8545,Premium,Home Decor,2,2253,4235.639999999999,6.0,No,None,Wallet,5,4.7,No
ORD102923,2024-04-07,CUST6257,Premium,Fashion,2,5208,6457.92,38.0,No,None,UPI,1,4.4,No
ORD102924,2024-05-23,CUST3701,Regular,Fashion,3,8559,22595.76,12.0,No,None,COD,4,4.6,No
ORD102925,2024-05-04,CUST9698,Regular,Home Decor,5,6516,25738.2,21.0,No,None,COD,1,3.2,No
ORD102926,2024-06-15,CUST3485,Regular,Home Decor,3,2366,7098.0,0.0,No,None,COD,2,4.7,No
ORD102927,2024-03-26,CUST1659,Regular,Beauty,3,8306,18190.14,27.0,Yes,Holi,Credit Card,1,4.1,No
ORD102928,2024-03-16,CUST8244,Regular,Fashion,1,6472,4400.96,32.0,No,None,COD,2,4.3,No
ORD102929,2024-12-09,CUST4093,New,Groceries,3,386,1019.04,12.0,No,None,Wallet,3,3.3,No
ORD102930,2024-10-20,CUST2412,Regular,Groceries,3,5382,16146.0,0.0,Yes,,Wallet,7,3.1,No
ORD102931,2024-02-28,CUST3482,Regular,Electronics,5,9689,30520.35,37.0,No,None,COD,5,3.5,No
ORD102932,2024-05-17,CUST8137,Regular,Fashion,5,2845,10811.0,24.0,No,None,Wallet,1,3.9,No
ORD102933,2024-04-08,CUST5829,Regular,Groceries,5,1416,4177.200000000001,41.0,No,None,Wallet,2,4.2,No
ORD102934,2024-07-10,CUST7860,New,Fashion,3,4827,11584.800000000001,20.0,No,None,COD,4,3.7,No
ORD102935,2024-08-30,CUST3270,Regular,Fashion,5,1405,4777.0,32.0,Yes,Raksha Bandhan,Wallet,6,4.2,No
ORD102936,2024-11-14,CUST6162,Regular,Groceries,5,6903,22089.600000000002,36.0,No,None,Credit Card,7,4.3,No
ORD102937,2024-02-18,CUST5969,Premium,Fashion,4,427,1144.36,33.0,No,None,COD,4,4.2,No
ORD102938,2024-02-01,CUST8935,Regular,Home Decor,4,2813,11026.96,2.0,No,None,UPI,2,3.1,No
ORD102939,2024-10-03,CUST7112,Regular,Electronics,2,2336,3317.12,29.0,No,None,Wallet,5,3.6,Yes
ORD102940,2024-01-20,CUST1590,Regular,Beauty,1,7511,7360.78,2.0,Yes,Republic Day,COD,3,4.4,No
ORD102941,2024-06-02,CUST6307,Regular,Groceries,1,7158,5941.139999999999,17.0,No,None,UPI,3,4.7,No
ORD102942,2024-03-08,CUST3981,Regular,Beauty,5,449,1751.1000000000001,22.0,No,None,Credit Card,5,3.8,No
ORD102943,2024-12-31,CUST7814,Regular,Electronics,2,2472,4597.92,7.0,Yes,Christmas/New Year,,6,5.0,No
ORD102944,2024-08-01,CUST8096,New,Home Decor,2,6238,11477.92,8.0,No,None,COD,1,2.9,Yes
ORD102945,2024-05-22,CUST4785,Regular,Home Decor,4,3218,12743.28,1.0,No,None,COD,2,3.1,No
ORD102946,2024-08-19,CUST5636,Premium,Home Decor,2,2415,4781.7,1.0,Yes,Independence Day,Credit Card,3,3.7,No
ORD102947,2024-07-31,CUST5948,Premium,Home Decor,3,2357,5232.54,26.0,No,None,Credit Card,5,3.8,Yes
ORD102948,2024-03-19,CUST2020,Premium,Groceries,5,1996,5289.400000000001,47.0,No,None,Credit Card,3,3.6,No
ORD102949,2024-08-01,CUST9505,Regular,Groceries,3,3444,6405.84,38.0,No,None,UPI,3,3.6,Yes
ORD102950,2024-04-25,CUST6281,Regular,Fashion,1,8246,5359.900000000001,35.0,No,None,UPI,1,3.7,No
ORD102951,2024-04-01,CUST5668,Premium,Fashion,4,496,1904.6399999999999,4.0,No,None,COD,3,3.3,No
ORD102952,2024-09-26,CUST4296,Premium,Electronics,3,2127,6381.0,0.0,No,None,UPI,2,2.8,No
ORD102953,2024-06-16,CUST2875,Premium,Fashion,5,2456,9701.2,21.0,No,None,Wallet,5,4.9,No
ORD102954,2024-02-27,CUST3621,Regular,Electronics,3,7621,20805.33,9.0,No,None,Credit Card,6,4.5,No
ORD102955,2024-10-10,CUST3209,New,Electronics,3,5401,9073.68,44.0,No,None,COD,6,,No
ORD102956,2024-01-26,CUST7772,Regular,Electronics,2,1657,2551.78,23.0,Yes,Republic Day,UPI,6,3.4,No
ORD102957,2024-03-06,CUST5389,Regular,Home Decor,4,3746,12886.24,14.0,No,None,COD,1,3.5,No
ORD102958,2024-09-04,CUST5504,Regular,Beauty,1,7561,5141.48,32.0,No,None,UPI,6,4.8,No
ORD102959,2024-09-10,CUST1553,Regular,Beauty,5,3864,9853.2,49.0,No,None,COD,1,4.9,No
ORD102960,2024-02-13,CUST2644,Regular,Groceries,5,9981,38925.9,22.0,No,None,Credit Card,6,4.9,No
ORD102961,2024-04-06,CUST1881,Premium,Electronics,1,7854,6832.98,13.0,No,None,Credit Card,5,4.1,No
ORD102962,2024-02-11,CUST2979,New,Home Decor,5,295,1224.25,17.0,No,None,Credit Card,2,3.1,No
ORD102963,2024-08-14,CUST6647,New,Fashion,2,4132,6280.64,24.0,Yes,Independence Day,UPI,7,4.0,Yes
ORD102964,2024-09-18,CUST2322,Regular,Fashion,3,9751,23109.870000000003,21.0,No,None,COD,6,4.0,No
ORD102965,2024-06-15,CUST2268,Premium,Groceries,2,7112,8107.680000000001,43.0,No,None,COD,3,4.8,No
ORD102966,2024-10-05,CUST2658,Regular,Groceries,2,6340,7227.6,43.0,No,None,COD,3,3.3,No
ORD102967,2024-03-29,CUST2899,Regular,Electronics,2,1939,2481.92,36.0,Yes,Holi,Wallet,6,3.0,No
ORD102968,2024-06-26,CUST5527,Regular,Electronics,1,1552,1458.8799999999999,6.0,No,None,UPI,2,3.2,Yes
ORD102969,2024-07-15,CUST2055,Regular,Fashion,4,5124,15372.0,25.0,No,None,Credit Card,7,3.1,No
ORD102970,2024-11-02,CUST5653,Regular,Fashion,1,5957,4586.89,23.0,Yes,Diwali,Credit Card,4,4.1,Yes
ORD102971,2024-09-23,CUST8536,Regular,Fashion,1,1742,1532.96,12.0,No,None,COD,5,4.5,No
ORD102972,2024-09-24,CUST6277,Premium,Fashion,2,5444,6532.8,40.0,No,None,COD,2,3.4,No
ORD102973,2024-03-14,CUST5230,New,Beauty,4,1030,3914.0,5.0,No,None,Wallet,3,2.9,No
ORD102974,2024-01-08,CUST4777,Regular,Electronics,1,1805,1444.0,20.0,No,None,UPI,5,3.4,No
ORD102975,2024-10-23,CUST4881,New,Electronics,4,4845,18217.2,6.0,Yes,Diwali,COD,6,3.9,No
ORD102976,2024-06-12,CUST9717,Premium,Fashion,2,8137,13507.42,17.0,No,None,COD,5,4.2,No
ORD102977,2024-03-25,CUST3776,Premium,Home Decor,1,7052,6064.72,14.0,Yes,Holi,UPI,3,3.9,No
ORD102978,2024-03-12,CUST9027,Premium,Fashion,4,6716,24983.519999999997,7.0,No,,COD,2,,No
ORD102979,2024-02-24,CUST2318,Regular,Groceries,5,421,1789.25,15.0,No,None,Credit Card,4,4.8,No
ORD102980,2024-02-16,CUST2404,New,Home Decor,1,4151,2158.52,48.0,No,None,UPI,5,3.6,No
ORD102981,2024-08-25,CUST2506,Premium,Groceries,1,8922,8743.56,2.0,Yes,Raksha Bandhan,Credit Card,6,3.6,No
ORD102982,2024-04-13,CUST5474,New,Home Decor,1,6693,3748.0800000000004,44.0,No,None,Wallet,5,4.9,No
ORD102983,2024-07-28,CUST5644,Premium,Groceries,4,9773,35964.64,8.0,No,None,COD,5,4.7,Yes
ORD102984,2024-02-11,CUST4795,New,Fashion,3,4317,6993.540000000001,46.0,No,None,COD,6,4.5,No
ORD102985,2024-11-11,CUST8639,Premium,Fashion,1,5608,4206.0,25.0,No,None,UPI,6,3.0,No
ORD102986,2024-09-24,CUST3937,Regular,Home Decor,5,953,3573.75,25.0,No,None,Wallet,6,4.6,No
ORD102987,2024-09-19,CUST7491,Regular,Groceries,5,1388,4927.4,29.0,No,None,UPI,7,3.6,No
ORD102988,2024-12-01,CUST9035,Regular,Beauty,2,7308,10815.84,26.0,No,None,Wallet,2,3.0,No
ORD102989,2024-12-30,CUST2634,Regular,Home Decor,3,7687,19601.85,15.0,Yes,Christmas/New Year,UPI,5,5.0,No
ORD102990,2024-09-15,CUST3867,Regular,Home Decor,3,8800,13992.0,47.0,No,None,UPI,6,2.9,Yes
ORD102991,2024-10-09,CUST5302,New,Electronics,4,996,3864.48,3.0,No,None,COD,3,4.8,No
ORD102992,2024-04-23,CUST6048,Premium,Home Decor,2,5345,8765.800000000001,18.0,No,None,COD,3,2.5,No
ORD102993,2024-12-28,CUST4422,New,Beauty,4,6877,18430.359999999997,33.0,Yes,Christmas/New Year,Wallet,6,3.6,No
ORD102994,2024-02-09,CUST7312,New,Fashion,2,1060,2014.0,5.0,No,None,Credit Card,1,2.6,No
ORD102995,2024-08-07,CUST1512,Premium,Groceries,3,4371,7343.280000000001,44.0,No,None,Credit Card,7,4.8,No
ORD102996,2024-05-08,CUST6049,New,Electronics,4,8375,28810.0,14.0,No,None,UPI,5,2.8,No
ORD102997,2024-01-08,CUST9279,Premium,Groceries,2,565,1028.3,9.0,No,None,COD,7,4.2,No
ORD102998,2024-04-10,CUST8556,New,Fashion,3,1714,3033.78,41.0,No,None,UPI,4,4.1,No
ORD102999,2024-06-24,CUST9561,Regular,Home Decor,3,5136,10015.2,35.0,No,None,Wallet,7,4.4,No
ORD103000,2024-04-16,CUST7693,Regular,Beauty,1,3134,1723.7,45.0,No,None,UPI,1,4.4,No
ORD103001,2024-04-10,CUST3511,Regular,Electronics,4,9975,24339.0,39.0,No,None,UPI,5,2.6,No
ORD103002,2024-09-16,CUST8404,Premium,Beauty,1,698,663.1,5.0,No,None,UPI,7,3.5,No
ORD103003,2024-12-31,CUST1931,Premium,Beauty,3,1569,2682.9900000000002,43.0,Yes,Christmas/New Year,Wallet,5,3.3,No
ORD103004,2024-09-02,CUST3175,Regular,Beauty,4,9643,23528.92,39.0,No,None,Wallet,6,4.9,No
ORD103005,2024-10-01,CUST4417,Regular,Beauty,4,9090,34542.0,5.0,No,None,UPI,2,4.4,No
ORD103006,2024-02-01,CUST3603,New,Fashion,5,8316,35758.8,14.0,No,None,COD,7,4.3,No
ORD103007,2024-05-16,CUST5849,Premium,Beauty,2,8523,12273.119999999999,28.0,No,None,Wallet,2,3.6,No
ORD103008,2024-01-12,CUST2536,Regular,Beauty,5,5564,21143.2,24.0,No,None,Credit Card,3,4.7,No
ORD103009,2024-10-28,CUST8182,Premium,Fashion,5,290,1189.0,18.0,Yes,Diwali,UPI,1,2.5,No
ORD103010,2024-01-16,CUST8923,Premium,Groceries,3,671,1751.31,,No,None,COD,1,3.1,No
ORD103011,2024-05-08,CUST2147,New,Fashion,2,6284,12316.64,2.0,No,None,Wallet,6,,No
ORD103012,2024-03-03,CUST2302,Regular,Home Decor,5,9657,24625.350000000002,49.0,No,None,UPI,1,3.8,No
ORD103013,2024-04-18,CUST6655,Regular,Fashion,5,4682,13811.900000000001,41.0,No,,COD,6,3.8,No
ORD103014,2024-01-21,CUST6226,Regular,Groceries,4,5326,11717.2,45.0,Yes,Republic Day,Credit Card,3,3.5,No
ORD103015,2024-06-06,CUST8239,Regular,Home Decor,3,1311,3421.71,13.0,No,None,Wallet,4,2.9,No
ORD103016,2024-09-25,CUST2655,New,Home Decor,5,797,2470.7,38.0,No,None,Wallet,4,2.9,No
ORD103017,2024-06-10,CUST4811,Regular,Electronics,2,9299,11530.76,38.0,No,None,Credit Card,6,3.2,No
ORD103018,2024-09-16,CUST6798,New,Beauty,1,7818,6254.400000000001,20.0,No,None,Wallet,4,3.7,No
ORD103019,2024-04-11,CUST4724,Regular,Home Decor,1,1554,1398.6000000000001,10.0,No,None,COD,6,4.6,No
ORD103020,2024-08-10,CUST4151,New,Home Decor,3,8077,12357.81,49.0,Yes,Independence Day,Wallet,1,3.6,Yes
ORD103021,2024-02-28,CUST8963,Regular,Groceries,1,2589,2355.9900000000002,9.0,No,None,UPI,5,4.7,No
ORD103022,2024-09-03,CUST3775,New,Home Decor,4,4275,14706.0,14.0,No,None,Credit Card,1,2.8,No
ORD103023,2024-05-07,CUST4969,New,Groceries,4,663,1882.9199999999998,29.0,No,None,UPI,6,3.2,No
ORD103024,2024-10-09,CUST1752,New,Beauty,2,1272,1450.0800000000002,43.0,No,None,Wallet,5,2.7,No
ORD103025,2024-11-20,CUST4499,Regular,Electronics,3,5646,14227.92,16.0,No,None,UPI,7,3.8,No
ORD103026,2024-01-25,CUST1034,Regular,Electronics,3,673,1453.6799999999998,28.0,Yes,Republic Day,COD,2,2.7,No
ORD103027,2024-05-10,CUST5574,Premium,Beauty,1,5183,4353.72,16.0,No,None,UPI,6,4.5,No
ORD103028,2024-12-18,CUST5211,Regular,Beauty,5,1138,3869.2,32.0,No,None,COD,6,2.6,No
ORD103029,2024-07-14,CUST4988,Regular,Fashion,5,1510,4756.5,37.0,No,None,COD,3,3.7,No
ORD103030,2024-10-07,CUST6236,Regular,Home Decor,5,7391,29564.0,20.0,No,None,COD,7,3.6,Yes
ORD103031,2024-06-02,CUST2253,Premium,Home Decor,2,2540,2743.2000000000003,46.0,No,None,Credit Card,4,3.0,No
ORD103032,2024-05-12,CUST4101,Premium,Home Decor,3,3720,9709.2,13.0,No,None,UPI,1,4.0,No
ORD103033,2024-08-14,CUST4677,Regular,Groceries,1,4256,3872.96,9.0,Yes,Independence Day,COD,1,3.5,No
ORD103034,2024-07-07,CUST9816,Regular,Fashion,2,1286,1517.4800000000002,41.0,No,None,COD,2,3.0,No
ORD103035,2024-09-21,CUST2108,Regular,Home Decor,4,7897,24638.64,22.0,No,None,UPI,5,4.6,No
ORD103036,2024-05-13,CUST8862,Premium,Groceries,4,7304,18113.92,38.0,No,None,Wallet,4,4.2,No
ORD103037,2024-07-29,CUST8352,Regular,Groceries,4,6932,17191.36,38.0,No,None,Credit Card,3,2.5,No
ORD103038,2024-02-29,CUST5081,Regular,Electronics,3,459,1197.99,13.0,No,None,COD,5,3.8,No
ORD103039,2024-12-29,CUST1007,New,Groceries,4,1856,4008.96,46.0,Yes,Christmas/New Year,Wallet,5,3.2,No
ORD103040,2024-12-29,CUST2573,New,Beauty,5,6490,25635.5,21.0,Yes,Christmas/New Year,Wallet,6,4.8,No
ORD103041,2024-07-31,CUST9047,New,Groceries,4,6113,14671.199999999999,40.0,No,None,Wallet,4,4.3,No
ORD103042,2024-08-03,CUST9720,New,Beauty,2,8173,11932.58,27.0,No,None,COD,3,4.0,No
ORD103043,2024-08-13,CUST7674,Regular,Beauty,4,791,1708.5600000000002,46.0,Yes,Independence Day,COD,7,2.7,No
ORD103044,2024-05-10,CUST6133,Premium,Electronics,5,6067,27908.2,8.0,No,None,COD,7,4.8,No
ORD103045,2024-03-16,CUST5038,Regular,Electronics,4,9824,30650.88,22.0,No,None,UPI,4,2.9,No
ORD103046,2024-10-12,CUST2394,Premium,Groceries,1,5777,5430.38,6.0,No,None,COD,4,3.6,Yes
ORD103047,2024-10-03,CUST2327,Regular,Electronics,5,428,1647.8,23.0,No,None,Credit Card,1,4.2,No
ORD103048,2024-06-04,CUST1578,Premium,Electronics,3,9760,16982.4,42.0,No,None,UPI,3,3.7,No
ORD103049,2024-09-04,CUST3349,Premium,Home Decor,4,1824,4669.4400000000005,36.0,No,None,Credit Card,5,4.7,No
ORD103050,2024-08-05,CUST3476,Regular,Groceries,2,7290,13413.6,8.0,No,None,Wallet,4,4.6,No
ORD103051,2024-07-08,CUST6489,Premium,Groceries,4,4179,10531.08,37.0,No,None,UPI,2,2.8,No
ORD103052,2024-06-11,CUST1851,Regular,Groceries,2,939,1765.32,6.0,No,None,UPI,3,4.0,No
ORD103053,2024-06-28,CUST8451,Regular,Electronics,1,6721,5242.38,22.0,No,None,UPI,2,2.6,No
ORD103054,2024-02-03,CUST5881,Regular,Electronics,3,3374,7692.72,24.0,No,None,Credit Card,5,4.3,No
ORD103055,2024-02-10,CUST3427,Regular,Beauty,5,5249,14434.750000000002,45.0,No,None,Credit Card,3,4.3,No
ORD103056,2024-11-02,CUST2891,Regular,Fashion,5,2847,11245.65,,Yes,Diwali,Wallet,1,3.4,No
ORD103057,2024-12-03,CUST2420,New,Fashion,3,6636,11546.640000000001,42.0,No,None,COD,3,4.5,Yes
ORD103058,2024-11-09,CUST1643,Regular,Fashion,1,5586,5250.84,6.0,Yes,Diwali,Credit Card,5,4.1,Yes
ORD103059,2024-03-15,CUST8040,Regular,Home Decor,1,4771,4532.45,5.0,No,None,Wallet,1,3.8,No
ORD103060,2024-10-05,CUST7413,Regular,Electronics,4,6794,17664.4,35.0,No,None,COD,5,3.6,Yes
ORD103061,2024-06-24,CUST2879,Premium,Beauty,1,7680,4224.0,45.0,No,None,UPI,6,2.8,No
ORD103062,2024-05-29,CUST6241,Premium,Beauty,4,1385,4376.6,21.0,No,None,COD,3,3.8,No
ORD103063,2024-09-29,CUST2688,Premium,Fashion,2,789,1041.4799999999998,34.0,No,None,Credit Card,5,2.9,No
ORD103064,2024-11-20,CUST4262,Premium,Home Decor,3,4417,6890.52,48.0,No,None,Wallet,3,4.1,No
ORD103065,2024-04-17,CUST5433,New,Home Decor,2,7848,8475.84,46.0,No,None,UPI,1,4.0,No
ORD103066,2024-05-18,CUST6456,New,Fashion,2,1335,1815.6,32.0,No,None,UPI,3,3.2,No
ORD103067,2024-12-15,CUST1250,Premium,Fashion,2,3620,5792.0,20.0,No,None,COD,5,3.1,No
ORD103068,2024-09-27,CUST9458,Regular,Electronics,2,201,361.8,10.0,No,None,COD,5,3.7,No
ORD103069,2024-12-12,CUST7356,Premium,Home Decor,5,1091,4800.4,12.0,No,None,Credit Card,6,3.8,No
ORD103070,2024-10-15,CUST7575,Premium,Beauty,1,8082,7920.36,2.0,No,None,UPI,7,4.5,No
ORD103071,2024-07-30,CUST8286,Premium,Fashion,3,8262,21811.68,12.0,No,None,COD,6,3.3,No
ORD103072,2024-09-28,CUST9615,New,Electronics,3,3753,5742.09,49.0,No,None,UPI,5,3.5,Yes
ORD103073,2024-03-06,CUST4911,Premium,Beauty,2,6269,7522.799999999999,40.0,No,None,Wallet,2,3.4,No
ORD103074,2024-09-04,CUST2011,New,Home Decor,3,9363,18819.629999999997,33.0,No,None,Wallet,2,3.5,No
ORD103075,2024-06-04,CUST3155,Regular,Fashion,4,7157,20898.44,27.0,No,None,Credit Card,2,3.9,No
ORD103076,2024-02-16,CUST6653,Regular,Fashion,3,4404,8059.32,39.0,No,None,UPI,4,3.9,No
ORD103077,2024-07-19,CUST9601,Regular,Electronics,2,8671,11619.14,33.0,No,None,COD,6,3.4,No
ORD103078,2024-05-27,CUST5649,New,Electronics,3,5984,12386.88,31.0,No,None,Wallet,3,4.0,No
ORD103079,2024-05-03,CUST7854,New,Home Decor,1,1898,1480.44,22.0,No,None,Wallet,2,4.0,No
ORD103080,2024-01-01,CUST7601,Premium,Fashion,2,3084,4749.36,23.0,No,None,Credit Card,5,3.8,No
ORD103081,2024-09-03,CUST6313,Premium,Electronics,5,3779,18895.0,0.0,No,None,Wallet,5,3.6,No
ORD103082,2024-12-08,CUST2022,Premium,Fashion,1,7395,5694.150000000001,23.0,No,None,Credit Card,2,2.7,No
ORD103083,2024-05-07,CUST8263,New,Home Decor,3,2451,7205.94,2.0,No,None,UPI,6,3.9,No
ORD103084,2024-07-09,CUST9397,New,Fashion,5,4840,20328.0,16.0,No,None,COD,2,4.3,No
ORD103085,2024-03-07,CUST7059,Premium,Beauty,1,2556,2402.64,6.0,No,None,UPI,5,3.0,No
ORD103086,2024-01-04,CUST7963,Premium,Fashion,4,3614,13154.960000000001,9.0,No,None,UPI,2,4.4,Yes
ORD103087,2024-10-29,CUST1886,Regular,Groceries,1,9400,7708.000000000001,18.0,Yes,Diwali,UPI,7,4.0,No
ORD103088,2024-10-20,CUST1284,Premium,Groceries,5,5908,22745.8,23.0,Yes,Diwali,COD,6,3.1,No
ORD103089,2024-05-22,CUST9397,Regular,Home Decor,4,2278,8383.04,8.0,No,None,UPI,4,2.9,No
ORD103090,2024-07-09,CUST8070,Regular,Home Decor,3,4395,6724.35,49.0,No,None,UPI,4,3.1,No
ORD103091,2024-01-21,CUST7860,New,Home Decor,2,2914,5012.08,14.0,Yes,Republic Day,Credit Card,7,4.4,No
ORD103092,2024-08-14,CUST1423,Premium,Beauty,3,7147,11149.32,48.0,Yes,Independence Day,Credit Card,6,3.1,No
ORD103093,2024-11-08,CUST1696,New,Beauty,2,1538,2430.04,21.0,Yes,Diwali,Credit Card,4,4.2,Yes
ORD103094,2024-04-26,CUST2953,Regular,Fashion,2,3889,6533.5199999999995,16.0,No,None,COD,1,3.9,No
ORD103095,2024-10-28,CUST8528,Regular,Electronics,5,6814,27937.4,18.0,Yes,Diwali,Wallet,4,3.9,No
ORD103096,2024-05-21,CUST3356,Regular,Groceries,4,941,3462.88,8.0,No,,Wallet,5,,No
ORD103097,2024-02-08,CUST1506,Regular,Groceries,4,933,2351.16,37.0,No,None,UPI,6,4.7,No
ORD103098,2024-12-20,CUST1923,Regular,Groceries,1,8039,6591.9800000000005,18.0,Yes,Christmas/New Year,Wallet,7,3.8,No
ORD103099,2024-09-08,CUST5090,Regular,Fashion,3,2006,5596.74,7.0,No,None,UPI,1,2.7,No
ORD103100,2024-11-28,CUST3723,Regular,Fashion,5,1953,9276.75,5.0,No,None,Credit Card,5,2.9,No
ORD103101,2024-07-25,CUST1705,Regular,Home Decor,3,7558,11790.48,48.0,No,None,UPI,5,4.9,Yes
ORD103102,2024-07-28,CUST3821,Regular,Electronics,1,6057,3815.91,37.0,No,None,COD,6,2.8,No
ORD103103,2024-04-24,CUST4765,Premium,Home Decor,1,1224,685.44,44.0,No,None,Wallet,6,4.6,No
ORD103104,2024-08-12,CUST2912,Regular,Fashion,5,9874,39496.0,20.0,Yes,Independence Day,UPI,2,3.9,No
ORD103105,2024-05-13,CUST7525,Premium,Beauty,1,5964,4294.08,28.0,No,None,Credit Card,7,2.8,No
ORD103106,2024-09-07,CUST5813,Premium,Home Decor,5,5409,18120.149999999998,33.0,No,None,COD,6,4.8,Yes
ORD103107,2024-08-06,CUST2728,Regular,Fashion,1,3754,3341.06,11.0,No,None,,3,4.8,No
ORD103108,2024-03-31,CUST8167,New,Fashion,4,6416,15911.68,38.0,No,None,UPI,4,4.0,No
ORD103109,2024-12-19,CUST2339,Premium,Beauty,5,5018,17312.1,31.0,No,None,UPI,6,3.5,No
ORD103110,2024-02-15,CUST1472,Premium,Beauty,4,4766,18110.8,5.0,No,None,COD,3,4.0,No
ORD103111,2024-02-07,CUST8416,Regular,Beauty,4,5525,18564.0,16.0,No,None,UPI,3,4.1,No
ORD103112,2024-05-21,CUST6942,Premium,Electronics,5,7094,24474.3,31.0,No,None,Credit Card,2,4.1,No
ORD103113,2024-04-09,CUST1429,New,Fashion,3,7282,20316.78,7.0,No,None,Credit Card,3,4.3,No
ORD103114,2024-11-23,CUST7972,Regular,Beauty,2,3568,4495.68,37.0,No,None,Credit Card,4,2.7,No
ORD103115,2024-07-08,CUST2750,Regular,Electronics,1,2829,2036.8799999999999,,No,None,Credit Card,1,2.8,No
ORD103116,2024-02-04,CUST3808,Regular,Groceries,1,7142,4999.4,30.0,No,None,COD,5,,No
ORD103117,2024-05-26,CUST5384,Premium,Groceries,3,8920,21943.2,18.0,No,None,Credit Card,4,3.4,No
ORD103118,2024-01-30,CUST3922,Regular,Groceries,2,4432,8154.88,8.0,Yes,Republic Day,Credit Card,2,4.1,No
ORD103119,2024-11-29,CUST7836,Premium,Fashion,3,6861,15025.59,27.0,No,None,Wallet,1,2.9,No
ORD103120,2024-03-24,CUST2231,Regular,Electronics,2,8077,8561.62,47.0,Yes,Holi,Credit Card,2,3.9,No
ORD103121,2024-10-07,CUST4579,New,Electronics,5,9863,25150.65,,No,None,COD,7,3.0,No
ORD103122,2024-12-09,CUST6256,Regular,Groceries,5,6475,20072.5,38.0,No,None,Wallet,4,3.4,No
ORD103123,2024-09-26,CUST8338,Regular,Home Decor,4,9759,23811.96,39.0,No,None,Wallet,5,4.8,No
ORD103124,2024-06-02,CUST6507,Premium,Groceries,4,1919,5373.2,30.0,No,None,COD,3,4.7,No
ORD103125,2024-04-11,CUST3679,Regular,Fashion,5,9433,38675.3,18.0,No,None,Wallet,6,4.9,No
ORD103126,2024-08-02,CUST3461,Regular,Groceries,4,3687,10028.64,32.0,No,None,UPI,6,4.0,No
ORD103127,2024-05-29,CUST2667,Regular,Groceries,5,8375,31406.25,25.0,No,None,Credit Card,3,3.8,No
ORD103128,2024-03-23,CUST6585,Premium,Electronics,3,6044,10153.92,44.0,Yes,Holi,UPI,2,4.6,No
ORD103129,2024-04-19,CUST4407,New,Groceries,1,8951,8951.0,0.0,No,None,COD,1,2.7,No
ORD103130,2024-10-01,CUST3243,New,Beauty,5,9956,44802.0,10.0,No,None,UPI,6,4.9,No
ORD103131,2024-07-19,CUST8505,Regular,Beauty,5,6675,33041.25,1.0,No,None,COD,5,3.7,No
ORD103132,2024-10-10,CUST9534,Regular,Home Decor,5,6069,20027.699999999997,34.0,No,None,UPI,2,4.2,Yes
ORD103133,2024-06-21,CUST8545,Premium,Fashion,4,6662,23450.24,12.0,No,None,Credit Card,5,4.3,No
ORD103134,2024-11-22,CUST9215,Premium,Fashion,4,2000,4960.0,38.0,No,None,COD,6,4.1,No
ORD103135,2024-07-24,CUST2731,Regular,Electronics,4,5275,14136.999999999998,33.0,No,None,COD,2,4.7,No
ORD103136,2024-03-03,CUST6648,Regular,Fashion,4,4462,11958.159999999998,33.0,No,None,COD,7,3.2,No
ORD103137,2024-03-13,CUST7942,Regular,Home Decor,3,346,685.0799999999999,34.0,No,None,Wallet,7,3.8,No
ORD103138,2024-09-07,CUST7442,Premium,Beauty,5,4028,13896.599999999999,31.0,No,None,Credit Card,1,3.6,No
ORD103139,2024-05-03,CUST3925,Regular,Electronics,3,2317,3892.5600000000004,44.0,No,None,Wallet,7,4.3,No
ORD103140,2024-04-30,CUST1206,New,Beauty,4,5647,20103.32,11.0,No,,Wallet,4,3.5,No
ORD103141,2024-10-01,CUST7594,Regular,Home Decor,3,5214,10636.56,32.0,No,None,Credit Card,3,4.7,No
ORD103142,2024-04-29,CUST4792,Regular,Electronics,5,6147,25510.05,17.0,No,None,COD,5,3.7,No
ORD103143,2024-11-12,CUST6490,Regular,Groceries,5,518,2486.4,4.0,No,None,Wallet,7,3.8,No
ORD103144,2024-06-12,CUST5301,Regular,Fashion,4,5949,19512.72,18.0,No,None,Wallet,5,3.7,No
ORD103145,2024-10-12,CUST1924,Regular,Home Decor,5,454,1589.0,30.0,No,None,COD,1,4.1,No
ORD103146,2024-09-21,CUST2513,Regular,Electronics,3,9728,21596.16,26.0,No,None,Credit Card,5,3.8,Yes
ORD103147,2024-11-15,CUST4821,Regular,Beauty,2,5257,6203.260000000001,41.0,No,None,Credit Card,4,4.8,No
ORD103148,2024-06-09,CUST4491,Regular,Electronics,5,8726,27486.9,37.0,No,None,Credit Card,4,2.8,No
ORD103149,2024-11-03,CUST3682,Regular,Groceries,3,4593,7027.29,49.0,Yes,Diwali,Wallet,1,2.5,No
ORD103150,2024-03-29,CUST4412,New,Home Decor,3,1244,3209.52,14.0,Yes,Holi,Credit Card,2,3.8,No
ORD103151,2024-05-21,CUST5258,Premium,Electronics,3,1991,3285.15,45.0,No,None,Credit Card,2,4.4,No
ORD103152,2024-07-21,CUST2874,Premium,Home Decor,5,2719,7205.35,47.0,No,None,Wallet,5,4.1,No
ORD103153,2024-11-04,CUST3252,Regular,Home Decor,2,1161,2252.34,3.0,Yes,Diwali,Credit Card,7,4.9,Yes
ORD103154,2024-08-14,CUST4559,Regular,Beauty,4,3949,12952.720000000001,18.0,Yes,Independence Day,UPI,5,3.0,No
ORD103155,2024-11-29,CUST2270,Regular,Fashion,4,4765,15248.0,20.0,No,None,Credit Card,1,4.2,No
ORD103156,2024-08-09,CUST4683,Premium,Groceries,5,7716,23533.8,39.0,No,None,Credit Card,7,4.5,No
ORD103157,2024-02-10,CUST2659,Regular,Electronics,5,3014,15070.0,0.0,No,None,COD,4,4.8,Yes
ORD103158,2024-07-14,CUST2079,Regular,Fashion,1,789,639.09,19.0,No,None,Wallet,1,3.8,No
ORD103159,2024-03-08,CUST2069,Premium,Beauty,2,2188,3457.04,21.0,No,None,COD,2,3.4,No
ORD103160,2024-09-20,CUST4189,Regular,Fashion,3,4065,10731.6,12.0,No,None,UPI,4,4.9,No
ORD103161,2024-01-02,CUST7018,Regular,Home Decor,3,3189,5740.2,40.0,No,None,Credit Card,5,4.5,No
ORD103162,2024-12-26,CUST5072,Regular,Home Decor,4,5865,23460.0,0.0,Yes,Christmas/New Year,COD,2,3.7,No
ORD103163,2024-05-04,CUST4838,Premium,Groceries,5,4741,20386.3,14.0,No,None,COD,7,4.1,No
ORD103164,2024-04-19,CUST5119,Premium,Electronics,2,2160,3715.2,14.0,No,None,UPI,7,3.2,No
ORD103165,2024-03-26,CUST5781,Regular,Electronics,4,9046,31480.079999999998,13.0,Yes,Holi,Credit Card,3,4.0,No
ORD103166,2024-04-29,CUST7898,Regular,Beauty,2,1278,2453.7599999999998,4.0,No,None,COD,2,3.9,No
ORD103167,2024-05-06,CUST3470,Premium,Groceries,5,3274,8512.4,48.0,No,None,Credit Card,4,2.6,Yes
ORD103168,2024-09-11,CUST9194,Regular,Electronics,3,9747,27778.949999999997,5.0,No,None,UPI,4,4.7,Yes
ORD103169,2024-07-01,CUST6291,Premium,Home Decor,1,5229,3137.4,40.0,No,None,UPI,1,3.7,No
ORD103170,2024-01-16,CUST1102,Premium,Groceries,2,9850,13790.0,30.0,No,None,Credit Card,4,3.7,No
ORD103171,2024-03-02,CUST2116,Regular,Fashion,3,7586,17068.5,25.0,No,None,UPI,3,3.2,No
ORD103172,2024-06-06,CUST1756,Regular,Groceries,2,4956,7533.12,24.0,No,None,Wallet,3,3.0,No
ORD103173,2024-09-24,CUST2277,Premium,Groceries,2,6575,6838.0,48.0,No,None,COD,7,3.2,No
ORD103174,2024-02-04,CUST3709,Regular,Electronics,2,4895,6069.8,38.0,No,None,Wallet,4,4.1,No
ORD103175,2024-09-23,CUST2122,Regular,Beauty,5,1119,3412.95,39.0,No,None,Wallet,5,2.7,No
ORD103176,2024-03-04,CUST2743,Premium,Beauty,4,1958,6735.5199999999995,14.0,No,None,UPI,4,3.3,Yes
ORD103177,2024-02-19,CUST6344,Regular,Electronics,2,2031,3858.8999999999996,5.0,No,None,UPI,5,4.9,No
ORD103178,2024-09-11,CUST6427,Regular,Electronics,5,9563,47815.0,0.0,No,None,Credit Card,4,3.2,No
ORD103179,2024-05-28,CUST4843,Regular,Electronics,1,3478,2086.7999999999997,40.0,No,None,Wallet,2,4.9,Yes
ORD103180,2024-11-20,CUST2453,Premium,Beauty,4,559,2101.8399999999997,6.0,No,None,COD,4,2.8,No
ORD103181,2024-10-30,CUST5280,Regular,Electronics,5,7786,37762.1,3.0,Yes,Diwali,Credit Card,2,,No
ORD103182,2024-10-02,CUST1479,New,Fashion,1,4010,4010.0,0.0,No,,Credit Card,5,3.6,No
ORD103183,2024-12-22,CUST9268,Premium,Fashion,4,1640,3936.0,40.0,Yes,Christmas/New Year,Credit Card,4,3.0,No
ORD103184,2024-06-20,CUST2266,Regular,Home Decor,5,1919,9499.05,1.0,No,None,UPI,5,4.5,No
ORD103185,2024-07-19,CUST1993,Regular,Fashion,1,5872,3112.1600000000003,47.0,No,None,UPI,7,2.5,Yes
ORD103186,2024-11-19,CUST8072,Regular,Groceries,5,755,2529.2499999999995,33.0,No,None,Credit Card,3,3.4,No
ORD103187,2024-02-04,CUST8980,Premium,Home Decor,1,9625,6352.499999999999,34.0,No,,UPI,6,4.0,No
ORD103188,2024-08-03,CUST4643,New,Fashion,2,2497,2746.7000000000003,45.0,No,None,UPI,7,3.1,Yes
ORD103189,2024-03-05,CUST9175,Premium,Groceries,2,1735,3053.6,12.0,No,None,Credit Card,1,3.3,Yes
ORD103190,2024-01-08,CUST1834,Regular,Fashion,4,6482,21779.52,16.0,No,None,COD,5,2.7,No
ORD103191,2024-10-27,CUST2293,Premium,Groceries,1,5285,4809.35,9.0,Yes,Diwali,COD,2,4.6,No
ORD103192,2024-12-08,CUST7099,Regular,Electronics,2,9301,18229.96,2.0,No,None,UPI,1,3.6,No
ORD103193,2024-11-27,CUST4696,Premium,Groceries,4,2161,8384.68,3.0,No,None,COD,6,2.9,No
ORD103194,2024-03-16,CUST5188,Premium,Electronics,3,8342,19019.760000000002,24.0,No,None,COD,7,3.0,Yes
ORD103195,2024-06-22,CUST3354,Regular,Groceries,2,8403,10755.84,36.0,No,None,,4,3.2,No
ORD103196,2024-02-16,CUST5517,Regular,Groceries,2,1179,1367.64,42.0,No,None,COD,2,3.1,No
ORD103197,2024-01-15,CUST5278,Premium,Fashion,5,472,1486.8,37.0,No,None,UPI,1,3.8,No
ORD103198,2024-12-26,CUST4281,Premium,Groceries,3,7457,16107.119999999999,28.0,Yes,Christmas/New Year,Wallet,7,4.8,No
ORD103199,2024-05-26,CUST9429,Regular,Fashion,1,5344,5344.0,0.0,No,None,Credit Card,1,3.0,Yes
ORD103200,2024-01-26,CUST3809,Regular,Groceries,4,4833,13725.72,29.0,Yes,Republic Day,COD,5,3.6,No
ORD103201,2024-11-03,CUST8714,Premium,Beauty,3,8310,15456.6,38.0,Yes,Diwali,Credit Card,7,4.2,No
ORD103202,2024-04-02,CUST5157,Regular,Home Decor,1,1888,1718.0800000000002,9.0,No,None,Credit Card,4,3.0,No
ORD103203,2024-08-19,CUST2556,Regular,Fashion,2,1795,2584.7999999999997,28.0,Yes,Independence Day,UPI,4,2.9,No
ORD103204,2024-01-21,CUST3744,Regular,Fashion,4,3442,7847.760000000001,43.0,Yes,Republic Day,COD,4,2.9,No
ORD103205,2024-11-02,CUST3096,Regular,Electronics,4,4883,13477.079999999998,31.0,Yes,Diwali,COD,5,4.7,No
ORD103206,2024-02-07,CUST6557,Premium,Beauty,3,7814,13361.940000000002,43.0,No,None,Wallet,5,4.3,No
ORD103207,2024-10-02,CUST7096,New,Electronics,5,6039,30195.0,0.0,No,None,COD,4,3.3,No
ORD103208,2024-06-05,CUST3514,Premium,Beauty,1,5986,3591.6,40.0,No,None,COD,7,4.8,No
ORD103209,2024-06-27,CUST5694,Regular,Beauty,3,5329,13429.08,16.0,No,None,UPI,1,4.9,No
ORD103210,2024-05-11,CUST8044,Premium,Groceries,5,9593,42688.85,11.0,No,None,Credit Card,6,3.5,No
ORD103211,2024-11-06,CUST9963,Regular,Electronics,5,3045,15072.75,1.0,Yes,Diwali,Wallet,4,3.8,Yes
ORD103212,2024-12-13,CUST6116,Regular,Home Decor,5,8648,39780.8,8.0,No,None,COD,5,3.4,No
ORD103213,2024-01-28,CUST7145,New,Beauty,4,6338,22563.28,11.0,Yes,Republic Day,COD,4,3.1,No
ORD103214,2024-09-16,CUST9531,Regular,Beauty,1,509,386.84000000000003,24.0,No,None,Wallet,5,4.5,No
ORD103215,2024-03-16,CUST8205,New,Fashion,1,5534,3597.1,35.0,No,None,UPI,4,4.1,No
ORD103216,2024-03-07,CUST1493,Regular,Groceries,3,7397,12648.87,43.0,No,None,COD,7,3.4,No
ORD103217,2024-12-07,CUST5299,Premium,Home Decor,2,9480,9669.6,49.0,No,,COD,6,2.5,Yes
ORD103218,2024-07-12,CUST8921,Regular,Beauty,3,1376,2724.4799999999996,34.0,No,None,Wallet,1,4.4,No
ORD103219,2024-06-10,CUST1085,Regular,Fashion,1,6383,5042.570000000001,21.0,No,None,Credit Card,7,3.7,No
ORD103220,2024-12-12,CUST1359,Regular,Electronics,4,3297,8967.839999999998,32.0,No,None,COD,1,2.7,Yes
ORD103221,2024-12-26,CUST1889,New,Beauty,3,1924,2943.7200000000003,49.0,Yes,Christmas/New Year,COD,5,2.8,No
ORD103222,2024-09-13,CUST5983,Premium,Fashion,2,2828,4524.8,,No,None,Credit Card,5,,No
ORD103223,2024-03-12,CUST7253,New,Electronics,3,6344,11609.52,39.0,No,None,COD,2,3.9,No
ORD103224,2024-03-27,CUST9607,Premium,Groceries,5,1550,6122.5,21.0,Yes,Holi,Credit Card,3,3.1,No
ORD103225,2024-09-18,CUST2778,New,Electronics,2,7925,11570.5,27.0,No,None,UPI,2,2.8,No
ORD103226,2024-08-01,CUST4416,Regular,Beauty,5,819,3972.15,,No,None,Credit Card,5,4.7,No
ORD103227,2024-06-01,CUST6211,Regular,Home Decor,4,2748,8244.0,25.0,No,None,Credit Card,6,2.8,No
ORD103228,2024-07-28,CUST6254,Premium,Electronics,1,9770,7620.6,22.0,No,None,COD,5,2.7,No
ORD103229,2024-03-01,CUST7625,Premium,Home Decor,3,5443,8654.37,47.0,No,None,COD,4,4.0,No
ORD103230,2024-09-24,CUST6295,Premium,Home Decor,3,1177,1836.1200000000001,48.0,No,None,Wallet,2,3.1,No
ORD103231,2024-09-18,CUST4538,Regular,Electronics,5,5743,22397.7,22.0,No,None,COD,3,4.1,No
ORD103232,2024-08-05,CUST9927,Regular,Groceries,5,9929,29787.0,40.0,No,None,COD,2,3.7,No
ORD103233,2024-10-09,CUST4007,New,Electronics,1,6053,5629.29,7.0,No,None,Credit Card,7,3.0,No
ORD103234,2024-05-15,CUST2029,Premium,Fashion,3,3972,8222.039999999999,31.0,No,None,UPI,1,2.7,No
ORD103235,2024-12-27,CUST6200,Regular,Home Decor,1,2733,1694.46,38.0,Yes,Christmas/New Year,COD,7,2.7,No
ORD103236,2024-04-02,CUST4266,Premium,Beauty,5,8869,25276.65,43.0,No,None,Credit Card,1,4.0,No
ORD103237,2024-04-18,CUST5579,New,Home Decor,5,2094,10470.0,0.0,No,None,Wallet,2,4.4,No
ORD103238,2024-08-28,CUST5694,Regular,Beauty,2,5551,7882.419999999999,29.0,Yes,Raksha Bandhan,Wallet,6,4.2,No
ORD103239,2024-12-20,CUST5528,New,Fashion,5,2240,8176.0,27.0,Yes,Christmas/New Year,UPI,7,4.0,No
ORD103240,2024-05-21,CUST6094,New,Fashion,5,1765,7413.0,16.0,No,None,UPI,2,3.0,No
ORD103241,2024-10-17,CUST7456,New,Fashion,1,4325,3373.5,22.0,No,None,UPI,6,4.7,Yes
ORD103242,2024-08-24,CUST7890,New,Electronics,2,4468,5629.68,37.0,No,None,Credit Card,5,4.1,No
ORD103243,2024-12-05,CUST3218,Premium,Home Decor,2,3039,4680.06,23.0,No,None,COD,6,4.2,No
ORD103244,2024-11-07,CUST3652,Regular,Beauty,3,667,1580.79,21.0,Yes,Diwali,Credit Card,4,3.1,No
ORD103245,2024-06-25,CUST2865,Regular,Fashion,4,3588,13777.92,4.0,No,None,Wallet,1,3.2,No
ORD103246,2024-05-20,CUST6038,Regular,Fashion,3,8376,19097.28,24.0,No,None,Wallet,3,4.8,No
ORD103247,2024-07-07,CUST8962,Regular,Beauty,3,6740,19006.8,6.0,No,None,COD,4,3.7,Yes
ORD103248,2024-02-18,CUST8677,Regular,Home Decor,3,7447,17649.39,21.0,No,,UPI,6,3.9,No
ORD103249,2024-10-28,CUST6926,Regular,Home Decor,2,2943,3355.0200000000004,43.0,Yes,Diwali,,7,2.8,No
ORD103250,2024-07-08,CUST7363,Regular,Beauty,1,5842,3738.88,36.0,No,None,UPI,2,3.5,No
ORD103251,2024-05-15,CUST2056,Regular,Groceries,5,9811,32866.85,33.0,No,None,Credit Card,7,4.7,No
ORD103252,2024-02-12,CUST7459,New,Home Decor,2,1226,1593.8,35.0,No,None,UPI,7,4.8,No
ORD103253,2024-12-18,CUST1806,Regular,Beauty,5,4831,12560.6,48.0,No,None,Credit Card,1,4.3,No
ORD103254,2024-03-30,CUST3528,Premium,Beauty,5,8992,27425.6,39.0,Yes,Holi,COD,2,3.9,No
ORD103255,2024-10-21,CUST4573,Premium,Fashion,4,3792,12286.08,19.0,Yes,Diwali,UPI,7,,No
ORD103256,2024-12-06,CUST9605,Regular,Beauty,3,1187,2279.04,36.0,No,None,COD,1,4.7,No
ORD103257,2024-09-01,CUST2749,New,Electronics,4,8997,30229.92,16.0,No,None,UPI,3,4.6,No
ORD103258,2024-07-10,CUST9090,Premium,Fashion,3,7438,21644.579999999998,3.0,No,None,Wallet,4,4.7,Yes
ORD103259,2024-11-13,CUST4761,Regular,Fashion,2,2947,3005.94,49.0,No,None,COD,3,3.6,No
ORD103260,2024-04-15,CUST4324,Regular,Home Decor,5,8530,35399.5,17.0,No,None,UPI,3,3.8,No
ORD103261,2024-12-28,CUST9360,Regular,Groceries,4,5850,17082.0,27.0,Yes,Christmas/New Year,COD,4,3.6,No
ORD103262,2024-11-05,CUST9822,Regular,Home Decor,2,4425,4513.5,49.0,Yes,Diwali,UPI,6,4.4,No
ORD103263,2024-08-20,CUST7272,Regular,Electronics,2,4696,7983.2,15.0,Yes,Independence Day,Credit Card,4,4.0,No
ORD103264,2024-09-21,CUST5078,Premium,Fashion,3,9636,16766.640000000003,42.0,No,None,COD,6,2.7,No
ORD103265,2024-12-09,CUST8220,New,Fashion,5,9033,42003.45,7.0,No,None,Wallet,7,2.8,No
ORD103266,2024-02-06,CUST8315,Premium,Beauty,3,636,1087.5600000000002,43.0,No,,COD,3,3.0,No
ORD103267,2024-10-31,CUST1373,Regular,Groceries,3,1623,4041.27,17.0,Yes,Diwali,Credit Card,7,4.2,No
ORD103268,2024-02-10,CUST3235,Regular,Groceries,2,9528,9718.56,49.0,No,None,Credit Card,2,2.8,No
ORD103269,2024-01-17,CUST5739,Regular,Beauty,3,3921,8469.36,28.0,No,None,Wallet,4,3.9,No
ORD103270,2024-12-09,CUST2993,Regular,Electronics,1,5874,3583.14,39.0,No,None,Credit Card,3,4.6,No
ORD103271,2024-10-03,CUST6447,Regular,Groceries,5,8449,35908.25,15.0,No,None,Wallet,3,4.9,No
ORD103272,2024-11-02,CUST3937,New,Fashion,3,1336,2845.68,29.0,Yes,Diwali,UPI,3,3.6,No
ORD103273,2024-02-28,CUST6193,Regular,Electronics,3,9091,14181.960000000001,48.0,No,None,Credit Card,7,3.8,No
ORD103274,2024-07-01,CUST3034,New,Home Decor,4,1345,3604.5999999999995,33.0,No,None,UPI,2,4.6,No
ORD103275,2024-02-10,CUST8714,Regular,Home Decor,5,5779,20515.45,29.0,No,None,UPI,5,4.8,No
ORD103276,2024-02-08,CUST9451,New,Electronics,5,9500,38000.0,20.0,No,None,Credit Card,5,3.5,No
ORD103277,2024-07-10,CUST3136,Premium,Fashion,3,4695,11127.15,21.0,No,None,Wallet,4,3.4,No
ORD103278,2024-09-23,CUST4799,Premium,Home Decor,1,6699,3617.46,46.0,No,None,Wallet,7,3.6,No
ORD103279,2024-05-26,CUST8463,Regular,Fashion,4,6442,19583.68,24.0,No,None,Wallet,5,3.1,No
ORD103280,2024-11-28,CUST5502,New,Beauty,1,8499,6714.21,21.0,No,None,Credit Card,1,4.6,No
ORD103281,2024-05-06,CUST9698,New,Groceries,3,9297,20360.43,27.0,No,None,UPI,6,3.3,No
ORD103282,2024-02-15,CUST7299,Premium,Electronics,5,5145,15949.5,38.0,No,None,COD,4,3.6,No
ORD103283,2024-02-14,CUST3038,Premium,Groceries,5,2192,7452.799999999999,32.0,No,None,COD,4,3.3,No
ORD103284,2024-01-01,CUST4227,Premium,Beauty,1,4322,4278.78,1.0,No,None,Credit Card,3,2.8,No
ORD103285,2024-06-16,CUST3345,Regular,Home Decor,2,1005,1949.7,3.0,No,None,COD,6,4.0,No
ORD103286,2024-04-17,CUST9869,Premium,Fashion,3,2192,5589.599999999999,15.0,No,None,UPI,1,4.0,No
ORD103287,2024-01-19,CUST7679,New,Fashion,5,7696,34247.2,11.0,No,None,COD,5,3.2,No
ORD103288,2024-11-27,CUST5628,Regular,Beauty,2,3800,6384.0,16.0,No,None,Wallet,4,,No
ORD103289,2024-03-12,CUST6847,Regular,Electronics,5,4210,13682.5,35.0,No,None,UPI,7,4.8,No
ORD103290,2024-04-18,CUST2286,Regular,Groceries,5,8475,36018.75,15.0,No,None,Credit Card,7,3.4,No
ORD103291,2024-09-24,CUST1021,Premium,Home Decor,2,4558,5651.92,38.0,No,None,Credit Card,6,3.8,Yes
ORD103292,2024-08-27,CUST4074,Regular,Electronics,1,5515,4301.7,22.0,Yes,Raksha Bandhan,Wallet,7,2.9,No
ORD103293,2024-10-27,CUST6473,Regular,Beauty,3,3520,9820.8,7.0,Yes,Diwali,COD,1,3.1,No
ORD103294,2024-03-30,CUST3299,Regular,Beauty,2,7749,14258.16,8.0,Yes,Holi,Credit Card,2,3.6,No
ORD103295,2024-04-12,CUST6331,Premium,Fashion,2,2705,4706.7,13.0,No,None,Credit Card,2,3.9,No
ORD103296,2024-09-06,CUST9040,Regular,Home Decor,5,8028,36928.8,8.0,No,None,UPI,7,4.6,No
ORD103297,2024-01-08,CUST3026,Premium,Electronics,2,8085,8731.800000000001,46.0,No,None,UPI,3,3.2,No
ORD103298,2024-06-01,CUST2206,Regular,Fashion,3,2656,5976.0,25.0,No,None,UPI,1,4.7,Yes
ORD103299,2024-12-12,CUST3230,Premium,Home Decor,1,7448,4841.2,35.0,No,None,UPI,4,3.6,No
ORD103300,2024-06-22,CUST6227,New,Groceries,1,8068,7906.639999999999,2.0,No,None,Credit Card,2,3.6,No
ORD103301,2024-12-08,CUST4486,Regular,Groceries,1,6549,5959.59,9.0,No,None,UPI,6,3.5,No
ORD103302,2024-06-06,CUST5077,Regular,Fashion,3,7163,16331.64,24.0,No,None,Wallet,2,4.7,No
ORD103303,2024-08-02,CUST4596,New,Electronics,5,3262,15820.699999999999,3.0,No,None,Wallet,6,3.1,No
ORD103304,2024-06-25,CUST4988,Regular,Home Decor,3,4052,8630.76,29.0,No,None,UPI,5,4.6,No
ORD103305,2024-06-23,CUST7025,Regular,Groceries,2,5190,5293.8,49.0,No,None,UPI,5,2.7,No
ORD103306,2024-12-05,CUST2871,New,Groceries,4,587,2113.2000000000003,10.0,No,None,COD,1,4.9,No
ORD103307,2024-12-03,CUST1886,New,Electronics,4,7237,23737.36,18.0,No,None,UPI,7,3.8,No
ORD103308,2024-05-25,CUST4094,Premium,Fashion,4,7110,14504.4,49.0,No,None,Credit Card,5,5.0,No
ORD103309,2024-11-19,CUST7009,Regular,Beauty,1,2203,1938.64,12.0,No,None,Wallet,1,4.0,No
ORD103310,2024-06-09,CUST8370,Regular,Home Decor,3,9423,18374.850000000002,35.0,No,None,Wallet,4,2.8,No
ORD103311,2024-05-06,CUST8568,Regular,Groceries,3,5945,17478.3,2.0,No,None,Credit Card,4,2.7,Yes
ORD103312,2024-03-22,CUST9910,Premium,Beauty,1,1740,922.2,47.0,Yes,Holi,UPI,4,3.0,No
ORD103313,2024-05-26,CUST1480,Premium,Electronics,2,8841,15383.34,13.0,No,None,COD,5,3.6,No
ORD103314,2024-08-26,CUST8705,New,Fashion,4,3747,13639.08,9.0,Yes,Raksha Bandhan,Wallet,5,4.4,No
ORD103315,2024-03-24,CUST4433,Regular,Home Decor,4,9488,23909.76,37.0,Yes,Holi,COD,3,2.5,No
ORD103316,2024-04-22,CUST7203,Premium,Electronics,1,9251,5643.11,39.0,No,None,Wallet,2,3.1,No
ORD103317,2024-08-12,CUST4493,Regular,Fashion,4,501,1482.96,26.0,Yes,,COD,6,4.0,No
ORD103318,2024-11-27,CUST1454,Regular,Electronics,5,7304,28120.4,23.0,No,None,Wallet,4,3.2,Yes
ORD103319,2024-08-30,CUST5683,Premium,Groceries,3,2219,5658.45,15.0,Yes,Raksha Bandhan,COD,7,3.4,No
ORD103320,2024-05-22,CUST9593,Regular,Groceries,4,9272,33750.08,9.0,No,None,UPI,5,3.3,No
ORD103321,2024-02-10,CUST6973,Premium,Beauty,4,4361,12908.56,26.0,No,None,UPI,2,4.9,No
ORD103322,2024-09-14,CUST4708,Premium,Electronics,5,429,2016.3,6.0,No,None,Credit Card,4,2.7,No
ORD103323,2024-10-11,CUST4707,New,Groceries,2,9313,13596.98,27.0,No,None,Credit Card,4,4.8,No
ORD103324,2024-04-14,CUST2116,Premium,Fashion,2,7910,11865.0,25.0,No,,COD,6,3.3,No
ORD103325,2024-07-20,CUST4240,New,Beauty,5,2032,8432.8,17.0,No,None,COD,2,3.1,No
ORD103326,2024-11-02,CUST2234,Premium,Home Decor,2,8442,14857.92,12.0,Yes,Diwali,Wallet,2,4.7,No
ORD103327,2024-11-26,CUST8219,Regular,Electronics,1,3878,3606.54,7.0,No,None,Credit Card,5,3.2,No
ORD103328,2024-09-22,CUST9727,Regular,Groceries,5,7696,28475.2,26.0,No,None,Credit Card,2,5.0,No
ORD103329,2024-07-28,CUST2915,Premium,Fashion,3,4682,12220.02,13.0,No,None,Wallet,7,3.9,No
ORD103330,2024-02-20,CUST2230,Premium,Electronics,3,9144,16459.2,40.0,No,None,COD,7,3.7,No
ORD103331,2024-04-27,CUST6502,Premium,Fashion,3,6087,10408.77,43.0,No,None,Credit Card,2,4.9,No
ORD103332,2024-07-19,CUST2976,Regular,Beauty,4,1678,6376.4,5.0,No,None,COD,5,3.1,No
ORD103333,2024-02-08,CUST9960,Regular,Groceries,5,2288,9266.400000000001,19.0,No,None,UPI,4,4.8,No
ORD103334,2024-01-28,CUST4472,Regular,Groceries,5,6240,22776.0,27.0,Yes,Republic Day,,6,4.0,No
ORD103335,2024-09-15,CUST5350,Premium,Beauty,2,8352,13029.12,22.0,No,None,UPI,2,4.4,No
ORD103336,2024-03-24,CUST5435,Premium,Fashion,5,3193,14208.85,11.0,Yes,Holi,UPI,6,4.0,No
ORD103337,2024-06-03,CUST1727,Premium,Electronics,5,3540,13629.0,23.0,No,None,Wallet,7,4.0,No
ORD103338,2024-04-26,CUST7869,Regular,Fashion,2,2543,2899.0200000000004,43.0,No,None,Wallet,3,2.9,No
ORD103339,2024-01-02,CUST6888,Regular,Electronics,5,7388,29182.600000000002,21.0,No,None,UPI,1,2.9,Yes
ORD103340,2024-04-02,CUST4136,Premium,Beauty,5,1438,5392.5,25.0,No,None,Wallet,6,3.5,No
ORD103341,2024-06-14,CUST4973,Premium,Home Decor,1,7056,5574.240000000001,21.0,No,None,Credit Card,2,3.4,No
ORD103342,2024-12-15,CUST8050,Regular,Electronics,2,5860,11016.8,6.0,No,None,Credit Card,6,4.3,No
ORD103343,2024-10-22,CUST3269,Premium,Groceries,1,4539,3903.54,14.0,Yes,Diwali,COD,2,4.3,No
ORD103344,2024-09-14,CUST7524,Regular,Groceries,4,8574,18176.88,47.0,No,None,UPI,7,3.9,No
ORD103345,2024-03-21,CUST1229,Premium,Groceries,2,8935,12687.699999999999,29.0,Yes,Holi,COD,1,3.5,No
ORD103346,2024-09-24,CUST9427,New,Fashion,5,3026,14676.1,3.0,No,None,UPI,3,4.2,No
ORD103347,2024-08-22,CUST1072,Premium,Fashion,5,7291,34632.25,5.0,No,None,UPI,6,4.2,No
ORD103348,2024-11-16,CUST7851,Premium,Fashion,1,292,154.76000000000002,47.0,No,None,COD,4,4.5,No
ORD103349,2024-11-06,CUST3711,Regular,Groceries,1,2615,1412.1000000000001,46.0,Yes,Diwali,COD,3,4.5,No
ORD103350,2024-10-27,CUST3416,Premium,Electronics,4,4454,17637.84,1.0,Yes,Diwali,COD,1,2.7,No
ORD103351,2024-12-22,CUST5208,Premium,Groceries,4,8326,23312.8,30.0,Yes,Christmas/New Year,COD,6,3.4,No
ORD103352,2024-07-31,CUST6844,Premium,Electronics,5,4733,18222.05,23.0,No,None,,2,3.5,No
ORD103353,2024-03-02,CUST8671,Premium,Fashion,3,6716,13297.679999999998,34.0,No,None,UPI,4,4.6,No
ORD103354,2024-02-18,CUST4841,Regular,Home Decor,4,4601,9938.16,46.0,No,None,Wallet,3,3.8,No
ORD103355,2024-05-06,CUST6777,New,Fashion,5,3232,11312.0,30.0,No,None,UPI,3,3.7,No
ORD103356,2024-08-10,CUST4659,Premium,Beauty,4,3489,10606.56,24.0,Yes,Independence Day,Credit Card,4,3.9,No
ORD103357,2024-10-05,CUST3987,Regular,Electronics,2,4638,8626.68,7.0,No,None,UPI,3,2.8,No
ORD103358,2024-10-20,CUST8684,Premium,Home Decor,1,7067,6289.63,11.0,Yes,Diwali,Credit Card,1,3.9,No
ORD103359,2024-10-10,CUST1843,Regular,Fashion,5,3434,16998.3,1.0,No,None,UPI,4,3.9,Yes
ORD103360,2024-10-03,CUST5428,Regular,Home Decor,4,6197,21317.68,14.0,No,None,Credit Card,1,4.4,No
ORD103361,2024-04-16,CUST2713,Regular,Groceries,1,6501,3965.61,39.0,No,None,Wallet,4,4.1,No
ORD103362,2024-05-25,CUST9081,Premium,Electronics,3,1333,2759.31,31.0,No,None,Wallet,1,4.9,No
ORD103363,2024-04-08,CUST8017,New,Beauty,4,2262,8143.2,10.0,No,None,Wallet,2,2.7,No
ORD103364,2024-03-13,CUST1084,Premium,Groceries,5,4827,20273.399999999998,16.0,No,None,Wallet,2,4.4,No
ORD103365,2024-05-01,CUST3842,Premium,Home Decor,2,3671,5873.6,20.0,No,None,Credit Card,3,4.4,No
ORD103366,2024-01-30,CUST2898,Regular,Fashion,1,668,527.72,21.0,Yes,Republic Day,UPI,4,3.2,No
ORD103367,2024-07-06,CUST8161,Regular,Electronics,1,1544,1049.9199999999998,32.0,No,None,Wallet,6,4.2,No
ORD103368,2024-12-29,CUST4867,Regular,Beauty,2,9270,13348.8,28.0,Yes,Christmas/New Year,Wallet,4,4.1,No
ORD103369,2024-12-19,CUST4968,Premium,Fashion,5,6298,27081.399999999998,14.0,No,None,UPI,1,3.2,No
ORD103370,2024-10-14,CUST8153,New,Beauty,3,4007,9616.800000000001,20.0,No,None,UPI,6,4.3,No
ORD103371,2024-07-13,CUST8989,Regular,Electronics,2,4936,9773.28,1.0,No,None,COD,3,4.8,No
ORD103372,2024-06-04,CUST3913,Premium,Home Decor,3,5157,9127.890000000001,41.0,No,None,UPI,7,3.3,No
ORD103373,2024-06-20,CUST1251,New,Beauty,5,3545,11166.75,37.0,No,None,UPI,3,5.0,No
ORD103374,2024-11-30,CUST7612,Regular,Electronics,4,788,3088.96,2.0,No,None,UPI,7,3.1,No
ORD103375,2024-02-10,CUST3842,Premium,Beauty,4,4083,12412.32,24.0,No,None,COD,6,2.8,No
ORD103376,2024-03-03,CUST9921,Premium,Fashion,5,9721,42772.4,12.0,No,None,UPI,4,2.7,No
ORD103377,2024-01-23,CUST3212,Premium,Beauty,3,291,672.21,23.0,Yes,Republic Day,Credit Card,7,3.0,No
ORD103378,2024-12-25,CUST6675,Regular,Fashion,2,657,919.8,30.0,Yes,Christmas/New Year,Wallet,2,3.4,No
ORD103379,2024-03-15,CUST8688,Premium,Fashion,5,2084,8961.2,14.0,No,None,Credit Card,7,4.3,No
ORD103380,2024-02-17,CUST7460,Premium,Electronics,5,3321,15774.75,5.0,No,None,COD,4,2.7,No
ORD103381,2024-06-08,CUST6937,Regular,Groceries,4,7842,18820.8,40.0,No,None,COD,7,,No
ORD103382,2024-11-08,CUST2876,Premium,Beauty,2,5811,10576.02,9.0,Yes,Diwali,COD,6,3.8,No
ORD103383,2024-04-27,CUST9878,Regular,Home Decor,4,8152,29999.36,8.0,No,None,COD,4,3.1,No
ORD103384,2024-04-09,CUST3311,New,Fashion,3,9795,14986.35,49.0,No,None,COD,5,2.6,No
ORD103385,2024-06-15,CUST2760,Premium,Groceries,3,3903,7025.4,40.0,No,None,Wallet,1,3.1,Yes
ORD103386,2024-10-16,CUST6459,New,Fashion,1,4682,2387.82,49.0,No,None,UPI,1,3.1,No
ORD103387,2024-06-04,CUST5168,Regular,Groceries,5,2181,6543.0,40.0,No,None,Credit Card,5,4.2,Yes
ORD103388,2024-01-07,CUST8018,Regular,Groceries,2,4666,8958.72,4.0,No,None,Credit Card,3,3.1,No
ORD103389,2024-07-14,CUST3101,Regular,Home Decor,2,2431,2722.7200000000003,44.0,No,None,UPI,6,3.4,No
ORD103390,2024-02-25,CUST8514,Regular,Groceries,4,9163,20891.640000000003,43.0,No,None,COD,1,2.6,No
ORD103391,2024-11-16,CUST3997,Regular,Home Decor,4,5981,14354.4,40.0,No,None,UPI,3,4.1,No
ORD103392,2024-07-11,CUST1082,Premium,Electronics,2,8596,14097.44,18.0,No,None,COD,2,3.7,No
ORD103393,2024-02-16,CUST7804,Regular,Fashion,4,8613,27906.120000000003,19.0,No,None,Wallet,3,3.4,No
ORD103394,2024-05-27,CUST9278,Premium,Home Decor,1,9583,6516.44,32.0,No,None,Credit Card,1,4.3,No
ORD103395,2024-10-01,CUST1365,Regular,Fashion,5,3515,10193.500000000002,42.0,No,None,Credit Card,6,,No
ORD103396,2024-06-05,CUST8423,Premium,Beauty,1,5375,3440.0,36.0,No,None,Wallet,6,3.3,No
ORD103397,2024-07-20,CUST4007,Premium,Electronics,3,1798,3775.7999999999997,30.0,No,None,Wallet,3,4.3,No
ORD103398,2024-05-05,CUST8192,Premium,Beauty,2,4462,5532.88,38.0,No,None,COD,7,3.4,No
ORD103399,2024-10-31,CUST2508,New,Beauty,1,1742,1532.96,12.0,Yes,Diwali,UPI,2,3.1,No
ORD103400,2024-10-20,CUST1605,Regular,Groceries,1,8533,5375.79,37.0,Yes,Diwali,COD,5,4.3,No
ORD103401,2024-03-04,CUST1957,Regular,Groceries,4,289,647.36,44.0,No,None,COD,1,4.3,No
ORD103402,2024-11-20,CUST2264,Regular,Beauty,4,4606,17502.8,,No,None,,6,4.7,No
ORD103403,2024-06-24,CUST1755,Regular,Groceries,4,5690,12290.400000000001,46.0,No,None,COD,2,3.8,No
ORD103404,2024-04-25,CUST6521,Premium,Fashion,3,3906,10897.74,7.0,No,None,UPI,4,3.1,No
ORD103405,2024-07-22,CUST7585,Regular,Groceries,1,1409,817.2200000000001,42.0,No,None,COD,5,4.6,No
ORD103406,2024-11-16,CUST2545,Premium,Beauty,5,5178,23559.9,9.0,No,None,Credit Card,5,2.9,No
ORD103407,2024-01-31,CUST5972,Regular,Groceries,4,3424,8217.6,40.0,No,None,UPI,7,4.8,No
ORD103408,2024-04-22,CUST5876,New,Groceries,3,5056,14712.96,3.0,No,None,UPI,7,3.3,No
ORD103409,2024-12-30,CUST3324,New,Home Decor,3,7993,20861.73,13.0,Yes,Christmas/New Year,Credit Card,1,2.5,Yes
ORD103410,2024-11-20,CUST8451,Regular,Home Decor,4,6439,24983.32,3.0,No,None,Credit Card,2,3.0,No
ORD103411,2024-12-09,CUST7814,Regular,Beauty,2,7053,10861.62,23.0,No,None,COD,6,3.5,No
ORD103412,2024-03-07,CUST9301,New,Fashion,1,9751,5265.54,46.0,No,None,Credit Card,7,2.6,No
ORD103413,2024-03-15,CUST8890,New,Electronics,4,1738,5561.6,20.0,No,None,Wallet,6,3.5,Yes
ORD103414,2024-02-14,CUST8039,Regular,Electronics,5,348,1583.4,9.0,No,None,Credit Card,4,3.0,No
ORD103415,2024-09-16,CUST9024,Regular,Beauty,1,8265,4545.75,45.0,No,None,Wallet,6,2.5,No
ORD103416,2024-06-02,CUST5712,New,Fashion,3,7899,18009.72,24.0,No,None,Credit Card,2,3.2,No
ORD103417,2024-06-03,CUST8107,Premium,Fashion,5,1625,7718.75,5.0,No,None,Wallet,6,3.1,No
ORD103418,2024-12-28,CUST6237,Regular,Fashion,1,1917,1629.45,15.0,Yes,Christmas/New Year,Wallet,3,3.5,No
ORD103419,2024-08-21,CUST3373,Premium,Home Decor,5,9746,27776.100000000002,43.0,No,None,Credit Card,6,4.4,No
ORD103420,2024-02-20,CUST7418,New,Beauty,3,2835,6208.65,27.0,No,None,UPI,1,3.8,No
ORD103421,2024-11-01,CUST2165,New,Electronics,4,2563,6663.8,35.0,Yes,Diwali,UPI,3,4.4,No
ORD103422,2024-09-18,CUST5094,Premium,Fashion,5,3307,11243.8,,No,None,Wallet,6,3.3,Yes
ORD103423,2024-11-10,CUST3952,Premium,Beauty,4,5828,16551.52,29.0,Yes,Diwali,UPI,6,2.5,No
ORD103424,2024-05-04,CUST2741,Regular,Electronics,3,1701,3316.9500000000003,35.0,No,None,Credit Card,6,4.8,No
ORD103425,2024-09-01,CUST2794,New,Home Decor,3,1651,3764.28,24.0,No,None,Wallet,3,3.3,No
ORD103426,2024-01-30,CUST7795,Regular,Groceries,5,8841,38900.4,12.0,Yes,Republic Day,COD,6,3.8,No
ORD103427,2024-05-01,CUST7123,New,Electronics,5,2035,6308.5,38.0,No,None,Wallet,7,3.7,No
ORD103428,2024-05-04,CUST3602,Regular,Electronics,3,9835,25374.3,14.0,No,None,COD,5,4.0,No
ORD103429,2024-02-06,CUST7671,New,Electronics,5,6051,19060.65,37.0,No,None,COD,6,4.7,No
ORD103430,2024-06-18,CUST4608,Regular,Groceries,5,3148,11175.4,29.0,No,None,Wallet,7,4.7,No
ORD103431,2024-05-03,CUST1667,Premium,Fashion,5,4135,17987.25,13.0,No,None,COD,5,5.0,No
ORD103432,2024-12-22,CUST3177,Regular,Groceries,5,7030,17926.5,49.0,Yes,Christmas/New Year,UPI,3,3.8,Yes
ORD103433,2024-02-04,CUST6272,Premium,Electronics,1,3909,3791.73,3.0,No,None,COD,6,4.8,No
ORD103434,2024-03-27,CUST9772,New,Home Decor,3,1489,4467.0,0.0,Yes,Holi,UPI,7,3.7,No
ORD103435,2024-05-13,CUST8812,Premium,Electronics,3,703,2066.82,2.0,No,None,Wallet,2,2.6,No
ORD103436,2024-07-14,CUST2855,Premium,Home Decor,2,8151,9129.12,44.0,No,None,COD,7,2.9,No
ORD103437,2024-09-30,CUST3423,Regular,Beauty,4,5251,10712.04,49.0,No,None,COD,1,3.3,No
ORD103438,2024-07-19,CUST7972,New,Home Decor,2,3297,4286.1,35.0,No,None,UPI,6,4.3,No
ORD103439,2024-10-11,CUST4363,Premium,Electronics,5,2347,11382.949999999999,3.0,No,None,UPI,1,2.7,No
ORD103440,2024-03-17,CUST7097,Premium,Groceries,5,9857,28585.300000000003,42.0,No,None,Wallet,2,3.4,No
ORD103441,2024-02-28,CUST6218,Premium,Electronics,1,4720,4106.4,13.0,No,None,Wallet,3,5.0,Yes
ORD103442,2024-05-05,CUST7957,Premium,Electronics,1,2097,1593.72,24.0,No,None,COD,1,4.5,No
ORD103443,2024-04-18,CUST3665,Regular,Beauty,1,3916,2427.92,38.0,No,None,Credit Card,6,3.9,No
ORD103444,2024-08-11,CUST7343,Premium,Fashion,1,9042,8861.16,2.0,Yes,Independence Day,COD,5,2.7,No
ORD103445,2024-10-04,CUST2041,Premium,Electronics,1,1410,1325.3999999999999,6.0,No,None,COD,4,2.5,No
ORD103446,2024-03-08,CUST3645,New,Beauty,1,2387,2219.91,7.0,No,None,Wallet,5,2.8,No
ORD103447,2024-03-09,CUST1389,New,Groceries,1,8258,4707.06,43.0,No,None,Wallet,2,3.3,Yes
ORD103448,2024-06-13,CUST9850,Regular,Beauty,1,4020,3778.7999999999997,6.0,No,None,COD,7,4.0,No
ORD103449,2024-10-31,CUST4582,Regular,Beauty,1,568,301.04,47.0,Yes,Diwali,UPI,4,3.0,Yes
ORD103450,2024-06-10,CUST8223,Regular,Home Decor,3,3043,6938.04,24.0,No,None,Wallet,1,2.6,No
ORD103451,2024-12-30,CUST8494,Regular,Fashion,1,3650,3066.0,16.0,Yes,Christmas/New Year,COD,6,2.7,No
ORD103452,2024-12-07,CUST5603,Premium,Fashion,4,3718,11154.0,25.0,No,None,Credit Card,1,3.6,No
ORD103453,2024-11-04,CUST9051,New,Groceries,1,6844,6638.679999999999,3.0,Yes,Diwali,COD,4,4.4,No
ORD103454,2024-12-08,CUST2643,Regular,Beauty,5,4060,10556.0,48.0,No,None,Credit Card,1,4.6,No
ORD103455,2024-02-11,CUST8798,Regular,Groceries,5,1344,5577.599999999999,17.0,No,None,Credit Card,4,3.2,No
ORD103456,2024-12-19,CUST2282,New,Groceries,1,3326,3226.22,3.0,No,None,Credit Card,3,4.2,Yes
ORD103457,2024-04-18,CUST2455,New,Fashion,1,7860,6602.4,16.0,No,None,COD,2,3.5,No
ORD103458,2024-02-20,CUST4460,Premium,Fashion,5,217,585.9000000000001,46.0,No,None,Wallet,6,4.9,No
ORD103459,2024-09-06,CUST2682,Premium,Fashion,4,6199,20828.64,16.0,No,None,UPI,5,3.5,No
ORD103460,2024-12-06,CUST9317,Premium,Electronics,2,1856,2078.7200000000003,44.0,No,None,UPI,4,3.5,No
ORD103461,2024-01-21,CUST7787,Regular,Beauty,3,1796,4094.88,24.0,Yes,Republic Day,COD,7,3.8,Yes
ORD103462,2024-10-26,CUST5865,Regular,Groceries,5,9337,45751.299999999996,,Yes,Diwali,COD,4,2.6,No
ORD103463,2024-05-18,CUST5814,Regular,Beauty,1,1487,1323.43,11.0,No,None,Credit Card,3,3.5,No
ORD103464,2024-12-24,CUST5651,Regular,Groceries,3,467,1036.74,26.0,Yes,Christmas/New Year,Wallet,7,4.6,Yes
ORD103465,2024-11-19,CUST1769,New,Groceries,1,634,532.56,16.0,No,None,COD,6,4.0,No
ORD103466,2024-04-01,CUST5480,Premium,Groceries,2,2235,3531.3,21.0,No,None,UPI,6,4.9,No
ORD103467,2024-10-06,CUST6683,Regular,Groceries,2,2697,3344.28,38.0,No,None,COD,5,3.3,No
ORD103468,2024-05-04,CUST6532,Regular,Home Decor,5,6640,20584.0,38.0,No,None,Wallet,3,2.9,No
ORD103469,2024-04-20,CUST5011,Regular,Home Decor,3,6237,10852.380000000001,42.0,No,None,Wallet,3,4.4,No
ORD103470,2024-12-19,CUST4373,Premium,Electronics,3,8006,12729.54,47.0,No,None,COD,2,2.6,Yes
ORD103471,2024-05-18,CUST6046,New,Fashion,2,3408,4430.400000000001,35.0,No,None,COD,1,,No
ORD103472,2024-09-29,CUST1712,Regular,Groceries,1,1813,1541.05,15.0,No,None,Wallet,6,3.8,Yes
ORD103473,2024-04-08,CUST8716,Regular,Beauty,5,9110,29152.0,36.0,No,None,Wallet,6,4.4,No
ORD103474,2024-09-08,CUST4555,Premium,Home Decor,4,7364,21208.32,28.0,No,None,Credit Card,5,4.0,No
ORD103475,2024-12-03,CUST7370,Premium,Fashion,2,2431,4229.94,13.0,No,None,COD,3,5.0,No
ORD103476,2024-04-13,CUST1719,Regular,Electronics,2,6663,12526.439999999999,6.0,No,None,COD,7,4.1,No
ORD103477,2024-08-01,CUST2473,Premium,Fashion,5,9132,27396.0,40.0,No,None,COD,1,4.3,No
ORD103478,2024-09-05,CUST8857,Premium,Groceries,1,5895,4303.349999999999,27.0,No,None,UPI,7,5.0,No
ORD103479,2024-05-31,CUST5518,Regular,Fashion,3,9196,24277.44,12.0,No,None,Credit Card,1,4.0,No
ORD103480,2024-09-06,CUST2576,Regular,Groceries,2,4712,8010.4,15.0,No,None,Wallet,1,4.3,Yes
ORD103481,2024-10-01,CUST5571,Regular,Home Decor,5,8160,32640.0,20.0,No,None,Credit Card,6,3.2,No
ORD103482,2024-06-13,CUST7316,New,Home Decor,5,5086,24667.1,3.0,No,None,UPI,7,3.8,Yes
ORD103483,2024-12-06,CUST8507,New,Groceries,5,3971,12310.1,38.0,No,,Credit Card,7,4.8,No
ORD103484,2024-01-08,CUST8550,New,Beauty,3,6223,12321.539999999999,34.0,No,None,UPI,1,4.6,No
ORD103485,2024-10-10,CUST3152,Premium,Home Decor,2,6104,10498.88,14.0,No,None,Credit Card,2,3.3,No
ORD103486,2024-01-05,CUST4970,Premium,Beauty,5,3712,13920.0,25.0,No,None,Credit Card,2,3.4,No
ORD103487,2024-05-24,CUST3079,Premium,Groceries,3,9490,15658.500000000002,45.0,No,None,Credit Card,3,4.6,No
ORD103488,2024-04-10,CUST7924,New,Groceries,1,8303,7804.82,6.0,No,None,COD,1,,No
ORD103489,2024-06-12,CUST3177,Regular,Home Decor,4,2044,6786.08,17.0,No,None,Wallet,7,4.7,No
ORD103490,2024-05-26,CUST4415,Premium,Beauty,2,4124,6268.4800000000005,24.0,No,None,Credit Card,3,4.4,No
ORD103491,2024-03-04,CUST5068,Premium,Groceries,3,5081,9755.52,36.0,No,None,COD,4,2.9,No
ORD103492,2024-03-31,CUST3846,Premium,Home Decor,4,734,2348.8,20.0,No,None,COD,6,4.3,No
ORD103493,2024-04-26,CUST5199,Regular,Groceries,4,7777,28930.44,7.0,No,None,COD,2,4.6,No
ORD103494,2024-12-19,CUST1656,Premium,Fashion,3,5930,14409.900000000001,19.0,No,None,UPI,2,2.9,No
ORD103495,2024-09-23,CUST3256,Premium,Fashion,3,8676,21603.239999999998,17.0,No,None,Credit Card,6,3.6,Yes
ORD103496,2024-11-05,CUST3295,Regular,Home Decor,3,8187,20140.02,18.0,Yes,Diwali,Wallet,5,4.7,No
ORD103497,2024-06-21,CUST6990,Premium,Groceries,5,9521,46652.9,2.0,No,None,Credit Card,4,3.0,No
ORD103498,2024-02-16,CUST2335,Regular,Home Decor,1,8895,5603.85,37.0,No,None,Credit Card,7,3.6,No
ORD103499,2024-05-19,CUST7222,New,Electronics,5,4341,18015.149999999998,17.0,No,None,Wallet,2,4.0,No
ORD103500,2024-09-02,CUST7368,Premium,Home Decor,4,8136,24082.56,26.0,No,,COD,7,2.7,No
ORD103501,2024-05-28,CUST8339,Premium,Home Decor,4,8928,30712.32,14.0,No,None,Credit Card,1,3.0,No
ORD103502,2024-09-02,CUST6545,Regular,Fashion,4,8453,18596.600000000002,45.0,No,None,COD,6,3.7,No
ORD103503,2024-01-05,CUST4471,Regular,Fashion,3,6061,14546.400000000001,20.0,No,None,COD,1,3.4,No
ORD103504,2024-07-02,CUST9767,Premium,Groceries,2,5401,8533.58,21.0,No,None,COD,6,3.3,No
ORD103505,2024-01-20,CUST1401,Regular,Home Decor,5,2583,12010.949999999999,7.0,Yes,Republic Day,Wallet,7,2.6,No
ORD103506,2024-02-15,CUST4738,Premium,Home Decor,2,8602,15483.6,10.0,No,None,COD,1,4.8,No
ORD103507,2024-01-12,CUST7880,Regular,Groceries,1,2647,1535.2600000000002,42.0,No,None,Credit Card,6,4.7,No
ORD103508,2024-03-10,CUST9362,New,Beauty,1,5004,4453.56,11.0,No,None,COD,7,3.5,No
ORD103509,2024-01-17,CUST7342,Premium,Groceries,5,3469,9192.85,47.0,No,None,UPI,7,3.0,No
ORD103510,2024-05-26,CUST4757,Regular,Fashion,4,8768,21744.64,38.0,No,None,UPI,3,2.7,No
ORD103511,2024-06-02,CUST2556,Premium,Fashion,1,9577,7086.98,26.0,No,None,UPI,2,2.8,Yes
ORD103512,2024-10-30,CUST4693,New,Home Decor,2,7164,9456.48,34.0,Yes,Diwali,COD,3,4.0,No
ORD103513,2024-04-17,CUST8319,Premium,Fashion,2,7262,14378.76,1.0,No,None,Credit Card,7,4.3,No
ORD103514,2024-08-23,CUST8218,Regular,Groceries,3,3698,7322.039999999999,34.0,No,None,Credit Card,2,2.9,No
ORD103515,2024-11-03,CUST3385,Premium,Home Decor,4,3047,8531.6,30.0,Yes,Diwali,COD,5,2.8,No
ORD103516,2024-12-17,CUST7270,Regular,Groceries,3,7858,21923.82,,No,None,COD,3,4.2,No
ORD103517,2024-03-10,CUST9234,Regular,Groceries,5,7646,30966.300000000003,19.0,No,None,Wallet,2,3.8,No
ORD103518,2024-07-01,CUST1021,Regular,Home Decor,1,8283,7703.19,7.0,No,None,COD,5,3.4,No
ORD103519,2024-09-06,CUST3721,Premium,Beauty,3,9178,26707.98,3.0,No,None,UPI,7,4.3,No
ORD103520,2024-08-15,CUST6191,Regular,Fashion,3,932,1957.1999999999998,30.0,Yes,Independence Day,Wallet,2,3.6,No
ORD103521,2024-04-11,CUST3261,New,Electronics,5,5263,18157.35,31.0,No,None,Wallet,4,3.7,No
ORD103522,2024-03-15,CUST6867,Regular,Electronics,2,7513,13222.88,12.0,No,None,COD,6,2.5,No
ORD103523,2024-08-03,CUST5770,Regular,Electronics,2,7436,11748.880000000001,21.0,No,None,COD,3,3.3,No
ORD103524,2024-07-21,CUST1421,Regular,Fashion,5,2899,10871.25,25.0,No,None,Wallet,1,2.5,No
ORD103525,2024-07-10,CUST6123,Regular,Beauty,2,2358,3961.44,16.0,No,None,Wallet,5,4.8,No
ORD103526,2024-09-05,CUST3294,Premium,Groceries,5,3864,13910.4,28.0,No,None,Wallet,5,3.2,Yes
ORD103527,2024-08-29,CUST7778,Regular,Home Decor,2,9470,14015.6,26.0,Yes,Raksha Bandhan,Wallet,7,,No
ORD103528,2024-06-27,CUST8731,Regular,Beauty,5,8011,31643.45,21.0,No,None,Wallet,7,2.7,No
ORD103529,2024-08-06,CUST8902,Regular,Electronics,2,8353,13865.98,17.0,No,None,Credit Card,1,2.6,No
ORD103530,2024-03-22,CUST4454,Regular,Fashion,3,4819,13878.72,4.0,Yes,Holi,Wallet,5,4.7,No
ORD103531,2024-04-01,CUST2872,Regular,Fashion,3,2393,6389.31,11.0,No,None,Wallet,1,2.9,No
ORD103532,2024-06-23,CUST9772,Premium,Home Decor,2,4763,9430.74,1.0,No,None,Credit Card,1,4.0,No
ORD103533,2024-08-26,CUST7666,Premium,Groceries,5,9976,29429.200000000004,41.0,Yes,Raksha Bandhan,UPI,2,4.1,No
ORD103534,2024-09-16,CUST1688,Premium,Beauty,3,3206,9040.92,6.0,No,None,UPI,3,3.3,No
ORD103535,2024-12-30,CUST1139,Premium,Beauty,1,4244,2291.76,46.0,Yes,Christmas/New Year,UPI,4,4.6,Yes
ORD103536,2024-06-11,CUST5769,Premium,Beauty,2,1410,2115.0,25.0,No,None,UPI,5,3.0,Yes
ORD103537,2024-02-17,CUST2688,New,Groceries,1,2186,1355.32,38.0,No,None,COD,2,2.7,No
ORD103538,2024-11-24,CUST1993,Regular,Groceries,1,3370,2898.2,14.0,No,None,COD,4,2.7,No
ORD103539,2024-11-23,CUST3144,Regular,Groceries,4,7673,16266.76,47.0,No,None,Wallet,4,3.3,No
ORD103540,2024-04-25,CUST6270,Regular,Home Decor,1,1948,1324.6399999999999,32.0,No,None,Wallet,5,3.7,No
ORD103541,2024-12-02,CUST4794,Regular,Fashion,1,957,516.7800000000001,46.0,No,None,UPI,5,4.1,Yes
ORD103542,2024-12-02,CUST8701,Regular,Electronics,4,9569,37510.479999999996,2.0,No,None,UPI,2,4.3,No
ORD103543,2024-08-12,CUST9402,Premium,Groceries,4,1118,2638.4800000000005,41.0,Yes,Independence Day,Credit Card,5,2.9,Yes
ORD103544,2024-12-17,CUST1046,Regular,Fashion,4,9511,20163.32,47.0,No,None,Credit Card,4,4.2,Yes
ORD103545,2024-11-23,CUST9328,New,Groceries,5,9097,45030.15,1.0,No,,Credit Card,5,3.0,No
ORD103546,2024-05-26,CUST5957,Regular,Electronics,4,6254,21013.44,16.0,No,None,UPI,6,5.0,No
ORD103547,2024-03-03,CUST3542,Regular,Groceries,5,5129,25645.0,0.0,No,None,Credit Card,6,4.9,No
ORD103548,2024-10-20,CUST3834,New,Fashion,2,3061,3979.3,35.0,Yes,Diwali,Wallet,2,2.8,Yes
ORD103549,2024-11-18,CUST1706,New,Home Decor,5,4694,13612.600000000002,42.0,No,None,,2,4.1,No
ORD103550,2024-11-20,CUST9416,Regular,Electronics,2,2007,3371.7599999999998,,No,None,COD,2,4.8,No
ORD103551,2024-01-13,CUST4736,Premium,Fashion,4,9791,38772.36,1.0,No,None,UPI,5,2.7,No
ORD103552,2024-07-07,CUST4997,New,Beauty,4,2849,7749.28,32.0,No,None,COD,3,2.8,No
ORD103553,2024-10-13,CUST1869,Regular,Beauty,2,4623,6657.12,28.0,No,None,COD,2,3.4,No
ORD103554,2024-07-26,CUST1742,Regular,Beauty,3,1495,4260.75,5.0,No,None,UPI,3,2.7,No
ORD103555,2024-04-23,CUST2914,New,Home Decor,5,2642,7661.800000000001,42.0,No,None,Credit Card,1,4.7,No
ORD103556,2024-01-22,CUST8733,Premium,Groceries,1,7839,5095.35,35.0,Yes,Republic Day,Wallet,2,4.7,No
ORD103557,2024-12-14,CUST6680,Regular,Groceries,4,2795,8608.6,23.0,No,None,UPI,3,4.9,No
ORD103558,2024-08-01,CUST5442,Premium,Groceries,5,5337,24016.5,10.0,No,None,Credit Card,7,3.0,Yes
ORD103559,2024-06-19,CUST1991,Regular,Home Decor,5,1272,6105.599999999999,4.0,No,None,COD,3,2.6,No
ORD103560,2024-11-18,CUST1638,New,Beauty,4,4275,12141.0,29.0,No,None,COD,4,3.6,No
ORD103561,2024-02-23,CUST7844,Regular,Groceries,2,9841,17910.62,9.0,No,None,COD,7,4.7,No
ORD103562,2024-10-24,CUST9472,New,Home Decor,4,4142,10603.52,36.0,Yes,Diwali,COD,3,4.1,No
ORD103563,2024-11-15,CUST3831,Premium,Home Decor,5,1971,7292.7,,No,None,UPI,4,5.0,No
ORD103564,2024-05-05,CUST3931,Regular,Fashion,3,5875,13042.5,26.0,No,None,Wallet,6,4.8,No
ORD103565,2024-10-03,CUST7422,Regular,Groceries,2,1217,1874.18,23.0,No,,COD,6,3.5,No
ORD103566,2024-07-22,CUST7953,Premium,Beauty,4,3892,15256.64,2.0,No,None,Credit Card,6,2.6,No
ORD103567,2024-07-12,CUST1287,New,Electronics,1,8910,5613.3,37.0,No,None,Credit Card,3,,No
ORD103568,2024-06-17,CUST4097,Regular,Home Decor,4,2551,7653.0,25.0,No,None,Wallet,3,4.1,No
ORD103569,2024-05-31,CUST9313,Regular,Fashion,5,9527,26675.600000000002,44.0,No,None,Wallet,1,4.8,No
ORD103570,2024-02-04,CUST6179,Premium,Electronics,5,2972,7875.8,47.0,No,None,Wallet,3,3.6,No
ORD103571,2024-07-02,CUST2206,Premium,Home Decor,1,1111,688.82,38.0,No,None,COD,5,4.7,No
ORD103572,2024-10-12,CUST5047,Regular,Fashion,2,9207,15283.619999999999,17.0,No,None,UPI,5,3.9,Yes
ORD103573,2024-02-26,CUST9700,Premium,Groceries,5,1173,5747.7,2.0,No,None,COD,6,2.7,No
ORD103574,2024-08-09,CUST7840,Premium,Fashion,2,3302,4160.52,37.0,No,None,COD,7,4.5,No
ORD103575,2024-10-29,CUST1690,Regular,Home Decor,2,7662,9041.160000000002,41.0,Yes,Diwali,Credit Card,7,3.7,No
ORD103576,2024-06-11,CUST5613,Regular,Groceries,4,2000,4240.0,47.0,No,None,UPI,5,2.6,No
ORD103577,2024-01-19,CUST2428,Regular,Beauty,2,1008,1532.16,24.0,No,None,UPI,1,4.5,No
ORD103578,2024-09-20,CUST2114,Premium,Fashion,5,5638,24807.2,12.0,No,None,Credit Card,3,4.4,No
ORD103579,2024-10-08,CUST2203,Premium,Electronics,5,5333,20265.4,24.0,No,None,Credit Card,1,3.6,No
ORD103580,2024-04-22,CUST9948,Premium,Groceries,3,8961,20699.91,23.0,No,None,Credit Card,7,2.5,No
ORD103581,2024-11-22,CUST7545,Regular,Groceries,2,1169,1402.8,40.0,No,None,Wallet,3,3.4,No
ORD103582,2024-01-30,CUST1737,Regular,Beauty,3,4279,10911.449999999999,15.0,Yes,Republic Day,UPI,4,,No
ORD103583,2024-05-14,CUST1551,New,Fashion,4,2079,4823.280000000001,42.0,No,None,Credit Card,1,2.9,Yes
ORD103584,2024-03-07,CUST2494,Regular,Electronics,3,3519,6334.2,40.0,No,None,Credit Card,6,2.9,No
ORD103585,2024-03-05,CUST6075,Premium,Beauty,2,4905,5787.900000000001,41.0,No,None,Credit Card,7,2.9,No
ORD103586,2024-10-18,CUST3958,Premium,Fashion,5,6811,30649.5,10.0,No,None,COD,5,3.4,Yes
ORD103587,2024-01-25,CUST6910,Regular,Electronics,4,587,1878.4,20.0,Yes,Republic Day,UPI,5,4.5,No
ORD103588,2024-02-06,CUST2900,Regular,Electronics,2,8267,11573.8,30.0,No,None,UPI,5,4.4,No
ORD103589,2024-01-01,CUST2219,Regular,Home Decor,4,6157,21180.079999999998,14.0,No,None,Wallet,7,2.5,No
ORD103590,2024-02-06,CUST1892,Regular,Electronics,1,2689,1505.8400000000001,44.0,No,None,COD,3,2.5,No
ORD103591,2024-05-20,CUST2791,Premium,Fashion,2,7709,8017.360000000001,48.0,No,None,UPI,3,2.7,No
ORD103592,2024-08-19,CUST3741,Regular,Beauty,1,8907,5789.55,35.0,Yes,Independence Day,Wallet,1,3.7,No
ORD103593,2024-05-15,CUST4937,Regular,Beauty,3,6137,10678.380000000001,42.0,No,None,Wallet,6,4.7,Yes
ORD103594,2024-07-06,CUST8512,Premium,Home Decor,2,4044,8088.0,0.0,No,None,Credit Card,2,3.0,No
ORD103595,2024-05-07,CUST2982,Regular,Fashion,1,3090,2255.7,27.0,No,None,Wallet,7,3.7,No
ORD103596,2024-07-19,CUST1268,Premium,Electronics,5,1642,5582.799999999999,32.0,No,None,Wallet,3,2.6,No
ORD103597,2024-05-06,CUST9861,Regular,Home Decor,3,922,2710.68,2.0,No,None,COD,7,2.6,No
ORD103598,2024-09-13,CUST1920,Regular,Groceries,2,9147,15732.84,14.0,No,None,Credit Card,2,2.5,No
ORD103599,2024-06-12,CUST2206,Regular,Fashion,2,2450,3331.9999999999995,32.0,No,None,Credit Card,2,4.3,No
ORD103600,2024-02-04,CUST3506,Regular,Home Decor,5,2108,7272.599999999999,31.0,No,None,Credit Card,3,2.6,No
ORD103601,2024-07-12,CUST4277,New,Beauty,5,2786,10865.4,22.0,No,None,Wallet,1,3.2,No
ORD103602,2024-07-09,CUST7578,Premium,Home Decor,1,8777,6582.75,25.0,No,None,Credit Card,6,4.1,No
ORD103603,2024-04-13,CUST5382,Regular,Groceries,1,6326,3352.78,47.0,No,None,UPI,7,4.0,No
ORD103604,2024-01-23,CUST8809,Regular,Fashion,1,6973,5857.32,16.0,Yes,Republic Day,,2,2.6,No
ORD103605,2024-09-21,CUST8487,Regular,Home Decor,4,8390,30875.2,8.0,No,None,COD,1,3.1,No
ORD103606,2024-10-16,CUST5003,Regular,Electronics,3,4287,12346.56,4.0,No,None,Wallet,1,4.1,No
ORD103607,2024-09-16,CUST9004,Regular,Fashion,2,9883,14231.519999999999,28.0,No,None,Credit Card,6,3.5,No
ORD103608,2024-12-23,CUST7511,Premium,Home Decor,3,5278,15042.3,5.0,Yes,Christmas/New Year,COD,3,3.7,No
ORD103609,2024-03-15,CUST6055,New,Home Decor,5,8342,22523.4,46.0,No,None,Wallet,6,3.0,No
ORD103610,2024-12-20,CUST3876,Regular,Fashion,3,3518,6332.4,40.0,Yes,Christmas/New Year,Wallet,7,2.6,No
ORD103611,2024-03-12,CUST1101,Premium,Beauty,3,3238,6411.239999999999,34.0,No,None,,2,3.4,No
ORD103612,2024-09-15,CUST9574,New,Electronics,1,9464,7571.200000000001,20.0,No,None,Credit Card,1,4.2,No
ORD103613,2024-07-06,CUST2874,Regular,Fashion,5,968,2710.4,44.0,No,None,Credit Card,2,4.4,No
ORD103614,2024-06-21,CUST2059,New,Electronics,3,9378,15755.04,44.0,No,None,UPI,7,4.0,No
ORD103615,2024-10-16,CUST4014,Premium,Electronics,2,5757,8980.92,22.0,No,None,UPI,7,3.5,No
ORD103616,2024-02-14,CUST7958,Regular,Fashion,1,5462,3604.9199999999996,34.0,No,None,Credit Card,1,4.0,Yes
ORD103617,2024-03-01,CUST2592,New,Home Decor,3,396,653.4000000000001,45.0,No,None,UPI,3,4.3,No
ORD103618,2024-03-23,CUST3131,Regular,Beauty,5,2507,12409.65,1.0,Yes,,UPI,7,4.4,No
ORD103619,2024-05-02,CUST9716,Regular,Electronics,2,1589,1875.0200000000002,41.0,No,None,COD,1,2.7,Yes
ORD103620,2024-12-23,CUST4850,Premium,Electronics,5,6939,31919.4,8.0,Yes,Christmas/New Year,Credit Card,3,4.5,Yes
ORD103621,2024-01-16,CUST1866,Regular,Home Decor,5,5511,24248.4,12.0,No,None,COD,3,2.7,No
ORD103622,2024-03-06,CUST3516,Regular,Fashion,5,3758,10898.2,42.0,No,None,COD,2,4.7,No
ORD103623,2024-05-24,CUST3904,Regular,Beauty,4,3190,8549.199999999999,33.0,No,None,Wallet,2,3.5,Yes
ORD103624,2024-06-10,CUST6232,Premium,Electronics,2,6197,10534.9,15.0,No,None,Credit Card,6,3.9,Yes
ORD103625,2024-08-21,CUST3602,Premium,Electronics,5,9809,47083.2,4.0,No,None,COD,2,3.2,No
ORD103626,2024-05-23,CUST1908,Premium,Fashion,4,6453,25812.0,0.0,No,None,UPI,4,3.6,No
ORD103627,2024-12-23,CUST6902,New,Home Decor,1,6433,3924.13,39.0,Yes,Christmas/New Year,Wallet,2,4.6,No
ORD103628,2024-07-06,CUST7490,Regular,Groceries,4,9978,31530.480000000003,21.0,No,None,UPI,2,3.2,No
ORD103629,2024-11-17,CUST1001,Regular,Home Decor,1,4867,2579.51,47.0,No,None,Wallet,6,3.9,No
ORD103630,2024-01-13,CUST9813,Premium,Electronics,4,4602,10124.400000000001,45.0,No,None,UPI,1,4.1,No
ORD103631,2024-07-02,CUST4417,Premium,Electronics,5,6405,24018.75,25.0,No,None,UPI,6,2.9,No
ORD103632,2024-04-20,CUST2266,Regular,Beauty,4,9323,24985.639999999996,33.0,No,None,UPI,4,4.4,Yes
ORD103633,2024-10-16,CUST5630,Regular,Home Decor,4,7188,14663.52,49.0,No,None,COD,4,5.0,Yes
ORD103634,2024-10-21,CUST2892,New,Groceries,5,9934,39736.0,20.0,Yes,Diwali,Credit Card,7,2.9,No
ORD103635,2024-08-02,CUST9674,New,Beauty,1,2192,2060.48,6.0,No,None,Wallet,1,4.4,No
ORD103636,2024-04-29,CUST6815,Premium,Groceries,5,4259,16184.2,24.0,No,None,COD,2,2.9,No
ORD103637,2024-02-24,CUST8063,Regular,Beauty,2,7403,13177.34,11.0,No,None,Wallet,6,4.9,Yes
ORD103638,2024-01-27,CUST2839,New,Home Decor,4,7093,19860.399999999998,30.0,Yes,Republic Day,COD,7,3.5,No
ORD103639,2024-04-27,CUST5785,New,Electronics,2,3344,3611.5200000000004,46.0,No,None,Wallet,5,4.9,No
ORD103640,2024-08-08,CUST2607,Premium,Groceries,5,7082,26203.4,26.0,No,None,Wallet,3,2.7,No
ORD103641,2024-08-18,CUST7294,New,Home Decor,5,7670,30296.5,21.0,Yes,Independence Day,UPI,4,4.5,No
ORD103642,2024-02-22,CUST4299,New,Groceries,3,9926,19951.26,33.0,No,None,Wallet,7,3.7,No
ORD103643,2024-10-21,CUST3214,New,Home Decor,2,2874,4828.32,16.0,Yes,Diwali,Wallet,1,3.2,No
ORD103644,2024-11-16,CUST9326,New,Beauty,3,4748,12819.6,10.0,No,None,UPI,7,4.4,No
ORD103645,2024-08-20,CUST3073,Premium,Home Decor,2,9252,13322.88,28.0,Yes,Independence Day,COD,5,4.1,No
ORD103646,2024-06-06,CUST8336,Premium,Beauty,3,1752,3521.5199999999995,33.0,No,,COD,3,4.8,No
ORD103647,2024-09-25,CUST3912,Regular,Electronics,3,6214,11930.880000000001,36.0,No,None,Credit Card,5,,No
ORD103648,2024-01-21,CUST6686,Premium,Beauty,2,1592,1655.68,48.0,Yes,Republic Day,Credit Card,2,4.8,No
ORD103649,2024-02-22,CUST8531,Premium,Fashion,5,8772,23245.800000000003,47.0,No,None,Credit Card,1,4.1,No
ORD103650,2024-10-01,CUST5547,New,Electronics,1,5538,4153.5,25.0,No,None,Credit Card,3,3.6,No
ORD103651,2024-11-08,CUST4233,Regular,Home Decor,5,848,2374.4,44.0,Yes,Diwali,Wallet,3,2.6,Yes
ORD103652,2024-10-07,CUST4545,Premium,Home Decor,1,6594,3692.6400000000003,44.0,No,None,Wallet,2,4.4,No
ORD103653,2024-08-01,CUST9590,Regular,Fashion,2,4860,5443.200000000001,44.0,No,None,Credit Card,2,4.6,No
ORD103654,2024-01-31,CUST6630,Premium,Home Decor,4,1020,2815.2,31.0,No,None,UPI,2,4.5,Yes
ORD103655,2024-12-02,CUST5755,Premium,Electronics,5,671,2147.2,36.0,No,None,Credit Card,1,4.3,No
ORD103656,2024-07-01,CUST7553,Regular,Electronics,3,8254,23771.52,4.0,No,None,COD,4,4.9,No
ORD103657,2024-01-23,CUST6420,Premium,Beauty,5,321,1300.0500000000002,19.0,Yes,Republic Day,Wallet,5,4.6,No
ORD103658,2024-02-01,CUST9160,Regular,Groceries,2,5645,10612.599999999999,6.0,No,None,UPI,1,4.8,No
ORD103659,2024-03-14,CUST4016,Regular,Home Decor,4,7895,18316.4,42.0,No,None,COD,1,4.3,No
ORD103660,2024-01-10,CUST2209,Premium,Fashion,4,5076,15837.12,22.0,No,None,UPI,5,4.6,No
ORD103661,2024-02-23,CUST9623,Regular,Electronics,5,2995,14975.0,0.0,No,None,UPI,7,3.2,No
ORD103662,2024-02-21,CUST6379,Regular,Electronics,5,4416,13689.6,38.0,No,None,,3,4.2,No
ORD103663,2024-05-27,CUST2141,Regular,Electronics,5,2386,11691.4,2.0,No,None,COD,7,3.0,No
ORD103664,2024-06-08,CUST1576,Regular,Groceries,2,2334,2614.0800000000004,44.0,No,None,Credit Card,5,2.7,No
ORD103665,2024-01-14,CUST2459,Premium,Groceries,1,2377,2329.46,2.0,No,None,COD,2,3.9,Yes
ORD103666,2024-06-26,CUST8088,Regular,Home Decor,1,2499,2374.0499999999997,5.0,No,None,Wallet,3,4.5,No
ORD103667,2024-12-31,CUST7968,New,Fashion,3,6181,12980.099999999999,30.0,Yes,Christmas/New Year,COD,7,2.7,No
ORD103668,2024-02-22,CUST4751,Regular,Groceries,2,1583,2342.84,26.0,No,None,Wallet,1,3.0,No
ORD103669,2024-11-30,CUST7523,Regular,Beauty,4,4342,12504.96,28.0,No,None,Wallet,5,2.7,No
ORD103670,2024-01-22,CUST8836,Regular,Groceries,3,2168,5593.44,14.0,Yes,Republic Day,Credit Card,1,4.1,No
ORD103671,2024-01-30,CUST1417,Premium,Electronics,4,6844,17794.4,35.0,Yes,Republic Day,Wallet,7,2.7,No
ORD103672,2024-07-09,CUST8312,Premium,Fashion,4,2672,10260.48,4.0,No,None,Credit Card,6,2.7,No
ORD103673,2024-09-16,CUST3456,New,Home Decor,5,5694,27900.6,2.0,No,None,UPI,1,3.2,No
ORD103674,2024-07-23,CUST2481,Premium,Groceries,4,9642,29311.68,24.0,No,None,UPI,5,3.2,No
ORD103675,2024-02-28,CUST3510,Regular,Electronics,4,6106,16852.559999999998,31.0,No,None,UPI,6,3.9,No
ORD103676,2024-09-20,CUST8513,Premium,Beauty,2,3310,5296.0,20.0,No,None,COD,6,2.6,No
ORD103677,2024-01-12,CUST1933,New,Beauty,5,8526,22593.9,47.0,No,None,Wallet,6,4.0,No
ORD103678,2024-04-28,CUST6675,Regular,Home Decor,5,9001,37804.2,16.0,No,None,Credit Card,1,3.5,Yes
ORD103679,2024-10-16,CUST3793,Regular,Home Decor,3,9449,26079.24,8.0,No,None,UPI,4,2.9,No
ORD103680,2024-12-03,CUST4436,Premium,Groceries,5,6771,25391.25,25.0,No,None,Credit Card,4,4.1,Yes
ORD103681,2024-09-04,CUST4885,Regular,Home Decor,1,3974,3139.46,21.0,No,None,UPI,1,3.3,No
ORD103682,2024-12-19,CUST4411,New,Electronics,2,4855,5826.0,40.0,No,None,Wallet,3,4.6,No
ORD103683,2024-05-06,CUST6482,Regular,Electronics,3,458,755.7,45.0,No,None,UPI,3,5.0,No
ORD103684,2024-03-15,CUST7767,Regular,Electronics,1,7068,5513.04,,No,None,Credit Card,3,,No
ORD103685,2024-12-26,CUST7797,New,Groceries,4,7017,25261.2,10.0,Yes,Christmas/New Year,UPI,3,4.4,No
ORD103686,2024-07-22,CUST5963,New,Groceries,1,5944,5409.04,9.0,No,None,Credit Card,4,3.4,No
ORD103687,2024-02-18,CUST5252,Regular,Home Decor,3,9307,21778.38,22.0,No,None,UPI,7,3.8,No
ORD103688,2024-03-19,CUST2915,New,Groceries,5,4142,19881.6,4.0,No,None,Credit Card,3,2.6,Yes
ORD103689,2024-08-28,CUST3846,Regular,Electronics,2,437,655.5,25.0,Yes,Raksha Bandhan,UPI,5,4.3,No
ORD103690,2024-12-14,CUST5840,Regular,Fashion,3,3555,10345.05,3.0,No,None,Wallet,3,4.2,No
ORD103691,2024-06-02,CUST2090,New,Electronics,1,9079,5265.820000000001,42.0,No,None,UPI,5,3.2,No
ORD103692,2024-09-30,CUST2956,Premium,Fashion,1,8104,5996.96,26.0,No,None,COD,4,3.8,No
ORD103693,2024-04-05,CUST8861,Regular,Home Decor,3,6801,12853.89,37.0,No,None,Credit Card,5,4.2,No
ORD103694,2024-08-01,CUST8938,Regular,Beauty,3,5906,11871.06,33.0,No,None,UPI,6,3.4,No
ORD103695,2024-10-20,CUST8698,Premium,Groceries,3,1358,3992.52,2.0,Yes,Diwali,,5,4.3,No
ORD103696,2024-07-27,CUST2630,Regular,Groceries,5,794,2024.7,,No,None,Credit Card,1,4.5,No
ORD103697,2024-12-08,CUST2732,Premium,Electronics,3,1950,4036.4999999999995,31.0,No,None,UPI,5,3.1,No
ORD103698,2024-03-28,CUST1983,Premium,Electronics,4,602,1806.0,,Yes,Holi,UPI,6,3.3,No
ORD103699,2024-11-01,CUST5413,Regular,Fashion,2,9213,15293.58,17.0,Yes,Diwali,Wallet,1,3.5,No
ORD103700,2024-09-20,CUST4004,Premium,Groceries,2,4038,7591.44,6.0,No,None,UPI,6,3.1,No
ORD103701,2024-11-20,CUST5822,New,Home Decor,4,2740,6137.6,,No,None,Credit Card,3,4.4,No
ORD103702,2024-11-15,CUST2232,Regular,Electronics,1,6078,5348.64,12.0,No,None,COD,5,3.9,No
ORD103703,2024-06-05,CUST6816,Regular,Groceries,1,7690,7305.5,5.0,No,None,UPI,7,,No
ORD103704,2024-06-04,CUST2725,Regular,Beauty,1,5734,3784.4399999999996,34.0,No,None,COD,5,2.5,No
ORD103705,2024-05-18,CUST5456,Premium,Fashion,1,5486,3840.2,30.0,No,None,Credit Card,2,3.3,No
ORD103706,2024-04-30,CUST9544,New,Electronics,5,1813,5348.35,41.0,No,None,Credit Card,3,4.6,No
ORD103707,2024-03-05,CUST2223,Regular,Electronics,4,6779,17354.24,36.0,No,None,UPI,5,4.4,No
ORD103708,2024-04-16,CUST2298,Regular,Home Decor,2,5851,6787.160000000001,42.0,No,None,Wallet,5,2.7,No
ORD103709,2024-05-26,CUST2488,Regular,Electronics,4,3879,15050.52,3.0,No,None,UPI,2,4.5,No
ORD103710,2024-05-16,CUST9215,Premium,Groceries,2,3752,4427.360000000001,41.0,No,None,Wallet,1,2.9,No
ORD103711,2024-06-10,CUST4433,Regular,Groceries,1,7438,7214.86,3.0,No,None,UPI,3,5.0,Yes
ORD103712,2024-04-09,CUST6118,New,Groceries,5,5196,14548.800000000001,44.0,No,None,COD,2,4.7,No
ORD103713,2024-12-03,CUST9974,Regular,Beauty,3,1664,4642.5599999999995,7.0,No,None,Wallet,3,4.8,No
ORD103714,2024-11-02,CUST1372,Premium,Beauty,3,6482,12250.98,37.0,Yes,Diwali,Wallet,3,,Yes
ORD103715,2024-05-20,CUST2533,Premium,Electronics,1,5082,4573.8,10.0,No,None,COD,1,4.3,No
ORD103716,2024-03-23,CUST9211,Premium,Beauty,1,6445,6380.55,1.0,Yes,Holi,UPI,1,3.1,Yes
ORD103717,2024-06-25,CUST2778,Regular,Beauty,4,6811,22612.52,17.0,No,None,Credit Card,4,4.0,No
ORD103718,2024-07-16,CUST6803,Premium,Home Decor,5,3300,13695.0,17.0,No,None,Credit Card,2,4.2,No
ORD103719,2024-04-21,CUST9119,Regular,Beauty,5,4313,17036.350000000002,21.0,No,None,UPI,6,3.2,No
ORD103720,2024-02-25,CUST5286,Regular,Fashion,4,4293,15283.08,11.0,No,None,COD,2,3.5,No
ORD103721,2024-06-27,CUST4765,Premium,Fashion,5,8324,34960.799999999996,16.0,No,None,Credit Card,7,4.9,No
ORD103722,2024-07-04,CUST8784,Premium,Fashion,5,5051,21214.2,16.0,No,None,COD,3,3.5,No
ORD103723,2024-08-05,CUST8606,Regular,Electronics,3,9078,17702.100000000002,35.0,No,None,UPI,4,3.3,No
ORD103724,2024-11-11,CUST2813,Regular,Groceries,5,3779,13604.4,28.0,No,None,COD,4,2.8,No
ORD103725,2024-08-04,CUST6415,New,Home Decor,1,8992,4675.84,48.0,No,None,COD,7,3.4,No
ORD103726,2024-04-29,CUST7063,New,Electronics,3,9435,24059.25,15.0,No,None,COD,3,4.0,No
ORD103727,2024-06-23,CUST1444,Regular,Groceries,1,5645,3387.0,40.0,No,None,Credit Card,1,2.9,No
ORD103728,2024-01-23,CUST1706,Premium,Home Decor,1,9771,8793.9,10.0,Yes,Republic Day,COD,4,4.0,No
ORD103729,2024-07-31,CUST5370,Regular,Home Decor,4,4728,10779.840000000002,43.0,No,None,Wallet,2,4.4,No
ORD103730,2024-08-22,CUST7866,Premium,Home Decor,5,7766,22521.4,42.0,No,None,COD,1,4.4,No
ORD103731,2024-01-13,CUST1680,New,Fashion,5,9433,26412.4,44.0,No,None,COD,5,5.0,Yes
ORD103732,2024-04-10,CUST7885,Regular,Fashion,5,1773,7003.35,21.0,No,None,UPI,4,3.6,No
ORD103733,2024-01-24,CUST5979,Premium,Fashion,5,5920,21016.0,29.0,Yes,Republic Day,COD,3,2.6,No
ORD103734,2024-12-29,CUST3483,Regular,Home Decor,3,9755,27216.449999999997,7.0,Yes,Christmas/New Year,COD,2,4.6,No
ORD103735,2024-01-11,CUST6166,Premium,Home Decor,2,9402,10342.2,45.0,No,None,Credit Card,7,2.7,No
ORD103736,2024-09-29,CUST8319,Premium,Fashion,1,1456,1208.48,,No,None,Wallet,4,4.7,No
ORD103737,2024-10-07,CUST3101,New,Home Decor,2,1327,1459.7,45.0,No,None,UPI,3,5.0,No
ORD103738,2024-04-03,CUST2295,Regular,Fashion,2,9415,16005.5,15.0,No,None,Wallet,2,4.8,No
ORD103739,2024-07-19,CUST1193,Regular,Fashion,2,2984,3222.7200000000003,46.0,No,None,COD,4,4.9,No
ORD103740,2024-01-21,CUST4892,Regular,Fashion,3,6281,15262.830000000002,19.0,Yes,Republic Day,Credit Card,2,2.6,No
ORD103741,2024-12-05,CUST6128,New,Groceries,2,1249,1548.76,38.0,No,None,Wallet,5,2.5,No
ORD103742,2024-07-29,CUST6314,Premium,Home Decor,3,5383,15018.57,7.0,No,None,,7,3.0,No
ORD103743,2024-05-19,CUST9596,Premium,Electronics,4,2501,7102.839999999999,29.0,No,None,Wallet,7,4.5,No
ORD103744,2024-10-19,CUST6546,Regular,Fashion,4,9546,24055.920000000002,37.0,No,None,Wallet,7,2.7,No
ORD103745,2024-10-24,CUST8055,New,Electronics,4,229,659.52,28.0,Yes,Diwali,Wallet,2,4.4,No
ORD103746,2024-04-10,CUST7751,New,Groceries,3,9178,24229.920000000002,12.0,No,None,Credit Card,7,2.5,No
ORD103747,2024-10-30,CUST8550,Premium,Home Decor,3,9562,24096.239999999998,16.0,Yes,Diwali,COD,7,4.3,No
ORD103748,2024-12-24,CUST8431,Regular,Fashion,1,3398,2072.7799999999997,39.0,Yes,Christmas/New Year,Credit Card,3,3.1,No
ORD103749,2024-01-28,CUST2481,Regular,Fashion,2,1564,1814.2400000000002,42.0,Yes,Republic Day,Credit Card,4,3.6,No
ORD103750,2024-02-10,CUST1596,Premium,Fashion,5,9933,41718.6,16.0,No,None,Credit Card,3,4.9,No
ORD103751,2024-12-20,CUST6301,Premium,Electronics,5,4693,21587.8,8.0,Yes,Christmas/New Year,Credit Card,5,3.9,No
ORD103752,2024-10-29,CUST5878,Regular,Groceries,2,8705,17235.9,1.0,Yes,,COD,6,2.7,No
ORD103753,2024-05-25,CUST6607,Premium,Home Decor,5,2895,8540.250000000002,41.0,No,None,COD,1,4.7,No
ORD103754,2024-09-12,CUST5293,Regular,Groceries,5,6845,26353.25,23.0,No,None,Credit Card,2,3.3,No
ORD103755,2024-08-14,CUST2930,Premium,Fashion,5,8921,35684.0,20.0,Yes,Independence Day,Wallet,3,4.0,No
ORD103756,2024-08-23,CUST7732,Premium,Groceries,3,6080,10032.0,45.0,No,None,COD,6,4.3,No
ORD103757,2024-12-26,CUST7461,Regular,Electronics,3,8349,24796.53,1.0,Yes,Christmas/New Year,COD,4,4.4,No
ORD103758,2024-01-13,CUST2961,Premium,Beauty,3,6059,17449.92,4.0,No,None,Credit Card,4,3.6,No
ORD103759,2024-07-28,CUST2019,Regular,Beauty,2,8703,14621.039999999999,16.0,No,None,Wallet,1,4.4,No
ORD103760,2024-08-16,CUST6668,Regular,Home Decor,4,1195,3680.6,23.0,Yes,Independence Day,Wallet,4,2.8,No
ORD103761,2024-04-09,CUST9898,New,Home Decor,5,7065,32852.25,7.0,No,None,Credit Card,7,3.8,No
ORD103762,2024-01-31,CUST7437,Regular,Groceries,1,7696,5464.16,29.0,No,None,Credit Card,5,2.6,No
ORD103763,2024-01-16,CUST8063,Regular,Home Decor,3,2831,4331.43,49.0,No,None,COD,1,3.5,No
ORD103764,2024-05-16,CUST7633,Regular,Electronics,1,463,365.77000000000004,21.0,No,None,COD,5,3.4,No
ORD103765,2024-11-24,CUST9824,Regular,Fashion,5,7884,30353.4,23.0,No,None,UPI,2,4.9,No
ORD103766,2024-06-14,CUST3162,Regular,Fashion,4,8412,25236.0,25.0,No,None,UPI,5,3.5,No
ORD103767,2024-11-05,CUST1240,Regular,Groceries,1,9588,8916.84,7.0,Yes,Diwali,Credit Card,2,4.8,No
ORD103768,2024-04-09,CUST6496,Premium,Fashion,5,5243,23331.35,11.0,No,None,UPI,5,3.6,No
ORD103769,2024-04-18,CUST1534,Regular,Groceries,5,5316,23124.6,13.0,No,None,Wallet,1,3.8,No
ORD103770,2024-12-08,CUST5465,Premium,Home Decor,3,3333,7099.29,29.0,No,None,Wallet,2,3.4,No
ORD103771,2024-06-21,CUST1913,Regular,Home Decor,4,8597,22696.079999999998,34.0,No,None,Wallet,6,4.1,No
ORD103772,2024-08-24,CUST4753,Regular,Electronics,5,1836,6426.0,30.0,No,None,COD,5,4.3,No
ORD103773,2024-06-10,CUST1301,Regular,Fashion,4,9022,26344.239999999998,27.0,No,None,UPI,5,4.5,Yes
ORD103774,2024-08-03,CUST3869,New,Electronics,3,8011,13218.150000000001,45.0,No,None,UPI,4,4.2,No
ORD103775,2024-09-20,CUST2732,Premium,Beauty,1,4735,3503.9,26.0,No,None,Credit Card,7,3.3,No
ORD103776,2024-09-19,CUST4571,Premium,Electronics,2,1298,1687.4,35.0,No,None,COD,5,3.3,Yes
ORD103777,2024-10-18,CUST1394,Regular,Groceries,2,489,978.0,0.0,No,None,COD,4,3.4,No
ORD103778,2024-09-30,CUST7163,New,Groceries,2,2804,3364.7999999999997,40.0,No,None,,5,2.6,No
ORD103779,2024-01-03,CUST3639,Regular,Electronics,4,407,1416.36,13.0,No,None,Wallet,3,4.9,No
ORD103780,2024-01-28,CUST4197,Regular,Home Decor,2,8663,15766.66,9.0,Yes,Republic Day,COD,4,3.0,No
ORD103781,2024-11-21,CUST1320,Premium,Beauty,1,3878,1977.78,49.0,No,None,UPI,1,2.9,No
ORD103782,2024-05-28,CUST6308,Regular,Electronics,5,8806,25977.700000000004,41.0,No,None,Credit Card,1,3.9,No
ORD103783,2024-01-28,CUST5566,New,Home Decor,4,3668,13791.679999999998,6.0,Yes,Republic Day,UPI,2,2.6,No
ORD103784,2024-11-05,CUST2947,Regular,Electronics,1,9676,5902.36,39.0,Yes,Diwali,COD,6,4.6,No
ORD103785,2024-03-05,CUST8131,New,Fashion,4,5186,18047.28,13.0,No,None,Credit Card,6,4.7,No
ORD103786,2024-12-21,CUST7824,Premium,Groceries,4,9433,24525.8,35.0,Yes,Christmas/New Year,Wallet,1,3.5,No
ORD103787,2024-01-21,CUST3804,Premium,Fashion,4,4290,12698.4,26.0,Yes,Republic Day,Credit Card,2,4.9,Yes
ORD103788,2024-09-08,CUST4840,Regular,Fashion,3,7003,18908.100000000002,10.0,No,None,COD,1,3.3,Yes
ORD103789,2024-08-22,CUST4244,Regular,Beauty,5,2494,7357.300000000001,41.0,No,None,COD,4,3.2,No
ORD103790,2024-08-14,CUST1204,New,Home Decor,2,2661,2767.44,48.0,Yes,Independence Day,Credit Card,3,5.0,No
ORD103791,2024-01-13,CUST9941,Regular,Groceries,3,8145,15638.4,36.0,No,None,COD,2,3.1,No
ORD103792,2024-11-08,CUST4628,Premium,Fashion,5,9735,28718.250000000004,41.0,Yes,Diwali,COD,3,3.6,No
ORD103793,2024-02-18,CUST2687,New,Groceries,2,5873,10688.86,9.0,No,None,COD,5,4.0,No
ORD103794,2024-04-27,CUST5226,Regular,Home Decor,3,3567,10058.939999999999,6.0,No,None,COD,5,3.3,No
ORD103795,2024-02-23,CUST9255,Premium,Electronics,3,1143,2880.3599999999997,16.0,No,None,Credit Card,3,3.5,Yes
ORD103796,2024-05-17,CUST4896,Premium,Fashion,1,4356,3876.84,11.0,No,None,Credit Card,4,4.3,No
ORD103797,2024-02-22,CUST3578,Regular,Home Decor,3,365,700.8000000000001,36.0,No,None,UPI,3,,No
ORD103798,2024-02-13,CUST3094,Regular,Groceries,4,2105,5388.8,36.0,No,None,,3,4.5,No
ORD103799,2024-10-29,CUST8857,Regular,Home Decor,3,3256,6349.2,35.0,Yes,Diwali,Wallet,3,4.0,No
ORD103800,2024-02-22,CUST4238,Regular,Electronics,4,9715,36528.4,6.0,No,None,UPI,2,3.1,No
ORD103801,2024-03-14,CUST1834,Premium,Home Decor,5,550,2117.5,23.0,No,None,Credit Card,7,3.3,No
ORD103802,2024-02-15,CUST2039,Regular,Groceries,5,3509,11755.15,33.0,No,None,UPI,2,4.8,No
ORD103803,2024-01-13,CUST7112,New,Fashion,4,5861,23444.0,0.0,No,None,COD,7,4.3,No
ORD103804,2024-06-13,CUST5936,Regular,Fashion,1,1131,814.3199999999999,28.0,No,None,COD,3,2.7,No
ORD103805,2024-04-11,CUST4750,Premium,Beauty,1,4038,3028.5,25.0,No,None,Wallet,6,4.4,Yes
ORD103806,2024-10-06,CUST1186,Premium,Groceries,5,9505,43247.75,9.0,No,None,Credit Card,4,3.3,No
ORD103807,2024-09-14,CUST6936,Regular,Beauty,3,8258,24774.0,0.0,No,None,Wallet,5,2.6,Yes
ORD103808,2024-12-02,CUST6572,Regular,Beauty,5,2189,6129.200000000001,44.0,No,None,UPI,5,3.7,No
ORD103809,2024-12-21,CUST3020,Premium,Electronics,5,9777,41063.4,16.0,Yes,Christmas/New Year,Wallet,5,4.7,No
ORD103810,2024-05-17,CUST5508,New,Groceries,4,3684,8841.6,40.0,No,None,Wallet,1,3.6,Yes
ORD103811,2024-06-11,CUST5267,Regular,Fashion,1,8086,5255.900000000001,,No,None,COD,4,5.0,No
ORD103812,2024-04-20,CUST6379,Regular,Groceries,4,1316,4842.88,8.0,No,None,,2,2.9,No
ORD103813,2024-04-11,CUST7043,Regular,Electronics,5,8525,26427.5,38.0,No,None,UPI,5,3.4,No
ORD103814,2024-01-17,CUST3301,Regular,Groceries,2,9619,15005.640000000001,22.0,No,None,Credit Card,2,2.5,No
ORD103815,2024-09-24,CUST2653,Premium,Groceries,3,7162,15469.92,28.0,No,None,Wallet,2,2.6,No
ORD103816,2024-06-30,CUST6307,New,Beauty,5,6167,30526.65,1.0,No,None,Credit Card,2,3.4,No
ORD103817,2024-01-24,CUST7405,Regular,Groceries,4,8104,26905.28,17.0,Yes,Republic Day,UPI,6,3.8,Yes
ORD103818,2024-01-29,CUST8428,New,Beauty,2,4733,6910.179999999999,27.0,Yes,Republic Day,Wallet,2,3.1,Yes
ORD103819,2024-06-19,CUST4917,Regular,Beauty,2,9071,9796.68,46.0,No,None,Credit Card,3,2.9,No
ORD103820,2024-08-15,CUST3589,Premium,Home Decor,5,2869,8463.550000000001,41.0,Yes,Independence Day,COD,2,3.6,Yes
ORD103821,2024-07-06,CUST7919,Regular,Electronics,1,9639,5012.28,48.0,No,None,COD,1,2.9,No
ORD103822,2024-12-11,CUST3613,Regular,Beauty,2,1391,2615.08,6.0,No,None,UPI,2,4.1,No
ORD103823,2024-08-17,CUST4750,Regular,Groceries,3,1330,3591.0,10.0,Yes,Independence Day,Wallet,5,4.9,No
ORD103824,2024-11-16,CUST4047,Regular,Beauty,4,1603,6027.28,6.0,No,None,UPI,2,4.5,No
ORD103825,2024-12-05,CUST1470,Premium,Beauty,4,5830,13525.600000000002,42.0,No,None,Credit Card,5,3.0,No
ORD103826,2024-04-28,CUST7286,Premium,Beauty,4,9722,29943.760000000002,23.0,No,None,Credit Card,2,4.9,No
ORD103827,2024-06-04,CUST3099,Regular,Fashion,5,5230,22489.0,14.0,No,None,UPI,4,4.4,No
ORD103828,2024-09-28,CUST6102,New,Fashion,4,1581,4426.799999999999,30.0,No,None,,3,2.9,Yes
ORD103829,2024-06-23,CUST5607,Regular,Fashion,4,569,1866.3200000000002,18.0,No,None,UPI,5,3.9,No
ORD103830,2024-04-13,CUST8248,Premium,Fashion,3,5292,14447.16,9.0,No,None,UPI,1,4.9,No
ORD103831,2024-04-01,CUST7413,Regular,Home Decor,1,3994,2116.82,47.0,No,None,COD,2,2.7,No
ORD103832,2024-07-04,CUST3109,Regular,Beauty,5,6514,30290.1,7.0,No,None,Credit Card,5,3.2,Yes
ORD103833,2024-10-09,CUST8294,Regular,Home Decor,5,5900,29500.0,0.0,No,,UPI,6,3.4,Yes
ORD103834,2024-06-29,CUST5348,Premium,Groceries,4,9568,37889.28,1.0,No,None,COD,7,2.8,No
ORD103835,2024-06-18,CUST2124,Premium,Electronics,3,8767,18936.719999999998,28.0,No,None,UPI,3,3.2,Yes
ORD103836,2024-07-05,CUST3578,Regular,Home Decor,2,2960,3492.8000000000006,41.0,No,None,Credit Card,6,4.2,No
ORD103837,2024-06-23,CUST2918,Regular,Fashion,4,2143,7800.52,9.0,No,None,COD,2,3.7,No
ORD103838,2024-08-09,CUST7788,Regular,Fashion,4,1157,2730.5200000000004,41.0,No,None,Credit Card,3,3.6,No
ORD103839,2024-08-20,CUST1169,Premium,Groceries,5,9202,42329.200000000004,8.0,Yes,Independence Day,Wallet,1,3.6,No
ORD103840,2024-06-10,CUST3470,Premium,Beauty,5,5122,13061.1,49.0,No,None,Wallet,5,4.4,No
ORD103841,2024-05-13,CUST3519,Regular,Electronics,4,6829,19121.199999999997,30.0,No,None,Wallet,1,5.0,No
ORD103842,2024-08-11,CUST5398,Regular,Home Decor,5,1733,5978.849999999999,31.0,Yes,Independence Day,Wallet,3,4.0,No
ORD103843,2024-06-01,CUST3255,Premium,Beauty,3,7085,21042.45,1.0,No,None,COD,4,4.4,Yes
ORD103844,2024-02-02,CUST4521,Regular,Beauty,2,8801,13553.54,23.0,No,None,Credit Card,4,3.4,No
ORD103845,2024-02-24,CUST6604,Regular,Home Decor,2,253,323.84000000000003,36.0,No,None,UPI,6,4.7,No
ORD103846,2024-01-07,CUST2734,Regular,Home Decor,2,4996,5795.360000000001,42.0,No,None,UPI,7,3.6,No
ORD103847,2024-08-31,CUST9000,Regular,Home Decor,4,9490,36062.0,5.0,Yes,Raksha Bandhan,UPI,5,4.8,No
ORD103848,2024-11-08,CUST3504,Premium,Home Decor,4,2596,9657.119999999999,7.0,Yes,Diwali,Credit Card,2,4.4,No
ORD103849,2024-05-05,CUST7514,Premium,Fashion,4,9366,22853.04,39.0,No,None,COD,6,4.3,No
ORD103850,2024-01-12,CUST7846,Regular,Beauty,3,8051,18356.28,24.0,No,None,Credit Card,1,3.2,No
ORD103851,2024-01-16,CUST2166,Premium,Beauty,2,5121,6042.780000000001,41.0,No,None,Wallet,4,4.5,No
ORD103852,2024-07-26,CUST2194,Regular,Fashion,5,7453,21613.700000000004,42.0,No,None,UPI,4,2.8,No
ORD103853,2024-02-12,CUST9680,New,Beauty,5,5039,19148.2,24.0,No,None,Credit Card,2,3.8,No
ORD103854,2024-05-14,CUST8692,Premium,Home Decor,1,2758,1516.9,45.0,No,None,Wallet,1,4.3,No
ORD103855,2024-08-15,CUST2634,Premium,Electronics,1,8530,7677.0,10.0,Yes,Independence Day,Wallet,3,4.7,No
ORD103856,2024-04-20,CUST4706,Regular,Beauty,5,2720,8975.999999999998,34.0,No,None,COD,6,3.9,No
ORD103857,2024-11-02,CUST1566,Regular,Electronics,2,4837,9674.0,0.0,Yes,Diwali,UPI,4,3.1,No
ORD103858,2024-06-08,CUST9669,Regular,Electronics,4,4027,12564.24,22.0,No,None,Credit Card,5,4.6,No
ORD103859,2024-11-26,CUST5955,Premium,Fashion,5,6829,33462.1,2.0,No,None,Wallet,5,4.4,No
ORD103860,2024-09-20,CUST3273,Regular,Groceries,5,1537,4611.0,40.0,No,None,Wallet,3,2.9,No
ORD103861,2024-08-12,CUST6413,New,Beauty,1,2494,2494.0,0.0,Yes,Independence Day,UPI,2,4.7,No
ORD103862,2024-08-04,CUST5873,New,Fashion,2,2877,3279.78,43.0,No,None,Credit Card,2,4.9,No
ORD103863,2024-02-14,CUST9683,Premium,Fashion,5,6781,30175.45,11.0,No,None,Credit Card,6,3.8,No
ORD103864,2024-08-01,CUST7045,New,Electronics,4,272,685.44,37.0,No,None,UPI,4,2.6,No
ORD103865,2024-02-28,CUST1059,Regular,Beauty,4,7436,18143.84,39.0,No,None,Wallet,6,4.8,No
ORD103866,2024-05-11,CUST2567,Regular,Fashion,3,7519,15789.9,30.0,No,None,COD,4,2.8,Yes
ORD103867,2024-04-13,CUST3564,Regular,Home Decor,4,2341,6742.08,28.0,No,None,UPI,4,4.1,No
ORD103868,2024-07-13,CUST4961,Premium,Fashion,5,4730,15608.999999999998,34.0,No,None,Wallet,3,3.5,No
ORD103869,2024-06-05,CUST8779,Regular,Home Decor,5,4752,17344.8,27.0,No,None,COD,3,5.0,No
ORD103870,2024-04-07,CUST5296,New,Groceries,4,3701,11843.2,20.0,No,None,UPI,4,4.8,Yes
ORD103871,2024-08-13,CUST5745,Regular,Home Decor,1,2277,2049.3,10.0,Yes,Independence Day,UPI,2,4.5,No
ORD103872,2024-07-23,CUST4930,Regular,Home Decor,2,8726,13089.0,25.0,No,None,Wallet,1,3.0,No
ORD103873,2024-03-19,CUST8271,New,Electronics,5,4955,22297.5,10.0,No,None,UPI,4,4.2,No
ORD103874,2024-05-03,CUST8401,Regular,Fashion,4,2815,10809.6,4.0,No,None,Credit Card,2,3.9,No
ORD103875,2024-08-05,CUST8027,Regular,Groceries,4,5556,20890.559999999998,6.0,No,None,Credit Card,2,2.8,No
ORD103876,2024-01-04,CUST8665,Premium,Fashion,5,4372,15301.999999999998,30.0,No,None,COD,5,,No
ORD103877,2024-03-30,CUST3700,Regular,Home Decor,3,1132,2105.52,38.0,Yes,Holi,UPI,6,2.7,No
ORD103878,2024-04-13,CUST4398,Regular,Home Decor,2,835,985.3000000000002,41.0,No,None,Credit Card,1,3.7,No
ORD103879,2024-04-28,CUST5003,Regular,Fashion,5,6883,32005.949999999997,7.0,No,None,Wallet,4,3.6,No
ORD103880,2024-05-12,CUST5213,Regular,Groceries,4,5973,17680.079999999998,26.0,No,None,Wallet,7,4.5,No
ORD103881,2024-11-07,CUST8590,New,Groceries,3,3429,8229.6,20.0,Yes,Diwali,Wallet,1,3.6,No
ORD103882,2024-04-05,CUST5506,New,Electronics,5,1390,4934.5,29.0,No,None,Credit Card,4,4.2,No
ORD103883,2024-11-26,CUST1110,Regular,Home Decor,2,5708,9931.92,13.0,No,None,UPI,7,3.7,No
ORD103884,2024-05-22,CUST1014,Regular,Home Decor,3,211,633.0,0.0,No,None,UPI,6,4.0,No
ORD103885,2024-10-14,CUST7684,Regular,Electronics,4,9841,22043.840000000004,44.0,No,None,UPI,1,3.1,No
ORD103886,2024-01-28,CUST4938,New,Fashion,1,8260,6360.2,23.0,Yes,Republic Day,COD,1,3.0,No
ORD103887,2024-10-04,CUST1551,Regular,Home Decor,2,648,1231.2,5.0,No,None,UPI,2,4.3,No
ORD103888,2024-08-20,CUST2212,Regular,Fashion,3,7861,22403.85,5.0,Yes,Independence Day,Credit Card,7,2.8,No
ORD103889,2024-01-17,CUST3033,Premium,Groceries,5,2696,12940.8,4.0,No,None,Credit Card,1,2.9,No
ORD103890,2024-02-28,CUST3240,New,Beauty,5,6085,20080.499999999996,34.0,No,None,UPI,1,4.9,No
ORD103891,2024-03-30,CUST7484,Regular,Electronics,3,626,1070.46,43.0,Yes,Holi,Wallet,6,3.1,No
ORD103892,2024-07-17,CUST3112,Regular,Home Decor,5,7299,31385.7,14.0,No,None,COD,7,3.3,No
ORD103893,2024-12-27,CUST6449,Regular,Electronics,3,9307,18427.859999999997,34.0,Yes,Christmas/New Year,COD,4,4.1,No
ORD103894,2024-01-26,CUST7798,Regular,Groceries,2,3369,3571.1400000000003,47.0,Yes,Republic Day,Credit Card,2,3.6,No
ORD103895,2024-01-25,CUST3959,Premium,Groceries,5,646,1647.3,49.0,Yes,Republic Day,COD,1,3.9,No
ORD103896,2024-10-27,CUST3309,Premium,Groceries,2,2450,2940.0,40.0,Yes,Diwali,Wallet,2,2.9,No
ORD103897,2024-12-04,CUST4832,Premium,Groceries,4,7311,27196.92,7.0,No,None,UPI,2,4.2,No
ORD103898,2024-09-23,CUST8749,Regular,Beauty,4,2881,6683.920000000001,42.0,No,None,COD,3,2.9,No
ORD103899,2024-06-29,CUST6111,Regular,Fashion,4,1601,4226.639999999999,34.0,No,None,COD,4,4.4,No
ORD103900,2024-12-25,CUST2816,Regular,Fashion,4,3607,13850.88,4.0,Yes,,Credit Card,3,3.8,No
ORD103901,2024-03-08,CUST2857,Regular,Beauty,5,6961,24363.5,30.0,No,None,Wallet,2,4.5,No
ORD103902,2024-12-16,CUST1169,Premium,Fashion,3,1243,2200.11,41.0,No,None,Credit Card,6,2.9,No
ORD103903,2024-11-16,CUST5593,Regular,Groceries,5,5563,19470.5,,No,None,Credit Card,6,3.4,Yes
ORD103904,2024-02-18,CUST4360,Regular,Fashion,5,591,1891.2,36.0,No,None,COD,1,4.6,No
ORD103905,2024-06-23,CUST3616,Regular,Electronics,2,5019,9335.34,7.0,No,None,Credit Card,7,4.5,No
ORD103906,2024-02-21,CUST6556,Regular,Fashion,3,7079,20175.149999999998,5.0,No,None,Credit Card,4,4.9,Yes
ORD103907,2024-04-11,CUST3294,Regular,Electronics,1,6184,4823.52,22.0,No,None,COD,5,3.1,Yes
ORD103908,2024-08-03,CUST2070,New,Home Decor,1,1485,1262.25,15.0,No,None,COD,4,3.8,No
ORD103909,2024-07-06,CUST6755,Regular,Electronics,3,6563,11222.730000000001,43.0,No,None,COD,3,2.5,No
ORD103910,2024-02-26,CUST7389,Premium,Electronics,1,5327,2770.04,48.0,No,None,UPI,7,4.9,No
ORD103911,2024-02-16,CUST7515,Regular,Groceries,3,6789,18941.309999999998,7.0,No,None,Wallet,4,2.9,No
ORD103912,2024-06-07,CUST4284,Regular,Groceries,2,9033,17524.02,3.0,No,None,UPI,1,4.8,No
ORD103913,2024-06-22,CUST2840,New,Groceries,2,9437,13023.06,31.0,No,None,COD,4,4.2,No
ORD103914,2024-08-29,CUST7061,Regular,Electronics,5,4237,11016.2,48.0,Yes,Raksha Bandhan,Wallet,5,4.8,No
ORD103915,2024-10-08,CUST1468,Premium,Beauty,1,7054,6912.92,2.0,No,None,Credit Card,6,3.1,No
ORD103916,2024-08-28,CUST9605,Regular,Groceries,3,9549,14609.97,49.0,Yes,Raksha Bandhan,Wallet,7,3.4,No
ORD103917,2024-01-05,CUST6325,Premium,Groceries,2,3449,5863.3,15.0,No,None,COD,3,,No
ORD103918,2024-03-24,CUST1036,Premium,Electronics,5,1743,5839.049999999999,33.0,Yes,Holi,UPI,3,3.6,No
ORD103919,2024-11-03,CUST8982,New,Home Decor,1,991,872.08,12.0,Yes,Diwali,Wallet,2,4.9,No
ORD103920,2024-12-26,CUST3080,New,Home Decor,1,8828,6003.039999999999,32.0,Yes,Christmas/New Year,Credit Card,7,3.9,Yes
ORD103921,2024-09-04,CUST1552,Premium,Fashion,1,5370,4242.3,21.0,No,None,UPI,3,3.5,No
ORD103922,2024-02-23,CUST9214,Regular,Home Decor,2,6243,8740.199999999999,30.0,No,None,UPI,5,3.3,No
ORD103923,2024-06-09,CUST3103,Premium,Groceries,2,6298,9698.92,23.0,No,None,UPI,5,4.0,No
ORD103924,2024-08-13,CUST7868,Premium,Beauty,1,7648,7495.04,2.0,Yes,Independence Day,UPI,6,4.3,No
ORD103925,2024-01-15,CUST1126,Regular,Fashion,2,7411,10078.96,32.0,No,None,Credit Card,3,3.5,Yes
ORD103926,2024-08-11,CUST4763,Regular,Beauty,1,4982,3537.22,29.0,Yes,Independence Day,COD,6,3.1,No
ORD103927,2024-03-01,CUST2957,New,Beauty,4,7998,23994.0,25.0,No,None,Credit Card,4,4.0,No
ORD103928,2024-05-01,CUST4901,Regular,Groceries,2,4159,5573.0599999999995,33.0,No,None,COD,5,3.4,No
ORD103929,2024-10-03,CUST1401,Regular,Electronics,3,4564,10816.68,21.0,No,None,COD,3,5.0,No
ORD103930,2024-02-15,CUST2646,New,Electronics,2,1916,2720.72,29.0,No,None,Wallet,3,3.6,No
ORD103931,2024-10-20,CUST8700,Regular,Electronics,1,3836,2531.7599999999998,34.0,Yes,Diwali,Credit Card,4,3.6,No
ORD103932,2024-03-02,CUST4159,Regular,Home Decor,3,8070,18399.6,24.0,No,None,COD,6,4.6,No
ORD103933,2024-03-26,CUST2021,Premium,Electronics,5,7561,27597.649999999998,27.0,Yes,Holi,Credit Card,7,3.1,No
ORD103934,2024-07-28,CUST9264,Regular,Groceries,3,5871,11976.839999999998,32.0,No,None,Credit Card,3,2.7,No
ORD103935,2024-03-18,CUST6542,Premium,Home Decor,3,8580,20077.2,22.0,No,None,COD,1,4.6,No
ORD103936,2024-07-20,CUST7912,Regular,Electronics,2,5926,8889.0,25.0,No,None,COD,2,4.0,No
ORD103937,2024-10-28,CUST2517,Regular,Beauty,3,7757,21409.32,8.0,Yes,Diwali,UPI,5,3.2,No
ORD103938,2024-08-10,CUST5109,Regular,Groceries,3,7982,22269.78,,Yes,Independence Day,Wallet,4,3.4,No
ORD103939,2024-08-09,CUST3330,New,Groceries,1,2918,1867.52,36.0,No,None,COD,4,3.6,No
ORD103940,2024-01-03,CUST2509,Regular,Fashion,2,2605,3542.7999999999997,32.0,No,None,COD,2,4.2,No
ORD103941,2024-01-06,CUST4747,Regular,Groceries,1,8087,6954.82,14.0,No,None,COD,1,3.7,Yes
ORD103942,2024-04-02,CUST5475,Regular,Beauty,2,8203,8531.12,48.0,No,None,Wallet,2,3.5,No
ORD103943,2024-01-08,CUST4852,Regular,Groceries,5,7918,21378.600000000002,46.0,No,None,Credit Card,3,4.5,No
ORD103944,2024-08-22,CUST3982,Regular,Fashion,3,9294,25930.26,7.0,No,None,UPI,7,2.7,No
ORD103945,2024-04-17,CUST1277,Regular,Groceries,2,8732,13971.2,20.0,No,None,UPI,6,4.1,No
ORD103946,2024-06-09,CUST4135,Premium,Groceries,3,3081,9058.14,2.0,No,None,Credit Card,4,3.6,No
ORD103947,2024-07-27,CUST7017,Regular,Fashion,3,6910,19071.600000000002,8.0,No,None,Wallet,6,3.3,Yes
ORD103948,2024-08-27,CUST2548,Premium,Groceries,4,843,2933.64,13.0,Yes,Raksha Bandhan,Wallet,6,4.8,No
ORD103949,2024-11-26,CUST3137,Premium,Home Decor,1,220,138.6,37.0,No,None,COD,6,4.4,No
ORD103950,2024-11-28,CUST1490,Regular,Groceries,2,877,1297.96,26.0,No,None,Wallet,7,3.0,No
ORD103951,2024-02-19,CUST6578,Regular,Electronics,5,9491,38438.55,19.0,No,None,Wallet,6,4.1,No
ORD103952,2024-01-11,CUST5945,Premium,Electronics,4,2850,11058.0,3.0,No,None,COD,3,4.6,No
ORD103953,2024-12-16,CUST2872,Premium,Home Decor,1,3669,2825.13,23.0,No,None,Credit Card,7,5.0,No
ORD103954,2024-06-04,CUST8490,Regular,Groceries,5,8086,29918.2,26.0,No,None,UPI,4,4.2,No
ORD103955,2024-03-10,CUST9847,New,Beauty,5,4383,19504.35,11.0,No,None,Credit Card,6,4.2,No
ORD103956,2024-06-17,CUST9605,Regular,Groceries,3,7286,15956.34,27.0,No,None,Credit Card,4,4.0,No
ORD103957,2024-09-28,CUST2906,Regular,Electronics,1,7577,5000.82,34.0,No,None,COD,7,2.6,No
ORD103958,2024-03-08,CUST5829,Regular,Fashion,4,5884,18122.72,23.0,No,None,Credit Card,6,4.0,No
ORD103959,2024-12-20,CUST2067,New,Home Decor,2,2887,4041.7999999999997,30.0,Yes,Christmas/New Year,Wallet,3,4.5,No
ORD103960,2024-09-08,CUST1664,Premium,Fashion,2,6796,13320.16,2.0,No,None,Credit Card,2,3.5,No
ORD103961,2024-02-17,CUST9703,Premium,Beauty,4,1616,4589.44,29.0,No,None,Credit Card,6,4.0,No
ORD103962,2024-07-02,CUST7951,Regular,Groceries,3,4605,10223.1,26.0,No,None,COD,5,4.8,No
ORD103963,2024-11-15,CUST9953,Regular,Beauty,3,7274,18330.48,16.0,No,None,COD,5,2.9,No
ORD103964,2024-07-05,CUST2493,Regular,Fashion,5,691,3282.25,5.0,No,None,UPI,2,3.2,Yes
ORD103965,2024-03-30,CUST3041,New,Groceries,1,959,517.86,46.0,Yes,Holi,Wallet,1,2.8,No
ORD103966,2024-11-27,CUST1471,Regular,Beauty,5,3701,10732.900000000001,42.0,No,None,Wallet,7,3.8,No
ORD103967,2024-05-18,CUST7962,Regular,Electronics,2,8392,13930.72,17.0,No,None,UPI,2,4.6,No
ORD103968,2024-12-22,CUST9608,Regular,Electronics,4,2288,6040.32,,Yes,Christmas/New Year,UPI,2,3.6,No
ORD103969,2024-03-29,CUST9634,New,Home Decor,1,3856,2853.44,26.0,Yes,Holi,COD,2,2.7,No
ORD103970,2024-09-30,CUST6310,Regular,Electronics,4,4967,16689.12,16.0,No,None,UPI,5,3.2,No
ORD103971,2024-01-19,CUST9120,Regular,Electronics,1,411,369.90000000000003,10.0,No,None,Credit Card,4,4.7,No
ORD103972,2024-11-06,CUST9631,Regular,Fashion,2,8175,10300.5,37.0,Yes,Diwali,UPI,1,3.9,No
ORD103973,2024-12-23,CUST1226,New,Electronics,2,3922,5020.16,36.0,Yes,Christmas/New Year,Credit Card,7,4.8,No
ORD103974,2024-06-02,CUST6810,New,Electronics,1,503,296.77000000000004,41.0,No,None,UPI,1,4.6,No
ORD103975,2024-09-16,CUST1349,Premium,Fashion,3,4986,10021.859999999999,33.0,No,None,COD,1,3.5,No
ORD103976,2024-04-17,CUST6558,Regular,Electronics,1,3972,2144.88,46.0,No,None,Wallet,3,4.1,No
ORD103977,2024-10-11,CUST4894,Regular,Electronics,2,1981,2733.7799999999997,31.0,No,None,Credit Card,6,4.2,No
ORD103978,2024-02-28,CUST9216,New,Home Decor,4,3425,7946.000000000001,42.0,No,None,Wallet,2,4.4,No
ORD103979,2024-05-04,CUST3331,Regular,Electronics,5,9199,25297.250000000004,45.0,No,None,Credit Card,4,3.3,No
ORD103980,2024-12-19,CUST8031,Regular,Electronics,4,6939,15265.800000000001,45.0,No,None,Wallet,4,3.2,No
ORD103981,2024-09-29,CUST5068,Regular,Home Decor,2,7473,9864.359999999999,34.0,No,None,COD,3,4.2,No
ORD103982,2024-04-16,CUST7209,New,Fashion,4,4403,12856.76,27.0,No,None,Credit Card,5,4.5,No
ORD103983,2024-10-25,CUST3050,Regular,Electronics,3,1553,3680.61,21.0,Yes,Diwali,UPI,3,3.5,No
ORD103984,2024-09-01,CUST6319,Premium,Beauty,3,8571,21856.05,15.0,No,None,COD,3,3.3,No
ORD103985,2024-12-01,CUST1863,New,Fashion,1,9272,5099.6,45.0,No,None,Wallet,2,4.6,No
ORD103986,2024-09-03,CUST1648,Regular,Fashion,4,6474,15278.640000000001,41.0,No,None,Credit Card,5,4.2,No
ORD103987,2024-01-08,CUST7605,Regular,Electronics,4,2030,4953.2,39.0,No,None,COD,6,3.4,No
ORD103988,2024-05-20,CUST1747,New,Home Decor,2,4898,8718.44,11.0,No,None,Wallet,6,3.8,No
ORD103989,2024-12-27,CUST8768,New,Fashion,1,4202,4033.92,4.0,Yes,Christmas/New Year,Credit Card,3,4.9,No
ORD103990,2024-01-08,CUST2561,New,Home Decor,1,3000,2250.0,,No,None,Credit Card,6,4.4,No
ORD103991,2024-12-17,CUST1565,Premium,Beauty,4,7102,21306.0,25.0,No,None,COD,4,3.1,No
ORD103992,2024-04-03,CUST5510,Regular,Home Decor,5,4463,19637.2,12.0,No,None,Wallet,2,3.2,No
ORD103993,2024-11-16,CUST2790,New,Groceries,4,422,1299.76,23.0,No,,Wallet,6,3.2,No
ORD103994,2024-02-08,CUST1067,Regular,Home Decor,4,2437,5556.360000000001,43.0,No,None,Credit Card,5,4.6,No
ORD103995,2024-03-21,CUST6443,New,Fashion,4,2778,10889.76,2.0,Yes,Holi,Wallet,4,4.1,No
ORD103996,2024-07-05,CUST4994,New,Home Decor,3,1978,4094.4599999999996,31.0,No,None,UPI,1,4.8,No
ORD103997,2024-03-24,CUST9971,Premium,Home Decor,1,820,639.6,22.0,Yes,Holi,UPI,2,2.7,No
ORD103998,2024-03-28,CUST8890,New,Groceries,3,9605,14983.800000000001,48.0,Yes,Holi,Credit Card,4,2.6,No
ORD103999,2024-08-29,CUST5762,Premium,Groceries,5,4254,13612.800000000001,36.0,Yes,Raksha Bandhan,Wallet,3,4.2,Yes
ORD104000,2024-12-07,CUST4822,Regular,Electronics,2,7666,9659.16,37.0,No,None,Credit Card,3,3.2,No
ORD104001,2024-04-02,CUST4324,Premium,Fashion,5,5630,15764.000000000002,44.0,No,None,UPI,2,4.2,Yes
ORD104002,2024-03-26,CUST9092,Regular,Electronics,1,6579,4144.77,37.0,Yes,Holi,Credit Card,5,4.3,No
ORD104003,2024-02-13,CUST1510,Premium,Groceries,2,4463,7854.88,12.0,No,None,Credit Card,7,3.3,No
ORD104004,2024-05-16,CUST7066,Regular,Home Decor,5,2440,10492.0,14.0,No,None,COD,3,4.9,Yes
ORD104005,2024-03-14,CUST7939,Regular,Groceries,1,8243,8160.57,1.0,No,None,COD,4,4.4,No
ORD104006,2024-02-05,CUST6972,New,Beauty,5,1562,7029.0,10.0,No,None,UPI,1,3.4,No
ORD104007,2024-04-10,CUST4009,New,Home Decor,2,2440,4148.0,15.0,No,None,Wallet,5,3.5,No
ORD104008,2024-06-04,CUST4491,Regular,Electronics,2,5721,9496.859999999999,,No,None,UPI,7,4.3,No
ORD104009,2024-09-11,CUST1219,Premium,Home Decor,5,6735,22562.249999999996,33.0,No,None,Wallet,2,3.3,No
ORD104010,2024-06-19,CUST4302,Premium,Beauty,3,6944,18957.12,9.0,No,None,Wallet,3,3.2,No
ORD104011,2024-08-03,CUST3924,New,Groceries,5,8484,37329.6,12.0,No,None,,5,4.1,No
ORD104012,2024-06-18,CUST8126,Regular,Fashion,5,1438,4961.099999999999,31.0,No,None,COD,1,2.8,Yes
ORD104013,2024-09-08,CUST3034,Premium,Fashion,5,6692,31117.8,7.0,No,None,UPI,5,5.0,Yes
ORD104014,2024-12-25,CUST8427,New,Fashion,3,4808,13558.56,6.0,Yes,Christmas/New Year,UPI,5,3.2,Yes
ORD104015,2024-11-17,CUST6659,Regular,Groceries,4,7702,16328.240000000002,47.0,No,None,UPI,2,3.5,No
ORD104016,2024-02-24,CUST8137,New,Fashion,2,3670,6165.599999999999,16.0,No,,,7,3.1,No
ORD104017,2024-03-31,CUST2383,New,Beauty,1,4401,2640.6,40.0,No,None,COD,1,4.1,No
ORD104018,2024-10-04,CUST1853,New,Groceries,2,5551,8215.48,26.0,No,None,Credit Card,1,2.7,No
ORD104019,2024-04-10,CUST7013,Regular,Fashion,2,5613,10440.179999999998,7.0,No,None,UPI,5,4.8,No
ORD104020,2024-06-03,CUST3771,Regular,Electronics,4,7632,21980.16,28.0,No,None,Credit Card,3,3.3,No
ORD104021,2024-12-14,CUST2295,New,Groceries,2,6171,7898.88,36.0,No,None,Wallet,5,4.8,No
ORD104022,2024-12-29,CUST9027,Regular,Groceries,2,7637,11302.76,26.0,Yes,Christmas/New Year,UPI,4,3.1,No
ORD104023,2024-05-20,CUST6586,Premium,Home Decor,3,4101,7873.92,36.0,No,None,COD,3,3.8,No
ORD104024,2024-06-21,CUST2363,Regular,Fashion,3,3828,8842.68,23.0,No,None,UPI,2,4.2,Yes
ORD104025,2024-01-10,CUST4675,Regular,Electronics,3,1968,3306.2400000000002,44.0,No,None,UPI,1,4.0,No
ORD104026,2024-08-15,CUST9192,Regular,Beauty,3,5552,14157.6,15.0,Yes,Independence Day,COD,6,3.8,No
ORD104027,2024-09-21,CUST1016,Premium,Groceries,3,3101,6977.25,25.0,No,None,COD,3,4.5,No
ORD104028,2024-09-04,CUST8237,Regular,Beauty,1,1741,1218.6999999999998,30.0,No,None,Wallet,2,3.7,Yes
ORD104029,2024-09-03,CUST3676,Premium,Beauty,4,2291,6781.36,26.0,No,None,UPI,5,3.3,No
ORD104030,2024-06-03,CUST6066,Premium,Beauty,5,7942,29782.5,25.0,No,None,UPI,2,4.3,No
ORD104031,2024-02-03,CUST9094,Premium,Home Decor,3,8483,14760.420000000002,42.0,No,None,UPI,4,4.8,No
ORD104032,2024-05-08,CUST7998,Premium,Beauty,4,5054,17385.76,14.0,No,None,UPI,6,4.0,Yes
ORD104033,2024-06-08,CUST9433,Regular,Fashion,5,9122,23717.2,48.0,No,None,Wallet,2,3.2,No
ORD104034,2024-03-29,CUST9893,Regular,Fashion,2,5249,9028.28,14.0,Yes,Holi,UPI,6,4.4,No
ORD104035,2024-04-02,CUST5331,Regular,Electronics,2,5757,8980.92,22.0,No,None,Wallet,6,4.4,No
ORD104036,2024-11-22,CUST3267,Premium,Electronics,4,4632,14081.28,24.0,No,None,Wallet,3,3.2,No
ORD104037,2024-08-28,CUST2575,Premium,Beauty,1,9091,5181.870000000001,43.0,Yes,Raksha Bandhan,COD,7,3.5,No
ORD104038,2024-11-18,CUST7880,Regular,Beauty,1,8187,7941.389999999999,3.0,No,None,UPI,1,2.9,No
ORD104039,2024-04-26,CUST9858,Regular,Home Decor,4,5220,13572.0,35.0,No,None,COD,3,2.7,No
ORD104040,2024-04-03,CUST8205,Premium,Beauty,1,3214,2731.9,15.0,No,None,Wallet,3,4.5,Yes
ORD104041,2024-06-11,CUST4747,Regular,Beauty,1,6448,3481.92,46.0,No,None,Credit Card,1,3.4,Yes
ORD104042,2024-04-08,CUST8712,New,Beauty,2,2216,2703.52,39.0,No,None,Credit Card,4,3.2,No
ORD104043,2024-04-22,CUST5058,Regular,Groceries,1,1177,941.6,20.0,No,None,UPI,3,3.1,No
ORD104044,2024-12-24,CUST1597,New,Groceries,1,4410,2690.1,39.0,Yes,Christmas/New Year,Credit Card,1,2.7,No
ORD104045,2024-03-31,CUST6113,Regular,Home Decor,4,7234,16782.88,42.0,No,None,COD,1,5.0,No
ORD104046,2024-12-11,CUST9248,Regular,Home Decor,1,1458,1224.72,16.0,No,None,Credit Card,3,3.4,No
ORD104047,2024-07-24,CUST3787,Regular,Fashion,3,1497,4401.18,2.0,No,None,Credit Card,6,2.9,No
ORD104048,2024-01-17,CUST2438,Regular,Home Decor,3,7597,21423.539999999997,6.0,No,None,Wallet,1,4.7,No
ORD104049,2024-09-30,CUST2978,Regular,Fashion,4,7072,25176.32,11.0,No,None,COD,6,4.3,No
ORD104050,2024-06-21,CUST4985,Regular,Beauty,3,4329,12987.0,0.0,No,None,UPI,5,4.2,No
ORD104051,2024-04-25,CUST4851,Premium,Home Decor,2,1932,2241.1200000000003,42.0,No,None,COD,3,3.2,No
ORD104052,2024-12-14,CUST1926,Regular,Home Decor,4,3142,8043.52,36.0,No,None,COD,6,3.5,No
ORD104053,2024-06-29,CUST4234,Premium,Home Decor,1,648,615.6,5.0,No,None,UPI,4,4.6,No
ORD104054,2024-03-31,CUST4134,Regular,Fashion,3,9629,15887.850000000002,45.0,No,None,COD,5,4.1,No
ORD104055,2024-03-22,CUST5573,New,Fashion,2,4700,4888.0,48.0,Yes,,Wallet,7,3.4,Yes
ORD104056,2024-11-19,CUST1531,Premium,Electronics,4,8724,27218.88,22.0,No,,UPI,4,2.8,Yes
ORD104057,2024-04-23,CUST9014,Regular,Fashion,4,6333,19252.32,24.0,No,None,Wallet,6,4.8,No
ORD104058,2024-09-13,CUST7257,Regular,Fashion,1,365,277.4,24.0,No,None,,7,4.9,No
ORD104059,2024-02-27,CUST3089,Regular,Groceries,5,5032,24656.8,2.0,No,None,Credit Card,3,4.3,No
ORD104060,2024-06-02,CUST6640,Regular,Home Decor,3,2974,8654.34,3.0,No,None,UPI,2,4.2,No
ORD104061,2024-12-30,CUST9542,Premium,Fashion,2,9805,13923.099999999999,29.0,Yes,Christmas/New Year,UPI,1,3.8,No
ORD104062,2024-04-25,CUST9691,Premium,Home Decor,4,9838,26759.359999999997,32.0,No,None,Credit Card,5,4.9,No
ORD104063,2024-12-08,CUST5440,New,Home Decor,3,5220,11275.199999999999,28.0,No,None,Credit Card,3,4.2,No
ORD104064,2024-09-22,CUST9690,Premium,Groceries,2,7948,15419.119999999999,3.0,No,None,UPI,1,2.7,No
ORD104065,2024-11-10,CUST4299,New,Home Decor,2,4944,8602.56,13.0,Yes,Diwali,Credit Card,6,2.7,No
ORD104066,2024-07-21,CUST5916,New,Fashion,4,646,2067.2000000000003,20.0,No,None,,2,4.9,No
ORD104067,2024-02-10,CUST4496,New,Home Decor,3,296,834.7199999999999,6.0,No,None,COD,4,4.9,No
ORD104068,2024-04-14,CUST1627,Regular,Electronics,2,2626,4201.6,20.0,No,None,Wallet,3,3.9,No
ORD104069,2024-07-11,CUST8962,Regular,Electronics,4,3457,12998.32,6.0,No,None,COD,3,3.0,No
ORD104070,2024-10-04,CUST8924,Regular,Groceries,3,4926,14778.0,,No,None,COD,6,4.0,No
ORD104071,2024-12-19,CUST3815,Premium,Fashion,3,7051,14172.509999999998,33.0,No,None,Credit Card,2,4.4,No
ORD104072,2024-08-24,CUST3766,Regular,Groceries,4,8894,27749.280000000002,22.0,No,None,Credit Card,7,2.5,No
ORD104073,2024-08-08,CUST5158,Regular,Electronics,3,8389,24663.66,2.0,No,None,Wallet,4,4.6,No
ORD104074,2024-03-08,CUST2213,Regular,Fashion,5,8456,35092.4,17.0,No,None,Credit Card,3,3.7,No
ORD104075,2024-07-15,CUST9094,Regular,Home Decor,2,6940,8050.400000000001,42.0,No,None,Wallet,6,3.7,No
ORD104076,2024-09-12,CUST8727,Premium,Fashion,2,6914,12306.92,11.0,No,None,UPI,7,3.6,No
ORD104077,2024-05-18,CUST2831,Regular,Beauty,3,861,2247.21,13.0,No,None,Wallet,1,4.2,Yes
ORD104078,2024-11-07,CUST4640,Premium,Fashion,4,8872,21292.8,40.0,Yes,Diwali,COD,6,3.0,No
ORD104079,2024-05-28,CUST2476,Premium,Home Decor,1,7079,5167.67,27.0,No,None,UPI,2,4.0,No
ORD104080,2024-04-08,CUST9148,Regular,Beauty,3,4862,8605.740000000002,41.0,No,None,Wallet,7,2.6,No
ORD104081,2024-03-16,CUST6946,Premium,Groceries,1,8015,4488.400000000001,44.0,No,None,Wallet,3,4.5,No
ORD104082,2024-10-08,CUST9210,Premium,Fashion,3,3461,7994.91,23.0,No,None,UPI,6,4.5,No
ORD104083,2024-04-18,CUST4546,Regular,Groceries,1,605,465.85,23.0,No,None,UPI,7,3.3,No
ORD104084,2024-07-06,CUST6153,Regular,Fashion,3,5060,14876.4,2.0,No,None,COD,4,2.8,No
ORD104085,2024-07-17,CUST8586,Regular,Electronics,4,3760,13836.800000000001,8.0,No,,COD,5,4.4,No
ORD104086,2024-10-29,CUST3493,Premium,Electronics,1,8056,6203.12,23.0,Yes,Diwali,,3,3.7,No
ORD104087,2024-11-22,CUST2931,Premium,Home Decor,5,9509,47069.55,1.0,No,None,Credit Card,4,4.8,No
ORD104088,2024-06-02,CUST3489,Regular,Electronics,4,6890,16811.6,39.0,No,None,COD,2,3.4,No
ORD104089,2024-02-09,CUST3790,Regular,Beauty,3,5531,12112.89,27.0,No,None,Credit Card,4,4.6,No
ORD104090,2024-05-12,CUST1387,Regular,Beauty,1,3640,3421.6,6.0,No,None,Wallet,4,2.6,No
ORD104091,2024-05-11,CUST3660,New,Fashion,2,941,1731.44,8.0,No,None,Wallet,7,4.4,No
ORD104092,2024-10-05,CUST6042,Regular,Groceries,4,7381,16533.440000000002,44.0,No,None,Wallet,2,4.2,Yes
ORD104093,2024-12-27,CUST5176,New,Beauty,1,7931,4917.22,38.0,Yes,Christmas/New Year,Credit Card,5,3.8,No
ORD104094,2024-03-24,CUST5289,Regular,Fashion,4,3121,7740.08,38.0,Yes,Holi,Wallet,6,4.8,No
ORD104095,2024-08-29,CUST7309,Premium,Groceries,1,7574,5150.32,32.0,Yes,Raksha Bandhan,Wallet,1,4.9,No
ORD104096,2024-04-25,CUST9345,Premium,Electronics,2,7223,9678.82,33.0,No,None,Credit Card,5,4.8,No
ORD104097,2024-04-18,CUST3268,Premium,Fashion,5,5761,23044.0,20.0,No,None,COD,1,4.0,No
ORD104098,2024-08-08,CUST3750,Regular,Groceries,2,5834,8400.96,28.0,No,None,COD,1,3.8,No
ORD104099,2024-02-10,CUST5373,Premium,Home Decor,3,1110,2464.2,26.0,No,None,COD,1,3.2,No
ORD104100,2024-05-26,CUST5376,Regular,Home Decor,4,4902,16470.72,16.0,No,None,COD,3,2.9,No
ORD104101,2024-04-21,CUST5586,Regular,Beauty,5,1618,4773.1,41.0,No,None,UPI,5,3.9,No
ORD104102,2024-04-12,CUST3893,Premium,Groceries,4,5998,12955.68,46.0,No,None,Wallet,4,2.9,No
ORD104103,2024-02-15,CUST9928,New,Home Decor,1,7898,4185.9400000000005,47.0,No,None,COD,7,2.9,No
ORD104104,2024-11-19,CUST7133,Premium,Beauty,3,4238,9916.92,22.0,No,None,COD,3,3.4,No
ORD104105,2024-09-27,CUST3991,Regular,Fashion,3,3645,6123.6,44.0,No,None,COD,7,3.0,No
ORD104106,2024-07-13,CUST5390,Premium,Fashion,4,331,1059.2,20.0,No,None,COD,2,,Yes
ORD104107,2024-10-06,CUST4040,Premium,Groceries,3,6062,16912.98,7.0,No,None,COD,2,4.2,No
ORD104108,2024-10-09,CUST7693,New,Groceries,4,352,1295.3600000000001,8.0,No,None,UPI,1,4.2,No
ORD104109,2024-02-09,CUST6981,New,Groceries,1,2678,1821.0399999999997,32.0,No,None,UPI,3,3.8,No
ORD104110,2024-07-07,CUST8136,Premium,Groceries,1,8874,8607.78,3.0,No,None,Credit Card,6,3.8,No
ORD104111,2024-06-12,CUST9801,Regular,Home Decor,4,6316,20969.12,17.0,No,None,Credit Card,7,3.7,No
ORD104112,2024-01-24,CUST5142,Premium,Home Decor,2,504,695.52,31.0,Yes,Republic Day,COD,6,3.1,No
ORD104113,2024-01-24,CUST7725,Premium,Beauty,2,2719,3860.98,29.0,Yes,Republic Day,Credit Card,3,4.1,No
ORD104114,2024-01-04,CUST8054,New,Home Decor,1,6312,4797.12,24.0,No,None,UPI,2,,No
ORD104115,2024-11-18,CUST8037,Regular,Fashion,5,1192,4052.7999999999997,32.0,No,None,COD,4,3.1,No
ORD104116,2024-10-16,CUST8926,Regular,Beauty,2,5847,7718.039999999999,34.0,No,None,Credit Card,5,4.3,No
ORD104117,2024-06-29,CUST9870,Regular,Home Decor,4,7797,18400.920000000002,41.0,No,None,Credit Card,5,4.6,Yes
ORD104118,2024-09-04,CUST9230,Premium,Groceries,1,9106,6101.0199999999995,33.0,No,None,UPI,1,4.0,No
ORD104119,2024-04-25,CUST9868,New,Home Decor,3,1909,2920.77,49.0,No,,Wallet,7,2.8,No
ORD104120,2024-10-05,CUST3434,Regular,Electronics,3,8218,24407.46,1.0,No,None,COD,1,3.3,No
ORD104121,2024-12-30,CUST4275,Premium,Beauty,2,9449,16630.24,12.0,Yes,Christmas/New Year,Credit Card,1,2.7,No
ORD104122,2024-03-09,CUST2881,Premium,Home Decor,5,670,2010.0,40.0,No,None,UPI,2,3.3,No
ORD104123,2024-12-16,CUST6875,Premium,Home Decor,2,3665,5717.400000000001,22.0,No,None,COD,2,3.0,No
ORD104124,2024-09-10,CUST8309,Regular,Fashion,5,9132,35614.8,22.0,No,None,UPI,6,3.9,No
ORD104125,2024-06-29,CUST5994,New,Groceries,2,3766,5272.4,30.0,No,None,COD,5,3.6,Yes
ORD104126,2024-11-13,CUST8354,Regular,Groceries,3,8904,26444.88,1.0,No,None,Wallet,6,4.3,No
ORD104127,2024-06-17,CUST6539,Premium,Fashion,5,5434,26898.3,1.0,No,None,Wallet,6,3.4,No
ORD104128,2024-11-08,CUST6372,Regular,Fashion,3,3485,10036.8,4.0,Yes,Diwali,COD,1,2.9,No
ORD104129,2024-09-05,CUST5747,Regular,Electronics,4,8751,30453.48,13.0,No,None,COD,6,3.1,No
ORD104130,2024-07-06,CUST8529,New,Beauty,4,484,1510.0800000000002,22.0,No,None,UPI,3,3.9,No
ORD104131,2024-02-23,CUST3060,Regular,Groceries,1,3477,2294.8199999999997,34.0,No,None,COD,6,3.6,No
ORD104132,2024-11-21,CUST2370,Regular,Fashion,3,2831,4671.150000000001,45.0,No,None,Credit Card,7,2.6,No
ORD104133,2024-12-22,CUST7145,Premium,Fashion,3,1957,5871.0,0.0,Yes,Christmas/New Year,COD,4,3.0,No
ORD104134,2024-11-08,CUST8360,Premium,Beauty,1,5679,3407.4,40.0,Yes,Diwali,COD,2,3.2,No
ORD104135,2024-05-17,CUST4850,Premium,Fashion,4,9914,21017.68,47.0,No,None,Wallet,6,4.3,No
ORD104136,2024-06-16,CUST9278,Regular,Electronics,4,5987,12452.960000000001,48.0,No,None,Wallet,7,4.3,Yes
ORD104137,2024-04-12,CUST9808,Regular,Beauty,5,9637,29392.85,39.0,No,None,UPI,1,,No
ORD104138,2024-03-25,CUST6207,Regular,Electronics,5,9804,42157.2,14.0,Yes,Holi,COD,7,4.5,No
ORD104139,2024-11-12,CUST6515,Regular,Home Decor,4,5649,16043.16,29.0,No,None,Credit Card,1,4.7,No
ORD104140,2024-07-30,CUST1439,New,Groceries,2,5038,8060.8,20.0,No,None,,2,2.7,No
ORD104141,2024-01-03,CUST5453,Regular,Fashion,3,9808,27364.32,7.0,No,None,COD,5,3.7,Yes
ORD104142,2024-06-27,CUST1393,Regular,Beauty,5,8749,41120.299999999996,6.0,No,None,UPI,5,2.9,No
ORD104143,2024-12-07,CUST4678,Regular,Electronics,2,3665,4398.0,40.0,No,None,Credit Card,7,3.4,No
ORD104144,2024-10-29,CUST6581,Regular,Groceries,5,6248,20930.8,33.0,Yes,Diwali,UPI,5,4.2,No
ORD104145,2024-11-27,CUST9547,Premium,Groceries,1,6930,4088.7000000000007,41.0,No,None,COD,5,4.0,No
ORD104146,2024-02-07,CUST3525,Premium,Fashion,3,4335,8323.2,36.0,No,None,UPI,3,2.8,No
ORD104147,2024-08-26,CUST4444,Regular,Groceries,5,3341,8853.65,47.0,Yes,Raksha Bandhan,COD,1,4.4,No
ORD104148,2024-06-17,CUST5119,Regular,Fashion,4,4753,13118.279999999999,31.0,No,,Wallet,5,4.5,No
ORD104149,2024-12-08,CUST8241,Regular,Home Decor,1,396,269.28,32.0,No,None,COD,7,2.8,No
ORD104150,2024-11-09,CUST5747,Premium,Fashion,1,2074,1970.3,5.0,Yes,Diwali,UPI,7,4.0,Yes
ORD104151,2024-11-01,CUST1433,Premium,Electronics,4,6030,14230.800000000001,41.0,Yes,Diwali,Credit Card,7,4.9,No
ORD104152,2024-01-30,CUST6643,Regular,Groceries,1,6879,6259.89,9.0,Yes,Republic Day,COD,5,2.7,No
ORD104153,2024-07-08,CUST2709,Regular,Groceries,3,8186,18418.5,25.0,No,None,COD,6,2.9,No
ORD104154,2024-12-22,CUST1503,Premium,Groceries,5,1137,3183.6000000000004,44.0,Yes,Christmas/New Year,COD,7,4.4,No
ORD104155,2024-01-25,CUST6833,New,Fashion,1,2394,1795.5,25.0,Yes,Republic Day,Wallet,4,3.3,Yes
ORD104156,2024-04-21,CUST9639,New,Beauty,3,4325,10639.5,18.0,No,None,Wallet,4,4.9,No
ORD104157,2024-07-24,CUST9895,Regular,Fashion,4,6450,17027.999999999996,34.0,No,None,Wallet,7,4.1,No
ORD104158,2024-07-03,CUST8437,Regular,Electronics,5,8781,24586.800000000003,44.0,No,None,Credit Card,1,3.7,No
ORD104159,2024-02-16,CUST9142,Regular,Fashion,4,8362,32444.559999999998,3.0,No,None,Credit Card,6,3.3,No
ORD104160,2024-08-15,CUST9966,Premium,Groceries,5,6749,25646.2,24.0,Yes,Independence Day,COD,2,3.1,Yes
ORD104161,2024-02-08,CUST6045,New,Home Decor,1,7378,6861.54,7.0,No,None,Credit Card,5,4.1,Yes
ORD104162,2024-01-16,CUST7481,Regular,Electronics,1,8738,7776.82,11.0,No,None,UPI,3,4.0,No
ORD104163,2024-01-22,CUST8500,Regular,Home Decor,5,8510,32763.5,23.0,Yes,Republic Day,UPI,4,3.4,No
ORD104164,2024-07-31,CUST1308,Regular,Electronics,3,8254,19066.74,,No,None,Wallet,5,4.8,No
ORD104165,2024-11-05,CUST9683,Regular,Electronics,3,4815,12133.8,16.0,Yes,Diwali,UPI,2,4.4,No
ORD104166,2024-05-28,CUST5470,Regular,Groceries,3,9630,21956.4,24.0,No,None,UPI,3,3.2,Yes
ORD104167,2024-08-28,CUST9773,Premium,Fashion,2,2666,3625.7599999999998,32.0,Yes,Raksha Bandhan,COD,4,4.9,No
ORD104168,2024-09-28,CUST1363,Regular,Groceries,3,8975,19924.5,26.0,No,None,Wallet,6,4.4,No
ORD104169,2024-02-28,CUST6345,Regular,Groceries,1,2959,2929.41,1.0,No,None,Wallet,2,4.7,No
ORD104170,2024-10-13,CUST7271,Premium,Groceries,2,1908,3510.7200000000003,8.0,No,None,Wallet,2,2.8,No
ORD104171,2024-07-20,CUST6183,Regular,Home Decor,3,5608,11440.32,32.0,No,None,UPI,6,2.6,No
ORD104172,2024-02-01,CUST4931,Regular,Electronics,1,6577,5393.14,18.0,No,None,Credit Card,3,3.7,No
ORD104173,2024-06-10,CUST6956,Regular,Beauty,2,6604,6868.16,48.0,No,None,COD,3,3.6,No
ORD104174,2024-09-11,CUST8058,New,Fashion,1,7276,6984.96,4.0,No,None,Credit Card,4,4.7,No
ORD104175,2024-09-10,CUST8047,Premium,Groceries,5,6421,17336.7,46.0,No,None,Wallet,3,2.9,No
ORD104176,2024-01-09,CUST9882,Regular,Electronics,1,5037,4079.9700000000003,19.0,No,None,Wallet,5,2.6,No
ORD104177,2024-05-18,CUST8736,Premium,Fashion,2,9063,13957.02,23.0,No,None,UPI,3,3.8,No
ORD104178,2024-01-10,CUST4037,Regular,Beauty,3,1885,3958.4999999999995,30.0,No,None,COD,6,2.9,No
ORD104179,2024-08-01,CUST2028,Premium,Beauty,2,2685,3060.9000000000005,,No,None,COD,2,2.6,No
ORD104180,2024-09-29,CUST1114,Premium,Groceries,3,8140,23687.399999999998,3.0,No,None,COD,3,2.6,No
ORD104181,2024-11-19,CUST3902,New,Beauty,3,3801,7868.07,31.0,No,None,UPI,7,2.9,No
ORD104182,2024-02-17,CUST8017,Regular,Beauty,4,1653,3570.48,46.0,No,None,Credit Card,4,3.4,No
ORD104183,2024-04-20,CUST8175,New,Fashion,5,3406,11239.8,34.0,No,None,COD,5,4.7,No
ORD104184,2024-06-01,CUST7578,New,Fashion,4,6912,24053.76,13.0,No,None,Credit Card,3,4.4,No
ORD104185,2024-05-02,CUST5146,New,Groceries,2,3190,4147.0,35.0,No,None,UPI,5,3.8,No
ORD104186,2024-12-22,CUST7112,Premium,Electronics,4,7746,29434.8,5.0,Yes,Christmas/New Year,UPI,3,3.6,No
ORD104187,2024-04-11,CUST5374,Regular,Groceries,3,1550,3906.0,16.0,No,None,Credit Card,5,3.6,No
ORD104188,2024-08-28,CUST3709,Regular,Home Decor,2,6542,10859.72,17.0,Yes,Raksha Bandhan,COD,7,4.7,Yes
ORD104189,2024-11-16,CUST7078,Regular,Beauty,4,7538,28041.359999999997,7.0,No,None,Credit Card,3,,No
ORD104190,2024-07-09,CUST4864,Regular,Electronics,1,5634,5014.26,11.0,No,None,,3,2.9,No
ORD104191,2024-08-04,CUST9185,Premium,Fashion,5,4149,17425.8,16.0,No,None,Wallet,1,4.8,No
ORD104192,2024-02-20,CUST6816,Premium,Home Decor,1,1479,1035.3,30.0,No,None,Wallet,2,4.4,No
ORD104193,2024-10-18,CUST1458,New,Home Decor,2,6198,12396.0,0.0,No,None,COD,4,2.6,No
ORD104194,2024-03-21,CUST9339,Regular,Beauty,4,1020,3672.0,10.0,Yes,Holi,Credit Card,4,3.8,No
ORD104195,2024-03-28,CUST4434,Regular,Fashion,3,9735,17230.95,41.0,Yes,Holi,COD,1,4.1,No
ORD104196,2024-07-12,CUST8757,Premium,Electronics,4,6319,21484.6,15.0,No,None,COD,3,2.7,No
ORD104197,2024-04-13,CUST3146,Regular,Fashion,2,2495,3193.6,36.0,No,None,,2,3.4,No
ORD104198,2024-09-27,CUST9836,Regular,Beauty,2,203,211.12,48.0,No,None,Wallet,5,4.1,No
ORD104199,2024-04-05,CUST8634,New,Home Decor,2,2760,4029.6,27.0,No,None,UPI,1,4.5,No
ORD104200,2024-07-16,CUST8486,Premium,Beauty,2,7181,13213.04,8.0,No,None,Wallet,4,4.9,No
ORD104201,2024-01-01,CUST5515,Regular,Groceries,4,230,855.5999999999999,7.0,No,None,COD,4,2.8,No
ORD104202,2024-06-15,CUST4812,New,Home Decor,1,6152,4675.52,24.0,No,None,Credit Card,6,4.1,No
ORD104203,2024-05-05,CUST2439,Premium,Beauty,3,8332,22746.36,9.0,No,None,UPI,7,4.7,No
ORD104204,2024-11-08,CUST8482,Premium,Electronics,3,9690,17732.7,39.0,Yes,Diwali,COD,6,4.3,No
ORD104205,2024-03-21,CUST8145,New,Electronics,5,1085,5316.5,2.0,Yes,Holi,UPI,4,4.1,No
ORD104206,2024-09-07,CUST4078,Regular,Electronics,2,7692,11999.52,22.0,No,None,Credit Card,3,3.0,No
ORD104207,2024-06-17,CUST7397,Premium,Groceries,2,9592,14963.52,22.0,No,None,UPI,6,4.5,No
ORD104208,2024-03-13,CUST1764,Regular,Fashion,2,5043,5749.02,43.0,No,None,UPI,5,3.9,No
ORD104209,2024-05-20,CUST7252,Regular,Electronics,1,4238,4110.86,3.0,No,None,COD,5,2.8,No
ORD104210,2024-03-10,CUST3775,New,Groceries,2,2490,2539.8,49.0,No,None,Credit Card,5,,No
ORD104211,2024-09-18,CUST9267,Premium,Electronics,5,4094,15966.6,22.0,No,None,Credit Card,3,5.0,Yes
ORD104212,2024-12-05,CUST5935,Premium,Groceries,5,4796,22061.600000000002,8.0,No,None,Wallet,7,3.8,Yes
ORD104213,2024-11-03,CUST2687,New,Electronics,1,404,391.88,3.0,Yes,Diwali,UPI,4,4.4,No
ORD104214,2024-09-01,CUST2220,New,Fashion,2,9875,13232.499999999998,33.0,No,None,COD,6,4.0,Yes
ORD104215,2024-01-03,CUST3278,New,Beauty,4,5702,14140.96,38.0,No,None,UPI,7,3.6,No
ORD104216,2024-12-02,CUST6735,Regular,Electronics,4,8397,27878.039999999997,17.0,No,None,UPI,7,3.5,No
ORD104217,2024-03-03,CUST9036,Regular,Beauty,3,8020,16120.199999999999,,No,None,UPI,6,4.9,Yes
ORD104218,2024-02-18,CUST4086,Regular,Electronics,1,8340,5587.799999999999,33.0,No,None,COD,4,3.4,Yes
ORD104219,2024-03-16,CUST1337,Regular,Fashion,4,731,1725.1600000000003,41.0,No,None,UPI,3,3.7,No
ORD104220,2024-06-23,CUST4127,Regular,Beauty,3,8216,24155.04,2.0,No,None,COD,2,3.1,No
ORD104221,2024-04-18,CUST5788,Premium,Groceries,5,426,1746.6000000000001,18.0,No,None,Credit Card,3,3.1,Yes
ORD104222,2024-07-01,CUST9477,Premium,Electronics,3,6342,12747.419999999998,33.0,No,None,UPI,3,3.4,No
ORD104223,2024-07-10,CUST6749,New,Electronics,2,7682,11523.0,25.0,No,None,Wallet,4,4.8,No
ORD104224,2024-03-05,CUST1259,Premium,Groceries,2,2299,3034.68,34.0,No,None,Credit Card,5,3.5,No
ORD104225,2024-12-02,CUST2042,Premium,Fashion,5,7513,22539.0,40.0,No,None,Wallet,7,,No
ORD104226,2024-09-27,CUST8780,Regular,Home Decor,1,7490,4344.200000000001,42.0,No,None,UPI,4,3.9,Yes
ORD104227,2024-04-09,CUST3835,Regular,Electronics,2,4766,6672.4,30.0,No,None,Credit Card,6,4.0,No
ORD104228,2024-02-01,CUST5394,Regular,Groceries,2,9288,10774.080000000002,42.0,No,None,COD,2,4.6,No
ORD104229,2024-12-17,CUST5404,Premium,Home Decor,3,9712,21560.64,26.0,No,None,UPI,1,4.8,No
ORD104230,2024-05-07,CUST3750,Regular,Electronics,3,2861,8411.34,2.0,No,None,UPI,6,3.0,No
ORD104231,2024-12-04,CUST7374,Premium,Beauty,3,1864,3578.88,36.0,No,None,COD,1,4.7,No
ORD104232,2024-02-12,CUST4930,Premium,Groceries,4,1725,6141.0,11.0,No,None,Wallet,3,3.9,No
ORD104233,2024-03-18,CUST7012,Regular,Beauty,5,3950,10665.0,46.0,No,None,Credit Card,1,4.8,No
ORD104234,2024-11-09,CUST8392,Regular,Fashion,1,6957,5426.46,22.0,Yes,Diwali,Credit Card,7,4.8,No
ORD104235,2024-10-15,CUST2270,Regular,Home Decor,3,3854,9712.08,16.0,No,None,COD,6,3.5,No
ORD104236,2024-09-26,CUST4666,Regular,Groceries,1,2767,2351.95,15.0,No,None,Credit Card,5,4.1,Yes
ORD104237,2024-06-10,CUST3283,Premium,Electronics,3,1296,3265.92,16.0,No,None,COD,4,4.7,No
ORD104238,2024-07-07,CUST1700,Premium,Electronics,2,3298,5672.5599999999995,14.0,No,None,Wallet,2,3.5,No
ORD104239,2024-09-03,CUST8674,Premium,Home Decor,1,3440,2580.0,25.0,No,None,,2,2.6,No
ORD104240,2024-08-03,CUST2883,New,Beauty,4,8167,18294.08,44.0,No,None,Credit Card,2,3.4,No
ORD104241,2024-11-10,CUST8403,Premium,Beauty,3,6928,20576.16,,Yes,Diwali,COD,6,3.4,No
ORD104242,2024-12-04,CUST5349,New,Groceries,5,5528,23217.6,16.0,No,None,COD,6,4.5,No
ORD104243,2024-06-16,CUST1959,Regular,Groceries,2,7978,15956.0,0.0,No,None,COD,4,3.3,No
ORD104244,2024-12-04,CUST4025,Premium,Beauty,3,8279,17634.27,29.0,No,None,COD,5,4.7,No
ORD104245,2024-07-11,CUST8565,Regular,Groceries,1,3814,2631.66,31.0,No,None,Credit Card,2,3.9,No
ORD104246,2024-10-09,CUST3842,Regular,Beauty,3,1047,2230.1099999999997,29.0,No,None,UPI,1,4.0,No
ORD104247,2024-12-01,CUST3120,Regular,Home Decor,2,3816,4502.880000000001,41.0,No,None,Credit Card,5,4.5,No
ORD104248,2024-01-13,CUST1344,Premium,Groceries,5,2904,14084.4,3.0,No,None,COD,5,2.8,No
ORD104249,2024-08-27,CUST5515,Regular,Beauty,5,6954,20514.300000000003,41.0,Yes,Raksha Bandhan,UPI,6,2.5,No
ORD104250,2024-11-15,CUST7198,Regular,Groceries,5,4093,11665.050000000001,43.0,No,None,UPI,6,2.6,No
ORD104251,2024-05-26,CUST4909,New,Electronics,2,3194,4407.719999999999,31.0,No,None,Credit Card,5,2.6,No
ORD104252,2024-07-22,CUST3451,New,Electronics,3,4733,9371.339999999998,34.0,No,None,COD,2,4.2,No
ORD104253,2024-03-20,CUST9328,Premium,Fashion,2,1700,3400.0,0.0,Yes,Holi,COD,5,3.1,No
ORD104254,2024-02-12,CUST9603,Premium,Beauty,2,2642,4332.88,18.0,No,None,COD,6,4.6,No
ORD104255,2024-03-29,CUST3746,New,Fashion,3,1925,3926.9999999999995,,Yes,Holi,COD,2,4.7,No
ORD104256,2024-05-27,CUST4780,Premium,Beauty,4,9957,32658.960000000003,18.0,No,None,COD,1,3.4,No
ORD104257,2024-04-04,CUST4809,Regular,Groceries,5,7541,24508.25,35.0,No,None,UPI,6,3.0,No
ORD104258,2024-05-30,CUST3892,New,Beauty,1,525,388.5,26.0,No,None,Credit Card,1,3.7,No
ORD104259,2024-01-02,CUST5587,Premium,Electronics,1,4617,4062.96,12.0,No,None,,1,4.5,No
ORD104260,2024-01-22,CUST2463,Regular,Groceries,3,2866,6362.5199999999995,26.0,Yes,Republic Day,Wallet,6,4.2,No
ORD104261,2024-11-08,CUST9960,Regular,Electronics,1,9601,5280.55,45.0,Yes,Diwali,Credit Card,6,2.6,No
ORD104262,2024-11-23,CUST5993,Regular,Groceries,4,4561,15872.28,13.0,No,None,UPI,1,2.5,No
ORD104263,2024-01-07,CUST3323,New,Beauty,2,7352,11322.08,23.0,No,,Wallet,5,2.8,No
ORD104264,2024-07-24,CUST1587,Regular,Beauty,5,1041,3435.2999999999997,34.0,No,,UPI,5,3.3,No
ORD104265,2024-04-23,CUST1420,New,Electronics,1,4978,4081.9600000000005,18.0,No,None,Credit Card,7,3.8,Yes
ORD104266,2024-09-28,CUST8845,New,Home Decor,1,2271,1725.96,24.0,No,None,UPI,2,4.5,No
ORD104267,2024-03-23,CUST7611,Premium,Beauty,3,1484,4006.8,10.0,Yes,Holi,UPI,7,2.9,No
ORD104268,2024-06-27,CUST7249,Premium,Home Decor,3,1578,4355.28,8.0,No,None,Credit Card,1,2.9,No
ORD104269,2024-07-28,CUST3828,Regular,Groceries,2,6539,12424.099999999999,5.0,No,None,UPI,3,4.7,No
ORD104270,2024-11-23,CUST5779,Regular,Home Decor,5,2858,9288.5,35.0,No,None,Wallet,1,4.8,No
ORD104271,2024-05-03,CUST4325,Regular,Electronics,1,3761,2407.04,36.0,No,None,Wallet,4,3.9,No
ORD104272,2024-04-22,CUST5927,Premium,Fashion,2,6207,8938.08,28.0,No,None,COD,3,4.5,No
ORD104273,2024-01-12,CUST7184,Regular,Fashion,5,5652,25999.2,8.0,No,None,Wallet,4,3.4,No
ORD104274,2024-05-05,CUST8980,Regular,Electronics,2,4212,5728.32,32.0,No,None,Wallet,3,4.9,No
ORD104275,2024-02-22,CUST2657,Regular,Fashion,1,2178,1698.8400000000001,22.0,No,None,Credit Card,6,4.8,No
ORD104276,2024-11-26,CUST4935,New,Electronics,3,4616,11909.28,14.0,No,None,Wallet,2,4.6,Yes
ORD104277,2024-10-09,CUST7536,Regular,Beauty,3,5696,15379.2,10.0,No,None,Credit Card,7,2.5,No
ORD104278,2024-05-19,CUST2802,New,Home Decor,3,8074,18893.16,22.0,No,None,Wallet,5,3.8,No
ORD104279,2024-04-06,CUST9728,Regular,Fashion,4,2424,7272.0,25.0,No,None,Credit Card,2,2.6,No
ORD104280,2024-01-05,CUST5982,Premium,Beauty,2,7289,14578.0,0.0,No,None,Credit Card,3,4.2,No
ORD104281,2024-02-26,CUST5815,Regular,Fashion,1,1153,818.63,29.0,No,None,UPI,1,,No
ORD104282,2024-11-29,CUST3176,Premium,Groceries,2,7134,11985.119999999999,16.0,No,None,Wallet,2,4.1,No
ORD104283,2024-03-09,CUST9415,Premium,Electronics,3,6117,9909.54,46.0,No,None,Credit Card,3,2.7,No
ORD104284,2024-04-27,CUST9776,Regular,Electronics,2,8461,9307.1,45.0,No,None,Wallet,1,4.4,No
ORD104285,2024-02-28,CUST2021,Premium,Beauty,5,9486,28458.0,40.0,No,None,COD,5,4.3,No
ORD104286,2024-02-02,CUST1862,Premium,Groceries,2,5942,9269.52,22.0,No,None,UPI,3,2.5,No
ORD104287,2024-11-13,CUST6605,Premium,Home Decor,4,4453,11577.800000000001,35.0,No,None,UPI,4,4.5,No
ORD104288,2024-02-19,CUST6412,Premium,Groceries,4,748,1795.2,40.0,No,None,Credit Card,4,2.9,No
ORD104289,2024-01-19,CUST1833,Regular,Groceries,3,2039,5872.32,4.0,No,None,Wallet,4,2.8,No
ORD104290,2024-08-01,CUST7796,Premium,Home Decor,1,2151,1419.6599999999999,34.0,No,None,UPI,1,,No
ORD104291,2024-07-15,CUST4498,New,Home Decor,5,9450,24097.5,49.0,No,None,UPI,7,4.0,No
ORD104292,2024-02-16,CUST1035,New,Groceries,1,2707,2490.44,8.0,No,None,UPI,1,2.8,No
ORD104293,2024-06-15,CUST3541,New,Fashion,1,9274,8995.78,3.0,No,None,Credit Card,7,3.3,No
ORD104294,2024-10-15,CUST8000,Regular,Fashion,5,6550,30785.0,6.0,No,None,COD,2,3.5,No
ORD104295,2024-05-20,CUST6639,Premium,Groceries,4,7803,31212.0,0.0,No,None,Credit Card,1,4.9,Yes
ORD104296,2024-03-24,CUST7256,Premium,Fashion,3,2825,7203.75,15.0,Yes,Holi,COD,3,3.1,No
ORD104297,2024-06-30,CUST3263,Regular,Home Decor,2,6093,9261.36,24.0,No,None,UPI,4,3.2,No
ORD104298,2024-03-19,CUST7305,New,Home Decor,4,7600,28880.0,5.0,No,None,COD,7,4.1,Yes
ORD104299,2024-08-02,CUST8091,Premium,Fashion,3,2353,4447.17,37.0,No,None,Credit Card,5,4.3,No
ORD104300,2024-01-14,CUST6222,Regular,Home Decor,4,4961,17264.28,13.0,No,None,Credit Card,6,2.5,No
ORD104301,2024-08-02,CUST7295,Regular,Electronics,5,7385,23632.0,36.0,No,None,Wallet,4,2.8,No
ORD104302,2024-05-07,CUST3937,New,Home Decor,1,3766,3389.4,10.0,No,None,Wallet,3,3.4,No
ORD104303,2024-11-05,CUST4996,Regular,Groceries,5,459,2295.0,0.0,Yes,Diwali,Credit Card,6,,No
ORD104304,2024-09-04,CUST4963,Regular,Beauty,2,9900,11682.000000000002,41.0,No,,Wallet,5,2.8,No
ORD104305,2024-01-29,CUST1961,Regular,Fashion,5,8704,43520.0,0.0,Yes,Republic Day,UPI,2,3.4,Yes
ORD104306,2024-10-06,CUST1734,Regular,Fashion,1,2044,1328.6000000000001,35.0,No,None,COD,1,2.7,No
ORD104307,2024-12-03,CUST6648,New,Home Decor,4,7469,27784.679999999997,7.0,No,None,Credit Card,3,3.9,No
ORD104308,2024-11-14,CUST6859,Regular,Home Decor,3,1733,3587.31,31.0,No,None,Credit Card,6,,No
ORD104309,2024-07-20,CUST6555,Premium,Beauty,2,5796,7882.5599999999995,32.0,No,None,Wallet,1,4.5,No
ORD104310,2024-12-26,CUST7528,New,Beauty,4,4969,18484.68,7.0,Yes,Christmas/New Year,Credit Card,7,3.9,No
ORD104311,2024-02-26,CUST5937,Premium,Groceries,3,9815,25617.15,13.0,No,None,Wallet,2,4.1,No
ORD104312,2024-08-05,CUST8961,Regular,Electronics,1,2220,1709.4,23.0,No,None,UPI,5,4.2,No
ORD104313,2024-03-02,CUST6123,Premium,Groceries,5,6558,17050.8,48.0,No,None,Credit Card,6,4.0,No
ORD104314,2024-06-05,CUST5464,Regular,Fashion,4,5702,13684.8,,No,None,UPI,3,2.5,No
ORD104315,2024-07-20,CUST8606,Regular,Home Decor,3,5443,11756.88,28.0,No,None,UPI,7,4.6,No
ORD104316,2024-01-17,CUST4751,Premium,Groceries,3,1891,4311.4800000000005,24.0,No,None,Credit Card,5,4.8,No
ORD104317,2024-11-17,CUST1986,New,Home Decor,5,8719,41415.25,5.0,No,None,Wallet,6,3.8,Yes
ORD104318,2024-01-06,CUST6109,Premium,Home Decor,4,1788,7152.0,0.0,No,None,Wallet,6,2.8,No
ORD104319,2024-02-27,CUST3483,New,Groceries,4,3953,12333.36,22.0,No,None,UPI,3,4.1,No
ORD104320,2024-11-20,CUST1933,Premium,Groceries,1,297,178.2,40.0,No,None,Wallet,2,3.4,No
ORD104321,2024-11-13,CUST6128,Premium,Beauty,4,4954,13474.88,32.0,No,None,Wallet,2,,No
ORD104322,2024-06-17,CUST6324,New,Electronics,5,6373,27722.55,13.0,No,None,UPI,2,4.6,No
ORD104323,2024-03-22,CUST3198,Regular,Beauty,4,9489,27707.88,27.0,Yes,Holi,Credit Card,1,4.3,No
ORD104324,2024-08-06,CUST6362,Regular,Electronics,1,8252,5941.44,28.0,No,None,Credit Card,7,4.5,No
ORD104325,2024-06-25,CUST6981,Premium,Groceries,3,5218,9079.320000000002,42.0,No,None,COD,4,4.5,Yes
ORD104326,2024-07-22,CUST8638,Premium,Electronics,4,5904,14405.76,39.0,No,None,Credit Card,5,3.4,Yes
ORD104327,2024-03-11,CUST2160,Regular,Fashion,5,8111,31632.9,22.0,No,None,Wallet,3,3.7,No
ORD104328,2024-09-22,CUST3516,Regular,Beauty,4,8476,19325.280000000002,43.0,No,None,COD,5,3.1,No
ORD104329,2024-04-07,CUST5329,Regular,Beauty,2,1477,1861.02,37.0,No,None,COD,4,4.4,No
ORD104330,2024-12-10,CUST5483,Premium,Beauty,1,718,373.36,48.0,No,,COD,1,3.8,No
ORD104331,2024-10-17,CUST8920,New,Home Decor,3,5626,9789.240000000002,42.0,No,None,Credit Card,1,4.1,No
ORD104332,2024-07-26,CUST2991,New,Home Decor,2,8015,14587.300000000001,9.0,No,None,COD,4,3.4,No
ORD104333,2024-01-02,CUST2680,Premium,Groceries,5,383,1417.1,26.0,No,None,COD,6,4.2,No
ORD104334,2024-05-03,CUST3338,New,Groceries,4,9364,34834.079999999994,7.0,No,None,COD,3,4.2,No
ORD104335,2024-10-06,CUST3129,Regular,Home Decor,1,2588,1475.16,43.0,No,None,Credit Card,4,4.4,No
ORD104336,2024-03-14,CUST7645,Regular,Beauty,4,4522,17545.36,3.0,No,None,Credit Card,1,2.9,No
ORD104337,2024-06-14,CUST2720,Regular,Home Decor,4,5132,16422.4,20.0,No,None,Credit Card,6,4.1,No
ORD104338,2024-01-22,CUST7290,Premium,Electronics,4,4027,12886.400000000001,20.0,Yes,Republic Day,Credit Card,1,4.7,No
ORD104339,2024-06-02,CUST9832,Regular,Beauty,4,2697,7659.48,29.0,No,,UPI,6,2.7,No
ORD104340,2024-10-21,CUST2044,Premium,Home Decor,1,3679,3237.52,12.0,Yes,Diwali,Credit Card,5,4.9,No
ORD104341,2024-08-06,CUST6137,Premium,Groceries,2,8957,17555.72,2.0,No,None,Wallet,3,3.0,No
ORD104342,2024-06-05,CUST8088,Regular,Home Decor,5,2135,8646.75,19.0,No,None,COD,3,4.8,No
ORD104343,2024-08-17,CUST6718,New,Fashion,2,6475,8417.5,35.0,Yes,Independence Day,Credit Card,1,4.7,No
ORD104344,2024-01-20,CUST1351,Premium,Home Decor,1,9218,5622.98,39.0,Yes,,Wallet,4,4.4,Yes
ORD104345,2024-02-10,CUST5155,Regular,Beauty,5,549,2635.2,4.0,No,None,Wallet,1,3.0,No
ORD104346,2024-05-27,CUST1376,Regular,Home Decor,3,298,706.26,21.0,No,None,Wallet,5,3.0,No
ORD104347,2024-04-17,CUST6122,Premium,Groceries,2,1969,3898.62,1.0,No,None,UPI,4,,No
ORD104348,2024-03-24,CUST2124,Regular,Electronics,1,2004,1523.04,24.0,Yes,Holi,UPI,1,4.5,No
ORD104349,2024-11-17,CUST7362,Regular,Fashion,1,9452,5765.72,39.0,No,None,UPI,6,3.0,No
ORD104350,2024-11-04,CUST7190,Premium,Beauty,1,8312,6400.24,23.0,Yes,Diwali,Wallet,7,4.0,No
ORD104351,2024-10-16,CUST4167,New,Groceries,5,4370,20976.0,4.0,No,None,Credit Card,6,4.4,No
ORD104352,2024-11-18,CUST8732,Regular,Fashion,4,601,2043.3999999999999,15.0,No,None,,3,3.7,No
ORD104353,2024-05-13,CUST2629,New,Home Decor,3,8579,22133.82,,No,None,UPI,5,4.6,No
ORD104354,2024-07-25,CUST6268,New,Fashion,5,8530,37532.0,12.0,No,None,UPI,7,3.9,No
ORD104355,2024-10-09,CUST6117,Regular,Electronics,5,342,1539.0,10.0,No,None,UPI,1,4.0,No
ORD104356,2024-09-22,CUST5875,Premium,Fashion,2,420,714.0,15.0,No,None,Credit Card,1,4.2,No
ORD104357,2024-03-13,CUST4243,Regular,Fashion,3,4440,11055.6,17.0,No,None,Wallet,6,4.6,No
ORD104358,2024-12-17,CUST7454,Regular,Home Decor,1,7201,5472.76,,No,None,UPI,7,,No
ORD104359,2024-02-17,CUST1405,Premium,Home Decor,5,587,1584.9,46.0,No,None,Wallet,6,3.5,No
ORD104360,2024-11-21,CUST7679,Premium,Beauty,3,6191,11700.99,37.0,No,None,Wallet,6,4.9,No
ORD104361,2024-08-20,CUST8467,Regular,Home Decor,2,759,925.98,39.0,Yes,Independence Day,UPI,6,2.7,No
ORD104362,2024-04-09,CUST9312,New,Fashion,4,2039,7911.32,3.0,No,None,COD,2,3.1,Yes
ORD104363,2024-02-28,CUST1025,Premium,Electronics,3,1971,3133.8900000000003,47.0,No,None,COD,7,3.9,No
ORD104364,2024-09-14,CUST3061,New,Home Decor,1,8756,7004.8,20.0,No,None,COD,7,4.6,Yes
ORD104365,2024-03-05,CUST1642,Regular,Beauty,5,8808,39636.0,10.0,No,None,UPI,4,2.7,No
ORD104366,2024-03-23,CUST5017,New,Beauty,4,7876,21107.679999999997,33.0,Yes,Holi,Wallet,2,2.5,Yes
ORD104367,2024-06-02,CUST7003,Regular,Fashion,2,2268,3220.56,29.0,No,None,COD,3,4.2,No
ORD104368,2024-09-22,CUST5689,Regular,Home Decor,1,6957,6748.29,3.0,No,None,Credit Card,4,4.0,No
ORD104369,2024-11-04,CUST3187,Premium,Home Decor,4,716,2491.68,13.0,Yes,Diwali,COD,5,3.2,No
ORD104370,2024-03-19,CUST5984,Premium,Beauty,2,9612,17301.600000000002,10.0,No,None,Credit Card,4,4.9,No
ORD104371,2024-11-10,CUST2902,Premium,Home Decor,1,860,834.1999999999999,3.0,Yes,Diwali,COD,7,3.9,No
ORD104372,2024-05-29,CUST9449,Regular,Fashion,5,3616,13560.0,25.0,No,None,COD,6,4.2,Yes
ORD104373,2024-02-17,CUST9637,Regular,Electronics,2,8721,17093.16,2.0,No,None,COD,1,3.4,No
ORD104374,2024-09-04,CUST2893,Premium,Fashion,4,577,1477.1200000000001,36.0,No,None,,1,4.8,No
ORD104375,2024-10-04,CUST4517,Regular,Home Decor,1,359,226.17,37.0,No,None,Credit Card,1,3.2,No
ORD104376,2024-12-21,CUST1218,Premium,Fashion,3,9655,17379.0,40.0,Yes,Christmas/New Year,COD,4,4.4,No
ORD104377,2024-04-07,CUST4455,Regular,Groceries,1,4374,4242.78,3.0,No,None,Credit Card,1,2.8,No
ORD104378,2024-01-25,CUST8101,New,Groceries,4,2399,7197.0,25.0,Yes,Republic Day,Wallet,1,3.8,Yes
ORD104379,2024-10-10,CUST1939,Premium,Home Decor,4,9616,23847.68,38.0,No,None,COD,6,,No
ORD104380,2024-10-27,CUST8141,Premium,Home Decor,3,6476,10879.68,44.0,Yes,Diwali,Wallet,2,3.0,No
ORD104381,2024-03-08,CUST6936,New,Electronics,4,2188,5163.68,41.0,No,None,UPI,1,3.3,No
ORD104382,2024-01-07,CUST5460,Premium,Fashion,1,6977,3976.8900000000003,43.0,No,None,UPI,2,2.9,No
ORD104383,2024-10-31,CUST5755,Regular,Electronics,2,6512,7684.160000000001,41.0,Yes,Diwali,UPI,3,4.6,No
ORD104384,2024-05-16,CUST6730,Regular,Home Decor,1,8368,7531.2,10.0,No,None,Wallet,4,4.1,Yes
ORD104385,2024-06-12,CUST8737,Premium,Home Decor,4,1065,3834.0,10.0,No,,Credit Card,2,3.6,No
ORD104386,2024-03-23,CUST3228,Regular,Beauty,3,8782,16597.98,37.0,Yes,Holi,UPI,7,3.9,No
ORD104387,2024-05-17,CUST8370,Premium,Electronics,3,9800,18522.0,37.0,No,None,COD,6,3.4,No
ORD104388,2024-03-13,CUST5385,Regular,Home Decor,5,5115,20715.75,19.0,No,,COD,4,3.6,Yes
ORD104389,2024-08-24,CUST3828,Regular,Groceries,3,6441,14492.25,25.0,No,None,Credit Card,7,4.0,No
ORD104390,2024-02-15,CUST9744,Premium,Beauty,3,7335,13863.15,37.0,No,None,COD,7,3.0,No
ORD104391,2024-04-15,CUST7166,New,Fashion,4,1754,6244.24,11.0,No,None,Wallet,4,2.8,No
ORD104392,2024-10-14,CUST7493,Premium,Beauty,2,4247,6115.679999999999,28.0,No,None,UPI,5,4.9,No
ORD104393,2024-09-18,CUST8182,New,Fashion,2,331,575.9399999999999,13.0,No,None,Wallet,2,3.1,No
ORD104394,2024-06-24,CUST1834,New,Groceries,4,3879,7913.16,49.0,No,None,COD,1,3.7,No
ORD104395,2024-06-14,CUST8671,Regular,Fashion,3,6553,14940.84,24.0,No,,Wallet,7,4.4,No
ORD104396,2024-05-24,CUST9909,Regular,Electronics,1,3276,1932.8400000000004,41.0,No,None,Credit Card,6,3.9,No
ORD104397,2024-11-25,CUST9139,Premium,Fashion,2,1721,2030.7800000000002,41.0,No,None,Wallet,6,4.1,No
ORD104398,2024-10-09,CUST7556,New,Fashion,4,3469,8603.12,38.0,No,None,COD,5,2.9,No
ORD104399,2024-02-23,CUST5986,Premium,Beauty,1,640,480.0,25.0,No,None,COD,2,3.5,No
ORD104400,2024-06-26,CUST9449,New,Groceries,3,1403,3830.19,9.0,No,None,UPI,6,4.2,No
ORD104401,2024-08-31,CUST9005,Regular,Fashion,4,8632,30039.36,13.0,Yes,Raksha Bandhan,Wallet,2,3.0,No
ORD104402,2024-12-06,CUST2167,Regular,Electronics,2,3591,6894.719999999999,4.0,No,None,Credit Card,3,3.7,No
ORD104403,2024-05-06,CUST4144,Premium,Beauty,1,3921,3097.59,21.0,No,None,UPI,1,4.0,No
ORD104404,2024-09-27,CUST3236,Regular,Groceries,1,6975,6277.5,10.0,No,None,COD,3,4.5,No
ORD104405,2024-05-11,CUST3549,Regular,Groceries,2,7360,10598.4,28.0,No,None,Wallet,4,3.0,No
ORD104406,2024-04-02,CUST3061,Regular,Home Decor,1,8075,7590.5,6.0,No,None,Credit Card,1,4.9,No
ORD104407,2024-03-13,CUST7156,Regular,Electronics,2,9595,15927.699999999999,17.0,No,None,COD,3,4.9,No
ORD104408,2024-09-04,CUST2118,Premium,Beauty,4,2087,5843.599999999999,30.0,No,None,COD,3,2.5,No
ORD104409,2024-12-13,CUST2781,New,Beauty,5,4470,12963.000000000002,42.0,No,None,UPI,7,3.4,Yes
ORD104410,2024-09-29,CUST2954,New,Electronics,3,8589,20871.27,19.0,No,None,COD,7,2.7,No
ORD104411,2024-02-12,CUST5537,Premium,Groceries,4,7905,20869.199999999997,34.0,No,None,Credit Card,1,3.3,No
ORD104412,2024-02-10,CUST4870,Regular,Fashion,3,4394,12391.08,6.0,No,None,Credit Card,2,4.0,No
ORD104413,2024-06-18,CUST8978,Premium,Electronics,3,944,2010.7199999999998,,No,None,UPI,4,4.0,No
ORD104414,2024-07-30,CUST5278,Regular,Beauty,2,5746,11147.24,3.0,No,None,UPI,5,2.7,No
ORD104415,2024-06-16,CUST8017,Regular,Electronics,5,652,2314.6,29.0,No,None,Credit Card,6,4.2,No
ORD104416,2024-02-08,CUST1246,Regular,Groceries,3,3462,7374.0599999999995,29.0,No,None,UPI,5,4.6,Yes
ORD104417,2024-09-01,CUST4485,New,Home Decor,3,7945,16922.85,29.0,No,None,COD,5,4.1,No
ORD104418,2024-05-30,CUST6374,New,Home Decor,4,698,2317.3599999999997,17.0,No,None,Credit Card,4,3.3,No
ORD104419,2024-04-20,CUST4321,Premium,Fashion,5,340,986.0000000000001,42.0,No,None,UPI,1,2.5,No
ORD104420,2024-02-16,CUST4232,Premium,Fashion,5,1914,5263.5,45.0,No,None,Credit Card,1,4.1,Yes
ORD104421,2024-03-03,CUST6638,Regular,Groceries,3,875,2388.75,9.0,No,None,COD,7,4.2,No
ORD104422,2024-08-12,CUST4914,Premium,Fashion,5,3705,16116.75,13.0,Yes,Independence Day,UPI,1,4.3,No
ORD104423,2024-12-31,CUST8680,Premium,Home Decor,4,3802,9885.2,35.0,Yes,Christmas/New Year,Credit Card,5,2.6,No
ORD104424,2024-03-09,CUST8066,Regular,Groceries,2,6875,10725.0,22.0,No,None,COD,2,3.8,No
ORD104425,2024-10-25,CUST7607,Regular,Groceries,3,9309,24855.03,11.0,Yes,Diwali,UPI,3,3.5,No
ORD104426,2024-10-16,CUST1272,New,Groceries,1,6704,5966.56,11.0,No,None,Credit Card,7,4.4,No
ORD104427,2024-10-22,CUST1922,Premium,Electronics,3,5003,10056.029999999999,33.0,Yes,Diwali,COD,5,4.3,No
ORD104428,2024-07-21,CUST2583,New,Fashion,3,1930,4342.5,25.0,No,None,COD,4,4.9,No
ORD104429,2024-03-01,CUST7540,New,Beauty,2,6176,11734.4,5.0,No,None,COD,1,4.7,No
ORD104430,2024-11-13,CUST4425,New,Home Decor,1,8011,5127.04,36.0,No,None,Wallet,7,3.9,No
ORD104431,2024-11-09,CUST9593,Regular,Fashion,1,7228,6216.08,14.0,Yes,Diwali,COD,3,5.0,No
ORD104432,2024-06-09,CUST9330,Regular,Home Decor,1,3918,2311.6200000000003,41.0,No,None,COD,1,2.9,No
ORD104433,2024-11-26,CUST7273,Regular,Fashion,2,7288,9037.12,38.0,No,None,UPI,1,2.5,No
ORD104434,2024-01-16,CUST3515,Regular,Beauty,5,1824,7478.400000000001,18.0,No,None,Wallet,1,2.8,No
ORD104435,2024-12-03,CUST5770,Premium,Home Decor,1,2006,1223.66,39.0,No,None,COD,6,3.4,Yes
ORD104436,2024-04-03,CUST3005,Premium,Beauty,5,9846,26584.2,46.0,No,None,UPI,7,4.4,No
ORD104437,2024-10-30,CUST9155,Premium,Home Decor,4,8745,27284.4,22.0,Yes,Diwali,UPI,2,3.5,No
ORD104438,2024-05-17,CUST1031,Regular,Electronics,2,3133,4072.9,35.0,No,None,Credit Card,7,4.5,No
ORD104439,2024-12-03,CUST3146,New,Electronics,5,1140,5016.0,12.0,No,None,Credit Card,3,4.4,No
ORD104440,2024-02-07,CUST3950,Regular,Home Decor,1,7987,5590.9,30.0,No,None,Wallet,7,4.5,No
ORD104441,2024-05-06,CUST2830,Regular,Home Decor,1,4145,2652.8,36.0,No,None,UPI,7,3.0,No
ORD104442,2024-10-01,CUST7856,Premium,Beauty,5,7258,27217.5,25.0,No,None,COD,7,3.8,No
ORD104443,2024-06-12,CUST4408,Premium,Groceries,5,5048,14639.200000000003,42.0,No,None,COD,5,4.3,No
ORD104444,2024-11-14,CUST1746,Regular,Home Decor,4,8621,18276.52,47.0,No,None,UPI,2,3.2,No
ORD104445,2024-03-17,CUST2293,Regular,Fashion,2,5052,8386.32,17.0,No,None,Wallet,6,4.6,No
ORD104446,2024-06-22,CUST7400,Premium,Fashion,3,6659,10787.58,46.0,No,None,COD,4,4.4,No
ORD104447,2024-12-23,CUST5573,Regular,Fashion,4,5057,13755.039999999999,32.0,Yes,Christmas/New Year,Wallet,7,2.8,No
ORD104448,2024-11-16,CUST6329,Regular,Electronics,4,7938,19368.72,39.0,No,None,UPI,6,3.0,No
ORD104449,2024-03-31,CUST5957,Premium,Beauty,4,437,1206.12,31.0,No,None,Wallet,4,3.1,No
ORD104450,2024-08-25,CUST6278,Regular,Electronics,1,3972,3852.8399999999997,3.0,Yes,Raksha Bandhan,Credit Card,6,4.7,No
ORD104451,2024-09-20,CUST7761,Regular,Fashion,5,7935,23805.0,40.0,No,None,Wallet,5,3.0,No
ORD104452,2024-06-27,CUST2721,Regular,Home Decor,2,2981,4888.84,18.0,No,None,Wallet,3,4.1,No
ORD104453,2024-07-27,CUST6095,New,Fashion,1,7287,6849.78,6.0,No,None,COD,5,2.7,No
ORD104454,2024-03-13,CUST2135,New,Home Decor,4,2184,4717.4400000000005,46.0,No,None,Wallet,2,3.9,No
ORD104455,2024-04-16,CUST5879,Regular,Beauty,2,1252,1652.6399999999999,34.0,No,None,COD,3,2.9,No
ORD104456,2024-12-10,CUST4769,Regular,Groceries,1,7858,5893.5,25.0,No,None,COD,7,3.9,No
ORD104457,2024-10-21,CUST7538,Regular,Home Decor,3,5454,9326.34,43.0,Yes,Diwali,Credit Card,7,3.4,No
ORD104458,2024-10-10,CUST1054,Regular,Electronics,4,550,1716.0,22.0,No,None,COD,4,4.0,No
ORD104459,2024-12-18,CUST4979,Premium,Fashion,1,1112,745.04,33.0,No,None,UPI,3,3.5,No
ORD104460,2024-06-30,CUST5090,Premium,Fashion,1,4645,4366.3,6.0,No,None,COD,3,4.6,No
ORD104461,2024-02-06,CUST6731,Regular,Fashion,4,9696,34905.6,10.0,No,None,UPI,3,4.4,No
ORD104462,2024-05-16,CUST7675,Regular,Home Decor,3,491,1369.8899999999999,7.0,No,None,COD,5,4.6,No
ORD104463,2024-12-03,CUST6468,Regular,Beauty,5,9604,42257.6,12.0,No,None,UPI,1,3.1,No
ORD104464,2024-02-25,CUST4807,Regular,Home Decor,3,7950,16456.5,31.0,No,None,Credit Card,2,2.9,No
ORD104465,2024-07-05,CUST1552,Regular,Electronics,4,667,1600.8,40.0,No,None,Wallet,3,3.9,No
ORD104466,2024-12-06,CUST2256,Premium,Fashion,5,3477,11647.949999999999,33.0,No,None,COD,3,4.7,No
ORD104467,2024-09-14,CUST5955,Premium,Home Decor,1,5561,4615.63,17.0,No,None,Credit Card,5,2.8,No
ORD104468,2024-02-27,CUST7319,Premium,Fashion,3,5503,14197.74,14.0,No,None,Credit Card,2,3.1,No
ORD104469,2024-12-28,CUST6032,Regular,Electronics,3,3775,6568.500000000001,42.0,Yes,Christmas/New Year,COD,2,4.4,No
ORD104470,2024-05-02,CUST7685,Premium,Groceries,5,6792,26149.2,23.0,No,None,COD,7,3.7,No
ORD104471,2024-07-06,CUST5834,Regular,Groceries,1,4525,2443.5,,No,,UPI,4,4.0,No
ORD104472,2024-08-17,CUST2825,Regular,Groceries,3,1264,3033.6000000000004,20.0,Yes,Independence Day,COD,2,4.0,No
ORD104473,2024-06-16,CUST2424,Premium,Fashion,5,5088,21115.2,17.0,No,None,COD,2,3.5,No
ORD104474,2024-04-23,CUST8088,Regular,Home Decor,3,2594,6770.34,13.0,No,None,UPI,7,4.3,No
ORD104475,2024-09-08,CUST7552,Premium,Fashion,1,8478,6951.960000000001,18.0,No,None,UPI,3,4.6,No
ORD104476,2024-04-16,CUST1220,Premium,Beauty,1,3120,2745.6,12.0,No,None,COD,7,4.8,No
ORD104477,2024-02-06,CUST2208,New,Home Decor,2,7058,11998.6,15.0,No,None,COD,1,2.6,No
ORD104478,2024-11-30,CUST7739,New,Electronics,5,203,1004.85,1.0,No,None,COD,3,3.9,No
ORD104479,2024-04-01,CUST1117,Regular,Groceries,4,6140,16455.199999999997,33.0,No,None,Wallet,6,2.6,No
ORD104480,2024-01-18,CUST4528,New,Home Decor,3,8248,12866.880000000001,48.0,No,None,Wallet,5,4.8,No
ORD104481,2024-12-19,CUST4205,Premium,Home Decor,1,9913,7434.75,25.0,No,None,Credit Card,2,3.6,No
ORD104482,2024-03-03,CUST9976,Premium,Groceries,3,2177,5159.49,21.0,No,None,Credit Card,1,4.8,No
ORD104483,2024-05-29,CUST4503,Regular,Electronics,3,9866,23974.38,19.0,No,None,COD,3,3.0,No
ORD104484,2024-05-18,CUST2767,New,Fashion,4,9522,27423.36,28.0,No,None,UPI,6,2.9,No
ORD104485,2024-07-04,CUST3134,Regular,Fashion,1,9272,7695.759999999999,17.0,No,None,COD,4,4.8,No
ORD104486,2024-07-03,CUST6509,New,Home Decor,2,9793,14101.92,28.0,No,None,COD,5,4.8,No
ORD104487,2024-07-23,CUST5616,Regular,Groceries,5,1950,5752.500000000001,41.0,No,None,Credit Card,6,4.4,No
ORD104488,2024-09-16,CUST3745,Premium,Beauty,3,201,343.71000000000004,43.0,No,None,,7,3.1,No
ORD104489,2024-08-01,CUST1202,Regular,Electronics,4,9536,28226.56,26.0,No,None,COD,5,2.9,Yes
ORD104490,2024-09-12,CUST8107,Regular,Fashion,4,8540,22545.6,34.0,No,None,Credit Card,6,4.4,No
ORD104491,2024-05-14,CUST5089,Regular,Electronics,5,4447,16009.199999999999,28.0,No,None,Credit Card,5,4.1,No
ORD104492,2024-03-01,CUST5705,Regular,Electronics,5,7932,37677.0,5.0,No,None,UPI,3,4.7,No
ORD104493,2024-12-28,CUST3437,Regular,Electronics,1,6235,3990.4,36.0,Yes,Christmas/New Year,UPI,1,3.2,No
ORD104494,2024-11-05,CUST1832,Regular,Groceries,3,2243,5114.04,24.0,Yes,Diwali,UPI,1,3.2,No
ORD104495,2024-03-28,CUST6166,Premium,Groceries,3,1902,4564.8,20.0,Yes,Holi,Wallet,2,4.3,No
ORD104496,2024-11-19,CUST8575,New,Groceries,5,6147,21514.5,30.0,No,,Wallet,1,3.2,No
ORD104497,2024-07-25,CUST7813,Premium,Home Decor,2,1587,1936.1399999999999,39.0,No,None,COD,7,3.7,No
ORD104498,2024-05-08,CUST9954,Regular,Groceries,3,6026,9219.78,49.0,No,None,UPI,4,3.8,No
ORD104499,2024-11-06,CUST3204,Regular,Home Decor,4,9642,32782.799999999996,15.0,Yes,Diwali,Credit Card,6,4.2,No
ORD104500,2024-01-03,CUST8524,Regular,Fashion,5,4662,20279.7,13.0,No,None,UPI,5,3.4,No
ORD104501,2024-08-29,CUST9624,New,Fashion,3,2236,6372.599999999999,5.0,Yes,Raksha Bandhan,COD,7,4.6,No
ORD104502,2024-04-30,CUST4681,New,Fashion,1,6605,5944.5,10.0,No,None,Wallet,3,3.5,No
ORD104503,2024-04-11,CUST6569,Regular,Fashion,5,6989,25859.3,26.0,No,None,Wallet,5,2.6,No
ORD104504,2024-02-07,CUST2951,Regular,Fashion,4,6319,15923.880000000001,37.0,No,None,COD,5,2.7,Yes
ORD104505,2024-12-06,CUST7753,New,Groceries,1,737,707.52,4.0,No,None,UPI,4,4.9,No
ORD104506,2024-05-12,CUST7156,New,Beauty,5,9946,42767.8,14.0,No,None,COD,6,4.1,No
ORD104507,2024-07-20,CUST9399,New,Groceries,5,9182,28923.3,37.0,No,None,COD,7,3.7,No
ORD104508,2024-12-13,CUST1228,New,Beauty,3,7063,18010.649999999998,15.0,No,,Wallet,7,4.7,No
ORD104509,2024-01-21,CUST3316,Regular,Groceries,1,2148,1782.84,17.0,Yes,Republic Day,Wallet,7,4.3,No
ORD104510,2024-08-29,CUST9415,Regular,Fashion,5,5378,18285.199999999997,32.0,Yes,,Wallet,5,3.0,Yes
ORD104511,2024-04-18,CUST7414,Regular,Electronics,4,5304,14002.559999999998,34.0,No,None,COD,5,2.5,No
ORD104512,2024-10-29,CUST7310,Regular,Beauty,1,4343,3344.11,23.0,Yes,Diwali,UPI,4,5.0,No
ORD104513,2024-03-24,CUST2213,Regular,Electronics,3,9827,19457.46,34.0,Yes,Holi,COD,4,4.1,No
ORD104514,2024-03-23,CUST5916,Premium,Fashion,2,3048,5730.24,6.0,Yes,Holi,UPI,1,3.7,No
ORD104515,2024-10-17,CUST1451,Regular,Beauty,5,8505,36996.75,13.0,No,None,UPI,6,4.9,No
ORD104516,2024-03-09,CUST3639,Regular,Electronics,2,2543,2593.86,49.0,No,None,COD,7,3.4,No
ORD104517,2024-05-08,CUST5551,Regular,Groceries,5,4733,16802.149999999998,29.0,No,None,UPI,7,4.3,No
ORD104518,2024-07-14,CUST2042,Regular,Fashion,3,361,833.91,23.0,No,None,UPI,5,4.2,No
ORD104519,2024-05-19,CUST5529,Regular,Groceries,3,8895,22949.1,14.0,No,None,COD,6,4.2,No
ORD104520,2024-10-09,CUST1245,New,Groceries,3,2834,7481.76,12.0,No,None,Wallet,2,4.2,No
ORD104521,2024-11-07,CUST7966,New,Fashion,3,5301,13040.460000000001,18.0,Yes,Diwali,COD,2,2.5,No
ORD104522,2024-08-21,CUST7239,Regular,Beauty,1,5966,4295.5199999999995,28.0,No,None,Wallet,2,4.6,No
ORD104523,2024-01-23,CUST9391,Premium,Home Decor,1,9786,7730.9400000000005,21.0,Yes,Republic Day,UPI,6,4.8,No
ORD104524,2024-06-01,CUST2961,Regular,Home Decor,5,1709,8459.55,1.0,No,None,Wallet,4,3.6,No
ORD104525,2024-10-03,CUST8852,Premium,Fashion,1,2519,1561.78,38.0,No,None,Wallet,5,3.9,No
ORD104526,2024-03-01,CUST7436,Regular,Home Decor,5,6305,27742.0,12.0,No,None,Credit Card,1,3.3,No
ORD104527,2024-11-14,CUST8640,Regular,Electronics,1,8871,5766.150000000001,35.0,No,None,Credit Card,5,4.5,No
ORD104528,2024-02-21,CUST5573,New,Beauty,1,9146,5761.9800000000005,37.0,No,None,Wallet,7,4.3,No
ORD104529,2024-12-09,CUST5732,Regular,Groceries,1,4199,3485.1699999999996,17.0,No,None,Credit Card,2,4.3,No
ORD104530,2024-06-01,CUST2822,Regular,Groceries,4,8595,29566.8,14.0,No,None,Wallet,6,4.3,No
ORD104531,2024-08-24,CUST9063,Regular,Fashion,3,3549,7027.0199999999995,34.0,No,None,Credit Card,3,3.0,Yes
ORD104532,2024-11-06,CUST1499,Regular,Groceries,4,4411,14820.96,16.0,Yes,Diwali,UPI,6,2.8,No
ORD104533,2024-10-28,CUST9935,Regular,Electronics,1,591,313.23,47.0,Yes,Diwali,COD,2,3.3,No
ORD104534,2024-02-01,CUST1982,New,Electronics,1,8151,7172.88,12.0,No,None,Credit Card,6,3.9,No
ORD104535,2024-02-24,CUST5198,Premium,Fashion,4,7031,22217.960000000003,21.0,No,None,COD,6,3.5,No
ORD104536,2024-12-17,CUST6955,Premium,Groceries,5,2973,9067.65,39.0,No,None,Credit Card,6,3.1,No
ORD104537,2024-02-05,CUST4679,Regular,Home Decor,3,2616,6278.400000000001,20.0,No,None,Wallet,4,2.6,No
ORD104538,2024-04-19,CUST3956,Regular,Home Decor,5,1438,5392.5,25.0,No,None,Credit Card,5,2.8,No
ORD104539,2024-06-25,CUST1610,Regular,Beauty,3,6912,11404.800000000001,45.0,No,None,Credit Card,4,2.8,No
ORD104540,2024-12-27,CUST2197,Regular,Fashion,2,940,1823.6,3.0,Yes,Christmas/New Year,COD,6,4.9,No
ORD104541,2024-11-09,CUST3153,Premium,Beauty,3,6670,18809.399999999998,6.0,Yes,Diwali,COD,1,4.4,No
ORD104542,2024-10-21,CUST6512,Regular,Home Decor,5,9927,45167.85,9.0,Yes,Diwali,Credit Card,5,,No
ORD104543,2024-12-01,CUST6560,New,Home Decor,3,7691,19842.78,14.0,No,None,COD,5,3.7,No
ORD104544,2024-04-06,CUST7582,Regular,Home Decor,2,568,852.0,25.0,No,None,Credit Card,5,,No
ORD104545,2024-07-31,CUST3256,Regular,Beauty,2,5109,8685.3,15.0,No,None,Wallet,3,4.9,No
ORD104546,2024-11-12,CUST9925,Regular,Fashion,1,5419,3305.59,39.0,No,None,,5,3.2,No
ORD104547,2024-05-16,CUST5863,Regular,Electronics,2,9490,12716.599999999999,33.0,No,None,UPI,3,3.2,Yes
ORD104548,2024-01-06,CUST8034,Regular,Electronics,4,7804,26221.44,16.0,No,None,COD,7,3.9,Yes
ORD104549,2024-04-18,CUST3420,Regular,Home Decor,5,9783,30816.45,37.0,No,None,Credit Card,5,4.6,No
ORD104550,2024-02-04,CUST7870,Regular,Fashion,4,6406,21780.399999999998,15.0,No,None,Wallet,6,3.2,No
ORD104551,2024-02-08,CUST2397,Premium,Fashion,4,1847,4949.959999999999,33.0,No,None,UPI,2,2.8,No
ORD104552,2024-05-29,CUST3280,Premium,Groceries,5,3024,10886.4,28.0,No,None,UPI,1,3.2,No
ORD104553,2024-04-27,CUST3941,Regular,Groceries,4,4370,14508.4,17.0,No,None,,5,3.6,No
ORD104554,2024-09-17,CUST8688,Regular,Beauty,4,6109,21992.4,10.0,No,None,UPI,7,3.4,No
ORD104555,2024-03-27,CUST5236,Premium,Groceries,4,3981,14172.36,11.0,Yes,Holi,UPI,4,4.7,No
ORD104556,2024-03-16,CUST5510,New,Beauty,2,3328,4259.84,36.0,No,None,Credit Card,7,4.9,No
ORD104557,2024-11-08,CUST1302,Premium,Electronics,5,9664,47836.8,1.0,Yes,Diwali,UPI,2,3.4,No
ORD104558,2024-08-01,CUST2789,Regular,Home Decor,5,2179,9042.85,17.0,No,None,UPI,4,4.6,No
ORD104559,2024-10-11,CUST9773,Premium,Fashion,5,6812,21457.8,,No,None,Credit Card,4,2.7,No
ORD104560,2024-08-26,CUST9336,Premium,Electronics,4,6222,16923.84,32.0,Yes,Raksha Bandhan,Credit Card,7,3.9,Yes
ORD104561,2024-06-13,CUST5086,Regular,Electronics,2,6281,11557.04,8.0,No,None,Wallet,3,4.6,No
ORD104562,2024-03-27,CUST6624,New,Beauty,5,9968,42862.4,14.0,Yes,Holi,UPI,1,3.5,No
ORD104563,2024-05-20,CUST2588,Regular,Home Decor,3,8032,17590.079999999998,27.0,No,None,Wallet,7,2.9,No
ORD104564,2024-06-08,CUST8041,New,Beauty,5,9861,45853.649999999994,7.0,No,None,Wallet,7,3.2,No
ORD104565,2024-02-15,CUST3865,Premium,Electronics,1,9371,5154.05,45.0,No,None,COD,4,3.7,No
ORD104566,2024-04-21,CUST9706,Premium,Fashion,3,1455,2837.25,35.0,No,None,Credit Card,7,4.6,No
ORD104567,2024-02-14,CUST3852,Premium,Groceries,5,499,1546.9,38.0,No,None,COD,2,4.4,No
ORD104568,2024-09-03,CUST6916,Regular,Beauty,4,8009,29793.48,7.0,No,None,Credit Card,1,2.7,No
ORD104569,2024-04-13,CUST5660,Premium,Electronics,5,4721,13926.950000000003,41.0,No,None,COD,2,3.9,Yes
ORD104570,2024-03-25,CUST4917,New,Groceries,2,3242,3306.84,49.0,Yes,Holi,Credit Card,4,4.7,No
ORD104571,2024-05-13,CUST8812,Premium,Groceries,2,8792,8967.84,49.0,No,None,UPI,1,3.9,No
ORD104572,2024-04-17,CUST9609,New,Electronics,5,1480,6068.000000000001,18.0,No,None,,5,2.7,No
ORD104573,2024-01-18,CUST3596,New,Home Decor,4,9253,35901.64,3.0,No,None,Wallet,4,4.6,No
ORD104574,2024-04-03,CUST9165,New,Electronics,4,4789,14175.44,26.0,No,None,COD,4,4.8,No
ORD104575,2024-05-29,CUST2818,Premium,Fashion,4,8333,29332.16,12.0,No,None,Wallet,7,3.5,No
ORD104576,2024-09-02,CUST5370,Premium,Groceries,5,6832,21520.8,37.0,No,None,COD,6,3.3,No
ORD104577,2024-10-15,CUST7915,Regular,Fashion,5,2984,11936.0,20.0,No,None,Credit Card,6,3.9,No
ORD104578,2024-07-27,CUST8392,Premium,Beauty,1,7598,5698.5,25.0,No,None,Credit Card,3,5.0,Yes
ORD104579,2024-05-05,CUST4005,Regular,Groceries,2,6908,7736.960000000001,44.0,No,None,COD,2,4.6,No
ORD104580,2024-08-22,CUST3577,Regular,Home Decor,3,7373,17252.82,22.0,No,None,COD,5,4.5,No
ORD104581,2024-05-01,CUST6844,Regular,Electronics,3,4359,9284.67,29.0,No,None,UPI,1,3.0,No
ORD104582,2024-05-17,CUST6967,New,Beauty,2,9503,13304.199999999999,30.0,No,None,COD,4,4.7,No
ORD104583,2024-04-24,CUST9296,New,Fashion,1,9448,6613.599999999999,30.0,No,None,UPI,4,3.9,No
ORD104584,2024-06-10,CUST2552,Premium,Beauty,2,9487,16127.9,15.0,No,None,COD,5,4.8,No
ORD104585,2024-07-19,CUST3392,Regular,Home Decor,1,2500,1475.0000000000002,41.0,No,None,UPI,4,4.1,No
ORD104586,2024-08-21,CUST8634,Premium,Electronics,1,6450,3870.0,40.0,No,None,Wallet,7,4.6,No
ORD104587,2024-01-28,CUST8494,Premium,Beauty,4,8169,30715.44,6.0,Yes,Republic Day,UPI,2,2.9,No
ORD104588,2024-01-11,CUST8205,Regular,Fashion,2,4191,7040.88,16.0,No,None,Wallet,1,4.3,No
ORD104589,2024-07-24,CUST8553,Regular,Beauty,3,713,1647.03,23.0,No,None,UPI,7,3.1,No
ORD104590,2024-06-15,CUST1321,Regular,Electronics,5,4431,17945.550000000003,19.0,No,None,Credit Card,5,2.9,No
ORD104591,2024-09-03,CUST2192,Premium,Beauty,5,6752,20931.2,38.0,No,None,UPI,5,3.9,No
ORD104592,2024-02-16,CUST7225,Premium,Fashion,2,8512,12597.76,26.0,No,None,COD,6,4.0,No
ORD104593,2024-09-02,CUST7133,Regular,Electronics,5,9893,48970.35,1.0,No,None,Wallet,3,3.7,No
ORD104594,2024-05-06,CUST1568,New,Home Decor,1,3047,3047.0,0.0,No,None,COD,1,2.7,No
ORD104595,2024-05-26,CUST5212,Regular,Home Decor,5,1317,4411.95,33.0,No,None,COD,5,3.1,No
ORD104596,2024-04-27,CUST3694,Regular,Groceries,1,8896,6583.04,26.0,No,None,,7,3.1,No
ORD104597,2024-05-31,CUST6093,Regular,Beauty,1,8061,5159.04,36.0,No,None,UPI,4,3.3,No
ORD104598,2024-03-12,CUST6491,Regular,Fashion,3,2438,3730.14,49.0,No,None,Credit Card,7,4.1,No
ORD104599,2024-12-28,CUST9602,Regular,Beauty,5,6800,32300.0,5.0,Yes,,UPI,6,3.6,No
ORD104600,2024-05-16,CUST5535,Regular,Electronics,3,2633,4976.37,37.0,No,None,COD,1,4.9,No
ORD104601,2024-06-23,CUST4400,Premium,Groceries,5,9194,34017.8,26.0,No,None,UPI,2,2.5,No
ORD104602,2024-10-15,CUST4580,Regular,Fashion,1,7209,3820.77,47.0,No,None,Credit Card,5,3.0,Yes
ORD104603,2024-01-19,CUST8817,Premium,Beauty,5,7366,31305.5,15.0,No,None,Wallet,2,3.9,No
ORD104604,2024-07-13,CUST3858,Premium,Fashion,3,4573,9054.539999999999,34.0,No,None,Credit Card,5,4.7,No
ORD104605,2024-11-25,CUST9266,Regular,Electronics,4,8346,24704.16,26.0,No,None,Credit Card,4,2.6,No
ORD104606,2024-06-23,CUST8768,Premium,Groceries,3,1671,3308.5799999999995,34.0,No,,Credit Card,3,4.7,No
ORD104607,2024-12-19,CUST7966,Regular,Fashion,4,9218,23966.8,35.0,No,None,Wallet,4,3.8,No
ORD104608,2024-05-20,CUST3606,New,Electronics,2,1628,2051.28,37.0,No,None,COD,2,4.5,No
ORD104609,2024-09-02,CUST2104,New,Home Decor,3,5074,11112.06,27.0,No,None,Credit Card,7,4.9,No
ORD104610,2024-04-02,CUST9618,Regular,Fashion,5,8123,39802.7,2.0,No,None,Credit Card,1,3.0,No
ORD104611,2024-08-26,CUST4664,New,Groceries,4,4506,10814.4,40.0,Yes,Raksha Bandhan,Credit Card,7,4.0,No
ORD104612,2024-07-23,CUST9592,Premium,Fashion,5,3981,13933.5,30.0,No,None,Wallet,6,,No
ORD104613,2024-02-17,CUST2406,New,Fashion,4,2517,9866.64,2.0,No,None,Wallet,2,4.6,Yes
ORD104614,2024-09-01,CUST2953,Premium,Electronics,3,6888,13018.32,37.0,No,None,Wallet,3,3.8,No
ORD104615,2024-11-15,CUST1568,Regular,Beauty,3,1206,2785.86,23.0,No,None,COD,5,4.9,No
ORD104616,2024-11-12,CUST5392,New,Beauty,5,1837,6888.75,25.0,No,None,UPI,6,4.3,No
ORD104617,2024-10-21,CUST4009,Regular,Fashion,3,9236,16624.8,40.0,Yes,Diwali,COD,5,3.8,No
ORD104618,2024-05-07,CUST8348,Regular,Groceries,5,5311,14339.7,46.0,No,None,COD,2,2.6,No
ORD104619,2024-12-09,CUST7034,Regular,Groceries,1,7649,5583.7699999999995,27.0,No,None,COD,1,3.7,No
ORD104620,2024-10-08,CUST3004,Regular,Electronics,4,3487,12832.16,8.0,No,None,UPI,5,3.6,No
ORD104621,2024-01-17,CUST8887,Premium,Fashion,5,5640,18048.0,36.0,No,None,Credit Card,7,3.3,No
ORD104622,2024-03-11,CUST6341,Premium,Fashion,4,3061,9060.56,26.0,No,None,Wallet,5,4.9,No
ORD104623,2024-09-25,CUST4385,New,Beauty,1,838,444.14000000000004,47.0,No,None,COD,6,4.8,No
ORD104624,2024-11-20,CUST3271,Regular,Electronics,4,8884,34825.28,2.0,No,None,Wallet,3,3.3,No
ORD104625,2024-10-08,CUST5692,New,Home Decor,5,5925,17775.0,40.0,No,None,,6,3.6,No
ORD104626,2024-10-31,CUST7235,New,Groceries,3,2375,3705.0,48.0,Yes,Diwali,Wallet,3,4.4,No
ORD104627,2024-01-07,CUST6855,Regular,Groceries,4,5795,16921.399999999998,27.0,No,None,Credit Card,7,4.6,No
ORD104628,2024-11-09,CUST5935,Regular,Fashion,4,1685,4650.599999999999,31.0,Yes,Diwali,Wallet,1,2.8,No
ORD104629,2024-10-31,CUST1099,New,Electronics,1,6781,4475.459999999999,34.0,Yes,Diwali,,5,3.7,No
ORD104630,2024-04-12,CUST4888,Premium,Home Decor,2,4743,8916.84,6.0,No,None,Credit Card,4,4.8,Yes
ORD104631,2024-11-04,CUST8611,Premium,Groceries,3,5421,15287.22,6.0,Yes,Diwali,Wallet,2,4.2,Yes
ORD104632,2024-07-11,CUST3033,Premium,Electronics,5,8950,35800.0,20.0,No,None,UPI,6,3.9,No
ORD104633,2024-08-28,CUST2093,Regular,Home Decor,1,3948,2724.12,31.0,Yes,Raksha Bandhan,UPI,5,4.3,No
ORD104634,2024-03-02,CUST4511,Regular,Fashion,5,9361,29487.15,37.0,No,None,COD,2,4.2,No
ORD104635,2024-01-17,CUST5897,Premium,Beauty,5,5232,21189.600000000002,19.0,No,None,UPI,6,4.9,No
ORD104636,2024-06-19,CUST5172,Regular,Groceries,4,6626,24648.719999999998,7.0,No,None,UPI,5,4.8,No
ORD104637,2024-01-25,CUST8132,Premium,Groceries,1,4209,4082.73,3.0,Yes,Republic Day,UPI,3,3.5,No
ORD104638,2024-09-07,CUST1381,New,Home Decor,1,5523,4142.25,25.0,No,None,Credit Card,1,2.6,No
ORD104639,2024-09-09,CUST9306,Premium,Beauty,3,8477,21870.66,14.0,No,None,UPI,4,3.3,No
ORD104640,2024-07-25,CUST6572,New,Electronics,2,5643,10721.699999999999,5.0,No,None,Wallet,6,3.0,No
ORD104641,2024-01-29,CUST4240,Regular,Fashion,5,6507,17243.55,47.0,Yes,Republic Day,COD,3,2.8,No
ORD104642,2024-04-26,CUST3244,Premium,Electronics,3,3328,6888.959999999999,31.0,No,None,Wallet,1,4.7,No
ORD104643,2024-10-08,CUST5649,Premium,Home Decor,3,4501,12962.88,4.0,No,None,Wallet,3,4.3,Yes
ORD104644,2024-05-23,CUST2379,New,Groceries,5,6227,17746.95,43.0,No,None,UPI,6,2.6,No
ORD104645,2024-01-25,CUST3805,Premium,Groceries,4,5609,12339.800000000001,45.0,Yes,Republic Day,COD,7,4.8,No
ORD104646,2024-11-05,CUST6642,Regular,Electronics,4,1146,4354.8,5.0,Yes,Diwali,Wallet,2,4.8,No
ORD104647,2024-06-04,CUST9760,New,Fashion,5,3408,16699.2,2.0,No,None,COD,5,4.9,No
ORD104648,2024-03-13,CUST5773,Premium,Home Decor,1,3640,2620.7999999999997,28.0,No,None,UPI,3,4.6,No
ORD104649,2024-04-29,CUST3831,Regular,Fashion,2,1745,2861.8,18.0,No,None,Wallet,7,2.7,Yes
ORD104650,2024-11-07,CUST1331,Premium,Home Decor,4,3707,13493.48,9.0,Yes,Diwali,Credit Card,7,4.1,No
ORD104651,2024-11-16,CUST9205,New,Fashion,2,229,430.52,6.0,No,None,Wallet,6,,No
ORD104652,2024-04-02,CUST8594,Premium,Electronics,3,9863,16569.84,44.0,No,None,Wallet,1,4.3,No
ORD104653,2024-03-26,CUST6610,Regular,Beauty,3,1609,4827.0,0.0,Yes,Holi,COD,5,3.0,No
ORD104654,2024-12-01,CUST7786,New,Home Decor,5,3879,19395.0,0.0,No,None,COD,6,4.8,No
ORD104655,2024-12-29,CUST9605,Premium,Electronics,5,8920,37464.0,16.0,Yes,Christmas/New Year,COD,7,4.8,No
ORD104656,2024-04-27,CUST4642,Premium,Groceries,5,5347,21120.65,21.0,No,,UPI,2,4.0,No
ORD104657,2024-08-20,CUST6871,Regular,Groceries,4,325,845.0,35.0,Yes,Independence Day,COD,2,4.4,No
ORD104658,2024-07-17,CUST6173,Regular,Fashion,2,5108,8887.92,13.0,No,None,UPI,4,4.6,No
ORD104659,2024-07-24,CUST5258,Premium,Groceries,3,6842,19499.7,5.0,No,None,COD,5,3.5,No
ORD104660,2024-12-04,CUST2930,New,Beauty,2,3458,4910.36,29.0,No,None,Credit Card,2,3.9,No
ORD104661,2024-05-26,CUST3804,Regular,Home Decor,4,9045,19899.0,45.0,No,None,COD,3,2.9,No
ORD104662,2024-09-27,CUST5138,Regular,Fashion,2,8341,9008.28,46.0,No,None,UPI,2,5.0,No
ORD104663,2024-05-18,CUST6249,Regular,Home Decor,2,9132,12419.519999999999,32.0,No,None,UPI,2,4.8,No
ORD104664,2024-06-29,CUST2710,Premium,Home Decor,5,2461,9967.050000000001,19.0,No,None,Wallet,2,3.7,No
ORD104665,2024-01-30,CUST7182,Regular,Electronics,2,8153,13860.1,15.0,Yes,Republic Day,COD,7,3.9,No
ORD104666,2024-02-26,CUST9066,Regular,Groceries,2,8682,16843.079999999998,3.0,No,None,UPI,4,3.6,No
ORD104667,2024-08-19,CUST2496,Regular,Home Decor,2,1893,2536.62,33.0,Yes,Independence Day,Wallet,6,2.5,No
ORD104668,2024-05-25,CUST6337,Premium,Beauty,1,6087,6087.0,0.0,No,None,Credit Card,1,3.1,No
ORD104669,2024-02-17,CUST9689,Regular,Beauty,3,4844,12788.16,12.0,No,None,UPI,6,2.8,No
ORD104670,2024-07-12,CUST1737,Regular,Groceries,3,9711,15440.490000000002,47.0,No,None,COD,2,3.3,No
ORD104671,2024-08-11,CUST2678,New,Groceries,2,3021,5619.0599999999995,7.0,Yes,Independence Day,Credit Card,1,3.1,No
ORD104672,2024-05-15,CUST3001,Regular,Fashion,5,3862,15254.900000000001,21.0,No,None,UPI,5,4.4,No
ORD104673,2024-01-22,CUST8617,Regular,Fashion,5,5394,26160.899999999998,3.0,Yes,Republic Day,COD,1,3.8,No
ORD104674,2024-01-06,CUST1090,New,Fashion,5,1595,5343.249999999999,33.0,No,None,UPI,5,4.5,No
ORD104675,2024-07-22,CUST2735,Regular,Groceries,3,3167,5320.56,44.0,No,None,,4,4.1,No
ORD104676,2024-08-26,CUST8898,Premium,Home Decor,4,4161,10652.16,36.0,Yes,Raksha Bandhan,Wallet,5,4.1,No
ORD104677,2024-07-03,CUST3224,Regular,Electronics,2,2814,4389.84,22.0,No,None,UPI,5,4.7,No
ORD104678,2024-12-25,CUST2500,Premium,Fashion,3,7070,17180.100000000002,19.0,Yes,Christmas/New Year,UPI,3,4.6,No
ORD104679,2024-10-18,CUST9423,Regular,Electronics,5,1744,6714.400000000001,23.0,No,None,Credit Card,4,2.7,No
ORD104680,2024-11-30,CUST4325,New,Beauty,3,5425,12043.5,26.0,No,None,Wallet,2,3.9,No
ORD104681,2024-08-07,CUST3425,Regular,Groceries,3,8186,21611.04,12.0,No,None,Credit Card,4,3.5,Yes
ORD104682,2024-04-25,CUST6828,Regular,Beauty,3,5082,14636.16,4.0,No,None,UPI,3,4.0,No
ORD104683,2024-11-08,CUST2992,Premium,Fashion,5,4633,19690.25,15.0,Yes,Diwali,,7,4.7,No
ORD104684,2024-02-18,CUST6402,New,Home Decor,4,7234,18229.68,37.0,No,None,COD,5,2.5,No
ORD104685,2024-06-21,CUST9149,Regular,Fashion,1,9448,5007.4400000000005,47.0,No,None,Wallet,6,2.5,No
ORD104686,2024-03-22,CUST4316,New,Electronics,2,9837,14165.279999999999,28.0,Yes,Holi,Wallet,4,2.7,No
ORD104687,2024-11-17,CUST4185,Regular,Fashion,2,1296,1944.0,25.0,No,None,COD,3,4.7,No
ORD104688,2024-11-28,CUST4024,Premium,Home Decor,3,1404,3327.48,21.0,No,None,UPI,6,3.4,No
ORD104689,2024-02-14,CUST1549,Regular,Home Decor,4,8147,25092.760000000002,23.0,No,None,UPI,2,3.4,Yes
ORD104690,2024-11-30,CUST1271,Premium,Groceries,5,7519,33083.6,12.0,No,None,Credit Card,5,3.4,No
ORD104691,2024-01-20,CUST2503,Regular,Groceries,1,3783,2194.1400000000003,42.0,Yes,Republic Day,UPI,4,,No
ORD104692,2024-08-08,CUST5816,Regular,Home Decor,1,7739,6191.200000000001,20.0,No,None,UPI,4,2.6,No
ORD104693,2024-05-02,CUST2943,Regular,Home Decor,3,7340,22020.0,0.0,No,None,COD,6,4.8,No
ORD104694,2024-08-21,CUST5238,Regular,Electronics,3,2238,6512.58,3.0,No,None,Credit Card,7,3.1,No
ORD104695,2024-08-08,CUST4080,New,Fashion,5,8379,41057.1,2.0,No,None,Wallet,7,4.7,No
ORD104696,2024-11-18,CUST5083,New,Groceries,5,6126,15621.300000000001,49.0,No,None,Credit Card,5,4.9,No
ORD104697,2024-12-04,CUST9495,Premium,Electronics,5,8423,32849.700000000004,22.0,No,None,UPI,7,3.9,Yes
ORD104698,2024-01-03,CUST6964,Regular,Fashion,3,3174,8093.7,15.0,No,None,Credit Card,4,3.4,No
ORD104699,2024-06-30,CUST9185,Regular,Groceries,4,3768,8440.320000000002,44.0,No,,Wallet,5,4.4,No
ORD104700,2024-07-24,CUST8980,Premium,Electronics,3,8406,22191.84,12.0,No,None,COD,7,2.6,No
ORD104701,2024-11-15,CUST8178,New,Beauty,3,8498,15806.28,38.0,No,None,UPI,3,4.8,No
ORD104702,2024-02-09,CUST2399,Regular,Beauty,1,3993,2795.1,30.0,No,None,UPI,5,3.5,Yes
ORD104703,2024-02-28,CUST3134,New,Groceries,5,401,1543.8500000000001,23.0,No,None,Wallet,2,3.3,No
ORD104704,2024-03-02,CUST5608,New,Electronics,2,8156,8808.480000000001,46.0,No,None,COD,5,2.8,No
ORD104705,2024-05-11,CUST4476,New,Fashion,5,7585,32615.5,14.0,No,None,Credit Card,6,4.9,Yes
ORD104706,2024-02-29,CUST4148,Regular,Fashion,4,6207,23834.879999999997,4.0,No,None,Wallet,4,4.5,No
ORD104707,2024-11-26,CUST5340,Regular,Electronics,4,1994,4147.52,48.0,No,None,Credit Card,6,4.3,No
ORD104708,2024-05-01,CUST7516,Regular,Beauty,5,1608,6351.6,21.0,No,None,COD,5,4.8,No
ORD104709,2024-04-16,CUST1738,Premium,Electronics,5,1116,4408.2,21.0,No,None,COD,5,4.9,No
ORD104710,2024-04-05,CUST2550,Regular,Beauty,3,4631,12503.7,10.0,No,None,COD,5,3.2,No
ORD104711,2024-12-12,CUST4111,Regular,Beauty,2,7978,12286.12,23.0,No,None,COD,2,4.5,No
ORD104712,2024-08-22,CUST3655,Premium,Fashion,3,6546,10997.28,44.0,No,None,Credit Card,6,4.4,Yes
ORD104713,2024-03-02,CUST2364,Regular,Groceries,1,3366,3063.06,9.0,No,None,Wallet,2,3.9,No
ORD104714,2024-09-12,CUST5292,Regular,Home Decor,1,7544,4073.76,46.0,No,None,Wallet,4,2.9,No
ORD104715,2024-02-18,CUST9114,Premium,Electronics,4,264,707.52,33.0,No,None,Credit Card,6,4.9,No
ORD104716,2024-12-13,CUST7979,Premium,Beauty,4,4848,17452.8,10.0,No,None,COD,4,3.3,No
ORD104717,2024-06-07,CUST1795,Premium,Electronics,2,4519,5242.040000000001,42.0,No,None,COD,5,3.9,No
ORD104718,2024-05-03,CUST4643,Regular,Groceries,4,3850,11088.0,28.0,No,None,UPI,1,2.5,No
ORD104719,2024-11-12,CUST5041,Premium,Groceries,1,6598,5212.42,21.0,No,None,UPI,6,3.6,No
ORD104720,2024-07-25,CUST2478,Premium,Home Decor,2,2215,3012.3999999999996,32.0,No,None,Credit Card,3,4.0,No
ORD104721,2024-02-17,CUST3093,Regular,Home Decor,1,9713,9033.09,7.0,No,None,Wallet,5,3.5,No
ORD104722,2024-05-15,CUST6842,Premium,Beauty,5,4224,10982.4,48.0,No,None,UPI,7,3.7,No
ORD104723,2024-07-19,CUST1562,Regular,Home Decor,5,6514,22473.3,31.0,No,None,UPI,7,3.0,No
ORD104724,2024-09-06,CUST5086,Regular,Beauty,2,9004,10984.88,39.0,No,None,Wallet,3,3.4,No
ORD104725,2024-11-09,CUST5441,Regular,Fashion,3,9043,15192.240000000002,44.0,Yes,Diwali,UPI,2,,Yes
ORD104726,2024-12-22,CUST2393,Regular,Beauty,4,1587,4951.4400000000005,22.0,Yes,Christmas/New Year,Wallet,4,4.9,No
ORD104727,2024-11-13,CUST2498,Regular,Home Decor,2,5379,10327.68,4.0,No,None,Credit Card,1,3.7,No
ORD104728,2024-10-21,CUST6179,New,Electronics,4,6798,19034.399999999998,30.0,Yes,Diwali,UPI,7,4.2,No
ORD104729,2024-11-09,CUST8826,Regular,Home Decor,1,6679,4808.88,28.0,Yes,Diwali,COD,4,4.9,Yes
ORD104730,2024-07-27,CUST6091,New,Groceries,3,4963,14144.55,5.0,No,None,Credit Card,2,4.4,No
ORD104731,2024-12-20,CUST4018,Premium,Home Decor,4,4309,13099.36,24.0,Yes,Christmas/New Year,UPI,5,2.5,No
ORD104732,2024-07-29,CUST1052,Regular,Fashion,5,5735,21793.0,24.0,No,None,Wallet,2,4.8,No
ORD104733,2024-07-10,CUST8431,Regular,Beauty,5,3328,11648.0,30.0,No,,Credit Card,1,4.7,No
ORD104734,2024-02-13,CUST1941,Premium,Groceries,1,5066,4407.42,13.0,No,None,UPI,5,3.2,No
ORD104735,2024-01-29,CUST3059,Premium,Beauty,2,5285,8878.8,16.0,Yes,Republic Day,Credit Card,6,3.0,No
ORD104736,2024-02-28,CUST7699,Regular,Beauty,4,737,2505.7999999999997,15.0,No,None,COD,7,4.7,No
ORD104737,2024-03-11,CUST1701,Regular,Home Decor,1,8129,5934.17,27.0,No,None,UPI,5,4.2,Yes
ORD104738,2024-04-01,CUST6911,Premium,Electronics,5,5231,24062.600000000002,8.0,No,None,UPI,1,3.1,No
ORD104739,2024-09-21,CUST3456,Regular,Groceries,5,6198,30680.1,1.0,No,None,Wallet,7,4.3,No
ORD104740,2024-08-07,CUST8601,New,Fashion,5,7879,38213.15,3.0,No,None,Credit Card,4,4.0,Yes
ORD104741,2024-08-02,CUST5490,Premium,Fashion,3,2237,5435.910000000001,19.0,No,,COD,5,3.3,No
ORD104742,2024-10-03,CUST8294,Regular,Electronics,3,9354,16837.2,40.0,No,None,Wallet,4,3.9,No
ORD104743,2024-03-04,CUST1112,Regular,Electronics,5,1443,4689.75,35.0,No,None,UPI,3,3.8,No
ORD104744,2024-12-11,CUST4821,Regular,Home Decor,2,7317,9365.76,36.0,No,None,Wallet,1,3.8,No
ORD104745,2024-10-18,CUST5667,New,Fashion,3,8924,25433.399999999998,5.0,No,None,Wallet,3,3.8,No
ORD104746,2024-09-01,CUST4713,Regular,Groceries,4,3330,13320.0,0.0,No,None,COD,5,2.5,No
ORD104747,2024-03-02,CUST6211,Regular,Electronics,3,5679,9540.720000000001,44.0,No,None,UPI,1,3.2,No
ORD104748,2024-11-27,CUST8653,Premium,Electronics,4,1853,3780.12,49.0,No,None,COD,5,3.6,No
ORD104749,2024-06-18,CUST1051,Regular,Electronics,3,8504,25001.76,2.0,No,None,UPI,7,2.8,No
ORD104750,2024-09-25,CUST6509,Regular,Groceries,5,8174,26156.8,36.0,No,None,Credit Card,1,4.4,Yes
ORD104751,2024-09-23,CUST9660,New,Fashion,4,9691,21707.840000000004,44.0,No,None,Credit Card,4,4.6,No
ORD104752,2024-02-23,CUST3688,Regular,Groceries,2,2504,2954.7200000000003,41.0,No,None,COD,2,4.5,No
ORD104753,2024-01-16,CUST5565,New,Groceries,3,7120,20932.8,2.0,No,None,Wallet,6,3.6,No
ORD104754,2024-01-08,CUST6508,New,Home Decor,3,4014,6984.360000000001,42.0,No,None,UPI,2,4.2,No
ORD104755,2024-04-13,CUST3857,Regular,Electronics,5,8612,29280.799999999996,32.0,No,None,UPI,1,2.7,No
ORD104756,2024-02-28,CUST3915,Regular,Fashion,4,5238,18018.72,14.0,No,None,COD,7,3.0,No
ORD104757,2024-11-08,CUST5450,Regular,Home Decor,5,3981,19307.85,3.0,Yes,Diwali,Wallet,3,2.6,No
ORD104758,2024-02-09,CUST6984,Premium,Home Decor,4,2158,7423.5199999999995,14.0,No,None,Wallet,1,4.9,No
ORD104759,2024-08-24,CUST7446,Regular,Beauty,3,1496,4218.719999999999,6.0,No,None,UPI,4,3.9,No
ORD104760,2024-04-03,CUST7706,New,Electronics,3,6541,10596.42,46.0,No,None,Credit Card,6,2.9,No
ORD104761,2024-08-09,CUST7619,Premium,Fashion,3,5923,17235.93,3.0,No,None,UPI,3,4.3,No
ORD104762,2024-07-22,CUST6275,Regular,Fashion,3,9424,27706.56,2.0,No,None,Credit Card,1,3.7,No
ORD104763,2024-05-17,CUST7004,Premium,Fashion,1,5282,4119.96,22.0,No,None,COD,7,3.6,No
ORD104764,2024-10-26,CUST5124,Regular,Electronics,3,4522,11802.42,13.0,Yes,Diwali,Wallet,6,4.8,No
ORD104765,2024-07-25,CUST4749,New,Fashion,3,7501,21377.85,5.0,No,None,UPI,6,4.3,No
ORD104766,2024-12-01,CUST6382,Premium,Groceries,4,3428,9324.16,32.0,No,None,COD,7,4.2,No
ORD104767,2024-03-21,CUST3981,Regular,Groceries,3,6768,18679.68,8.0,Yes,Holi,Wallet,1,2.7,No
ORD104768,2024-08-05,CUST8923,Regular,Electronics,3,1675,4472.25,11.0,No,None,Credit Card,5,2.7,No
ORD104769,2024-01-02,CUST9901,New,Fashion,4,2607,5318.28,49.0,No,None,COD,4,4.2,No
ORD104770,2024-06-26,CUST3847,Premium,Beauty,3,7743,15331.139999999998,34.0,No,None,COD,4,2.9,No
ORD104771,2024-12-11,CUST8400,New,Beauty,3,1135,2383.5,30.0,No,None,UPI,7,3.6,No
ORD104772,2024-10-05,CUST7327,Regular,Beauty,5,5615,27513.5,2.0,No,None,COD,2,3.9,No
ORD104773,2024-05-25,CUST9624,Regular,Groceries,1,2445,1344.75,45.0,No,None,COD,5,3.5,No
ORD104774,2024-11-13,CUST9242,Regular,Beauty,4,5889,15311.4,35.0,No,None,UPI,7,2.7,No
ORD104775,2024-08-11,CUST5510,Premium,Fashion,5,4537,19962.8,12.0,Yes,Independence Day,COD,3,4.4,No
ORD104776,2024-03-02,CUST5761,Regular,Fashion,2,6772,11918.72,12.0,No,None,Credit Card,6,4.7,No
ORD104777,2024-10-20,CUST9038,Regular,Beauty,2,4150,5560.999999999999,,Yes,Diwali,UPI,2,2.9,No
ORD104778,2024-08-26,CUST8190,Premium,Home Decor,1,2858,2286.4,20.0,Yes,Raksha Bandhan,Credit Card,4,4.6,No
ORD104779,2024-07-13,CUST9882,Premium,Beauty,2,6349,8507.66,33.0,No,None,UPI,1,4.5,No
ORD104780,2024-06-14,CUST5976,Regular,Home Decor,1,7685,4534.150000000001,41.0,No,None,Wallet,5,3.9,No
ORD104781,2024-08-09,CUST5869,Regular,Electronics,2,3483,4040.2800000000007,42.0,No,None,COD,4,4.0,No
ORD104782,2024-03-01,CUST3716,Premium,Electronics,2,1496,2184.16,27.0,No,None,Wallet,4,4.1,No
ORD104783,2024-05-08,CUST5454,Regular,Fashion,5,1847,4986.900000000001,46.0,No,None,Credit Card,5,3.8,No
ORD104784,2024-06-21,CUST9143,Regular,Groceries,2,8751,11551.319999999998,34.0,No,None,Wallet,4,4.6,No
ORD104785,2024-06-04,CUST3033,Regular,Fashion,1,3652,3177.24,13.0,No,None,Credit Card,2,3.7,No
ORD104786,2024-04-19,CUST2122,Premium,Fashion,3,9556,23794.44,17.0,No,None,Wallet,7,3.9,No
ORD104787,2024-09-25,CUST7773,New,Groceries,3,8292,20398.320000000003,18.0,No,None,Credit Card,5,2.6,No
ORD104788,2024-12-21,CUST2621,Regular,Fashion,3,5829,14339.340000000002,18.0,Yes,Christmas/New Year,COD,4,3.0,No
ORD104789,2024-10-04,CUST1251,Regular,Groceries,1,3444,2341.9199999999996,32.0,No,None,Wallet,4,4.8,No
ORD104790,2024-03-14,CUST5158,New,Fashion,1,7387,4875.419999999999,34.0,No,None,,5,2.8,No
ORD104791,2024-07-25,CUST3562,New,Electronics,3,4225,10266.75,19.0,No,None,Credit Card,1,4.8,No
ORD104792,2024-10-05,CUST7281,Premium,Home Decor,2,8894,12807.359999999999,28.0,No,None,Wallet,3,4.1,Yes
ORD104793,2024-11-21,CUST3085,New,Fashion,3,6570,18330.3,7.0,No,None,Wallet,5,4.8,Yes
ORD104794,2024-12-05,CUST2234,Premium,Home Decor,4,4404,13388.16,24.0,No,None,Wallet,1,4.5,No
ORD104795,2024-12-22,CUST3399,Premium,Beauty,1,9735,8177.4,16.0,Yes,Christmas/New Year,COD,6,4.7,Yes
ORD104796,2024-12-05,CUST3581,Regular,Fashion,4,4012,16048.0,0.0,No,None,COD,4,3.8,No
ORD104797,2024-07-22,CUST6320,Regular,Electronics,4,9202,23189.04,37.0,No,None,COD,2,4.6,No
ORD104798,2024-06-09,CUST6511,Regular,Groceries,1,7454,3876.08,,No,None,Wallet,6,3.7,No
ORD104799,2024-01-28,CUST3553,New,Electronics,3,985,2098.0499999999997,29.0,Yes,Republic Day,Credit Card,7,2.6,No
ORD104800,2024-09-13,CUST8004,New,Home Decor,5,427,1558.55,27.0,No,None,Credit Card,4,4.1,No
ORD104801,2024-06-13,CUST6295,Premium,Groceries,4,5147,13999.839999999998,32.0,No,None,Credit Card,4,4.3,No
ORD104802,2024-03-03,CUST8987,Regular,Electronics,3,7677,20267.28,12.0,No,None,UPI,6,2.8,Yes
ORD104803,2024-01-22,CUST6535,Regular,Electronics,5,1027,3953.9500000000003,23.0,Yes,Republic Day,Wallet,1,4.5,No
ORD104804,2024-03-10,CUST2152,Regular,Electronics,4,578,1317.8400000000001,43.0,No,None,Credit Card,5,2.7,No
ORD104805,2024-04-05,CUST3224,Regular,Groceries,3,6456,12395.52,36.0,No,None,Wallet,3,3.6,No
ORD104806,2024-06-11,CUST6169,Premium,Electronics,4,9520,30083.2,21.0,No,None,Wallet,3,3.7,No
ORD104807,2024-03-19,CUST7571,New,Electronics,3,6282,16584.48,12.0,No,None,Credit Card,5,2.6,No
ORD104808,2024-01-05,CUST3347,Regular,Home Decor,2,8682,10592.039999999999,39.0,No,None,Wallet,7,2.7,No
ORD104809,2024-11-11,CUST6435,Regular,Electronics,2,3748,6671.4400000000005,11.0,No,None,UPI,5,3.6,No
ORD104810,2024-04-29,CUST5073,Premium,Electronics,1,7888,4732.8,40.0,No,None,UPI,2,3.3,No
ORD104811,2024-10-28,CUST8402,Regular,Beauty,5,259,673.4,48.0,Yes,Diwali,Credit Card,5,4.5,No
ORD104812,2024-06-26,CUST1771,New,Groceries,4,5631,12388.2,45.0,No,None,Wallet,7,3.5,No
ORD104813,2024-06-24,CUST4262,Regular,Beauty,4,2870,10791.199999999999,6.0,No,None,UPI,2,2.8,No
ORD104814,2024-08-04,CUST4437,Regular,Home Decor,3,3539,6901.05,35.0,No,None,Credit Card,5,2.9,No
ORD104815,2024-02-25,CUST7327,Regular,Beauty,5,2989,10760.4,28.0,No,None,COD,7,4.2,No
ORD104816,2024-12-31,CUST3900,Regular,Fashion,4,3854,11099.52,28.0,Yes,Christmas/New Year,COD,7,4.9,No
ORD104817,2024-07-05,CUST1154,Premium,Groceries,5,5748,21555.0,25.0,No,None,COD,2,4.7,No
ORD104818,2024-08-19,CUST4780,Regular,Electronics,5,5302,19617.4,26.0,Yes,Independence Day,COD,5,2.8,No
ORD104819,2024-09-11,CUST1059,Regular,Beauty,2,7718,11885.720000000001,23.0,No,None,UPI,5,2.5,No
ORD104820,2024-04-13,CUST4068,Regular,Beauty,4,2862,8013.599999999999,30.0,No,None,Credit Card,3,2.6,No
ORD104821,2024-03-17,CUST1091,Regular,Electronics,4,401,1507.76,6.0,No,None,UPI,4,3.9,Yes
ORD104822,2024-08-17,CUST1081,Regular,Electronics,1,7287,6121.08,16.0,Yes,Independence Day,COD,4,3.7,No
ORD104823,2024-09-14,CUST6981,Premium,Home Decor,5,8862,23041.2,48.0,No,None,Wallet,2,2.5,No
ORD104824,2024-09-20,CUST5839,Premium,Beauty,3,8143,16611.719999999998,32.0,No,None,COD,1,2.6,No
ORD104825,2024-11-26,CUST8134,New,Beauty,2,3226,4322.839999999999,33.0,No,None,Wallet,6,5.0,No
ORD104826,2024-06-30,CUST7463,Regular,Fashion,1,3556,2951.48,17.0,No,None,Credit Card,3,4.9,No
ORD104827,2024-09-12,CUST5390,Regular,Fashion,2,4173,5007.599999999999,40.0,No,None,UPI,5,2.8,Yes
ORD104828,2024-02-07,CUST1291,Regular,Beauty,3,4671,13452.48,4.0,No,None,Wallet,3,2.9,No
ORD104829,2024-06-24,CUST4426,Regular,Fashion,1,4437,4437.0,0.0,No,None,COD,1,4.8,No
ORD104830,2024-01-27,CUST9149,Premium,Beauty,2,3323,6247.24,6.0,Yes,Republic Day,UPI,3,3.8,No
ORD104831,2024-10-02,CUST7395,New,Groceries,3,2507,5039.07,33.0,No,None,Wallet,1,4.9,No
ORD104832,2024-05-19,CUST9435,Premium,Home Decor,1,6203,6078.94,2.0,No,None,Credit Card,6,3.8,No
ORD104833,2024-10-25,CUST1358,Regular,Fashion,3,3990,7780.5,35.0,Yes,Diwali,Wallet,1,3.9,No
ORD104834,2024-10-13,CUST4508,Regular,Beauty,1,6135,4049.0999999999995,34.0,No,None,Wallet,1,3.1,No
ORD104835,2024-03-31,CUST8448,New,Fashion,4,6721,23926.760000000002,11.0,No,None,Credit Card,7,4.7,Yes
ORD104836,2024-03-01,CUST9516,Regular,Home Decor,4,3310,11386.4,14.0,No,None,UPI,1,4.6,Yes
ORD104837,2024-12-30,CUST1535,Regular,Groceries,2,8739,16953.66,3.0,Yes,Christmas/New Year,Credit Card,1,3.3,No
ORD104838,2024-12-12,CUST2655,New,Electronics,5,1801,6123.4,,No,None,UPI,5,4.0,No
ORD104839,2024-06-11,CUST8950,Premium,Electronics,5,3977,16902.25,15.0,No,None,UPI,3,3.4,Yes
ORD104840,2024-12-16,CUST1163,Premium,Fashion,3,5123,11065.68,28.0,No,None,UPI,4,3.7,No
ORD104841,2024-05-22,CUST9589,Regular,Beauty,1,6119,5813.05,5.0,No,None,Wallet,4,4.6,No
ORD104842,2024-09-09,CUST4529,Regular,Home Decor,4,3978,8274.24,48.0,No,None,COD,5,3.5,Yes
ORD104843,2024-09-25,CUST2436,Regular,Groceries,5,8713,27881.600000000002,36.0,No,None,COD,2,4.6,No
ORD104844,2024-10-17,CUST3076,Premium,Groceries,4,6063,18916.56,22.0,No,None,Wallet,6,4.9,No
ORD104845,2024-07-05,CUST8121,Regular,Groceries,3,379,1000.5600000000001,12.0,No,None,UPI,7,3.5,No
ORD104846,2024-10-30,CUST6928,New,Electronics,3,4165,7122.150000000001,43.0,Yes,Diwali,Credit Card,1,4.7,No
ORD104847,2024-10-17,CUST1907,New,Home Decor,1,8420,8420.0,0.0,No,None,Credit Card,3,3.3,No
ORD104848,2024-03-26,CUST7649,Premium,Electronics,5,9129,40624.05,11.0,Yes,Holi,COD,1,2.5,No
ORD104849,2024-06-14,CUST8688,Regular,Fashion,3,3919,8700.18,26.0,No,None,UPI,7,2.7,No
ORD104850,2024-04-23,CUST1447,Regular,Groceries,3,6530,14888.4,24.0,No,None,Wallet,1,4.3,No
ORD104851,2024-12-21,CUST2413,Premium,Home Decor,4,254,802.64,21.0,Yes,Christmas/New Year,Wallet,4,2.8,No
ORD104852,2024-07-01,CUST1756,Premium,Groceries,2,6857,9188.38,33.0,No,None,COD,1,4.8,Yes
ORD104853,2024-07-25,CUST3897,Premium,Electronics,5,9825,40773.75,17.0,No,None,UPI,7,4.7,No
ORD104854,2024-09-12,CUST3710,Regular,Electronics,1,8198,4918.8,40.0,No,None,Credit Card,3,3.8,No
ORD104855,2024-08-22,CUST9056,Premium,Electronics,1,2264,1924.3999999999999,15.0,No,None,Credit Card,3,4.0,No
ORD104856,2024-12-20,CUST5201,Premium,Groceries,4,4383,12623.039999999999,28.0,Yes,Christmas/New Year,Wallet,4,4.2,No
ORD104857,2024-01-03,CUST3590,Regular,Home Decor,1,3494,2480.74,29.0,No,None,COD,5,4.3,No
ORD104858,2024-07-26,CUST5868,Premium,Home Decor,3,4055,8637.15,29.0,No,None,Wallet,4,3.7,No
ORD104859,2024-07-15,CUST9010,Premium,Fashion,5,2951,11951.550000000001,19.0,No,None,Credit Card,4,3.3,No
ORD104860,2024-12-06,CUST7825,Regular,Groceries,1,924,498.96000000000004,46.0,No,None,Wallet,7,4.8,No
ORD104861,2024-05-04,CUST5850,Regular,Fashion,5,9645,38097.75,21.0,No,None,UPI,1,2.6,Yes
ORD104862,2024-05-17,CUST2448,Premium,Fashion,1,9569,5645.710000000001,41.0,No,None,Credit Card,2,3.4,No
ORD104863,2024-12-04,CUST2734,Regular,Fashion,2,9688,12981.919999999998,33.0,No,None,Credit Card,6,4.2,No
ORD104864,2024-01-25,CUST6468,Premium,Fashion,2,8249,16003.06,3.0,Yes,Republic Day,Wallet,5,4.7,No
ORD104865,2024-03-08,CUST5266,Premium,Electronics,5,9286,23679.3,49.0,No,None,Wallet,5,2.7,No
ORD104866,2024-03-01,CUST6192,New,Fashion,2,2699,3778.6,30.0,No,None,COD,7,4.1,No
ORD104867,2024-01-29,CUST7735,Premium,Home Decor,2,1529,1559.58,,Yes,Republic Day,Wallet,5,3.7,No
ORD104868,2024-01-19,CUST3608,Regular,Fashion,3,5317,13877.37,13.0,No,None,UPI,1,4.2,No
ORD104869,2024-06-19,CUST6241,Regular,Electronics,1,2827,2629.1099999999997,7.0,No,None,COD,4,3.3,No
ORD104870,2024-03-14,CUST5499,New,Beauty,2,2650,3392.0,36.0,No,None,COD,6,4.3,No
ORD104871,2024-03-01,CUST1652,Regular,Beauty,5,9561,45892.799999999996,4.0,No,None,Credit Card,7,3.0,No
ORD104872,2024-06-01,CUST8711,Premium,Beauty,3,7257,20247.03,7.0,No,None,UPI,7,4.4,No
ORD104873,2024-10-02,CUST3302,Premium,Groceries,2,8065,14517.0,10.0,No,None,UPI,1,4.4,Yes
ORD104874,2024-02-17,CUST1477,Regular,Home Decor,5,4494,16178.4,28.0,No,None,COD,3,4.9,No
ORD104875,2024-07-29,CUST2436,Regular,Electronics,1,9856,7884.8,20.0,No,None,COD,2,2.9,No
ORD104876,2024-12-08,CUST8111,Premium,Beauty,2,1930,2393.2,38.0,No,None,,2,4.3,Yes
ORD104877,2024-05-18,CUST7511,New,Electronics,5,8349,36735.6,12.0,No,None,,6,3.3,No
ORD104878,2024-04-19,CUST7055,Regular,Electronics,5,1323,3439.8,48.0,No,None,UPI,1,3.2,No
ORD104879,2024-07-01,CUST6705,New,Groceries,4,7393,24249.04,18.0,No,None,UPI,4,3.5,No
ORD104880,2024-01-28,CUST4268,Premium,Beauty,5,4821,23622.899999999998,2.0,Yes,Republic Day,Credit Card,5,3.2,Yes
ORD104881,2024-07-15,CUST7548,New,Fashion,4,1688,4523.839999999999,33.0,No,None,COD,6,3.1,No
ORD104882,2024-07-09,CUST6038,Regular,Electronics,1,464,292.32,37.0,No,None,UPI,6,4.4,No
ORD104883,2024-11-10,CUST8329,Regular,Beauty,1,2229,1827.7800000000002,18.0,Yes,Diwali,Credit Card,3,4.2,No
ORD104884,2024-02-20,CUST8304,New,Electronics,3,7074,14643.179999999998,31.0,No,None,COD,3,2.8,No
ORD104885,2024-05-28,CUST8831,New,Groceries,4,9635,20811.600000000002,46.0,No,None,Credit Card,7,3.9,No
ORD104886,2024-09-24,CUST4223,Regular,Groceries,5,3966,12889.5,35.0,No,None,UPI,7,3.3,No
ORD104887,2024-02-19,CUST1318,Premium,Fashion,3,8787,16343.82,38.0,No,None,COD,6,4.9,No
ORD104888,2024-09-02,CUST6719,New,Groceries,3,7256,18938.16,13.0,No,None,Credit Card,7,3.6,No
ORD104889,2024-04-22,CUST5333,Regular,Beauty,1,9872,9279.68,6.0,No,None,Credit Card,2,2.6,No
ORD104890,2024-06-18,CUST4476,Premium,Groceries,5,8499,34420.950000000004,19.0,No,None,Credit Card,6,3.3,No
ORD104891,2024-06-14,CUST6362,New,Fashion,4,3763,10385.88,31.0,No,None,UPI,4,3.3,No
ORD104892,2024-01-14,CUST5269,Regular,Home Decor,1,8271,4549.05,45.0,No,None,UPI,5,2.5,No
ORD104893,2024-07-21,CUST1207,Regular,Electronics,3,8049,16902.899999999998,30.0,No,None,Wallet,7,3.7,No
ORD104894,2024-10-14,CUST2245,Premium,Electronics,2,6235,9851.300000000001,21.0,No,None,UPI,2,,No
ORD104895,2024-07-07,CUST9607,Regular,Beauty,3,8159,23497.92,4.0,No,None,Credit Card,4,4.5,No
ORD104896,2024-06-03,CUST1514,Regular,Fashion,2,3396,4754.4,,No,None,UPI,5,4.2,No
ORD104897,2024-02-24,CUST7708,New,Fashion,1,1385,1191.1,14.0,No,None,Credit Card,1,3.4,No
ORD104898,2024-06-30,CUST7851,Premium,Fashion,4,4331,9874.68,43.0,No,None,Credit Card,4,3.1,No
ORD104899,2024-07-28,CUST3443,New,Electronics,5,3275,13755.0,16.0,No,None,Credit Card,6,3.4,No
ORD104900,2024-03-15,CUST2077,New,Groceries,2,612,783.36,36.0,No,None,COD,6,2.8,No
ORD104901,2024-10-03,CUST6261,Regular,Electronics,5,8874,36383.4,18.0,No,None,Wallet,3,2.7,No
ORD104902,2024-05-12,CUST6375,Regular,Electronics,1,4047,3682.77,9.0,No,None,,7,3.9,No
ORD104903,2024-12-08,CUST2640,Regular,Electronics,1,8994,5126.580000000001,43.0,No,,,4,4.5,No
ORD104904,2024-02-28,CUST9534,Regular,Groceries,1,8174,5476.579999999999,33.0,No,None,UPI,4,2.7,No
ORD104905,2024-12-10,CUST2891,Premium,Home Decor,4,1281,2664.48,48.0,No,None,Wallet,6,3.3,No
ORD104906,2024-06-30,CUST5916,Premium,Beauty,2,4555,6923.6,24.0,No,None,Credit Card,6,2.8,No
ORD104907,2024-12-04,CUST2376,Regular,Home Decor,5,7862,25158.4,36.0,No,None,UPI,4,3.3,No
ORD104908,2024-11-16,CUST4410,Regular,Home Decor,3,8416,18431.04,27.0,No,None,COD,5,4.6,No
ORD104909,2024-03-04,CUST8128,Regular,Electronics,1,8589,7386.54,14.0,No,None,COD,5,2.6,No
ORD104910,2024-11-22,CUST2846,Premium,Home Decor,5,2826,11445.300000000001,19.0,No,None,Credit Card,1,4.1,No
ORD104911,2024-09-16,CUST4785,Regular,Electronics,5,8814,38781.6,12.0,No,None,UPI,1,2.6,No
ORD104912,2024-07-11,CUST7799,Regular,Electronics,4,1341,4344.84,19.0,No,None,COD,5,3.6,No
ORD104913,2024-05-22,CUST8782,Premium,Beauty,2,7135,8276.6,42.0,No,None,COD,7,3.7,No
ORD104914,2024-04-13,CUST2778,Regular,Fashion,4,1320,3695.9999999999995,30.0,No,None,COD,5,3.5,No
ORD104915,2024-08-01,CUST7685,Regular,Electronics,4,4727,15693.64,17.0,No,None,UPI,2,4.1,No
ORD104916,2024-08-29,CUST9328,Premium,Home Decor,5,7306,21918.0,40.0,Yes,Raksha Bandhan,Credit Card,4,4.9,No
ORD104917,2024-07-27,CUST6791,Regular,Beauty,2,6893,7306.58,47.0,No,None,Credit Card,4,3.2,No
ORD104918,2024-04-02,CUST5214,Premium,Home Decor,2,5103,7450.38,27.0,No,None,COD,3,4.0,No
ORD104919,2024-05-21,CUST7352,Regular,Fashion,2,255,275.40000000000003,46.0,No,None,Credit Card,5,3.4,No
ORD104920,2024-04-21,CUST3208,Regular,Groceries,1,6958,6749.26,3.0,No,None,Wallet,5,5.0,No
ORD104921,2024-02-28,CUST8762,Regular,Fashion,2,2463,3793.02,23.0,No,None,COD,1,4.9,No
ORD104922,2024-02-12,CUST3925,New,Beauty,5,8412,23974.200000000004,43.0,No,None,UPI,6,2.7,No
ORD104923,2024-07-25,CUST5548,Premium,Fashion,1,6553,3669.6800000000003,44.0,No,None,Credit Card,1,4.9,No
ORD104924,2024-09-24,CUST7475,New,Fashion,3,8682,23962.32,8.0,No,None,UPI,6,4.3,No
ORD104925,2024-10-22,CUST6422,Premium,Beauty,4,2194,4739.04,46.0,Yes,Diwali,Credit Card,4,5.0,No
ORD104926,2024-04-27,CUST4503,Premium,Beauty,2,1034,1054.68,49.0,No,None,UPI,4,4.4,No
ORD104927,2024-01-20,CUST3153,Regular,Home Decor,3,4483,9279.81,31.0,Yes,Republic Day,UPI,6,2.8,No
ORD104928,2024-08-09,CUST4138,Regular,Electronics,2,5470,7548.599999999999,31.0,No,None,Credit Card,5,4.4,No
ORD104929,2024-06-14,CUST7229,Regular,Groceries,4,4509,11182.32,38.0,No,None,COD,4,4.3,No
ORD104930,2024-05-10,CUST7894,Regular,Groceries,5,1701,6804.0,20.0,No,None,COD,5,2.9,No
ORD104931,2024-06-04,CUST8132,Regular,Groceries,5,4888,13930.800000000001,43.0,No,None,UPI,7,4.4,No
ORD104932,2024-07-02,CUST2956,Regular,Fashion,4,4336,10232.960000000001,41.0,No,None,Wallet,3,4.2,No
ORD104933,2024-03-30,CUST3906,Regular,Beauty,3,219,407.34,38.0,Yes,Holi,UPI,3,5.0,No
ORD104934,2024-04-03,CUST7619,Regular,Beauty,1,1232,677.6,45.0,No,,Wallet,2,4.0,No
ORD104935,2024-01-13,CUST4981,Regular,Beauty,1,9216,6819.84,26.0,No,None,COD,1,3.5,No
ORD104936,2024-11-17,CUST1778,Premium,Electronics,2,3474,3751.92,46.0,No,None,Wallet,7,4.9,No
ORD104937,2024-10-19,CUST7118,New,Beauty,4,947,2462.2000000000003,35.0,No,None,Credit Card,2,4.1,No
ORD104938,2024-08-17,CUST7256,Regular,Beauty,4,7204,26798.879999999997,7.0,Yes,Independence Day,Wallet,3,3.4,No
ORD104939,2024-11-17,CUST2319,Regular,Fashion,1,1167,956.94,18.0,No,None,Credit Card,4,2.6,No
ORD104940,2024-10-18,CUST9973,Regular,Home Decor,3,3747,8093.5199999999995,28.0,No,None,UPI,7,4.4,No
ORD104941,2024-01-26,CUST6918,New,Groceries,4,2998,9833.44,18.0,Yes,Republic Day,Wallet,1,2.8,No
ORD104942,2024-03-15,CUST3540,Regular,Fashion,5,3215,15432.0,4.0,No,None,Credit Card,1,4.8,No
ORD104943,2024-12-29,CUST2083,Premium,Fashion,5,6805,26879.75,21.0,Yes,Christmas/New Year,UPI,2,4.9,No
ORD104944,2024-10-25,CUST3186,Regular,Fashion,4,2004,5290.5599999999995,34.0,Yes,Diwali,Wallet,1,3.1,No
ORD104945,2024-05-29,CUST4666,Regular,Groceries,3,2223,6068.79,9.0,No,None,Wallet,3,2.8,Yes
ORD104946,2024-05-27,CUST6822,Regular,Fashion,5,8792,37805.6,,No,None,Credit Card,4,4.0,Yes
ORD104947,2024-01-08,CUST2198,Regular,Home Decor,3,4632,13757.039999999999,1.0,No,None,UPI,2,3.0,No
ORD104948,2024-01-29,CUST5246,New,Beauty,1,9760,5758.400000000001,41.0,Yes,Republic Day,Credit Card,4,3.9,No
ORD104949,2024-10-22,CUST8414,Regular,Home Decor,2,3524,5567.92,21.0,Yes,Diwali,Wallet,6,3.5,No
ORD104950,2024-07-27,CUST7758,Premium,Beauty,1,7363,3902.3900000000003,47.0,No,None,UPI,2,4.5,No
ORD104951,2024-05-07,CUST4579,Premium,Beauty,2,2077,2741.64,34.0,No,None,COD,6,5.0,No
ORD104952,2024-12-05,CUST5280,Premium,Fashion,5,9789,30345.9,38.0,No,None,COD,5,3.6,No
ORD104953,2024-04-25,CUST5064,Regular,Fashion,2,3875,6355.000000000001,18.0,No,None,COD,7,4.2,No
ORD104954,2024-05-23,CUST2725,Regular,Groceries,2,7161,7733.88,46.0,No,None,Wallet,1,3.4,No
ORD104955,2024-11-13,CUST2727,Regular,Electronics,4,205,729.8,11.0,No,None,COD,5,4.7,No
ORD104956,2024-08-22,CUST4999,Regular,Home Decor,2,5733,7682.219999999999,33.0,No,None,Wallet,6,2.6,No
ORD104957,2024-01-07,CUST8883,Premium,Groceries,4,8977,20108.480000000003,44.0,No,None,UPI,1,3.7,No
ORD104958,2024-02-14,CUST3975,Regular,Groceries,2,9913,16059.060000000001,19.0,No,None,Credit Card,5,2.9,No
ORD104959,2024-08-26,CUST8556,Premium,Home Decor,4,5375,20210.0,6.0,Yes,Raksha Bandhan,Wallet,4,2.9,Yes
ORD104960,2024-06-03,CUST8771,Regular,Home Decor,5,4078,15700.300000000001,23.0,No,None,UPI,3,3.8,No
ORD104961,2024-06-29,CUST3865,New,Beauty,5,3669,17978.1,2.0,No,None,,2,3.3,Yes
ORD104962,2024-08-02,CUST5695,Regular,Electronics,2,9213,17504.7,5.0,No,None,UPI,1,3.6,No
ORD104963,2024-03-28,CUST8864,Regular,Fashion,3,4533,9247.32,32.0,Yes,Holi,Credit Card,2,3.3,No
ORD104964,2024-09-12,CUST1543,New,Electronics,5,6833,22890.55,33.0,No,None,Wallet,3,3.6,No
ORD104965,2024-03-13,CUST9474,Regular,Electronics,1,3293,2239.24,32.0,No,None,UPI,5,3.2,No
ORD104966,2024-06-27,CUST5835,New,Fashion,1,1057,761.04,28.0,No,None,COD,7,4.5,Yes
ORD104967,2024-07-30,CUST5077,Regular,Electronics,4,7818,24392.16,22.0,No,None,COD,7,3.9,No
ORD104968,2024-10-19,CUST8706,Regular,Groceries,3,8177,23795.07,3.0,No,None,UPI,4,2.9,No
ORD104969,2024-08-21,CUST2275,Premium,Groceries,4,2750,10560.0,4.0,No,None,COD,6,2.5,No
ORD104970,2024-08-26,CUST1817,New,Fashion,2,1425,1909.4999999999998,33.0,Yes,Raksha Bandhan,COD,2,2.5,No
ORD104971,2024-08-10,CUST7227,Regular,Fashion,5,9045,38441.25,15.0,Yes,Independence Day,Wallet,6,3.6,No
ORD104972,2024-04-28,CUST9477,New,Home Decor,3,7653,14004.99,39.0,No,None,Credit Card,5,3.3,No
ORD104973,2024-11-08,CUST5789,Premium,Home Decor,4,7600,16416.0,46.0,Yes,Diwali,Wallet,6,,Yes
ORD104974,2024-09-20,CUST8099,New,Electronics,4,9731,22575.920000000002,42.0,No,None,UPI,1,4.1,No
ORD104975,2024-07-25,CUST8027,Regular,Electronics,1,4756,2806.0400000000004,41.0,No,None,UPI,7,4.5,No
ORD104976,2024-04-04,CUST2336,Regular,Fashion,2,2917,5717.32,2.0,No,None,COD,2,2.7,No
ORD104977,2024-08-09,CUST7615,New,Electronics,4,3592,8333.44,42.0,No,None,Wallet,7,2.8,No
ORD104978,2024-12-31,CUST3306,New,Beauty,1,8354,4344.08,48.0,Yes,Christmas/New Year,UPI,2,3.4,No
ORD104979,2024-10-02,CUST3310,Regular,Groceries,3,9454,16733.58,41.0,No,None,UPI,7,3.6,No
ORD104980,2024-08-18,CUST2190,Regular,Electronics,4,6322,13149.76,48.0,Yes,Independence Day,COD,1,3.5,No
ORD104981,2024-11-04,CUST1171,Regular,Electronics,1,4728,4113.36,13.0,Yes,Diwali,COD,3,4.1,No
ORD104982,2024-04-28,CUST4013,Premium,Home Decor,2,1281,1742.1599999999999,32.0,No,None,UPI,5,2.7,No
ORD104983,2024-09-24,CUST5491,Regular,Beauty,5,6839,24962.35,27.0,No,None,Wallet,6,3.7,No
ORD104984,2024-09-29,CUST6879,Regular,Electronics,3,7218,12992.4,40.0,No,None,Credit Card,6,4.5,No
ORD104985,2024-03-04,CUST8402,Regular,Groceries,4,6305,21689.2,14.0,No,None,Wallet,2,4.8,No
ORD104986,2024-10-24,CUST6280,Premium,Electronics,1,4950,4801.5,3.0,Yes,Diwali,COD,5,3.9,No
ORD104987,2024-12-15,CUST2550,Regular,Fashion,4,2854,9246.960000000001,19.0,No,None,UPI,6,2.8,No
ORD104988,2024-01-11,CUST4041,Regular,Beauty,5,355,1349.0,24.0,No,None,COD,4,4.3,No
ORD104989,2024-04-07,CUST1344,Premium,Electronics,4,4496,11869.439999999999,34.0,No,None,UPI,5,4.5,No
ORD104990,2024-03-11,CUST3076,Premium,Beauty,4,3269,8107.12,38.0,No,None,UPI,5,3.0,No
ORD104991,2024-12-29,CUST4584,Regular,Electronics,1,2163,1708.77,21.0,Yes,Christmas/New Year,Credit Card,7,,No
ORD104992,2024-02-27,CUST5898,Regular,Groceries,5,4794,15820.199999999999,34.0,No,None,COD,6,4.8,No
ORD104993,2024-10-16,CUST6307,Premium,Groceries,3,7863,12738.060000000001,46.0,No,None,Credit Card,7,4.3,No
ORD104994,2024-09-07,CUST8554,New,Beauty,1,6503,4747.19,27.0,No,None,Wallet,1,3.5,No
ORD104995,2024-10-02,CUST7245,Premium,Home Decor,5,9626,43798.3,9.0,No,None,COD,7,3.6,No
ORD104996,2024-02-19,CUST3779,New,Home Decor,5,6342,26953.5,15.0,No,None,Credit Card,6,2.7,No
ORD104997,2024-12-23,CUST5302,Premium,Fashion,4,9868,20525.440000000002,48.0,Yes,Christmas/New Year,COD,5,3.8,No
ORD104998,2024-08-03,CUST8016,Premium,Home Decor,2,3955,6169.8,22.0,No,None,Credit Card,7,4.5,No
ORD104999,2024-02-21,CUST1388,Regular,Beauty,2,1030,1689.2,18.0,No,None,Credit Card,6,4.9,No
ORD105000,2024-09-27,CUST6045,Regular,Home Decor,3,6774,20322.0,0.0,No,None,COD,6,3.5,No
ORD105001,2024-03-24,CUST6494,Regular,Fashion,4,6321,25284.0,0.0,Yes,Holi,Wallet,3,3.6,No
ORD105002,2024-10-19,CUST4188,Regular,Electronics,2,6274,6901.400000000001,45.0,No,None,Credit Card,5,2.6,No
ORD105003,2024-05-05,CUST1945,Premium,Home Decor,1,1542,1156.5,25.0,No,None,Credit Card,4,4.4,No
ORD105004,2024-10-22,CUST3961,Regular,Beauty,3,7879,15836.789999999999,33.0,Yes,Diwali,COD,6,4.3,No
ORD105005,2024-03-12,CUST3320,Premium,Beauty,4,7529,29814.84,1.0,No,None,Wallet,5,3.5,No
ORD105006,2024-10-22,CUST1183,Regular,Fashion,1,2044,1492.12,,Yes,Diwali,COD,6,4.3,No
ORD105007,2024-08-23,CUST9993,Regular,Fashion,2,661,1070.8200000000002,19.0,No,None,UPI,1,4.1,No
ORD105008,2024-02-25,CUST2480,New,Groceries,2,3191,3765.3800000000006,41.0,No,None,COD,4,4.4,No
ORD105009,2024-12-25,CUST9987,Regular,Groceries,2,7043,7606.4400000000005,46.0,Yes,Christmas/New Year,UPI,1,3.3,No
ORD105010,2024-04-19,CUST8153,Regular,Groceries,2,9970,14755.6,26.0,No,None,Credit Card,6,4.1,Yes
ORD105011,2024-07-10,CUST5403,Regular,Electronics,5,400,1460.0,27.0,No,None,Wallet,3,4.1,No
ORD105012,2024-04-02,CUST1261,New,Beauty,3,715,1501.5,30.0,No,None,Wallet,7,2.7,Yes
ORD105013,2024-12-15,CUST5305,Regular,Groceries,3,6071,9835.02,46.0,No,None,COD,3,3.2,No
ORD105014,2024-02-25,CUST9640,Premium,Beauty,2,5650,10622.0,6.0,No,None,,1,4.7,Yes
ORD105015,2024-02-29,CUST3440,Regular,Fashion,3,5039,14058.81,7.0,No,None,COD,7,2.9,No
ORD105016,2024-05-17,CUST6613,Premium,Electronics,1,6690,4616.099999999999,31.0,No,None,Wallet,3,3.4,No
ORD105017,2024-02-08,CUST9853,Regular,Fashion,1,3431,3087.9,10.0,No,None,UPI,6,3.1,No
ORD105018,2024-01-28,CUST9140,Premium,Beauty,3,3896,6194.64,47.0,Yes,Republic Day,Wallet,1,2.9,No
ORD105019,2024-02-18,CUST3372,New,Groceries,2,9667,14500.5,25.0,No,None,UPI,7,2.8,No
ORD105020,2024-05-04,CUST8176,Premium,Fashion,4,3493,10618.72,24.0,No,None,COD,2,3.4,No
ORD105021,2024-01-13,CUST7081,Premium,Home Decor,2,7201,13537.88,6.0,No,None,Credit Card,5,4.5,No
ORD105022,2024-02-05,CUST4487,Premium,Electronics,5,1829,7407.450000000001,19.0,No,None,Credit Card,2,4.9,No
ORD105023,2024-04-10,CUST6247,Premium,Beauty,4,4218,10123.199999999999,40.0,No,None,UPI,3,3.9,No
ORD105024,2024-10-08,CUST3353,Regular,Groceries,5,4689,16645.95,29.0,No,None,UPI,1,4.1,No
ORD105025,2024-03-26,CUST8173,Premium,Fashion,3,7763,23289.0,0.0,Yes,Holi,Credit Card,1,4.4,No
ORD105026,2024-01-04,CUST2856,Regular,Electronics,5,2216,9196.4,17.0,No,None,COD,7,4.2,No
ORD105027,2024-08-10,CUST6066,Regular,Groceries,3,8558,23876.82,7.0,Yes,Independence Day,COD,6,4.6,No
ORD105028,2024-12-03,CUST7720,Regular,Fashion,5,1175,4230.0,28.0,No,None,Wallet,1,4.7,No
ORD105029,2024-06-14,CUST2682,Regular,Beauty,4,4747,11582.68,39.0,No,None,Wallet,1,4.1,No
ORD105030,2024-12-09,CUST1590,Regular,Home Decor,5,7505,29644.75,21.0,No,None,Credit Card,5,3.8,No
ORD105031,2024-10-04,CUST7684,Premium,Home Decor,2,1059,1461.4199999999998,31.0,No,None,Credit Card,4,3.5,Yes
ORD105032,2024-05-09,CUST9191,Regular,Beauty,3,4144,7583.5199999999995,39.0,No,None,Credit Card,7,3.7,No
ORD105033,2024-01-31,CUST2859,Regular,Electronics,1,409,355.83,13.0,No,None,UPI,2,3.4,No
ORD105034,2024-01-11,CUST1021,Premium,Beauty,5,413,2044.35,1.0,No,None,Wallet,3,3.6,No
ORD105035,2024-10-28,CUST1017,Regular,Fashion,3,6097,12072.059999999998,34.0,Yes,Diwali,Credit Card,1,4.7,No
ORD105036,2024-04-05,CUST3249,Premium,Electronics,1,5982,5623.08,6.0,No,None,Credit Card,2,4.9,No
ORD105037,2024-07-08,CUST6813,Premium,Home Decor,3,7602,22349.88,2.0,No,None,Wallet,4,,No
ORD105038,2024-07-10,CUST9620,New,Fashion,3,9364,24159.12,14.0,No,None,Credit Card,2,3.1,No
ORD105039,2024-09-22,CUST2520,Premium,Groceries,1,503,291.74,42.0,No,None,Credit Card,3,2.7,No
ORD105040,2024-05-07,CUST8230,Regular,Groceries,1,7476,5008.919999999999,33.0,No,None,COD,7,4.6,No
ORD105041,2024-08-25,CUST8539,Regular,Groceries,4,7200,22752.0,21.0,Yes,Raksha Bandhan,Wallet,1,4.7,No
ORD105042,2024-12-20,CUST8254,Regular,Home Decor,5,8374,34752.1,17.0,Yes,Christmas/New Year,COD,7,3.6,No
ORD105043,2024-04-21,CUST1305,New,Beauty,5,1060,2915.0000000000005,45.0,No,None,Wallet,7,3.9,No
ORD105044,2024-11-11,CUST5341,Regular,Electronics,3,4247,10575.029999999999,17.0,No,None,Credit Card,3,4.3,No
ORD105045,2024-12-08,CUST6089,Regular,Home Decor,2,2055,2753.7,33.0,No,None,UPI,7,3.4,No
ORD105046,2024-05-24,CUST7691,Regular,Fashion,2,7151,9296.300000000001,35.0,No,None,UPI,7,3.0,No
ORD105047,2024-03-05,CUST2336,New,Fashion,3,2367,3905.55,45.0,No,None,COD,1,2.8,Yes
ORD105048,2024-09-03,CUST2853,Regular,Groceries,4,6159,15274.32,,No,None,UPI,4,3.1,No
ORD105049,2024-08-10,CUST5914,New,Electronics,1,1833,989.82,46.0,Yes,Independence Day,UPI,6,,No
ORD105050,2024-11-08,CUST4576,Regular,Groceries,3,2674,5053.86,37.0,Yes,Diwali,COD,3,3.4,No
ORD105051,2024-04-15,CUST7813,Regular,Fashion,5,5240,16768.0,36.0,No,None,Credit Card,2,4.7,No
ORD105052,2024-06-29,CUST6623,Regular,Fashion,2,2577,4277.82,17.0,No,None,Wallet,6,2.7,No
ORD105053,2024-07-02,CUST8798,New,Beauty,2,3611,4188.76,42.0,No,None,Credit Card,7,3.5,No
ORD105054,2024-08-13,CUST5136,New,Beauty,2,4859,5927.98,39.0,Yes,Independence Day,COD,4,3.1,No
ORD105055,2024-09-21,CUST8291,Regular,Beauty,4,4475,12888.0,28.0,No,None,Credit Card,3,4.7,No
ORD105056,2024-10-04,CUST1439,Regular,Groceries,5,4585,20403.25,11.0,No,None,Credit Card,6,4.5,No
ORD105057,2024-03-29,CUST7882,Premium,Electronics,4,8877,29471.64,17.0,Yes,Holi,COD,1,5.0,No
ORD105058,2024-06-24,CUST4699,Regular,Beauty,1,9752,6826.4,30.0,No,None,COD,6,2.8,No
ORD105059,2024-01-18,CUST3889,Regular,Home Decor,3,7475,19285.5,14.0,No,None,COD,4,4.5,No
ORD105060,2024-04-15,CUST6512,Regular,Beauty,3,972,1778.76,39.0,No,None,UPI,1,2.8,No
ORD105061,2024-09-27,CUST7438,Regular,Groceries,2,2032,2885.44,29.0,No,None,COD,6,2.9,No
ORD105062,2024-11-14,CUST5929,Regular,Electronics,2,7805,10146.5,35.0,No,None,COD,7,2.6,No
ORD105063,2024-06-15,CUST4154,Regular,Beauty,1,1499,1094.27,27.0,No,None,COD,5,,No
ORD105064,2024-01-13,CUST8601,Regular,Electronics,4,8573,29491.12,14.0,No,None,COD,2,2.8,No
ORD105065,2024-12-02,CUST1896,New,Home Decor,5,9654,27996.600000000002,42.0,No,None,Credit Card,1,3.4,No
ORD105066,2024-02-01,CUST2887,Regular,Fashion,1,8537,5805.16,32.0,No,None,COD,3,3.2,No
ORD105067,2024-02-09,CUST6348,Premium,Electronics,3,5363,15928.11,1.0,No,None,Wallet,5,4.9,No
ORD105068,2024-05-27,CUST8436,Regular,Beauty,3,2039,5688.8099999999995,7.0,No,None,COD,4,4.1,No
ORD105069,2024-08-05,CUST8440,Premium,Groceries,4,4794,10163.28,47.0,No,None,Wallet,3,3.5,No
ORD105070,2024-08-06,CUST4011,Regular,Groceries,1,1002,681.3599999999999,32.0,No,None,Wallet,7,4.7,No
ORD105071,2024-03-22,CUST7384,Premium,Groceries,5,4150,13694.999999999998,34.0,Yes,,UPI,4,2.7,No
ORD105072,2024-11-28,CUST1388,Regular,Groceries,1,1518,1259.9399999999998,17.0,No,None,UPI,5,3.3,No
ORD105073,2024-07-26,CUST1037,New,Electronics,1,6318,4738.5,25.0,No,None,Credit Card,7,3.8,No
ORD105074,2024-07-19,CUST1217,Regular,Groceries,4,4826,10231.12,47.0,No,None,COD,3,2.6,No
ORD105075,2024-11-27,CUST5039,Regular,Fashion,5,3140,12560.0,20.0,No,None,COD,7,2.9,No
ORD105076,2024-02-07,CUST5968,New,Home Decor,3,7769,17014.11,27.0,No,None,Wallet,1,4.7,No
ORD105077,2024-07-29,CUST4443,Premium,Electronics,2,7598,12308.76,19.0,No,None,COD,7,2.9,No
ORD105078,2024-11-22,CUST8662,Regular,Electronics,5,5658,15842.400000000001,44.0,No,None,Wallet,6,4.8,No
ORD105079,2024-09-05,CUST5355,New,Groceries,3,2252,5472.360000000001,19.0,No,None,UPI,3,2.7,No
ORD105080,2024-08-14,CUST9763,Regular,Groceries,4,6654,25817.52,3.0,Yes,Independence Day,Credit Card,2,4.7,No
ORD105081,2024-02-17,CUST9249,Regular,Electronics,5,6505,21141.25,35.0,No,None,UPI,1,3.6,No
ORD105082,2024-01-18,CUST2101,New,Groceries,5,8607,28833.449999999997,33.0,No,None,COD,2,3.9,No
ORD105083,2024-10-21,CUST7079,Regular,Groceries,3,985,1654.8000000000002,44.0,Yes,Diwali,Wallet,3,3.2,No
ORD105084,2024-07-14,CUST1788,New,Groceries,3,7179,18952.56,12.0,No,None,UPI,3,3.2,No
ORD105085,2024-07-05,CUST4747,Regular,Groceries,1,1835,1284.5,30.0,No,None,COD,4,3.7,No
ORD105086,2024-12-10,CUST7057,Premium,Groceries,1,7538,4673.56,38.0,No,None,Wallet,3,3.4,No
ORD105087,2024-08-11,CUST8981,Premium,Beauty,5,3309,15552.3,6.0,Yes,Independence Day,COD,7,2.7,No
ORD105088,2024-11-13,CUST5185,New,Beauty,2,6253,10505.039999999999,16.0,No,None,COD,7,3.4,No
ORD105089,2024-12-30,CUST1979,Premium,Beauty,4,5204,12281.440000000002,41.0,Yes,Christmas/New Year,Credit Card,7,3.1,Yes
ORD105090,2024-12-02,CUST6738,Regular,Electronics,3,5956,15902.52,11.0,No,None,UPI,1,4.6,No
ORD105091,2024-08-16,CUST7104,Premium,Home Decor,1,7645,5427.95,29.0,Yes,Independence Day,COD,7,4.6,No
ORD105092,2024-03-17,CUST5393,Regular,Electronics,4,484,1026.0800000000002,47.0,No,None,COD,2,2.9,No
ORD105093,2024-07-06,CUST5114,Premium,Beauty,5,2613,8753.55,33.0,No,None,Credit Card,6,4.3,No
ORD105094,2024-12-11,CUST7277,New,Electronics,3,1843,4367.91,21.0,No,None,Credit Card,6,3.6,Yes
ORD105095,2024-09-26,CUST2776,Regular,Home Decor,3,7435,17844.0,,No,None,Wallet,5,4.7,No
ORD105096,2024-04-04,CUST1654,Premium,Groceries,1,9519,8757.48,8.0,No,None,COD,2,3.2,No
ORD105097,2024-11-05,CUST6440,Regular,Fashion,2,9661,17196.58,11.0,Yes,Diwali,COD,6,2.7,No
ORD105098,2024-05-11,CUST4616,Regular,Beauty,3,6535,16468.2,16.0,No,None,COD,6,4.5,No
ORD105099,2024-02-08,CUST9065,Regular,Beauty,2,843,1433.1,15.0,No,None,COD,4,4.7,No
ORD105100,2024-03-12,CUST9001,Premium,Home Decor,4,7511,28842.239999999998,4.0,No,None,Credit Card,5,4.6,No
ORD105101,2024-10-07,CUST3339,Regular,Groceries,3,8417,20705.820000000003,18.0,No,None,UPI,6,3.3,No
ORD105102,2024-11-28,CUST7072,Premium,Groceries,3,4137,9060.03,27.0,No,None,Credit Card,6,2.6,No
ORD105103,2024-06-08,CUST5987,Regular,Fashion,2,5007,8411.76,16.0,No,None,Wallet,5,2.8,No
ORD105104,2024-07-05,CUST6931,Premium,Groceries,1,6536,5163.4400000000005,,No,None,Credit Card,3,4.8,No
ORD105105,2024-07-09,CUST8317,Regular,Home Decor,5,6724,22189.199999999997,34.0,No,None,UPI,6,3.4,No
ORD105106,2024-04-29,CUST7303,New,Groceries,4,1225,2548.0,48.0,No,None,COD,4,4.7,No
ORD105107,2024-08-07,CUST5843,Regular,Home Decor,3,5922,15278.76,14.0,No,None,Wallet,4,5.0,No
ORD105108,2024-02-22,CUST1564,Premium,Beauty,1,1268,1039.76,18.0,No,None,Wallet,3,3.5,No
ORD105109,2024-08-09,CUST1446,Regular,Beauty,3,9330,15114.6,46.0,No,None,COD,6,4.4,No
ORD105110,2024-05-10,CUST8970,Premium,Beauty,4,4298,8767.92,49.0,No,None,UPI,1,2.9,No
ORD105111,2024-08-24,CUST6426,Regular,Electronics,5,8215,30806.25,25.0,No,None,Credit Card,3,3.5,No
ORD105112,2024-09-02,CUST8487,Premium,Beauty,3,9864,16867.440000000002,43.0,No,None,COD,4,4.3,No
ORD105113,2024-08-13,CUST8085,Regular,Home Decor,2,375,427.50000000000006,43.0,Yes,Independence Day,UPI,5,3.0,No
ORD105114,2024-07-26,CUST2519,Premium,Fashion,1,8295,5474.699999999999,34.0,No,None,UPI,7,3.3,No
ORD105115,2024-04-05,CUST3948,Regular,Groceries,5,1343,3894.7000000000003,42.0,No,None,UPI,1,3.9,No
ORD105116,2024-07-18,CUST4643,Regular,Beauty,3,6093,14257.62,22.0,No,,COD,7,4.2,No
ORD105117,2024-09-03,CUST6070,Regular,Electronics,5,7541,34311.55,9.0,No,None,UPI,7,3.4,No
ORD105118,2024-03-12,CUST8530,Regular,Electronics,2,3710,5861.8,21.0,No,None,Wallet,7,3.4,No
ORD105119,2024-11-13,CUST6765,Regular,Home Decor,3,4262,6904.4400000000005,46.0,No,None,Wallet,6,2.8,No
ORD105120,2024-07-03,CUST3700,New,Fashion,5,7997,35986.5,10.0,No,None,Credit Card,4,5.0,No
ORD105121,2024-01-06,CUST1246,New,Beauty,3,1150,2587.5,25.0,No,None,Credit Card,4,4.0,No
ORD105122,2024-07-24,CUST3850,Premium,Beauty,3,4636,13908.0,0.0,No,None,UPI,7,3.8,No
ORD105123,2024-02-01,CUST1455,Regular,Electronics,5,2944,9568.0,35.0,No,None,UPI,3,3.0,Yes
ORD105124,2024-04-08,CUST3211,Regular,Home Decor,3,8512,20428.800000000003,20.0,No,None,UPI,2,3.7,No
ORD105125,2024-09-12,CUST5180,Premium,Electronics,2,4870,9058.199999999999,7.0,No,None,Credit Card,4,3.6,No
ORD105126,2024-07-05,CUST4060,Regular,Electronics,5,2120,8586.0,19.0,No,None,Wallet,2,3.1,No
ORD105127,2024-03-16,CUST8239,New,Fashion,5,5812,16273.600000000002,44.0,No,None,Wallet,1,3.6,No
ORD105128,2024-06-25,CUST7896,Regular,Home Decor,2,6619,11119.92,16.0,No,None,COD,5,3.0,No
ORD105129,2024-11-10,CUST5328,New,Fashion,2,9360,16099.199999999999,14.0,Yes,Diwali,Credit Card,2,4.3,No
ORD105130,2024-10-13,CUST4848,Regular,Home Decor,2,6372,10195.2,20.0,No,None,UPI,2,4.8,No
ORD105131,2024-12-14,CUST1182,Premium,Beauty,3,6130,18390.0,0.0,No,None,Wallet,2,2.5,No
ORD105132,2024-09-11,CUST9039,Regular,Groceries,3,4008,11783.52,2.0,No,None,COD,2,3.9,No
ORD105133,2024-11-20,CUST9145,New,Groceries,4,4938,13826.4,30.0,No,None,Wallet,2,4.3,No
ORD105134,2024-07-08,CUST2752,Regular,Home Decor,3,6695,14059.5,30.0,No,None,COD,1,4.8,No
ORD105135,2024-11-03,CUST6424,Premium,Groceries,2,1304,2086.4,20.0,Yes,Diwali,UPI,6,3.4,No
ORD105136,2024-12-10,CUST3222,New,Electronics,4,4589,14317.68,22.0,No,None,UPI,6,4.8,No
ORD105137,2024-05-06,CUST1287,Regular,Beauty,2,4084,6861.12,16.0,No,None,Wallet,4,4.6,No
ORD105138,2024-10-13,CUST2861,Regular,Beauty,1,932,736.2800000000001,21.0,No,None,Credit Card,5,3.8,Yes
ORD105139,2024-09-10,CUST9208,Regular,Groceries,5,1781,7034.950000000001,21.0,No,None,Wallet,7,3.1,No
ORD105140,2024-07-31,CUST4600,Regular,Home Decor,1,3879,2521.35,35.0,No,None,Credit Card,4,4.1,No
ORD105141,2024-09-06,CUST3074,Regular,Electronics,2,4052,7536.719999999999,7.0,No,None,Wallet,1,3.2,No
ORD105142,2024-03-24,CUST7435,Regular,Home Decor,3,2627,4255.740000000001,46.0,Yes,Holi,Credit Card,1,3.4,No
ORD105143,2024-01-13,CUST6730,Regular,Groceries,5,523,2431.95,7.0,No,None,UPI,2,3.7,No
ORD105144,2024-02-14,CUST8893,Premium,Beauty,3,3899,10176.39,13.0,No,None,COD,7,3.7,No
ORD105145,2024-05-06,CUST2597,Premium,Beauty,3,5381,10170.09,37.0,No,None,Credit Card,1,3.0,No
ORD105146,2024-04-23,CUST2637,Regular,Home Decor,5,7513,28925.05,23.0,No,None,,7,4.2,No
ORD105147,2024-10-02,CUST3980,New,Fashion,5,8753,34574.35,21.0,No,None,COD,1,5.0,No
ORD105148,2024-07-23,CUST2285,New,Home Decor,1,2300,1978.0,14.0,No,None,UPI,2,3.1,No
ORD105149,2024-12-02,CUST9951,Premium,Fashion,2,2954,4785.4800000000005,19.0,No,None,UPI,1,3.9,Yes
ORD105150,2024-09-29,CUST8261,Regular,Home Decor,3,1672,3711.84,26.0,No,None,UPI,1,3.6,No
ORD105151,2024-02-27,CUST8506,Regular,Fashion,2,1306,1906.76,27.0,No,None,Credit Card,1,3.3,No
ORD105152,2024-11-23,CUST9285,Premium,Fashion,2,2003,3164.7400000000002,21.0,No,None,UPI,3,3.5,Yes
ORD105153,2024-08-06,CUST2917,Premium,Fashion,4,8472,23721.6,30.0,No,None,UPI,7,4.3,No
ORD105154,2024-04-18,CUST3084,Regular,Fashion,1,6857,6308.4400000000005,8.0,No,None,UPI,6,3.5,No
ORD105155,2024-10-05,CUST9073,Premium,Electronics,3,7106,16628.04,22.0,No,None,Credit Card,4,3.8,No
ORD105156,2024-06-22,CUST7089,Regular,Fashion,5,5555,26664.0,4.0,No,None,Wallet,3,3.7,No
ORD105157,2024-11-23,CUST9452,Regular,Fashion,5,3188,8926.400000000001,44.0,No,None,UPI,7,3.9,No
ORD105158,2024-09-20,CUST9514,Premium,Beauty,2,7404,9180.96,38.0,No,None,Wallet,7,3.2,No
ORD105159,2024-11-10,CUST6327,Premium,Electronics,1,5976,5019.84,16.0,Yes,Diwali,UPI,4,3.8,No
ORD105160,2024-04-20,CUST6388,Regular,Fashion,1,8716,5316.76,39.0,No,None,Credit Card,2,2.8,No
ORD105161,2024-07-05,CUST6740,Premium,Groceries,3,2561,7375.679999999999,4.0,No,None,Wallet,2,4.4,No
ORD105162,2024-09-25,CUST9595,New,Electronics,3,1434,4043.8799999999997,6.0,No,None,UPI,6,2.8,No
ORD105163,2024-08-16,CUST5259,Premium,Beauty,2,302,561.7199999999999,7.0,Yes,Independence Day,Wallet,4,4.5,No
ORD105164,2024-06-04,CUST8070,Premium,Home Decor,2,5112,9610.56,,No,None,COD,4,4.6,No
ORD105165,2024-07-07,CUST2383,Regular,Beauty,2,946,1494.68,21.0,No,None,,6,2.5,No
ORD105166,2024-09-28,CUST6637,Regular,Beauty,4,5108,11646.240000000002,43.0,No,None,UPI,5,4.6,No
ORD105167,2024-01-02,CUST2436,Regular,Electronics,1,3891,2451.33,37.0,No,,Wallet,4,4.1,No
ORD105168,2024-09-02,CUST2080,Premium,Electronics,2,9639,15422.400000000001,20.0,No,None,UPI,4,2.7,No
ORD105169,2024-07-28,CUST3228,Premium,Groceries,1,3264,3166.08,3.0,No,,Wallet,2,5.0,No
ORD105170,2024-10-12,CUST9913,Regular,Groceries,5,5612,19361.399999999998,31.0,No,None,Wallet,2,4.0,No
ORD105171,2024-12-24,CUST2722,Regular,Electronics,5,1919,6908.4,28.0,Yes,Christmas/New Year,Credit Card,1,3.5,No
ORD105172,2024-01-13,CUST7907,Regular,Electronics,1,2402,1705.4199999999998,29.0,No,None,Credit Card,1,4.7,Yes
ORD105173,2024-04-05,CUST7481,Regular,Electronics,5,5351,26219.899999999998,2.0,No,None,Wallet,7,2.6,No
ORD105174,2024-08-08,CUST5424,New,Home Decor,5,6226,29884.8,4.0,No,None,Credit Card,7,,No
ORD105175,2024-08-25,CUST5002,Premium,Beauty,5,7937,32541.7,18.0,Yes,Raksha Bandhan,Credit Card,2,2.9,No
ORD105176,2024-04-03,CUST3055,Regular,Groceries,3,5652,15769.079999999998,7.0,No,None,COD,7,3.9,No
ORD105177,2024-12-03,CUST7752,Premium,Groceries,3,7384,14177.28,36.0,No,None,UPI,1,2.7,No
ORD105178,2024-09-25,CUST4165,Premium,Fashion,1,1989,1392.3,30.0,No,None,UPI,3,,No
ORD105179,2024-06-19,CUST4563,Premium,Home Decor,1,459,339.65999999999997,26.0,No,None,COD,3,3.7,No
ORD105180,2024-04-03,CUST1012,Regular,Electronics,4,2118,7455.36,12.0,No,None,Wallet,6,2.5,No
ORD105181,2024-05-28,CUST6463,Regular,Electronics,3,6704,11866.080000000002,41.0,No,None,Credit Card,1,2.7,No
ORD105182,2024-04-21,CUST6615,Regular,Home Decor,1,5718,5432.099999999999,5.0,No,None,UPI,1,4.3,No
ORD105183,2024-02-24,CUST2954,New,Groceries,3,6803,20409.0,0.0,No,None,COD,7,3.5,No
ORD105184,2024-12-02,CUST9365,Premium,Electronics,4,8375,23785.0,29.0,No,None,UPI,4,4.2,No
ORD105185,2024-04-25,CUST7588,Premium,Fashion,1,7452,6706.8,10.0,No,None,Wallet,4,3.5,No
ORD105186,2024-05-22,CUST2842,Regular,Groceries,1,7430,4458.0,40.0,No,None,COD,3,3.4,No
ORD105187,2024-07-19,CUST6499,Regular,Beauty,1,299,209.29999999999998,30.0,No,None,Wallet,7,4.6,No
ORD105188,2024-06-28,CUST4302,Regular,Home Decor,1,4105,3489.25,15.0,No,None,Wallet,6,4.6,Yes
ORD105189,2024-07-20,CUST3462,New,Groceries,2,2542,4372.24,14.0,No,None,COD,3,4.8,No
ORD105190,2024-12-29,CUST7771,Regular,Beauty,3,8291,23878.079999999998,4.0,Yes,Christmas/New Year,UPI,4,4.6,Yes
ORD105191,2024-02-22,CUST7693,Regular,Fashion,3,3433,8857.14,14.0,No,None,Credit Card,7,2.8,No
ORD105192,2024-06-28,CUST5489,New,Home Decor,3,5224,15672.0,0.0,No,None,Credit Card,4,2.7,No
ORD105193,2024-11-08,CUST9284,Premium,Electronics,4,527,1812.8799999999999,14.0,Yes,Diwali,COD,6,2.6,No
ORD105194,2024-11-03,CUST8195,Premium,Electronics,2,9743,12665.9,35.0,Yes,Diwali,Credit Card,4,5.0,No
ORD105195,2024-05-16,CUST6969,Regular,Beauty,3,2489,3957.51,47.0,No,None,Wallet,1,3.8,No
ORD105196,2024-06-30,CUST3325,Premium,Groceries,3,1565,2910.9,38.0,No,None,UPI,2,2.8,No
ORD105197,2024-01-01,CUST9989,Regular,Fashion,1,1608,1495.4399999999998,7.0,No,None,COD,7,3.9,No
ORD105198,2024-02-13,CUST5325,Premium,Beauty,1,9902,7822.58,21.0,No,None,Wallet,3,4.3,No
ORD105199,2024-08-14,CUST9552,Regular,Fashion,1,419,310.06,26.0,Yes,Independence Day,Wallet,5,2.7,No
ORD105200,2024-11-26,CUST8288,Regular,Fashion,3,6607,13280.069999999998,33.0,No,None,UPI,6,3.4,No
ORD105201,2024-04-07,CUST3050,Premium,Fashion,1,3439,2441.69,29.0,No,None,UPI,7,3.0,No
ORD105202,2024-07-26,CUST4608,Premium,Home Decor,3,1469,3922.23,11.0,No,None,Credit Card,4,4.9,No
ORD105203,2024-09-21,CUST8971,Premium,Beauty,4,7742,30658.32,1.0,No,None,UPI,1,3.3,No
ORD105204,2024-10-14,CUST4501,Regular,Home Decor,4,4017,8837.400000000001,45.0,No,None,COD,3,4.2,No
ORD105205,2024-09-27,CUST8200,Regular,Groceries,5,7389,23275.35,37.0,No,None,COD,4,4.8,No
ORD105206,2024-05-19,CUST7551,Premium,Groceries,2,7057,11150.060000000001,21.0,No,None,UPI,1,4.7,No
ORD105207,2024-08-24,CUST6113,Premium,Electronics,1,267,224.28,,No,None,UPI,3,3.5,No
ORD105208,2024-03-12,CUST3070,New,Electronics,1,9134,6028.44,34.0,No,None,Wallet,3,3.3,No
ORD105209,2024-06-03,CUST2845,Premium,Electronics,2,7425,8761.500000000002,41.0,No,None,COD,5,4.5,No
ORD105210,2024-07-08,CUST5109,Regular,Groceries,2,5583,6252.960000000001,44.0,No,None,Credit Card,5,3.0,No
ORD105211,2024-09-24,CUST4035,New,Fashion,5,2212,8626.800000000001,22.0,No,None,Wallet,3,4.3,No
ORD105212,2024-11-16,CUST2765,Regular,Fashion,2,9838,14166.72,28.0,No,None,Wallet,1,4.6,No
ORD105213,2024-04-16,CUST8241,Regular,Beauty,3,3269,7061.04,28.0,No,None,,4,4.6,No
ORD105214,2024-08-19,CUST9092,Regular,Groceries,1,7866,4011.66,49.0,Yes,Independence Day,,7,2.5,No
ORD105215,2024-02-11,CUST2469,Regular,Electronics,2,490,803.6,18.0,No,None,UPI,7,3.7,No
ORD105216,2024-07-08,CUST5055,Premium,Groceries,3,6512,16410.239999999998,16.0,No,None,UPI,6,3.4,No
ORD105217,2024-05-18,CUST3092,Premium,Fashion,2,7927,14744.22,7.0,No,None,Wallet,4,4.9,No
ORD105218,2024-04-12,CUST5266,Premium,Fashion,3,3879,5934.87,49.0,No,None,COD,3,3.9,Yes
ORD105219,2024-06-19,CUST3904,Regular,Home Decor,4,4110,15453.599999999999,6.0,No,None,COD,7,3.6,No
ORD105220,2024-12-16,CUST6489,Regular,Home Decor,3,4851,13097.7,10.0,No,None,Wallet,4,3.1,No
ORD105221,2024-09-29,CUST8376,Regular,Beauty,5,552,2704.7999999999997,2.0,No,None,COD,5,4.6,No
ORD105222,2024-08-08,CUST9300,Premium,Groceries,3,1463,4345.11,1.0,No,None,COD,4,3.3,No
ORD105223,2024-07-31,CUST4584,Regular,Home Decor,2,2026,3322.6400000000003,18.0,No,None,Credit Card,2,4.6,No
ORD105224,2024-12-06,CUST1091,New,Home Decor,4,4578,13367.76,27.0,No,None,UPI,5,4.7,No
ORD105225,2024-02-25,CUST7492,Regular,Groceries,4,1805,5270.599999999999,27.0,No,None,UPI,5,2.6,No
ORD105226,2024-12-07,CUST3731,Regular,Fashion,3,3598,8203.44,24.0,No,None,Wallet,3,,No
ORD105227,2024-04-11,CUST9767,Premium,Beauty,2,4751,8551.800000000001,10.0,No,None,Credit Card,3,3.6,No
ORD105228,2024-07-10,CUST7545,New,Beauty,4,3206,7822.639999999999,39.0,No,None,COD,4,3.5,No
ORD105229,2024-11-05,CUST7557,Regular,Beauty,3,1204,2094.96,42.0,Yes,Diwali,Wallet,4,3.4,No
ORD105230,2024-07-18,CUST7347,Premium,Home Decor,3,6167,18315.99,1.0,No,None,Wallet,3,3.8,No
ORD105231,2024-08-20,CUST1334,New,Fashion,3,6628,17696.760000000002,11.0,Yes,Independence Day,COD,1,2.8,No
ORD105232,2024-08-14,CUST8477,New,Beauty,4,2278,5467.2,40.0,Yes,Independence Day,UPI,4,4.7,No
ORD105233,2024-05-18,CUST8295,Premium,Groceries,1,2695,1697.85,37.0,No,None,COD,1,3.9,No
ORD105234,2024-12-09,CUST4500,Premium,Beauty,2,2461,4380.58,11.0,No,None,Wallet,7,3.4,No
ORD105235,2024-10-31,CUST7229,Regular,Electronics,5,1937,4939.35,49.0,Yes,Diwali,UPI,5,3.1,No
ORD105236,2024-05-28,CUST4669,New,Fashion,5,3296,12524.8,24.0,No,None,Wallet,6,4.0,No
ORD105237,2024-04-24,CUST5218,Regular,Electronics,2,8127,10402.56,36.0,No,None,Credit Card,6,4.5,No
ORD105238,2024-03-03,CUST7333,New,Fashion,1,2644,1850.8,30.0,No,None,UPI,2,3.6,No
ORD105239,2024-04-13,CUST2679,Regular,Groceries,2,536,900.48,16.0,No,None,Wallet,1,5.0,No
ORD105240,2024-12-04,CUST2758,Regular,Home Decor,3,3183,5060.97,47.0,No,None,Wallet,4,3.8,No
ORD105241,2024-12-24,CUST1790,Premium,Home Decor,2,9359,16659.02,11.0,Yes,Christmas/New Year,Credit Card,6,4.9,No
ORD105242,2024-06-04,CUST1700,Regular,Fashion,2,7198,10221.16,29.0,No,None,COD,7,4.9,No
ORD105243,2024-09-29,CUST2547,Regular,Beauty,4,5198,20584.079999999998,1.0,No,None,UPI,3,4.0,No
ORD105244,2024-01-06,CUST4174,Premium,Electronics,5,9063,38517.75,15.0,No,None,Wallet,3,4.0,No
ORD105245,2024-05-26,CUST7050,Premium,Groceries,5,9695,48475.0,0.0,No,None,Wallet,2,2.8,No
ORD105246,2024-07-02,CUST6920,Premium,Beauty,3,8387,16857.87,,No,None,Wallet,2,4.8,No
ORD105247,2024-01-28,CUST8852,Regular,Home Decor,3,2795,4695.6,44.0,Yes,Republic Day,Wallet,5,4.5,Yes
ORD105248,2024-02-07,CUST9875,Premium,Beauty,4,3170,6720.400000000001,47.0,No,None,COD,7,3.8,No
ORD105249,2024-04-28,CUST6390,Regular,Electronics,3,3469,10407.0,0.0,No,None,COD,1,3.3,No
ORD105250,2024-10-19,CUST9523,Regular,Home Decor,1,678,440.7,35.0,No,None,COD,2,4.6,No
ORD105251,2024-08-31,CUST9700,Premium,Fashion,4,1043,4088.56,2.0,Yes,Raksha Bandhan,UPI,5,3.2,No
ORD105252,2024-03-08,CUST3934,New,Groceries,4,1825,4890.999999999999,33.0,No,None,COD,7,3.9,No
ORD105253,2024-08-01,CUST9038,Regular,Groceries,2,2080,3702.4,11.0,No,None,UPI,5,3.0,No
ORD105254,2024-08-05,CUST9489,Premium,Home Decor,2,8896,9963.52,44.0,No,None,COD,5,4.5,No
ORD105255,2024-06-25,CUST6656,Regular,Fashion,1,8501,6290.74,26.0,No,None,Wallet,6,4.4,No
ORD105256,2024-10-25,CUST7538,Regular,Electronics,4,9797,19985.88,49.0,Yes,Diwali,Credit Card,6,3.2,No
ORD105257,2024-06-12,CUST3818,Regular,Groceries,4,4692,12011.52,36.0,No,None,UPI,4,2.8,No
ORD105258,2024-02-27,CUST1252,New,Home Decor,2,3680,5593.6,24.0,No,None,Credit Card,2,2.9,Yes
ORD105259,2024-09-25,CUST5057,New,Groceries,5,8742,38901.9,11.0,No,None,Credit Card,6,4.0,No
ORD105260,2024-11-03,CUST4528,Premium,Fashion,5,9949,33826.6,32.0,Yes,Diwali,Wallet,7,2.9,No
ORD105261,2024-02-27,CUST2851,Premium,Electronics,2,3242,5965.280000000001,8.0,No,None,Wallet,3,3.3,No
ORD105262,2024-10-14,CUST4465,Premium,Fashion,3,3036,9108.0,0.0,No,None,UPI,5,4.6,No
ORD105263,2024-04-14,CUST5354,Regular,Beauty,4,8278,16887.12,49.0,No,,UPI,3,2.7,No
ORD105264,2024-08-15,CUST2517,Regular,Fashion,1,8074,6297.72,22.0,Yes,Independence Day,UPI,4,4.0,No
ORD105265,2024-09-03,CUST9239,Regular,Fashion,5,6764,24688.6,27.0,No,None,COD,1,3.5,No
ORD105266,2024-07-06,CUST2549,Premium,Groceries,3,3828,11254.32,2.0,No,None,COD,4,2.8,Yes
ORD105267,2024-03-23,CUST7514,New,Fashion,4,5217,13146.84,37.0,Yes,Holi,Credit Card,4,3.8,No
ORD105268,2024-07-04,CUST6121,Regular,Home Decor,3,8502,16578.9,35.0,No,None,UPI,2,3.8,No
ORD105269,2024-09-08,CUST1454,Regular,Groceries,4,7806,17797.68,43.0,No,None,Credit Card,5,3.4,No
ORD105270,2024-12-20,CUST4778,Regular,Groceries,4,1401,3194.28,43.0,Yes,Christmas/New Year,COD,4,2.6,No
ORD105271,2024-08-25,CUST7865,New,Beauty,2,6203,11909.76,4.0,Yes,Raksha Bandhan,Credit Card,5,3.0,No
ORD105272,2024-12-25,CUST2311,Regular,Home Decor,2,210,302.4,,Yes,Christmas/New Year,Credit Card,3,3.5,No
ORD105273,2024-07-02,CUST1463,Regular,Fashion,1,9981,8783.28,12.0,No,None,UPI,1,3.2,No
ORD105274,2024-10-10,CUST5909,Premium,Beauty,1,1701,969.57,43.0,No,None,UPI,7,2.9,Yes
ORD105275,2024-07-28,CUST4707,Premium,Home Decor,3,8520,24793.2,3.0,No,None,Credit Card,1,3.7,No
ORD105276,2024-10-30,CUST3876,Regular,Beauty,2,8105,15399.5,5.0,Yes,Diwali,COD,3,3.5,No
ORD105277,2024-10-22,CUST6947,Regular,Electronics,4,3803,9583.56,37.0,Yes,Diwali,Credit Card,2,4.2,No
ORD105278,2024-04-06,CUST7677,Premium,Fashion,2,4395,8350.5,5.0,No,None,COD,3,3.9,No
ORD105279,2024-07-26,CUST3018,Regular,Beauty,4,489,1760.4,10.0,No,None,Credit Card,6,2.9,No
ORD105280,2024-05-16,CUST7395,New,Electronics,2,5888,8714.24,26.0,No,None,Credit Card,3,4.2,No
ORD105281,2024-07-02,CUST6307,Premium,Fashion,4,7593,16704.600000000002,45.0,No,None,UPI,6,3.7,No
ORD105282,2024-03-16,CUST9490,Regular,Beauty,3,7805,15453.899999999998,34.0,No,None,Credit Card,2,2.8,No
ORD105283,2024-10-13,CUST4560,Regular,Beauty,2,2893,3529.46,39.0,No,None,COD,7,2.5,No
ORD105284,2024-05-21,CUST7808,Regular,Beauty,5,9762,47345.7,3.0,No,None,Credit Card,2,4.1,No
ORD105285,2024-08-24,CUST1165,Regular,Beauty,5,8574,31723.8,26.0,No,None,Credit Card,4,4.0,No
ORD105286,2024-01-25,CUST3172,New,Groceries,4,550,1870.0,15.0,Yes,Republic Day,COD,5,4.6,No
ORD105287,2024-10-16,CUST9718,New,Beauty,3,3786,9427.14,17.0,No,None,Credit Card,1,4.4,No
ORD105288,2024-03-07,CUST6962,Regular,Groceries,4,6115,22992.399999999998,6.0,No,None,Credit Card,2,4.7,No
ORD105289,2024-09-06,CUST3955,Regular,Groceries,3,9793,26441.100000000002,10.0,No,None,Credit Card,6,3.2,No
ORD105290,2024-04-27,CUST8880,Regular,Electronics,1,5784,5379.12,7.0,No,None,Credit Card,2,3.5,No
ORD105291,2024-03-13,CUST4060,Regular,Fashion,2,3049,5793.099999999999,5.0,No,None,COD,4,2.7,No
ORD105292,2024-10-08,CUST5861,Premium,Groceries,3,4635,7369.650000000001,47.0,No,None,Wallet,4,3.5,No
ORD105293,2024-12-25,CUST2134,Regular,Home Decor,4,6604,25359.36,4.0,Yes,Christmas/New Year,COD,7,3.0,No
ORD105294,2024-01-10,CUST4612,New,Groceries,1,4127,3920.6499999999996,5.0,No,None,COD,5,4.5,No
ORD105295,2024-07-29,CUST2722,Regular,Home Decor,4,6714,16919.28,37.0,No,,Wallet,2,4.1,Yes
ORD105296,2024-11-18,CUST6114,Premium,Electronics,5,7640,37818.0,1.0,No,None,COD,2,4.5,No
ORD105297,2024-05-31,CUST4415,New,Home Decor,5,6016,21056.0,30.0,No,None,Credit Card,4,4.0,Yes
ORD105298,2024-01-05,CUST6418,Regular,Electronics,2,6792,8422.08,38.0,No,None,COD,3,4.0,No
ORD105299,2024-07-13,CUST9308,Regular,Electronics,2,6025,8314.5,31.0,No,None,Credit Card,5,3.1,No
ORD105300,2024-10-09,CUST2156,Regular,Electronics,1,3688,3392.96,8.0,No,None,UPI,2,4.2,No
ORD105301,2024-04-22,CUST3706,Regular,Home Decor,5,2095,9008.5,14.0,No,None,Credit Card,1,2.9,No
ORD105302,2024-09-27,CUST6568,New,Home Decor,3,3108,7459.200000000001,20.0,No,None,Credit Card,7,3.2,Yes
ORD105303,2024-06-11,CUST8814,New,Electronics,5,1611,4430.25,45.0,No,None,COD,1,2.9,No
ORD105304,2024-04-14,CUST3770,New,Electronics,2,5657,8259.22,27.0,No,None,COD,6,4.9,Yes
ORD105305,2024-06-29,CUST4313,New,Fashion,4,4199,9405.76,44.0,No,None,COD,4,4.7,No
ORD105306,2024-02-13,CUST8407,Regular,Electronics,1,5648,4179.5199999999995,26.0,No,None,UPI,6,4.7,No
ORD105307,2024-10-08,CUST7334,New,Beauty,5,9047,43425.6,4.0,No,,Wallet,1,4.9,No
ORD105308,2024-06-23,CUST9069,New,Fashion,3,6492,16359.84,16.0,No,None,Credit Card,4,4.0,No
ORD105309,2024-06-10,CUST8685,Regular,Fashion,3,8741,16782.72,36.0,No,None,Wallet,7,4.7,Yes
ORD105310,2024-12-16,CUST3551,Regular,Fashion,3,7208,16650.48,23.0,No,None,Wallet,7,3.2,No
ORD105311,2024-12-05,CUST3911,Premium,Beauty,1,1343,940.0999999999999,30.0,No,None,UPI,3,3.5,No
ORD105312,2024-05-19,CUST4931,Regular,Fashion,3,597,1182.06,34.0,No,None,Credit Card,7,3.7,No
ORD105313,2024-05-11,CUST6170,Regular,Fashion,3,845,1521.0,40.0,No,None,Credit Card,4,2.7,No
ORD105314,2024-03-27,CUST1016,New,Home Decor,5,7806,23418.0,40.0,Yes,Holi,UPI,2,4.6,Yes
ORD105315,2024-06-24,CUST3406,New,Home Decor,1,4332,4202.04,3.0,No,None,UPI,1,2.8,No
ORD105316,2024-07-01,CUST2705,Regular,Electronics,4,2434,7886.160000000001,19.0,No,None,Credit Card,2,4.5,No
ORD105317,2024-05-08,CUST7035,Regular,Electronics,4,9875,22910.000000000004,42.0,No,None,UPI,1,4.8,No
ORD105318,2024-09-02,CUST8824,New,Groceries,3,2162,5448.24,16.0,No,None,COD,1,3.9,No
ORD105319,2024-03-29,CUST8109,Premium,Beauty,2,1009,1109.9,45.0,Yes,Holi,Credit Card,4,2.9,No
ORD105320,2024-03-06,CUST4920,Regular,Home Decor,1,6673,6072.43,9.0,No,None,Wallet,7,3.6,No
ORD105321,2024-06-06,CUST3768,Premium,Electronics,2,7683,9834.24,36.0,No,None,COD,7,2.8,No
ORD105322,2024-05-28,CUST6396,New,Beauty,1,4615,3692.0,20.0,No,None,Wallet,5,2.8,No
ORD105323,2024-12-05,CUST5470,New,Fashion,1,6818,5454.400000000001,20.0,No,None,UPI,1,4.4,No
ORD105324,2024-04-25,CUST3109,Regular,Beauty,5,8905,23153.0,48.0,No,None,Wallet,1,3.5,No
ORD105325,2024-08-01,CUST8014,Regular,Home Decor,3,8725,22248.75,15.0,No,None,COD,6,2.5,No
ORD105326,2024-10-20,CUST5429,New,Groceries,5,5019,17064.6,32.0,Yes,Diwali,UPI,5,2.6,No
ORD105327,2024-09-09,CUST1417,Regular,Home Decor,2,207,376.74,9.0,No,None,COD,2,4.5,No
ORD105328,2024-05-22,CUST5912,Premium,Electronics,2,6015,6857.1,43.0,No,None,UPI,1,4.0,No
ORD105329,2024-09-06,CUST1659,Regular,Electronics,4,8332,27662.239999999998,17.0,No,None,Credit Card,7,4.6,Yes
ORD105330,2024-12-31,CUST6670,Regular,Beauty,5,5614,19087.6,32.0,Yes,Christmas/New Year,Wallet,4,3.2,No
ORD105331,2024-10-28,CUST4353,Regular,Home Decor,5,9690,34884.0,28.0,Yes,Diwali,Wallet,5,3.3,No
ORD105332,2024-01-25,CUST2169,Regular,Electronics,5,3146,11011.0,30.0,Yes,Republic Day,Credit Card,5,4.0,No
ORD105333,2024-10-03,CUST9729,New,Fashion,4,5936,18282.88,23.0,No,None,Credit Card,6,4.2,No
ORD105334,2024-03-10,CUST1018,Regular,Fashion,5,2044,9095.8,11.0,No,None,Wallet,1,2.6,No
ORD105335,2024-04-22,CUST5324,New,Groceries,5,3811,15434.550000000001,19.0,No,None,Credit Card,2,4.8,No
ORD105336,2024-12-28,CUST8706,New,Beauty,5,7759,36855.25,5.0,Yes,Christmas/New Year,UPI,2,4.5,No
ORD105337,2024-04-21,CUST7218,Regular,Electronics,5,8384,38985.6,7.0,No,None,Wallet,7,2.8,No
ORD105338,2024-12-29,CUST2524,Premium,Groceries,2,5886,10241.64,13.0,Yes,Christmas/New Year,COD,3,2.5,No
ORD105339,2024-10-29,CUST8358,Regular,Fashion,3,3265,9403.199999999999,4.0,Yes,Diwali,Credit Card,3,4.4,No
ORD105340,2024-03-31,CUST4154,Premium,Groceries,2,9494,12342.2,35.0,No,None,UPI,4,4.8,No
ORD105341,2024-01-18,CUST3194,Premium,Groceries,5,879,2329.35,47.0,No,None,Wallet,7,3.3,No
ORD105342,2024-05-28,CUST2625,Regular,Electronics,1,7390,4655.7,37.0,No,None,Wallet,6,3.3,No
ORD105343,2024-08-14,CUST7015,Regular,Electronics,1,5547,5436.0599999999995,2.0,Yes,Independence Day,UPI,1,3.8,No
ORD105344,2024-08-01,CUST9820,Premium,Electronics,4,4247,11042.2,35.0,No,None,Credit Card,2,4.2,No
ORD105345,2024-12-25,CUST8102,New,Beauty,2,209,330.22,21.0,Yes,,Wallet,3,4.1,No
ORD105346,2024-05-30,CUST1643,Regular,Groceries,4,6663,24786.359999999997,7.0,No,None,Credit Card,1,4.4,Yes
ORD105347,2024-07-10,CUST6901,Premium,Groceries,4,5521,19213.079999999998,13.0,No,None,UPI,6,2.8,No
ORD105348,2024-02-09,CUST7921,Regular,Beauty,1,4416,4151.04,6.0,No,None,COD,1,3.8,No
ORD105349,2024-08-29,CUST8746,New,Fashion,2,9065,17586.1,3.0,Yes,Raksha Bandhan,UPI,2,3.8,No
ORD105350,2024-05-17,CUST4452,Regular,Home Decor,3,7934,19517.640000000003,18.0,No,None,,1,4.9,No
ORD105351,2024-12-10,CUST6106,Premium,Fashion,2,7706,8938.960000000001,42.0,No,None,Wallet,5,4.8,No
ORD105352,2024-06-28,CUST5820,Regular,Beauty,4,1656,3576.96,46.0,No,None,Credit Card,3,4.4,Yes
ORD105353,2024-07-18,CUST1996,Premium,Groceries,5,243,935.5500000000001,23.0,No,None,Credit Card,4,4.7,No
ORD105354,2024-07-21,CUST9001,New,Groceries,4,7526,25588.399999999998,15.0,No,None,COD,3,4.4,No
ORD105355,2024-03-01,CUST8718,Premium,Electronics,2,7976,15154.4,5.0,No,None,Wallet,1,4.3,No
ORD105356,2024-07-10,CUST6282,Premium,Electronics,1,4770,2718.9,43.0,No,None,COD,5,3.0,No
ORD105357,2024-01-05,CUST9041,Premium,Groceries,2,2771,5154.0599999999995,7.0,No,None,COD,3,4.0,No
ORD105358,2024-08-24,CUST8025,New,Groceries,3,9807,22359.96,24.0,No,None,UPI,2,4.8,No
ORD105359,2024-06-29,CUST5018,Premium,Electronics,5,8400,28979.999999999996,31.0,No,None,UPI,5,4.4,No
ORD105360,2024-11-06,CUST6518,New,Electronics,5,5832,22161.6,24.0,Yes,Diwali,Wallet,6,4.0,No
ORD105361,2024-02-06,CUST7062,Premium,Fashion,4,2062,7505.68,,No,None,COD,3,3.1,No
ORD105362,2024-02-25,CUST4057,Premium,Groceries,2,1433,1662.2800000000002,42.0,No,None,COD,1,4.2,No
ORD105363,2024-08-24,CUST8188,Regular,Groceries,1,3325,1995.0,40.0,No,None,Credit Card,2,3.4,No
ORD105364,2024-12-23,CUST5991,Premium,Beauty,3,4911,12375.72,16.0,Yes,Christmas/New Year,Credit Card,7,2.7,No
ORD105365,2024-12-14,CUST9033,Regular,Fashion,4,2657,5845.400000000001,45.0,No,,UPI,1,3.1,No
ORD105366,2024-07-15,CUST9288,New,Home Decor,2,8401,16465.96,2.0,No,None,COD,6,3.5,Yes
ORD105367,2024-03-13,CUST9526,Premium,Home Decor,1,6899,6347.08,,No,None,Wallet,1,5.0,No
ORD105368,2024-02-28,CUST2887,New,Home Decor,2,8659,14373.939999999999,17.0,No,None,COD,6,4.4,No
ORD105369,2024-08-27,CUST2915,Regular,Electronics,1,7357,3825.6400000000003,48.0,Yes,Raksha Bandhan,UPI,2,3.2,Yes
ORD105370,2024-01-02,CUST9355,Regular,Home Decor,2,2914,4137.88,29.0,No,None,Wallet,5,4.4,No
ORD105371,2024-12-25,CUST8464,New,Beauty,2,4746,9112.32,4.0,Yes,Christmas/New Year,COD,3,3.4,No
ORD105372,2024-07-06,CUST8673,Regular,Electronics,4,7564,20876.64,31.0,No,None,Credit Card,5,4.0,No
ORD105373,2024-11-02,CUST2964,Regular,Electronics,2,7419,10980.119999999999,26.0,Yes,Diwali,COD,7,4.4,No
ORD105374,2024-01-30,CUST6655,New,Home Decor,2,7836,12537.6,20.0,Yes,Republic Day,UPI,6,,No
ORD105375,2024-09-23,CUST5790,Premium,Electronics,4,9783,30131.64,23.0,No,None,UPI,2,2.9,No
ORD105376,2024-04-17,CUST3002,Regular,Fashion,4,7741,19507.32,37.0,No,None,COD,6,4.6,No
ORD105377,2024-11-27,CUST2194,New,Fashion,5,9474,46422.6,2.0,No,None,UPI,3,4.8,No
ORD105378,2024-03-30,CUST5584,Regular,Home Decor,5,8685,36911.25,15.0,Yes,Holi,Credit Card,2,3.1,No
ORD105379,2024-07-23,CUST6283,New,Beauty,4,3035,10440.4,14.0,No,None,Credit Card,4,3.3,No
ORD105380,2024-08-07,CUST6716,Regular,Electronics,3,8213,18725.64,24.0,No,None,Credit Card,4,4.8,No
ORD105381,2024-04-03,CUST2964,Premium,Groceries,1,8155,7584.15,7.0,No,None,COD,5,5.0,Yes
ORD105382,2024-04-12,CUST5266,Regular,Home Decor,4,4405,10572.0,40.0,No,None,UPI,2,3.6,No
ORD105383,2024-08-10,CUST2440,Premium,Electronics,5,2354,11416.9,3.0,Yes,Independence Day,Credit Card,7,2.6,No
ORD105384,2024-07-04,CUST1747,Regular,Home Decor,2,5308,7325.039999999999,31.0,No,None,Wallet,3,4.8,No
ORD105385,2024-07-02,CUST8811,New,Home Decor,4,4123,9235.52,44.0,No,None,UPI,5,2.6,No
ORD105386,2024-06-10,CUST4888,Regular,Beauty,4,6284,16589.76,34.0,No,None,UPI,4,3.3,Yes
ORD105387,2024-09-03,CUST7557,Regular,Groceries,5,7462,26490.1,29.0,No,None,Wallet,4,2.7,No
ORD105388,2024-01-31,CUST3259,Premium,Electronics,5,4068,12610.8,38.0,No,None,UPI,4,3.8,No
ORD105389,2024-02-21,CUST1148,Regular,Home Decor,3,3990,6344.1,47.0,No,None,Credit Card,5,2.6,No
ORD105390,2024-12-10,CUST9278,Regular,Home Decor,5,9236,24013.600000000002,48.0,No,None,UPI,3,3.1,No
ORD105391,2024-03-16,CUST7987,Regular,Electronics,5,2207,7834.849999999999,29.0,No,None,Credit Card,4,3.6,No
ORD105392,2024-10-04,CUST5253,Regular,Home Decor,5,1473,6186.599999999999,16.0,No,None,Credit Card,7,2.7,No
ORD105393,2024-02-09,CUST5969,Regular,Home Decor,2,7073,11599.720000000001,18.0,No,None,Credit Card,5,3.7,No
ORD105394,2024-04-10,CUST8016,Regular,Home Decor,4,7052,19745.6,30.0,No,None,COD,5,3.2,No
ORD105395,2024-04-20,CUST5703,Regular,Fashion,4,9604,32269.44,16.0,No,None,UPI,1,3.2,No
ORD105396,2024-11-16,CUST3907,Premium,Fashion,5,8011,39654.45,1.0,No,None,Wallet,1,4.8,No
ORD105397,2024-09-05,CUST1991,Premium,Groceries,3,2464,4730.88,36.0,No,None,COD,7,4.2,No
ORD105398,2024-07-09,CUST2609,Regular,Beauty,5,1810,4796.5,47.0,No,None,COD,6,4.8,No
ORD105399,2024-06-30,CUST9771,New,Electronics,3,9810,21189.6,28.0,No,None,COD,3,3.9,No
ORD105400,2024-11-30,CUST1487,New,Beauty,4,1986,5640.24,29.0,No,None,COD,4,4.8,No
ORD105401,2024-07-27,CUST9487,Regular,Beauty,3,4599,8002.260000000001,42.0,No,None,Credit Card,1,4.6,No
ORD105402,2024-01-22,CUST3844,Regular,Fashion,3,3682,8726.34,21.0,Yes,Republic Day,Credit Card,3,5.0,No
ORD105403,2024-06-14,CUST6361,New,Groceries,1,6746,4249.9800000000005,,No,None,,1,3.8,No
ORD105404,2024-04-08,CUST5059,Regular,Beauty,3,8771,23681.7,10.0,No,None,UPI,7,4.2,No
ORD105405,2024-07-26,CUST9668,Regular,Beauty,3,6795,13861.8,32.0,No,None,Wallet,4,2.9,No
ORD105406,2024-01-08,CUST4382,Regular,Home Decor,2,893,1464.5200000000002,18.0,No,None,UPI,5,4.8,Yes
ORD105407,2024-07-08,CUST4913,Premium,Electronics,4,9839,38568.88,2.0,No,None,Credit Card,4,3.5,Yes
ORD105408,2024-06-23,CUST1543,Regular,Groceries,5,7225,22036.25,39.0,No,None,UPI,1,4.8,No
ORD105409,2024-09-29,CUST3979,Premium,Electronics,1,1955,1544.45,21.0,No,None,UPI,4,2.8,Yes
ORD105410,2024-01-17,CUST7649,Premium,Fashion,3,7233,18010.17,17.0,No,,COD,7,3.8,Yes
ORD105411,2024-03-30,CUST3433,Premium,Beauty,2,7893,8840.160000000002,44.0,Yes,Holi,Wallet,5,2.5,No
ORD105412,2024-05-20,CUST6962,New,Beauty,2,1047,1486.74,29.0,No,None,COD,2,3.5,No
ORD105413,2024-05-24,CUST6846,Regular,Electronics,5,4261,21305.0,0.0,No,None,COD,5,2.7,No
ORD105414,2024-06-14,CUST9647,Premium,Fashion,5,1395,5649.75,19.0,No,None,COD,1,3.6,No
ORD105415,2024-12-02,CUST3775,Regular,Home Decor,4,9904,20600.32,48.0,No,None,COD,5,3.9,No
ORD105416,2024-03-18,CUST9734,Regular,Home Decor,3,5678,16352.64,4.0,No,None,Credit Card,6,4.6,No
ORD105417,2024-09-18,CUST7384,Regular,Beauty,2,6532,11626.960000000001,11.0,No,None,Wallet,3,3.2,No
ORD105418,2024-06-11,CUST7487,Regular,Beauty,1,8354,7518.6,10.0,No,None,COD,4,3.9,No
ORD105419,2024-12-31,CUST1016,Regular,Groceries,4,5848,18011.84,23.0,Yes,Christmas/New Year,Wallet,6,2.7,No
ORD105420,2024-01-14,CUST9904,Regular,Electronics,3,3520,8764.8,17.0,No,None,COD,2,4.8,No
ORD105421,2024-08-26,CUST4157,Regular,Beauty,5,2657,12355.05,7.0,Yes,Raksha Bandhan,Credit Card,2,3.6,No
ORD105422,2024-03-12,CUST5573,Premium,Fashion,3,3650,7884.0,28.0,No,None,COD,4,3.1,No
ORD105423,2024-05-22,CUST9917,Regular,Electronics,5,8618,34041.1,21.0,No,None,UPI,4,,No
ORD105424,2024-11-05,CUST5184,Premium,Groceries,3,2007,3371.76,44.0,Yes,Diwali,Credit Card,3,3.7,No
ORD105425,2024-10-09,CUST7882,Regular,Home Decor,1,618,611.82,1.0,No,None,Wallet,5,4.4,No
ORD105426,2024-09-25,CUST1130,Regular,Groceries,4,3355,10467.6,22.0,No,None,UPI,2,4.9,No
ORD105427,2024-08-28,CUST8102,Regular,Electronics,5,9310,39567.5,15.0,Yes,Raksha Bandhan,UPI,1,3.0,No
ORD105428,2024-09-01,CUST5820,Regular,Home Decor,1,7564,4311.4800000000005,43.0,No,None,Credit Card,4,2.6,No
ORD105429,2024-06-11,CUST6544,Premium,Fashion,2,4018,7473.48,7.0,No,None,Wallet,4,4.1,No
ORD105430,2024-02-29,CUST6931,Regular,Home Decor,1,2831,2746.0699999999997,3.0,No,None,,6,4.7,No
ORD105431,2024-01-06,CUST3191,New,Home Decor,1,3874,3370.38,13.0,No,None,COD,6,3.9,No
ORD105432,2024-07-15,CUST4585,New,Fashion,1,9737,8958.04,8.0,No,None,Credit Card,6,2.7,No
ORD105433,2024-02-27,CUST7781,Regular,Beauty,5,4830,21735.0,10.0,No,None,Credit Card,2,,No
ORD105434,2024-10-31,CUST8407,Premium,Beauty,2,7068,7492.08,47.0,Yes,Diwali,COD,6,4.1,No
ORD105435,2024-08-04,CUST7349,Regular,Home Decor,4,5713,14396.76,37.0,No,None,COD,4,3.3,No
ORD105436,2024-01-26,CUST3525,Premium,Home Decor,1,2029,1156.5300000000002,43.0,Yes,Republic Day,Wallet,2,4.6,No
ORD105437,2024-10-29,CUST9193,Premium,Groceries,5,8476,36023.0,15.0,Yes,,Credit Card,7,3.1,No
ORD105438,2024-01-05,CUST9881,Regular,Beauty,5,4012,17652.8,12.0,No,None,COD,1,3.4,No
ORD105439,2024-01-20,CUST8721,Regular,Fashion,4,1086,2823.6,35.0,Yes,Republic Day,Wallet,1,4.8,No
ORD105440,2024-07-16,CUST6356,Regular,Home Decor,3,7794,13327.740000000002,43.0,No,None,Wallet,7,3.9,No
ORD105441,2024-02-28,CUST7481,Regular,Home Decor,2,2997,3896.1,35.0,No,None,COD,2,2.5,No
ORD105442,2024-08-29,CUST1520,Premium,Groceries,2,4347,7302.96,16.0,Yes,Raksha Bandhan,COD,4,3.1,No
ORD105443,2024-05-25,CUST6441,Regular,Groceries,1,2331,2027.97,13.0,No,None,Wallet,3,4.4,No
ORD105444,2024-09-29,CUST1242,Regular,Groceries,3,2959,6391.44,28.0,No,None,UPI,7,2.6,No
ORD105445,2024-09-05,CUST7449,Regular,Electronics,2,9132,15341.76,16.0,No,None,COD,3,5.0,No
ORD105446,2024-01-14,CUST6401,Premium,Fashion,1,3076,3076.0,0.0,No,None,UPI,5,4.7,No
ORD105447,2024-01-13,CUST9861,Regular,Electronics,3,255,619.6500000000001,19.0,No,None,Wallet,3,3.1,No
ORD105448,2024-02-13,CUST5146,Premium,Home Decor,5,3562,12110.8,32.0,No,None,Credit Card,6,4.7,No
ORD105449,2024-01-19,CUST9249,Premium,Groceries,1,9198,9106.02,1.0,No,None,UPI,4,4.2,Yes
ORD105450,2024-03-03,CUST3572,Premium,Groceries,3,3256,8205.119999999999,16.0,No,None,UPI,3,3.6,No
ORD105451,2024-08-26,CUST5110,Premium,Groceries,4,4950,15444.0,22.0,Yes,Raksha Bandhan,UPI,5,3.0,Yes
ORD105452,2024-12-02,CUST9329,Regular,Beauty,2,9398,14848.84,21.0,No,None,UPI,1,3.0,Yes
ORD105453,2024-04-09,CUST1551,Regular,Fashion,1,5203,5203.0,0.0,No,,UPI,2,4.0,No
ORD105454,2024-06-11,CUST8826,Premium,Electronics,5,8105,36067.25,11.0,No,None,UPI,3,3.5,No
ORD105455,2024-05-01,CUST1464,New,Fashion,1,4303,3786.64,12.0,No,None,Credit Card,2,4.0,No
ORD105456,2024-02-13,CUST5201,Premium,Groceries,2,6467,11252.58,13.0,No,None,Credit Card,7,3.3,Yes
ORD105457,2024-12-25,CUST5619,Regular,Home Decor,2,1981,3605.42,9.0,Yes,,Credit Card,2,3.1,Yes
ORD105458,2024-11-12,CUST3786,Regular,Beauty,3,1189,3174.63,11.0,No,None,UPI,6,4.6,No
ORD105459,2024-05-24,CUST9764,New,Fashion,5,7752,30620.4,21.0,No,None,Wallet,6,4.8,No
ORD105460,2024-11-22,CUST5510,Regular,Home Decor,3,5399,13443.51,17.0,No,None,COD,1,4.3,No
ORD105461,2024-12-28,CUST9445,Regular,Groceries,5,3569,11063.9,38.0,Yes,Christmas/New Year,UPI,5,2.9,No
ORD105462,2024-02-19,CUST2146,Regular,Groceries,1,577,473.14000000000004,18.0,No,None,Credit Card,4,2.7,No
ORD105463,2024-03-05,CUST4765,New,Groceries,1,2577,1829.6699999999998,29.0,No,None,Wallet,4,3.8,No
ORD105464,2024-12-20,CUST2438,Regular,Groceries,3,6245,16112.1,14.0,Yes,Christmas/New Year,Wallet,4,3.9,No
ORD105465,2024-10-14,CUST1099,Regular,Beauty,4,481,1192.8799999999999,38.0,No,None,UPI,7,4.1,No
ORD105466,2024-06-12,CUST6645,Premium,Beauty,2,3119,5427.06,13.0,No,None,Credit Card,5,4.8,No
ORD105467,2024-05-20,CUST5751,Regular,Fashion,3,7184,19827.84,8.0,No,None,COD,6,4.1,No
ORD105468,2024-11-09,CUST3093,New,Groceries,3,3794,10926.72,4.0,Yes,Diwali,COD,5,4.8,Yes
ORD105469,2024-05-07,CUST6749,Premium,Beauty,1,2038,1385.84,32.0,No,None,Credit Card,5,2.8,No
ORD105470,2024-08-26,CUST6714,Regular,Home Decor,2,6770,7176.200000000001,47.0,Yes,Raksha Bandhan,Credit Card,3,4.3,No
ORD105471,2024-11-19,CUST6497,New,Beauty,3,8606,24785.28,4.0,No,None,Wallet,2,4.8,Yes
ORD105472,2024-10-22,CUST3063,New,Beauty,1,4930,3796.1,23.0,Yes,Diwali,UPI,5,3.7,Yes
ORD105473,2024-07-05,CUST5887,Regular,Fashion,1,2320,2157.6,7.0,No,None,UPI,5,4.9,Yes
ORD105474,2024-07-26,CUST5165,Regular,Beauty,3,3070,7552.200000000001,18.0,No,None,UPI,7,3.9,No
ORD105475,2024-08-07,CUST5497,New,Home Decor,3,985,2629.95,11.0,No,None,COD,3,4.9,No
ORD105476,2024-07-08,CUST3010,Regular,Groceries,1,7973,7414.889999999999,7.0,No,None,COD,2,4.4,No
ORD105477,2024-12-11,CUST2971,New,Electronics,3,1137,3172.2299999999996,7.0,No,None,COD,7,3.6,No
ORD105478,2024-10-10,CUST4923,New,Fashion,2,9648,12156.48,,No,None,UPI,6,2.6,No
ORD105479,2024-12-17,CUST3588,Regular,Home Decor,1,3312,2682.7200000000003,19.0,No,None,Credit Card,6,4.1,No
ORD105480,2024-08-24,CUST2896,New,Fashion,1,6632,4775.04,28.0,No,None,Credit Card,4,3.1,No
ORD105481,2024-07-12,CUST6532,Regular,Groceries,3,6898,12416.4,40.0,No,None,UPI,1,3.2,No
ORD105482,2024-10-13,CUST4838,Premium,Beauty,3,7637,15350.369999999999,33.0,No,None,UPI,5,2.5,No
ORD105483,2024-09-15,CUST9415,Regular,Beauty,3,4734,11787.66,17.0,No,None,Credit Card,5,3.9,No
ORD105484,2024-09-02,CUST8753,New,Home Decor,2,9729,19458.0,0.0,No,None,Credit Card,1,3.2,Yes
ORD105485,2024-05-15,CUST4227,Premium,Groceries,1,5829,5246.1,10.0,No,None,COD,5,5.0,No
ORD105486,2024-10-06,CUST9666,Premium,Electronics,4,6371,13761.36,46.0,No,None,Wallet,6,4.4,No
ORD105487,2024-09-27,CUST8071,New,Electronics,2,8661,9873.54,43.0,No,None,Wallet,5,,No
ORD105488,2024-06-19,CUST6715,Premium,Beauty,2,1690,2230.7999999999997,34.0,No,None,UPI,5,3.2,No
ORD105489,2024-06-07,CUST1351,Regular,Groceries,1,6241,4306.29,31.0,No,None,Wallet,1,4.3,No
ORD105490,2024-07-19,CUST3267,New,Groceries,4,4969,11726.840000000002,41.0,No,None,Wallet,6,3.1,No
ORD105491,2024-02-14,CUST7823,Premium,Home Decor,1,6589,5600.65,15.0,No,None,Wallet,3,3.6,No
ORD105492,2024-09-20,CUST5558,New,Electronics,2,8801,16721.899999999998,5.0,No,None,COD,3,2.9,No
ORD105493,2024-03-11,CUST7002,New,Home Decor,3,6841,18881.16,8.0,No,None,COD,1,3.1,No
ORD105494,2024-12-29,CUST9513,Regular,Fashion,1,9833,5998.13,39.0,Yes,Christmas/New Year,Credit Card,3,2.7,Yes
ORD105495,2024-04-12,CUST8003,Regular,Groceries,1,7355,5810.45,21.0,No,None,UPI,4,3.6,No
ORD105496,2024-05-04,CUST6961,Regular,Electronics,3,9183,14600.970000000001,47.0,No,None,Wallet,4,4.8,No
ORD105497,2024-11-08,CUST4966,Premium,Home Decor,4,5542,20616.239999999998,7.0,Yes,Diwali,Credit Card,6,2.8,Yes
ORD105498,2024-10-12,CUST2991,Regular,Beauty,4,559,1542.84,31.0,No,None,COD,1,3.6,No
ORD105499,2024-08-17,CUST6745,Premium,Fashion,1,4877,3657.75,25.0,Yes,Independence Day,Wallet,2,3.2,No
ORD105500,2024-05-25,CUST5446,Regular,Home Decor,3,5339,13294.109999999999,17.0,No,None,UPI,6,3.4,No
ORD105501,2024-07-15,CUST2353,Regular,Beauty,1,8814,5640.96,36.0,No,None,Wallet,5,4.4,No
ORD105502,2024-08-08,CUST3010,Regular,Electronics,3,8512,22727.04,11.0,No,None,COD,2,3.6,No
ORD105503,2024-02-29,CUST9138,Regular,Electronics,2,2420,3049.2,37.0,No,None,Wallet,5,4.1,No
ORD105504,2024-04-07,CUST3799,Premium,Fashion,3,4329,8701.289999999999,33.0,No,None,Wallet,6,4.9,No
ORD105505,2024-06-19,CUST4451,Regular,Beauty,1,8462,8208.14,3.0,No,None,Wallet,7,4.0,No
ORD105506,2024-06-21,CUST9481,Regular,Groceries,5,3892,16541.0,15.0,No,None,Wallet,3,3.3,No
ORD105507,2024-05-30,CUST2413,Regular,Electronics,4,4830,14876.4,23.0,No,None,COD,3,3.5,No
ORD105508,2024-12-15,CUST4982,Premium,Groceries,1,8405,7312.35,13.0,No,None,Credit Card,4,4.2,No
ORD105509,2024-05-01,CUST3988,New,Groceries,3,5625,14175.0,16.0,No,None,Wallet,2,4.2,No
ORD105510,2024-04-17,CUST6821,Regular,Home Decor,3,4100,8610.0,30.0,No,None,UPI,1,3.4,No
ORD105511,2024-01-04,CUST1004,Premium,Home Decor,4,8662,33608.56,3.0,No,,Wallet,7,4.3,Yes
ORD105512,2024-04-02,CUST7140,Regular,Electronics,1,6092,3106.92,49.0,No,None,UPI,5,3.9,No
ORD105513,2024-01-06,CUST9521,Regular,Groceries,5,5813,16567.050000000003,43.0,No,None,UPI,3,5.0,No
ORD105514,2024-10-14,CUST9760,Premium,Home Decor,2,9975,13366.499999999998,33.0,No,None,Wallet,7,4.8,No
ORD105515,2024-04-15,CUST2921,Regular,Beauty,5,722,2274.3,37.0,No,None,Wallet,6,4.6,No
ORD105516,2024-05-25,CUST9970,Premium,Beauty,2,3017,3801.42,37.0,No,None,UPI,7,2.6,No
ORD105517,2024-09-27,CUST4948,Regular,Beauty,2,5150,10094.0,2.0,No,None,COD,5,3.5,No
ORD105518,2024-04-05,CUST1540,New,Beauty,1,3039,2826.27,7.0,No,None,Credit Card,1,3.9,No
ORD105519,2024-08-16,CUST5947,Regular,Groceries,2,8089,14398.42,11.0,Yes,Independence Day,UPI,7,3.8,No
ORD105520,2024-07-20,CUST6516,Premium,Beauty,3,7691,15228.179999999998,34.0,No,None,COD,5,4.4,No
ORD105521,2024-07-30,CUST6849,New,Groceries,2,8214,16263.72,1.0,No,None,Credit Card,4,4.8,No
ORD105522,2024-01-06,CUST2300,Regular,Electronics,2,7891,11363.039999999999,28.0,No,None,Credit Card,1,4.5,Yes
ORD105523,2024-04-21,CUST4812,Regular,Electronics,4,642,2003.04,22.0,No,None,Credit Card,1,3.1,No
ORD105524,2024-11-18,CUST6654,Regular,Beauty,4,6594,17935.679999999997,32.0,No,None,Wallet,5,3.7,Yes
ORD105525,2024-04-15,CUST8761,Premium,Beauty,1,8202,4183.02,49.0,No,None,Wallet,5,3.5,No
ORD105526,2024-05-18,CUST8064,Regular,Beauty,1,9613,7978.79,17.0,No,None,UPI,3,4.4,Yes
ORD105527,2024-10-25,CUST8759,Regular,Electronics,3,1094,2002.02,39.0,Yes,Diwali,Wallet,5,4.7,No
ORD105528,2024-04-05,CUST2544,Premium,Home Decor,4,2453,7751.4800000000005,21.0,No,None,COD,1,3.2,No
ORD105529,2024-12-02,CUST8351,Regular,Electronics,5,2210,9613.5,13.0,No,None,Credit Card,7,3.7,No
ORD105530,2024-10-23,CUST8850,Premium,Beauty,1,7057,5081.04,28.0,Yes,Diwali,Credit Card,6,4.3,No
ORD105531,2024-08-01,CUST8315,Regular,Home Decor,1,5193,2908.0800000000004,44.0,No,None,Credit Card,5,2.6,No
ORD105532,2024-10-17,CUST6542,Regular,Home Decor,4,4835,16632.4,14.0,No,None,Wallet,6,4.9,No
ORD105533,2024-01-22,CUST8360,Premium,Fashion,4,8008,27547.52,14.0,Yes,Republic Day,Wallet,6,4.5,No
ORD105534,2024-07-11,CUST1898,Premium,Groceries,3,7197,12090.960000000001,44.0,No,None,Wallet,3,3.9,No
ORD105535,2024-05-29,CUST4437,Regular,Beauty,4,9437,36615.56,3.0,No,None,COD,2,4.4,No
ORD105536,2024-09-03,CUST5329,Regular,Groceries,2,5033,6542.900000000001,35.0,No,None,Wallet,6,4.6,No
ORD105537,2024-09-23,CUST2061,Regular,Fashion,5,3134,15043.199999999999,4.0,No,None,Wallet,4,3.7,No
ORD105538,2024-09-07,CUST7638,Regular,Groceries,2,8862,17369.52,2.0,No,None,Wallet,6,3.6,No
ORD105539,2024-01-03,CUST8895,Regular,Beauty,2,571,1016.38,11.0,No,None,COD,7,4.6,No
ORD105540,2024-11-11,CUST3755,Regular,Fashion,2,7198,11660.76,19.0,No,None,Wallet,1,4.6,No
ORD105541,2024-03-16,CUST1734,Premium,Groceries,1,1603,913.7100000000002,43.0,No,None,UPI,7,2.8,No
ORD105542,2024-03-27,CUST8958,Premium,Electronics,2,4802,7779.240000000001,,Yes,Holi,Wallet,3,4.8,No
ORD105543,2024-09-26,CUST8734,Regular,Home Decor,1,4146,2570.52,38.0,No,None,UPI,4,3.2,No
ORD105544,2024-08-12,CUST3628,Regular,Fashion,4,4873,12085.039999999999,38.0,Yes,Independence Day,COD,7,4.2,No
ORD105545,2024-01-18,CUST2181,Regular,Electronics,5,1207,6035.0,0.0,No,None,UPI,5,4.3,No
ORD105546,2024-04-22,CUST4110,Premium,Beauty,5,867,2470.9500000000003,,No,None,COD,6,3.2,No
ORD105547,2024-09-07,CUST7537,New,Home Decor,2,1646,3226.16,2.0,No,None,Wallet,5,3.3,No
ORD105548,2024-08-20,CUST6312,Premium,Fashion,5,4166,11248.2,,Yes,Independence Day,Wallet,2,4.3,No
ORD105549,2024-11-24,CUST7094,Premium,Home Decor,1,4568,4202.56,8.0,No,None,UPI,5,2.9,No
ORD105550,2024-10-05,CUST7058,New,Fashion,4,5517,17875.08,19.0,No,None,Wallet,4,4.6,No
ORD105551,2024-07-20,CUST9616,Regular,Fashion,2,7446,13700.640000000001,8.0,No,None,UPI,3,3.1,No
ORD105552,2024-03-23,CUST4245,Regular,Groceries,3,3229,6780.9,30.0,Yes,Holi,COD,7,,No
ORD105553,2024-05-04,CUST9005,Premium,Home Decor,5,8432,23188.000000000004,45.0,No,None,Wallet,2,3.2,No
ORD105554,2024-06-23,CUST3725,Regular,Home Decor,5,6092,22235.8,27.0,No,None,Wallet,4,3.1,No
ORD105555,2024-03-09,CUST9473,Premium,Electronics,2,7390,9754.8,34.0,No,None,Wallet,3,4.9,No
ORD105556,2024-02-16,CUST1967,Premium,Beauty,5,5004,15262.199999999999,39.0,No,None,Credit Card,7,3.1,No
ORD105557,2024-09-12,CUST1189,Premium,Electronics,5,6579,20723.85,37.0,No,None,Credit Card,4,3.9,No
ORD105558,2024-08-02,CUST7770,Regular,Groceries,3,8517,14564.070000000002,43.0,No,None,UPI,5,4.4,No
ORD105559,2024-01-30,CUST6586,Premium,Fashion,1,977,967.23,1.0,Yes,Republic Day,Credit Card,4,2.6,Yes
ORD105560,2024-10-07,CUST3393,Premium,Groceries,2,9227,18084.92,2.0,No,None,Wallet,2,4.7,No
ORD105561,2024-08-24,CUST9326,New,Groceries,2,9270,16129.8,13.0,No,None,Credit Card,4,2.9,No
ORD105562,2024-09-04,CUST3113,Premium,Electronics,3,4689,11816.279999999999,16.0,No,None,UPI,1,4.0,No
ORD105563,2024-01-25,CUST6511,New,Fashion,3,6470,12810.599999999999,34.0,Yes,Republic Day,Credit Card,5,4.1,No
ORD105564,2024-03-14,CUST2755,Regular,Beauty,1,7481,7256.57,3.0,No,None,COD,4,4.1,No
ORD105565,2024-07-24,CUST1761,Regular,Groceries,4,9228,19932.48,46.0,No,None,,3,4.3,No
ORD105566,2024-11-09,CUST7187,Regular,Beauty,2,8916,12660.72,29.0,Yes,Diwali,Credit Card,5,4.8,No
ORD105567,2024-04-03,CUST1900,Regular,Fashion,5,9643,29893.3,38.0,No,None,COD,6,4.8,No
ORD105568,2024-05-06,CUST8129,New,Fashion,1,7888,6862.56,13.0,No,None,COD,3,3.9,No
ORD105569,2024-01-25,CUST6165,New,Electronics,2,4441,4707.46,47.0,Yes,Republic Day,Credit Card,2,3.4,No
ORD105570,2024-11-29,CUST3481,Regular,Home Decor,1,7530,5572.2,26.0,No,None,COD,6,3.3,No
ORD105571,2024-12-20,CUST8067,Regular,Electronics,4,9126,32123.52,12.0,Yes,Christmas/New Year,UPI,6,4.7,No
ORD105572,2024-04-25,CUST8646,Regular,Beauty,2,7071,11455.02,19.0,No,None,UPI,6,4.6,No
ORD105573,2024-02-17,CUST5692,New,Electronics,5,368,956.8000000000001,48.0,No,None,Wallet,1,3.2,No
ORD105574,2024-08-13,CUST7604,Regular,Fashion,2,9540,9921.6,48.0,Yes,Independence Day,UPI,7,2.9,No
ORD105575,2024-09-22,CUST2041,Regular,Groceries,1,8691,6692.07,23.0,No,None,Wallet,4,4.7,No
ORD105576,2024-04-08,CUST3363,Regular,Home Decor,4,5233,19048.12,9.0,No,None,Wallet,5,4.0,No
ORD105577,2024-01-11,CUST5479,Regular,Fashion,1,721,677.74,6.0,No,None,Credit Card,7,3.3,No
ORD105578,2024-03-25,CUST1354,New,Groceries,1,9009,7567.5599999999995,16.0,Yes,Holi,COD,4,4.0,No
ORD105579,2024-08-01,CUST4755,Regular,Beauty,3,8693,20602.41,21.0,No,None,Credit Card,4,2.7,No
ORD105580,2024-06-21,CUST6650,Regular,Beauty,1,9044,5155.080000000001,43.0,No,None,Wallet,5,3.0,No
ORD105581,2024-07-27,CUST1190,Regular,Beauty,4,3501,12603.6,10.0,No,None,Credit Card,7,3.9,No
ORD105582,2024-03-04,CUST6495,Regular,Electronics,5,4359,12859.050000000001,41.0,No,None,COD,6,3.8,No
ORD105583,2024-09-14,CUST8203,Premium,Beauty,3,2479,5800.860000000001,22.0,No,None,COD,6,3.1,No
ORD105584,2024-11-27,CUST8843,Regular,Beauty,1,1881,1485.99,21.0,No,None,COD,1,5.0,Yes
ORD105585,2024-04-30,CUST6119,Regular,Electronics,2,291,355.02,,No,None,Wallet,1,3.5,No
ORD105586,2024-10-24,CUST5814,New,Groceries,3,3906,6327.72,,Yes,Diwali,Credit Card,2,4.3,No
ORD105587,2024-02-23,CUST1196,Regular,Fashion,4,1160,3851.2,17.0,No,None,Credit Card,5,3.1,Yes
ORD105588,2024-11-26,CUST8691,Premium,Home Decor,2,4359,4882.080000000001,44.0,No,None,Wallet,5,3.6,No
ORD105589,2024-09-28,CUST9376,Regular,Beauty,4,1043,3129.0,25.0,No,None,Wallet,3,4.6,No
ORD105590,2024-08-28,CUST8380,Regular,Beauty,2,418,443.08000000000004,47.0,Yes,Raksha Bandhan,UPI,3,4.6,No
ORD105591,2024-08-30,CUST2613,Premium,Beauty,5,9095,32287.25,29.0,Yes,Raksha Bandhan,Credit Card,3,2.8,No
ORD105592,2024-01-18,CUST2886,New,Electronics,4,6228,21922.56,12.0,No,None,COD,1,3.4,No
ORD105593,2024-07-05,CUST6690,Premium,Electronics,2,446,865.24,3.0,No,None,Credit Card,2,3.0,No
ORD105594,2024-12-11,CUST4283,Regular,Electronics,4,5309,12316.880000000001,42.0,No,None,UPI,2,4.7,No
ORD105595,2024-05-23,CUST9846,Regular,Home Decor,3,8448,18754.56,26.0,No,None,COD,6,4.4,No
ORD105596,2024-09-18,CUST2208,Regular,Fashion,4,6324,15430.56,39.0,No,None,UPI,4,3.9,No
ORD105597,2024-12-29,CUST8170,Premium,Beauty,4,6525,23751.0,9.0,Yes,Christmas/New Year,Wallet,2,4.1,No
ORD105598,2024-08-26,CUST2944,Premium,Groceries,2,6507,7417.9800000000005,43.0,Yes,Raksha Bandhan,Wallet,7,4.8,No
ORD105599,2024-10-30,CUST5182,Regular,Beauty,4,2112,6167.04,27.0,Yes,Diwali,Credit Card,3,3.3,No
ORD105600,2024-10-24,CUST9289,Premium,Beauty,5,4421,17684.0,20.0,Yes,Diwali,Wallet,5,2.5,No
ORD105601,2024-03-16,CUST6923,Premium,Beauty,1,7574,6816.6,10.0,No,None,Wallet,4,2.6,No
ORD105602,2024-07-06,CUST5555,Regular,Beauty,3,466,1132.38,19.0,No,None,Credit Card,6,2.6,No
ORD105603,2024-11-28,CUST3672,Premium,Fashion,2,3682,4786.6,35.0,No,None,UPI,1,2.8,No
ORD105604,2024-09-02,CUST2261,Regular,Groceries,4,1731,5677.68,18.0,No,None,UPI,2,3.9,No
ORD105605,2024-05-09,CUST9231,Regular,Electronics,4,4764,17340.96,9.0,No,None,COD,6,5.0,No
ORD105606,2024-11-10,CUST2872,New,Groceries,4,4428,15232.32,14.0,Yes,Diwali,COD,5,3.5,No
ORD105607,2024-10-09,CUST5208,Regular,Beauty,3,7355,12356.400000000001,44.0,No,None,UPI,3,4.3,No
ORD105608,2024-03-19,CUST4992,Regular,Groceries,1,9411,5270.160000000001,,No,None,Wallet,1,4.5,Yes
ORD105609,2024-03-12,CUST6838,Premium,Beauty,5,517,2145.5499999999997,17.0,No,None,COD,1,4.5,No
ORD105610,2024-09-19,CUST6188,New,Groceries,5,9992,46962.399999999994,6.0,No,None,UPI,2,3.6,No
ORD105611,2024-07-09,CUST4563,New,Home Decor,2,910,1292.2,29.0,No,None,Wallet,7,3.9,No
ORD105612,2024-03-03,CUST9880,Premium,Groceries,1,8842,7692.54,13.0,No,,Wallet,5,3.3,No
ORD105613,2024-01-12,CUST7913,Regular,Electronics,1,1943,1243.52,36.0,No,None,UPI,3,4.2,No
ORD105614,2024-05-20,CUST2812,New,Electronics,3,1523,2741.4,40.0,No,None,Credit Card,3,3.5,No
ORD105615,2024-09-10,CUST5706,Premium,Groceries,4,2880,8179.2,29.0,No,None,UPI,3,3.3,No
ORD105616,2024-02-12,CUST4266,Regular,Groceries,1,4437,3283.38,26.0,No,None,Wallet,3,4.1,Yes
ORD105617,2024-01-17,CUST5594,New,Fashion,4,3251,6762.08,48.0,No,None,COD,2,3.4,No
ORD105618,2024-03-03,CUST6252,Regular,Groceries,3,4864,9338.880000000001,36.0,No,None,Wallet,6,3.5,No
ORD105619,2024-09-09,CUST9577,Regular,Electronics,2,2904,3078.2400000000002,47.0,No,None,Wallet,6,4.3,Yes
ORD105620,2024-10-18,CUST3607,New,Home Decor,2,5875,7050.0,40.0,No,None,UPI,6,4.6,No
ORD105621,2024-01-08,CUST4827,Premium,Electronics,4,6987,23476.32,16.0,No,None,Wallet,2,3.6,No
ORD105622,2024-11-20,CUST5868,Regular,Fashion,4,2840,8065.599999999999,29.0,No,None,Credit Card,5,3.8,No
ORD105623,2024-03-30,CUST5664,Regular,Groceries,1,7576,6288.08,17.0,Yes,Holi,COD,7,4.4,No
ORD105624,2024-07-26,CUST6225,Premium,Home Decor,3,8338,24513.72,2.0,No,None,UPI,4,3.1,No
ORD105625,2024-10-18,CUST7908,Regular,Electronics,2,5562,8120.5199999999995,27.0,No,None,Credit Card,2,3.5,No
ORD105626,2024-10-10,CUST5665,Regular,Home Decor,1,894,572.16,36.0,No,None,COD,3,4.5,Yes
ORD105627,2024-04-27,CUST2223,Premium,Beauty,5,4453,15808.15,29.0,No,None,Credit Card,6,4.7,No
ORD105628,2024-12-14,CUST3118,New,Electronics,1,8731,6984.8,20.0,No,None,Wallet,6,4.1,No
ORD105629,2024-06-23,CUST4501,Premium,Beauty,4,1968,4093.44,48.0,No,None,Wallet,5,3.5,No
ORD105630,2024-03-16,CUST6215,Premium,Home Decor,5,8483,34356.15,19.0,No,None,Credit Card,3,4.0,No
ORD105631,2024-04-10,CUST9927,Premium,Groceries,1,371,293.09000000000003,21.0,No,None,COD,2,2.9,No
ORD105632,2024-05-30,CUST1357,Premium,Groceries,3,2949,5750.55,35.0,No,None,Credit Card,6,2.6,No
ORD105633,2024-09-26,CUST9059,Regular,Groceries,2,3302,4292.6,35.0,No,None,Credit Card,5,2.7,No
ORD105634,2024-03-11,CUST1516,New,Beauty,5,820,3280.0,20.0,No,None,Credit Card,7,2.8,No
ORD105635,2024-06-28,CUST1726,Regular,Groceries,3,5414,12506.34,23.0,No,None,COD,3,3.1,No
ORD105636,2024-05-03,CUST6268,Regular,Fashion,1,9380,7504.0,20.0,No,None,Credit Card,6,3.7,No
ORD105637,2024-10-19,CUST9345,Regular,Electronics,4,276,1037.76,6.0,No,None,Wallet,4,3.1,No
ORD105638,2024-10-11,CUST6629,Premium,Electronics,4,2398,8920.56,7.0,No,None,UPI,1,,No
ORD105639,2024-07-13,CUST2149,Regular,Home Decor,3,4437,10515.69,21.0,No,None,Wallet,1,5.0,Yes
ORD105640,2024-08-15,CUST9879,Regular,Beauty,4,8622,27245.52,21.0,Yes,Independence Day,Wallet,6,3.7,No
ORD105641,2024-10-01,CUST7224,Premium,Electronics,2,6227,8842.34,29.0,No,None,Credit Card,3,4.4,No
ORD105642,2024-04-15,CUST2466,New,Beauty,3,6055,12170.55,33.0,No,None,UPI,6,3.2,No
ORD105643,2024-01-21,CUST7843,Premium,Home Decor,3,2744,5927.04,28.0,Yes,Republic Day,Credit Card,7,4.9,No
ORD105644,2024-03-04,CUST4945,Regular,Groceries,4,3057,11127.48,9.0,No,None,UPI,1,3.1,Yes
ORD105645,2024-06-13,CUST7543,Regular,Home Decor,3,1753,5048.639999999999,4.0,No,None,Wallet,6,4.0,No
ORD105646,2024-01-27,CUST4857,Premium,Fashion,1,6474,3366.48,48.0,Yes,Republic Day,COD,6,5.0,No
ORD105647,2024-11-06,CUST3789,Regular,Groceries,5,3940,12214.0,38.0,Yes,Diwali,Credit Card,4,4.5,No
ORD105648,2024-10-11,CUST4359,Premium,Groceries,5,9353,31332.549999999996,33.0,No,None,Wallet,6,5.0,No
ORD105649,2024-05-27,CUST1935,Regular,Groceries,4,1827,4604.04,37.0,No,None,UPI,7,3.4,No
ORD105650,2024-10-07,CUST1374,New,Home Decor,2,1274,2318.6800000000003,9.0,No,None,Wallet,4,2.7,No
ORD105651,2024-11-21,CUST8309,Regular,Fashion,2,3404,6263.360000000001,8.0,No,None,,3,3.1,No
ORD105652,2024-11-14,CUST2780,Regular,Beauty,4,1228,3389.2799999999997,31.0,No,None,Wallet,4,4.9,No
ORD105653,2024-06-12,CUST3579,New,Home Decor,4,847,3252.48,4.0,No,None,COD,1,3.4,No
ORD105654,2024-08-11,CUST1428,Regular,Electronics,3,5503,10895.939999999999,34.0,Yes,Independence Day,Credit Card,3,2.8,No
ORD105655,2024-09-28,CUST9325,Regular,Electronics,2,3362,6051.6,10.0,No,None,Credit Card,7,4.0,No
ORD105656,2024-05-25,CUST9908,New,Home Decor,5,1102,3250.9000000000005,41.0,No,None,Credit Card,6,3.8,No
ORD105657,2024-12-21,CUST6376,Regular,Beauty,4,4267,14507.8,15.0,Yes,Christmas/New Year,COD,1,2.7,No
ORD105658,2024-01-30,CUST3004,Regular,Electronics,5,9895,36611.5,26.0,Yes,Republic Day,COD,4,3.6,No
ORD105659,2024-02-14,CUST5280,Regular,Beauty,5,5276,21367.800000000003,19.0,No,None,UPI,4,4.1,No
ORD105660,2024-10-01,CUST6829,Regular,Groceries,2,3097,6194.0,0.0,No,None,Credit Card,5,3.1,No
ORD105661,2024-02-03,CUST9429,Regular,Home Decor,5,9737,36513.75,25.0,No,None,UPI,2,2.8,No
ORD105662,2024-05-20,CUST1165,Premium,Groceries,3,5762,15557.4,10.0,No,None,Wallet,7,,No
ORD105663,2024-11-13,CUST1860,Premium,Electronics,3,8373,21602.34,14.0,No,None,UPI,7,4.1,No
ORD105664,2024-08-08,CUST6450,Regular,Beauty,2,8881,11012.44,38.0,No,None,UPI,6,2.9,No
ORD105665,2024-12-21,CUST6310,Regular,Groceries,3,5452,9977.16,39.0,Yes,Christmas/New Year,Wallet,2,4.1,No
ORD105666,2024-01-22,CUST1788,New,Electronics,4,8051,17068.120000000003,47.0,Yes,Republic Day,Wallet,3,4.3,No
ORD105667,2024-06-28,CUST4283,New,Fashion,2,8817,14636.22,17.0,No,None,UPI,1,4.0,No
ORD105668,2024-11-24,CUST6018,Regular,Groceries,5,7428,28597.8,23.0,No,None,UPI,2,2.8,No
ORD105669,2024-08-18,CUST7119,New,Fashion,4,5881,17172.52,27.0,Yes,Independence Day,Credit Card,3,2.8,No
ORD105670,2024-02-07,CUST6832,Premium,Fashion,2,5795,8808.4,24.0,No,None,COD,4,2.6,No
ORD105671,2024-03-10,CUST9632,Regular,Electronics,5,7590,29601.0,22.0,No,None,Wallet,2,3.1,No
ORD105672,2024-04-25,CUST2350,Regular,Home Decor,5,4191,18859.5,10.0,No,None,UPI,1,2.6,No
ORD105673,2024-08-26,CUST3339,Regular,Beauty,5,9799,33316.6,32.0,Yes,Raksha Bandhan,COD,5,4.5,No
ORD105674,2024-11-30,CUST7969,New,Electronics,5,6662,28313.5,15.0,No,None,UPI,7,2.5,No
ORD105675,2024-05-27,CUST3445,Premium,Groceries,5,6568,21346.0,35.0,No,None,Credit Card,5,4.0,Yes
ORD105676,2024-01-09,CUST5007,Premium,Beauty,2,8814,13749.84,22.0,No,None,UPI,2,4.5,No
ORD105677,2024-10-14,CUST1016,Regular,Home Decor,3,9606,27377.1,5.0,No,None,Wallet,5,4.7,Yes
ORD105678,2024-02-19,CUST9246,Premium,Electronics,5,4142,12011.800000000001,42.0,No,None,UPI,3,3.5,No
ORD105679,2024-12-03,CUST4242,Premium,Home Decor,4,2000,6160.0,23.0,No,None,UPI,6,4.1,No
ORD105680,2024-01-05,CUST1495,New,Groceries,2,2577,3247.02,37.0,No,None,Wallet,1,4.9,No
ORD105681,2024-12-08,CUST7134,Regular,Electronics,1,7523,4438.570000000001,41.0,No,None,Credit Card,4,4.2,No
ORD105682,2024-05-05,CUST1493,Premium,Groceries,3,2303,6563.549999999999,5.0,No,None,Wallet,1,4.8,No
ORD105683,2024-03-15,CUST6173,Regular,Beauty,4,1471,5354.4400000000005,9.0,No,None,UPI,4,4.2,No
ORD105684,2024-06-13,CUST2283,Premium,Beauty,5,5220,20619.0,21.0,No,None,Credit Card,5,2.7,No
ORD105685,2024-10-04,CUST8409,Premium,Home Decor,2,634,989.0400000000001,22.0,No,None,Wallet,3,3.0,Yes
ORD105686,2024-11-19,CUST7589,Regular,Home Decor,2,3798,7292.16,4.0,No,None,COD,4,4.9,No
ORD105687,2024-10-26,CUST4749,Premium,Beauty,5,3971,14494.15,27.0,Yes,Diwali,COD,7,4.6,No
ORD105688,2024-10-16,CUST7561,Regular,Fashion,4,8926,32847.68,8.0,No,None,COD,5,3.6,No
ORD105689,2024-03-17,CUST6085,New,Beauty,2,8772,10877.28,38.0,No,None,Wallet,4,2.9,No
ORD105690,2024-10-24,CUST8360,Regular,Electronics,3,2350,3666.0,48.0,Yes,Diwali,Credit Card,2,2.9,No
ORD105691,2024-05-16,CUST6577,Premium,Groceries,4,4324,9858.720000000001,43.0,No,None,Wallet,1,4.8,No
ORD105692,2024-04-15,CUST9804,New,Beauty,5,5802,21177.3,27.0,No,None,UPI,6,2.9,No
ORD105693,2024-04-04,CUST6431,Regular,Beauty,4,5367,16315.68,24.0,No,None,,6,3.5,No
ORD105694,2024-05-14,CUST8018,Premium,Groceries,4,5686,13191.520000000002,42.0,No,None,COD,3,4.8,No
ORD105695,2024-03-08,CUST6464,Regular,Groceries,1,4249,2676.87,37.0,No,None,COD,5,2.6,No
ORD105696,2024-05-26,CUST8617,Regular,Electronics,5,746,2760.2,26.0,No,None,UPI,3,4.1,No
ORD105697,2024-06-07,CUST1987,Premium,Groceries,3,4622,10676.82,23.0,No,None,Wallet,1,3.4,No
ORD105698,2024-06-11,CUST8818,Premium,Home Decor,5,5024,14569.600000000002,42.0,No,None,COD,6,2.8,No
ORD105699,2024-12-06,CUST7085,New,Beauty,1,3315,1922.7000000000003,42.0,No,None,Wallet,4,3.9,No
ORD105700,2024-07-07,CUST1046,New,Groceries,5,418,1149.5,45.0,No,None,COD,4,3.7,No
ORD105701,2024-12-04,CUST7797,Premium,Electronics,5,325,1381.25,15.0,No,None,UPI,3,2.7,Yes
ORD105702,2024-04-04,CUST3508,Premium,Groceries,3,9720,28868.4,1.0,No,None,Credit Card,4,3.2,No
ORD105703,2024-06-29,CUST5903,New,Beauty,1,9615,9518.85,1.0,No,None,Credit Card,4,4.4,Yes
ORD105704,2024-10-14,CUST7628,Regular,Fashion,5,4380,21024.0,4.0,No,None,COD,7,4.4,No
ORD105705,2024-11-17,CUST7543,Regular,Groceries,5,5360,14740.000000000002,45.0,No,None,COD,7,4.0,No
ORD105706,2024-07-05,CUST8887,Regular,Home Decor,2,2970,4752.0,20.0,No,None,Wallet,4,2.8,No
ORD105707,2024-05-17,CUST6773,New,Beauty,5,9966,45345.3,9.0,No,,Credit Card,2,4.6,No
ORD105708,2024-05-09,CUST6900,Premium,Electronics,3,2142,3791.3400000000006,41.0,No,None,Wallet,7,2.9,No
ORD105709,2024-07-12,CUST6920,Premium,Beauty,2,4657,7730.62,17.0,No,None,COD,5,4.3,No
ORD105710,2024-11-11,CUST2547,Regular,Fashion,1,1454,1090.5,25.0,No,None,Credit Card,5,2.6,No
ORD105711,2024-09-29,CUST4767,New,Electronics,4,1187,3845.88,19.0,No,None,,6,3.3,No
ORD105712,2024-12-17,CUST8001,Regular,Fashion,3,7437,13386.6,40.0,No,None,COD,7,3.7,No
ORD105713,2024-05-23,CUST3101,Premium,Fashion,1,8311,5402.150000000001,35.0,No,None,Wallet,1,2.6,No
ORD105714,2024-01-16,CUST6444,Regular,Home Decor,2,8155,8481.2,48.0,No,None,Wallet,4,2.9,Yes
ORD105715,2024-10-28,CUST2023,Regular,Groceries,4,5553,17769.600000000002,20.0,Yes,Diwali,COD,3,3.3,No
ORD105716,2024-09-01,CUST4401,Premium,Home Decor,1,9709,9611.91,1.0,No,None,Wallet,4,5.0,No
ORD105717,2024-04-16,CUST9017,New,Home Decor,3,1571,2592.15,45.0,No,None,Wallet,1,4.4,Yes
ORD105718,2024-03-28,CUST5982,Regular,Home Decor,2,560,761.5999999999999,32.0,Yes,Holi,Credit Card,4,4.6,No
ORD105719,2024-05-08,CUST2114,Regular,Electronics,3,8304,19431.36,22.0,No,None,Wallet,2,4.2,No
ORD105720,2024-12-06,CUST8522,Regular,Groceries,3,8749,16273.14,38.0,No,None,UPI,1,3.2,No
ORD105721,2024-01-04,CUST5676,Regular,Groceries,2,7984,11177.599999999999,,No,None,COD,5,4.3,No
ORD105722,2024-11-22,CUST4969,Regular,Electronics,5,8288,40196.799999999996,3.0,No,None,Wallet,5,4.2,No
ORD105723,2024-11-01,CUST5040,Premium,Home Decor,3,7929,14272.199999999999,40.0,Yes,Diwali,COD,2,4.0,No
ORD105724,2024-04-04,CUST5922,New,Home Decor,2,2983,5846.68,2.0,No,None,UPI,5,3.2,No
ORD105725,2024-07-27,CUST4918,Regular,Fashion,3,263,504.96000000000004,36.0,No,None,COD,6,3.2,No
ORD105726,2024-08-12,CUST8780,Premium,Fashion,5,2428,11047.4,9.0,Yes,Independence Day,UPI,2,,No
ORD105727,2024-12-13,CUST3417,Regular,Beauty,2,4049,4777.820000000001,41.0,No,None,UPI,5,3.3,No
ORD105728,2024-11-16,CUST2458,Regular,Fashion,1,6532,4507.08,31.0,No,None,Credit Card,7,2.7,No
ORD105729,2024-02-16,CUST3875,Regular,Groceries,1,4138,2689.7000000000003,35.0,No,None,UPI,5,4.5,No
ORD105730,2024-06-29,CUST3375,Premium,Electronics,1,1715,891.8000000000001,48.0,No,None,Credit Card,6,3.4,No
ORD105731,2024-04-15,CUST9502,Regular,Home Decor,4,8971,26554.16,26.0,No,None,Wallet,4,4.3,No
ORD105732,2024-07-17,CUST7805,Regular,Beauty,3,6513,10160.28,48.0,No,None,Credit Card,7,3.2,No
ORD105733,2024-04-15,CUST9190,Regular,Fashion,3,7986,19645.56,18.0,No,None,Credit Card,1,4.0,No
ORD105734,2024-10-06,CUST8164,Regular,Beauty,2,2358,2971.08,37.0,No,None,Wallet,5,2.6,No
ORD105735,2024-09-16,CUST7447,Regular,Electronics,4,2325,9300.0,0.0,No,None,COD,1,2.8,No
ORD105736,2024-04-17,CUST6532,New,Electronics,3,6596,14841.0,25.0,No,None,COD,1,3.4,No
ORD105737,2024-01-19,CUST8120,Premium,Beauty,2,2483,2731.3,45.0,No,None,Wallet,5,3.2,Yes
ORD105738,2024-10-22,CUST2968,New,Beauty,5,6436,28318.4,12.0,Yes,Diwali,UPI,7,3.4,No
ORD105739,2024-11-01,CUST5551,Regular,Beauty,3,8009,15857.819999999998,34.0,Yes,Diwali,Credit Card,1,4.8,No
ORD105740,2024-06-19,CUST6355,Regular,Home Decor,3,3305,9815.85,1.0,No,None,COD,6,,No
ORD105741,2024-11-26,CUST1421,Regular,Groceries,5,3752,14820.400000000001,21.0,No,None,COD,2,3.7,No
ORD105742,2024-07-13,CUST3945,Regular,Fashion,5,3675,11392.5,38.0,No,None,UPI,7,3.0,No
ORD105743,2024-01-12,CUST3457,Premium,Fashion,3,2038,4463.22,27.0,No,None,COD,6,3.4,No
ORD105744,2024-07-13,CUST7323,Regular,Fashion,5,8613,24547.050000000003,43.0,No,None,COD,3,4.2,No
ORD105745,2024-10-09,CUST7572,Regular,Beauty,2,8253,16340.94,1.0,No,None,COD,2,4.9,No
ORD105746,2024-06-30,CUST2374,Premium,Beauty,3,1095,2956.5,10.0,No,,Wallet,7,4.2,No
ORD105747,2024-10-31,CUST1144,Regular,Beauty,3,5809,9236.310000000001,47.0,Yes,Diwali,COD,5,4.7,No
ORD105748,2024-05-23,CUST9110,New,Home Decor,1,6113,3912.32,36.0,No,None,COD,2,2.9,No
ORD105749,2024-11-11,CUST5832,Regular,Home Decor,3,3611,8124.75,25.0,No,None,Wallet,6,3.0,No
ORD105750,2024-06-30,CUST6761,Premium,Home Decor,1,3208,2341.84,27.0,No,None,COD,7,4.7,No
ORD105751,2024-01-30,CUST5520,Regular,Home Decor,5,9376,35160.0,25.0,Yes,Republic Day,UPI,3,4.0,No
ORD105752,2024-03-24,CUST2354,New,Electronics,5,3870,16254.0,16.0,Yes,Holi,Credit Card,7,4.5,Yes
ORD105753,2024-06-14,CUST8521,Regular,Home Decor,2,3090,6056.4,2.0,No,None,Wallet,2,3.1,No
ORD105754,2024-10-10,CUST1216,Premium,Home Decor,1,6485,5641.95,13.0,No,None,Wallet,7,3.4,No
ORD105755,2024-10-07,CUST3408,Regular,Home Decor,3,1608,4100.4,15.0,No,None,COD,1,2.7,No
ORD105756,2024-04-05,CUST6177,Premium,Fashion,1,4072,2117.44,48.0,No,None,Credit Card,7,4.7,No
ORD105757,2024-09-22,CUST6779,Regular,Fashion,5,4877,15850.25,35.0,No,None,UPI,5,4.9,No
ORD105758,2024-10-24,CUST2245,Regular,Fashion,5,9727,35503.549999999996,27.0,Yes,Diwali,UPI,1,4.6,No
ORD105759,2024-10-22,CUST9860,New,Groceries,2,7646,11163.16,27.0,Yes,Diwali,Credit Card,7,3.6,No
ORD105760,2024-08-12,CUST7544,New,Electronics,5,6689,25418.2,24.0,Yes,Independence Day,Credit Card,1,3.4,No
ORD105761,2024-11-28,CUST9681,Regular,Beauty,1,3658,3365.36,8.0,No,None,UPI,5,3.7,No
ORD105762,2024-12-26,CUST2179,New,Home Decor,3,4597,12411.9,10.0,Yes,Christmas/New Year,COD,5,4.1,No
ORD105763,2024-02-11,CUST2493,Regular,Fashion,3,6083,11679.36,36.0,No,,Credit Card,4,3.6,No
ORD105764,2024-10-29,CUST3064,New,Electronics,1,8288,4807.040000000001,42.0,Yes,Diwali,Credit Card,3,3.6,No
ORD105765,2024-09-02,CUST8538,Premium,Home Decor,2,7606,8518.720000000001,44.0,No,None,,7,3.6,No
ORD105766,2024-07-26,CUST1557,Regular,Groceries,3,3800,9120.0,20.0,No,None,Wallet,1,4.4,No
ORD105767,2024-08-24,CUST7870,New,Beauty,1,7271,7198.29,1.0,No,None,Credit Card,6,4.5,Yes
ORD105768,2024-01-22,CUST3253,New,Home Decor,1,5668,3797.5599999999995,33.0,Yes,Republic Day,COD,1,4.7,No
ORD105769,2024-07-03,CUST5834,Regular,Beauty,5,5207,15360.650000000001,41.0,No,None,UPI,7,3.1,No
ORD105770,2024-08-29,CUST4984,Premium,Home Decor,5,9767,42974.8,12.0,Yes,Raksha Bandhan,Wallet,5,2.9,No
ORD105771,2024-12-28,CUST2144,Regular,Groceries,2,6497,12474.24,4.0,Yes,Christmas/New Year,Credit Card,5,3.4,No
ORD105772,2024-10-09,CUST7547,New,Electronics,2,9925,17865.0,10.0,No,None,COD,7,3.6,Yes
ORD105773,2024-02-10,CUST2849,Premium,Beauty,2,4890,7041.599999999999,28.0,No,None,Wallet,7,4.3,No
ORD105774,2024-12-01,CUST3448,Regular,Beauty,1,5886,3178.44,46.0,No,None,COD,2,4.4,No
ORD105775,2024-06-10,CUST4826,Premium,Electronics,1,3696,2698.08,27.0,No,None,UPI,1,5.0,Yes
ORD105776,2024-06-08,CUST4260,Premium,Beauty,5,3672,13402.8,27.0,No,None,Credit Card,1,3.4,No
ORD105777,2024-03-29,CUST7014,Premium,Fashion,3,7426,21386.88,4.0,Yes,Holi,COD,5,3.5,No
ORD105778,2024-11-17,CUST7483,Regular,Electronics,2,9557,15482.34,19.0,No,None,Credit Card,6,3.9,No
ORD105779,2024-01-12,CUST8985,Regular,Groceries,4,4761,12188.16,36.0,No,None,COD,6,4.6,No
ORD105780,2024-03-13,CUST2631,Premium,Home Decor,2,7814,9689.36,38.0,No,None,Credit Card,1,4.2,No
ORD105781,2024-03-16,CUST5556,Regular,Home Decor,5,2558,11638.9,9.0,No,None,Credit Card,3,3.9,No
ORD105782,2024-12-11,CUST1100,Regular,Electronics,1,8450,5830.5,31.0,No,None,Wallet,4,4.1,No
ORD105783,2024-07-19,CUST5803,Premium,Fashion,5,7457,26845.2,28.0,No,None,COD,5,3.7,No
ORD105784,2024-01-10,CUST7682,Regular,Groceries,5,6413,31744.35,1.0,No,None,COD,5,4.4,No
ORD105785,2024-12-17,CUST4858,Premium,Home Decor,5,8576,42880.0,0.0,No,None,Credit Card,1,,Yes
ORD105786,2024-08-13,CUST8555,Premium,Home Decor,4,7805,25288.2,19.0,Yes,Independence Day,Credit Card,7,3.8,No
ORD105787,2024-06-24,CUST8323,Premium,Fashion,4,2819,11276.0,0.0,No,None,Wallet,6,4.5,No
ORD105788,2024-10-02,CUST6229,Regular,Beauty,2,777,1507.3799999999999,3.0,No,None,UPI,4,3.3,No
ORD105789,2024-02-08,CUST2894,Regular,Electronics,1,5443,4680.98,14.0,No,None,COD,4,4.6,No
ORD105790,2024-02-29,CUST5668,Regular,Fashion,5,8462,22847.4,46.0,No,None,Credit Card,6,4.5,No
ORD105791,2024-03-06,CUST2963,New,Fashion,3,755,1608.1499999999999,29.0,No,None,,5,4.0,No
ORD105792,2024-11-16,CUST5941,Regular,Fashion,2,1051,1996.8999999999999,5.0,No,None,Credit Card,5,3.1,No
ORD105793,2024-05-03,CUST6232,New,Fashion,2,9610,12108.6,37.0,No,None,COD,5,4.7,No
ORD105794,2024-06-12,CUST5302,Premium,Beauty,5,3840,19200.0,0.0,No,None,Wallet,3,2.6,No
ORD105795,2024-06-07,CUST1484,New,Groceries,2,2112,3970.56,6.0,No,None,Wallet,1,4.0,No
ORD105796,2024-02-26,CUST5468,Regular,Fashion,5,2930,14064.0,4.0,No,None,Credit Card,3,4.5,No
ORD105797,2024-03-18,CUST9364,Regular,Fashion,2,5619,5843.76,48.0,No,None,Credit Card,5,3.7,No
ORD105798,2024-07-12,CUST2024,New,Electronics,1,2565,2411.1,6.0,No,None,UPI,4,2.8,No
ORD105799,2024-10-11,CUST2583,Regular,Home Decor,2,7738,10059.4,35.0,No,None,UPI,1,4.6,No
ORD105800,2024-01-15,CUST6228,Regular,Beauty,2,466,913.36,2.0,No,None,COD,1,4.8,No
ORD105801,2024-01-12,CUST1284,Regular,Fashion,3,4116,10989.72,11.0,No,None,COD,6,3.9,No
ORD105802,2024-04-10,CUST1878,New,Groceries,1,7528,6474.08,14.0,No,None,Wallet,5,4.5,No
ORD105803,2024-06-04,CUST4807,Premium,Groceries,1,9792,7931.52,19.0,No,None,COD,5,4.0,No
ORD105804,2024-12-05,CUST6317,Premium,Groceries,1,2526,1515.6,40.0,No,None,UPI,5,3.9,No
ORD105805,2024-05-04,CUST1786,Premium,Electronics,2,3001,4801.6,20.0,No,None,UPI,5,2.8,No
ORD105806,2024-12-24,CUST6525,Regular,Groceries,4,5752,15875.519999999999,31.0,Yes,Christmas/New Year,UPI,7,3.6,No
ORD105807,2024-10-06,CUST6615,Premium,Electronics,2,2234,3976.52,11.0,No,None,Credit Card,7,4.2,No
ORD105808,2024-04-19,CUST6503,Regular,Beauty,5,7653,24489.600000000002,36.0,No,None,UPI,5,3.6,No
ORD105809,2024-11-29,CUST8806,New,Groceries,3,1184,2166.72,39.0,No,None,UPI,7,4.0,No
ORD105810,2024-12-22,CUST8857,Regular,Home Decor,1,4299,2321.46,46.0,Yes,Christmas/New Year,COD,5,4.7,No
ORD105811,2024-05-25,CUST1194,Regular,Fashion,5,6663,31316.1,6.0,No,None,UPI,1,3.4,No
ORD105812,2024-08-03,CUST2190,Premium,Beauty,5,1275,3570.0000000000005,44.0,No,None,UPI,3,4.6,No
ORD105813,2024-06-10,CUST1545,Regular,Home Decor,4,1223,3424.3999999999996,30.0,No,None,Credit Card,4,2.6,No
ORD105814,2024-05-07,CUST2356,Premium,Beauty,1,4097,4097.0,0.0,No,None,UPI,7,4.6,No
ORD105815,2024-11-09,CUST1189,Regular,Groceries,2,7170,12906.0,,Yes,Diwali,COD,5,2.8,No
ORD105816,2024-11-27,CUST2412,Regular,Beauty,1,8671,4855.76,44.0,No,None,Credit Card,4,3.3,No
ORD105817,2024-05-29,CUST7614,Regular,Beauty,3,1311,2635.1099999999997,33.0,No,None,Wallet,6,3.8,No
ORD105818,2024-02-05,CUST6608,Premium,Beauty,1,9575,7851.500000000001,18.0,No,None,UPI,1,4.1,No
ORD105819,2024-06-21,CUST6811,Regular,Electronics,5,5280,23760.0,10.0,No,None,UPI,4,4.9,No
ORD105820,2024-01-22,CUST7247,Premium,Home Decor,5,8181,27815.399999999998,32.0,Yes,Republic Day,UPI,1,3.3,No
ORD105821,2024-07-24,CUST2162,Regular,Groceries,2,2275,3093.9999999999995,32.0,No,None,Wallet,2,2.7,No
ORD105822,2024-05-06,CUST9210,Regular,Fashion,2,4142,7704.12,7.0,No,None,Credit Card,3,3.6,No
ORD105823,2024-12-01,CUST1522,Regular,Groceries,2,471,527.5200000000001,44.0,No,None,Credit Card,2,3.4,No
ORD105824,2024-12-21,CUST8463,New,Groceries,3,9515,26546.85,7.0,Yes,Christmas/New Year,UPI,1,4.0,No
ORD105825,2024-08-04,CUST2293,Premium,Electronics,1,9619,6444.73,33.0,No,None,Wallet,7,4.8,No
ORD105826,2024-04-05,CUST2850,Regular,Electronics,4,389,949.16,39.0,No,None,COD,6,4.1,No
ORD105827,2024-06-12,CUST6943,Premium,Beauty,1,8937,6613.38,,No,None,Wallet,2,3.9,No
ORD105828,2024-05-27,CUST4563,New,Groceries,2,4214,6068.16,28.0,No,None,UPI,1,3.1,No
ORD105829,2024-01-18,CUST5956,Regular,Home Decor,3,8342,21772.62,13.0,No,None,Wallet,2,3.2,No
ORD105830,2024-10-20,CUST1442,New,Electronics,1,5143,3445.8099999999995,33.0,Yes,Diwali,Credit Card,1,3.6,No
ORD105831,2024-07-13,CUST8057,Regular,Electronics,5,5066,14184.800000000001,44.0,No,None,Credit Card,3,4.7,No
ORD105832,2024-05-30,CUST7651,New,Home Decor,1,968,619.52,36.0,No,None,Credit Card,6,3.9,No
ORD105833,2024-12-30,CUST4447,Premium,Electronics,5,5366,26830.0,0.0,Yes,Christmas/New Year,COD,3,3.7,No
ORD105834,2024-05-02,CUST9028,Regular,Home Decor,1,9402,8649.84,8.0,No,None,Wallet,3,3.9,No
ORD105835,2024-07-05,CUST7988,Regular,Fashion,1,7789,7087.990000000001,9.0,No,None,UPI,1,4.6,No
ORD105836,2024-05-28,CUST6695,New,Home Decor,1,4998,3548.58,29.0,No,None,UPI,4,4.2,No
ORD105837,2024-04-13,CUST5098,Premium,Fashion,2,664,770.2400000000001,42.0,No,None,Credit Card,2,4.8,No
ORD105838,2024-08-30,CUST6779,Premium,Beauty,5,2800,11620.0,17.0,Yes,Raksha Bandhan,UPI,7,4.0,No
ORD105839,2024-08-18,CUST5933,Regular,Beauty,3,1116,2812.3199999999997,16.0,Yes,Independence Day,COD,2,3.0,No
ORD105840,2024-07-24,CUST7712,Regular,Electronics,4,9844,37407.2,5.0,No,None,Wallet,2,2.5,No
ORD105841,2024-07-16,CUST1715,Regular,Home Decor,5,6326,28467.0,10.0,No,None,COD,6,3.3,No
ORD105842,2024-12-02,CUST8154,Regular,Electronics,2,7351,11320.54,23.0,No,None,Wallet,2,2.7,No
ORD105843,2024-03-27,CUST9867,Premium,Home Decor,5,265,861.25,35.0,Yes,Holi,Wallet,3,3.5,No
ORD105844,2024-05-21,CUST8673,New,Electronics,3,9891,20177.64,32.0,No,None,Wallet,4,,No
ORD105845,2024-11-12,CUST7717,Premium,Beauty,5,2104,7153.599999999999,,No,None,UPI,2,3.5,No
ORD105846,2024-07-17,CUST4091,Regular,Beauty,2,7393,12272.38,17.0,No,None,UPI,4,3.5,No
ORD105847,2024-02-15,CUST2956,Premium,Electronics,2,4771,9160.32,4.0,No,None,UPI,1,3.2,No
ORD105848,2024-10-14,CUST9486,New,Home Decor,4,6916,19364.8,30.0,No,,UPI,1,4.1,No
ORD105849,2024-01-15,CUST6431,Premium,Groceries,3,9278,23658.899999999998,15.0,No,None,UPI,6,3.6,No
ORD105850,2024-02-13,CUST6107,Premium,Home Decor,4,7173,28405.079999999998,1.0,No,None,UPI,2,4.7,No
ORD105851,2024-06-17,CUST9559,New,Electronics,1,4008,3687.36,8.0,No,None,Credit Card,5,2.7,No
ORD105852,2024-11-05,CUST1569,Premium,Home Decor,2,7765,15374.7,1.0,Yes,Diwali,Credit Card,6,3.5,No
ORD105853,2024-02-13,CUST3080,Regular,Fashion,4,8061,20636.16,36.0,No,None,Credit Card,3,4.4,No
ORD105854,2024-04-07,CUST4006,Regular,Home Decor,2,2160,3499.2000000000003,19.0,No,None,COD,6,3.7,No
ORD105855,2024-09-17,CUST1541,New,Beauty,2,2947,4950.96,16.0,No,None,COD,2,4.9,No
ORD105856,2024-04-18,CUST9903,Regular,Beauty,1,243,184.68,24.0,No,None,COD,3,2.9,No
ORD105857,2024-10-09,CUST4449,Regular,Fashion,2,4042,6628.88,18.0,No,None,Wallet,2,3.3,No
ORD105858,2024-12-08,CUST6805,Regular,Home Decor,4,4905,11575.800000000001,41.0,No,None,Wallet,3,2.8,No
ORD105859,2024-04-13,CUST1236,Premium,Groceries,3,2088,5825.5199999999995,7.0,No,,COD,7,3.1,No
ORD105860,2024-09-12,CUST8682,New,Home Decor,5,4098,18441.0,10.0,No,None,Credit Card,5,4.2,No
ORD105861,2024-07-24,CUST5598,Regular,Beauty,4,6083,21412.16,12.0,No,None,UPI,5,3.7,No
ORD105862,2024-11-30,CUST9924,Premium,Beauty,1,9111,8017.68,12.0,No,None,UPI,6,2.9,No
ORD105863,2024-02-12,CUST5751,New,Electronics,5,890,4094.0,8.0,No,None,UPI,1,3.7,No
ORD105864,2024-12-18,CUST9218,Regular,Beauty,2,7042,13520.64,4.0,No,None,Wallet,6,,No
ORD105865,2024-09-01,CUST3592,Regular,Electronics,4,8501,28223.32,17.0,No,None,COD,2,3.6,No
ORD105866,2024-10-13,CUST2044,New,Beauty,5,4758,14511.9,39.0,No,None,Credit Card,5,2.5,No
ORD105867,2024-12-20,CUST5586,Regular,Beauty,4,8906,30992.88,13.0,Yes,Christmas/New Year,UPI,5,2.6,Yes
ORD105868,2024-09-29,CUST1681,Premium,Groceries,2,7920,10612.8,33.0,No,None,COD,6,3.6,No
ORD105869,2024-03-23,CUST5793,Premium,Electronics,4,9028,28528.48,21.0,Yes,Holi,COD,2,4.0,No
ORD105870,2024-04-19,CUST2011,Regular,Electronics,1,3528,1869.8400000000001,47.0,No,None,,6,4.7,No
ORD105871,2024-07-08,CUST5174,New,Beauty,5,5512,18740.8,32.0,No,None,Wallet,7,5.0,No
ORD105872,2024-10-14,CUST3579,Regular,Electronics,5,826,3180.1,23.0,No,None,,6,5.0,No
ORD105873,2024-09-07,CUST4979,Regular,Beauty,5,269,968.4,28.0,No,None,Wallet,6,3.9,No
ORD105874,2024-07-30,CUST7693,Regular,Beauty,4,7749,27276.48,12.0,No,None,COD,2,2.6,No
ORD105875,2024-10-17,CUST4679,Regular,Home Decor,2,5813,5929.26,49.0,No,None,Wallet,1,3.0,No
ORD105876,2024-05-12,CUST4133,New,Electronics,4,4519,13376.24,26.0,No,None,UPI,5,3.6,No
ORD105877,2024-07-19,CUST2661,Premium,Fashion,4,6161,24644.0,0.0,No,None,Credit Card,3,4.7,No
ORD105878,2024-10-11,CUST4855,New,Electronics,5,4177,19631.899999999998,6.0,No,None,Wallet,2,2.6,Yes
ORD105879,2024-11-21,CUST7637,Regular,Electronics,2,7700,14938.0,3.0,No,None,UPI,2,3.8,No
ORD105880,2024-04-04,CUST7712,Premium,Groceries,3,8259,22547.07,9.0,No,None,Credit Card,2,4.1,No
ORD105881,2024-10-04,CUST1524,Premium,Fashion,2,6984,8520.48,39.0,No,None,Wallet,6,3.2,No
ORD105882,2024-11-20,CUST1490,New,Fashion,4,1834,4841.759999999999,34.0,No,None,Wallet,6,3.3,No
ORD105883,2024-08-06,CUST4488,Premium,Groceries,1,2743,1700.66,38.0,No,None,Credit Card,2,3.5,No
ORD105884,2024-03-29,CUST3278,Regular,Groceries,2,7553,12840.1,15.0,Yes,Holi,UPI,5,3.2,No
ORD105885,2024-03-12,CUST4846,Regular,Electronics,5,968,3581.6,26.0,No,None,,3,3.6,No
ORD105886,2024-09-03,CUST6107,Regular,Home Decor,1,5964,4830.84,19.0,No,None,COD,1,2.9,No
ORD105887,2024-05-08,CUST9754,Premium,Groceries,3,2803,7652.1900000000005,9.0,No,None,COD,4,3.0,No
ORD105888,2024-07-30,CUST1849,New,Fashion,3,1191,2000.88,,No,None,Wallet,5,2.6,No
ORD105889,2024-12-08,CUST4451,Regular,Fashion,1,9921,6746.28,32.0,No,None,UPI,5,3.5,No
ORD105890,2024-04-05,CUST4041,Regular,Electronics,3,688,1940.1599999999999,6.0,No,None,UPI,7,4.3,No
ORD105891,2024-03-15,CUST2472,Regular,Home Decor,1,8379,4943.610000000001,41.0,No,None,Wallet,4,3.8,Yes
ORD105892,2024-02-23,CUST8293,Premium,Beauty,4,4352,9922.560000000001,43.0,No,None,Credit Card,4,3.8,No
ORD105893,2024-12-09,CUST7447,Regular,Groceries,1,711,391.05,45.0,No,None,Credit Card,2,3.6,No
ORD105894,2024-02-23,CUST6471,Regular,Groceries,4,5897,18634.52,21.0,No,None,COD,3,4.0,No
ORD105895,2024-08-05,CUST1935,Regular,Electronics,5,934,2708.6000000000004,42.0,No,None,Wallet,5,3.1,No
ORD105896,2024-01-16,CUST7319,Premium,Home Decor,5,5878,24687.6,16.0,No,None,Credit Card,5,3.0,No
ORD105897,2024-04-08,CUST3782,Premium,Fashion,3,3509,9684.84,8.0,No,None,Wallet,1,4.9,No
ORD105898,2024-01-20,CUST6334,Premium,Fashion,1,8762,5344.82,39.0,Yes,Republic Day,UPI,4,3.6,No
ORD105899,2024-02-15,CUST7595,Regular,Beauty,4,4901,17839.64,9.0,No,None,Credit Card,4,4.6,No
ORD105900,2024-07-11,CUST2084,Regular,Fashion,5,2059,6691.75,35.0,No,None,Credit Card,5,4.8,No
ORD105901,2024-02-27,CUST1256,Regular,Groceries,5,7919,27716.5,30.0,No,None,Credit Card,4,4.0,No
ORD105902,2024-04-20,CUST7206,Regular,Beauty,5,1116,3905.9999999999995,30.0,No,None,UPI,2,3.2,No
ORD105903,2024-05-08,CUST6841,Regular,Home Decor,3,7109,20473.92,4.0,No,None,COD,1,4.2,No
ORD105904,2024-12-02,CUST4734,Regular,Beauty,5,7464,30975.6,17.0,No,None,Wallet,5,3.6,No
ORD105905,2024-07-12,CUST3160,Premium,Home Decor,2,6881,13073.9,5.0,No,None,Credit Card,6,4.9,No
ORD105906,2024-12-05,CUST7846,Regular,Fashion,3,2862,5065.740000000001,41.0,No,None,UPI,1,4.5,No
ORD105907,2024-11-21,CUST3893,Regular,Electronics,1,4892,2494.92,49.0,No,None,Credit Card,6,4.5,No
ORD105908,2024-01-08,CUST7523,New,Beauty,2,9629,14058.34,27.0,No,None,Wallet,7,4.0,No
ORD105909,2024-01-29,CUST3251,Premium,Beauty,3,1535,2670.9000000000005,42.0,Yes,Republic Day,Wallet,2,2.5,Yes
ORD105910,2024-04-21,CUST6850,Premium,Groceries,3,5250,12127.5,23.0,No,None,Credit Card,1,4.6,No
ORD105911,2024-06-09,CUST2788,New,Groceries,4,961,3690.24,4.0,No,None,UPI,6,2.6,No
ORD105912,2024-05-10,CUST7847,Regular,Home Decor,2,2331,3403.2599999999998,27.0,No,None,Credit Card,4,2.8,No
ORD105913,2024-07-06,CUST3526,Premium,Electronics,2,5014,9827.44,2.0,No,None,UPI,5,4.6,No
ORD105914,2024-06-11,CUST9808,Premium,Groceries,2,9340,15504.4,17.0,No,None,COD,1,3.0,No
ORD105915,2024-07-15,CUST3637,Regular,Groceries,5,501,2429.85,3.0,No,None,Credit Card,3,4.6,No
ORD105916,2024-12-29,CUST7324,Regular,Fashion,5,7940,24217.0,39.0,Yes,Christmas/New Year,UPI,5,3.1,No
ORD105917,2024-07-22,CUST6171,Regular,Fashion,1,3894,2024.88,48.0,No,None,Credit Card,1,4.4,No
ORD105918,2024-07-30,CUST5488,Regular,Groceries,1,2901,1711.5900000000001,41.0,No,None,Wallet,5,3.9,No
ORD105919,2024-04-18,CUST3670,Regular,Home Decor,1,9867,6808.23,31.0,No,None,Wallet,6,4.2,No
ORD105920,2024-10-02,CUST1204,Regular,Electronics,5,9005,31067.249999999996,31.0,No,None,Credit Card,1,4.6,Yes
ORD105921,2024-03-13,CUST3925,Regular,Groceries,4,6414,21037.920000000002,18.0,No,None,Credit Card,1,5.0,Yes
ORD105922,2024-06-15,CUST5288,Regular,Home Decor,1,5844,4207.68,28.0,No,None,UPI,4,2.7,No
ORD105923,2024-09-16,CUST1636,Regular,Home Decor,3,5720,11668.8,32.0,No,None,UPI,1,4.2,Yes
ORD105924,2024-08-30,CUST6235,Regular,Groceries,5,868,4296.6,1.0,Yes,Raksha Bandhan,Wallet,3,4.9,No
ORD105925,2024-10-01,CUST4994,Regular,Home Decor,4,2328,8380.800000000001,10.0,No,None,UPI,4,3.4,No
ORD105926,2024-04-11,CUST6233,Premium,Beauty,3,6938,11239.560000000001,46.0,No,None,Wallet,3,3.3,No
ORD105927,2024-06-21,CUST8484,Regular,Home Decor,3,417,850.68,32.0,No,None,COD,6,4.2,No
ORD105928,2024-06-19,CUST5060,New,Groceries,5,9140,27420.0,40.0,No,None,Credit Card,3,3.5,No
ORD105929,2024-05-20,CUST6922,New,Home Decor,2,4420,5392.4,39.0,No,None,UPI,7,3.0,No
ORD105930,2024-07-06,CUST6653,Premium,Groceries,4,8592,34368.0,0.0,No,None,Wallet,2,2.9,No
ORD105931,2024-03-26,CUST2461,Premium,Fashion,5,2821,8321.95,41.0,Yes,Holi,Wallet,3,3.0,No
ORD105932,2024-02-21,CUST7556,Regular,Groceries,2,5339,8969.52,16.0,No,None,Credit Card,1,4.3,No
ORD105933,2024-04-20,CUST8097,Regular,Home Decor,5,921,2348.55,49.0,No,None,Credit Card,5,4.8,No
ORD105934,2024-12-30,CUST1331,New,Groceries,5,9343,39707.75,15.0,Yes,Christmas/New Year,Credit Card,4,4.5,No
ORD105935,2024-12-07,CUST8941,Regular,Electronics,3,2081,6180.57,1.0,No,None,UPI,4,3.6,No
ORD105936,2024-02-12,CUST3353,New,Groceries,5,1632,4243.2,48.0,No,None,COD,4,3.8,No
ORD105937,2024-07-29,CUST6176,Premium,Groceries,2,5381,10439.14,3.0,No,None,COD,5,4.1,No
ORD105938,2024-07-18,CUST4786,Regular,Electronics,3,2520,5216.4,31.0,No,None,COD,3,3.9,No
ORD105939,2024-10-24,CUST2860,Regular,Electronics,2,7150,13442.0,6.0,Yes,Diwali,COD,6,4.9,No
ORD105940,2024-12-11,CUST5864,Premium,Electronics,2,7377,10622.88,28.0,No,None,Wallet,7,4.7,No
ORD105941,2024-08-27,CUST5472,Regular,Beauty,3,9090,25088.4,,Yes,Raksha Bandhan,UPI,2,2.6,Yes
ORD105942,2024-04-24,CUST1787,Regular,Groceries,2,821,1083.7199999999998,34.0,No,None,COD,1,4.6,No
ORD105943,2024-01-26,CUST9261,Premium,Electronics,1,659,632.64,4.0,Yes,Republic Day,COD,6,2.8,No
ORD105944,2024-10-25,CUST9341,Premium,Electronics,5,9476,24163.8,49.0,Yes,Diwali,UPI,4,4.2,Yes
ORD105945,2024-03-17,CUST7543,Regular,Fashion,3,7425,17820.0,20.0,No,None,UPI,1,3.2,No
ORD105946,2024-05-16,CUST3627,Regular,Beauty,3,8691,21901.32,16.0,No,None,Credit Card,3,4.4,No
ORD105947,2024-01-20,CUST5552,New,Groceries,1,9667,5993.54,38.0,Yes,Republic Day,Credit Card,7,2.5,No
ORD105948,2024-07-29,CUST9666,Premium,Home Decor,1,9822,8545.14,13.0,No,None,COD,6,3.5,Yes
ORD105949,2024-08-27,CUST4572,Premium,Beauty,1,8341,5755.29,31.0,Yes,Raksha Bandhan,Wallet,7,2.6,No
ORD105950,2024-02-08,CUST1734,New,Beauty,1,5575,4794.5,14.0,No,None,Credit Card,2,4.9,No
ORD105951,2024-09-24,CUST1778,Regular,Fashion,4,3652,11686.400000000001,20.0,No,None,UPI,7,2.5,No
ORD105952,2024-07-25,CUST6361,Regular,Groceries,3,7512,19606.32,13.0,No,None,Credit Card,4,2.9,No
ORD105953,2024-09-23,CUST9930,New,Groceries,2,6125,7350.0,40.0,No,None,Credit Card,7,3.8,No
ORD105954,2024-06-02,CUST6500,Premium,Electronics,3,2021,5153.55,,No,None,UPI,3,4.1,No
ORD105955,2024-02-11,CUST7977,Regular,Electronics,3,6631,19893.0,0.0,No,None,,6,4.3,No
ORD105956,2024-01-11,CUST9093,Regular,Beauty,3,1188,2174.04,39.0,No,None,Credit Card,2,3.1,No
ORD105957,2024-10-20,CUST6491,Premium,Fashion,1,8605,7142.15,17.0,Yes,Diwali,Credit Card,6,3.3,No
ORD105958,2024-04-07,CUST6571,Regular,Groceries,1,731,489.7699999999999,33.0,No,None,COD,4,3.1,No
ORD105959,2024-10-01,CUST7088,New,Fashion,4,3117,9351.0,25.0,No,None,Credit Card,3,3.1,No
ORD105960,2024-08-17,CUST2508,Regular,Home Decor,3,7085,13815.75,35.0,Yes,Independence Day,Wallet,1,4.5,No
ORD105961,2024-08-07,CUST7464,Regular,Groceries,5,3819,15276.0,20.0,No,None,COD,6,4.9,No
ORD105962,2024-03-05,CUST3256,Regular,Electronics,4,6764,27056.0,0.0,No,None,Wallet,5,4.0,No
ORD105963,2024-12-20,CUST3169,Premium,Beauty,1,3260,2412.4,26.0,Yes,Christmas/New Year,UPI,4,2.9,No
ORD105964,2024-08-19,CUST5920,New,Fashion,3,2724,7354.8,10.0,Yes,Independence Day,Wallet,2,2.7,No
ORD105965,2024-11-23,CUST8291,Premium,Electronics,1,889,560.07,37.0,No,None,UPI,2,3.1,No
ORD105966,2024-02-21,CUST2863,New,Beauty,2,1300,2262.0,13.0,No,None,COD,5,2.9,No
ORD105967,2024-09-19,CUST1332,Regular,Electronics,1,8510,6212.3,27.0,No,None,UPI,5,3.9,No
ORD105968,2024-09-23,CUST3653,Regular,Groceries,1,5501,4070.74,26.0,No,None,UPI,3,4.2,No
ORD105969,2024-12-24,CUST5253,New,Fashion,4,8897,28114.52,21.0,Yes,Christmas/New Year,UPI,5,2.5,No
ORD105970,2024-11-12,CUST2779,New,Home Decor,2,8017,12827.2,20.0,No,None,UPI,4,3.6,No
ORD105971,2024-11-19,CUST1881,New,Electronics,5,2400,9240.0,23.0,No,None,Wallet,6,4.1,No
ORD105972,2024-06-02,CUST7463,Premium,Fashion,5,9433,38675.3,18.0,No,None,UPI,5,3.0,No
ORD105973,2024-12-23,CUST5701,Regular,Groceries,5,696,2679.6,23.0,Yes,Christmas/New Year,UPI,4,4.8,No
ORD105974,2024-12-31,CUST7232,Regular,Electronics,3,4374,9841.5,25.0,Yes,Christmas/New Year,Credit Card,1,3.9,No
ORD105975,2024-05-19,CUST6177,New,Groceries,5,8450,32110.0,24.0,No,None,Credit Card,5,3.4,No
ORD105976,2024-02-20,CUST4941,Regular,Home Decor,3,5730,9626.400000000001,44.0,No,None,Credit Card,1,2.5,No
ORD105977,2024-04-26,CUST9696,Regular,Home Decor,1,7169,4086.3300000000004,43.0,No,None,UPI,7,3.7,No
ORD105978,2024-02-15,CUST7878,Premium,Beauty,5,1853,6670.8,28.0,No,None,Credit Card,6,3.3,No
ORD105979,2024-11-04,CUST1362,Regular,Beauty,4,7446,27103.440000000002,9.0,Yes,Diwali,Wallet,2,4.9,No
ORD105980,2024-03-28,CUST8471,New,Beauty,2,443,797.4,10.0,Yes,Holi,COD,6,3.4,Yes
ORD105981,2024-07-26,CUST1388,Regular,Groceries,2,2455,3780.7000000000003,23.0,No,,COD,7,4.8,No
ORD105982,2024-09-25,CUST1638,Premium,Beauty,1,7199,5543.2300000000005,23.0,No,None,COD,5,4.2,No
ORD105983,2024-03-29,CUST6775,Premium,Fashion,2,6943,12358.54,11.0,Yes,Holi,Credit Card,2,2.7,Yes
ORD105984,2024-04-27,CUST6306,Premium,Groceries,2,2892,5436.96,6.0,No,None,UPI,6,4.8,No
ORD105985,2024-02-23,CUST1544,Regular,Groceries,1,6273,3826.5299999999997,39.0,No,None,COD,1,2.9,No
ORD105986,2024-04-25,CUST7206,Regular,Beauty,1,8430,7081.2,16.0,No,None,Wallet,2,3.6,No
ORD105987,2024-04-27,CUST9769,Regular,Beauty,1,3447,2275.0199999999995,34.0,No,None,Credit Card,1,4.8,No
ORD105988,2024-09-16,CUST9895,Regular,Groceries,4,6821,25919.8,5.0,No,None,Credit Card,3,4.6,No
ORD105989,2024-03-15,CUST8693,Premium,Home Decor,1,1815,1615.3500000000001,11.0,No,None,Wallet,6,3.7,No
ORD105990,2024-10-31,CUST7383,Regular,Home Decor,1,219,188.34,14.0,Yes,Diwali,UPI,6,3.0,No
ORD105991,2024-01-07,CUST6603,Regular,Beauty,1,420,289.79999999999995,31.0,No,None,UPI,1,3.8,No
ORD105992,2024-12-31,CUST6992,Regular,Home Decor,5,3971,15486.9,22.0,Yes,Christmas/New Year,Wallet,3,3.9,No
ORD105993,2024-05-01,CUST4121,Premium,Fashion,5,7521,35348.7,6.0,No,None,Wallet,2,5.0,No
ORD105994,2024-01-11,CUST2458,Regular,Fashion,4,6806,17151.12,37.0,No,None,Credit Card,1,4.6,No
ORD105995,2024-12-13,CUST4328,New,Fashion,4,7776,21772.8,30.0,No,None,Wallet,3,4.7,No
ORD105996,2024-08-02,CUST1329,Premium,Groceries,2,8642,12444.48,28.0,No,None,UPI,1,5.0,Yes
ORD105997,2024-10-05,CUST2543,Premium,Groceries,5,8028,22879.800000000003,43.0,No,None,UPI,4,3.8,No
ORD105998,2024-01-28,CUST4870,New,Groceries,4,706,2061.52,27.0,Yes,Republic Day,UPI,6,4.0,No
ORD105999,2024-08-22,CUST1931,Regular,Groceries,4,4941,17589.96,11.0,No,None,UPI,4,3.6,No
ORD106000,2024-11-08,CUST2132,New,Groceries,2,9260,13704.8,26.0,Yes,Diwali,UPI,2,2.8,No
ORD106001,2024-01-26,CUST5890,Premium,Beauty,1,4787,4643.389999999999,3.0,Yes,Republic Day,Credit Card,4,3.8,No
ORD106002,2024-02-23,CUST7058,New,Home Decor,3,6638,15931.2,20.0,No,None,Wallet,6,4.0,No
ORD106003,2024-01-29,CUST8816,New,Beauty,2,6800,12512.0,8.0,Yes,Republic Day,Wallet,5,3.1,No
ORD106004,2024-12-18,CUST7924,Regular,Home Decor,3,9561,14915.16,48.0,No,None,COD,3,4.5,No
ORD106005,2024-06-12,CUST2101,Regular,Beauty,2,5557,7446.379999999999,33.0,No,None,Credit Card,6,2.8,No
ORD106006,2024-09-26,CUST6825,Premium,Fashion,2,939,1201.92,36.0,No,None,Credit Card,6,3.8,No
ORD106007,2024-11-29,CUST8394,Premium,Electronics,1,8815,7052.0,20.0,No,None,Credit Card,5,4.2,No
ORD106008,2024-02-04,CUST1891,Regular,Groceries,4,3255,10155.6,22.0,No,None,Credit Card,4,2.6,No
ORD106009,2024-10-12,CUST5244,Regular,Electronics,5,4587,17659.95,23.0,No,None,Credit Card,2,4.5,No
ORD106010,2024-12-13,CUST8122,Regular,Electronics,2,2403,4373.46,9.0,No,None,UPI,5,3.3,No
ORD106011,2024-09-29,CUST5683,Premium,Fashion,1,4122,2596.86,37.0,No,None,COD,6,4.3,No
ORD106012,2024-07-26,CUST2023,New,Electronics,3,2157,6147.45,5.0,No,None,UPI,7,,Yes
ORD106013,2024-08-25,CUST1878,Premium,Electronics,4,5526,17683.2,20.0,Yes,Raksha Bandhan,COD,2,4.1,No
ORD106014,2024-04-02,CUST7657,Regular,Fashion,2,1989,2545.92,36.0,No,None,Credit Card,1,3.9,No
ORD106015,2024-06-21,CUST7260,Regular,Home Decor,3,6601,14258.16,28.0,No,None,Credit Card,6,2.9,Yes
ORD106016,2024-03-19,CUST4821,Regular,Beauty,2,784,956.48,39.0,No,None,Wallet,5,4.1,No
ORD106017,2024-04-19,CUST6064,Regular,Electronics,5,6378,25512.0,20.0,No,None,Credit Card,1,4.2,No
ORD106018,2024-08-04,CUST4291,New,Groceries,5,3400,13430.0,21.0,No,None,Credit Card,5,3.7,No
ORD106019,2024-12-23,CUST2463,Regular,Fashion,4,1542,4070.8799999999997,34.0,Yes,Christmas/New Year,Credit Card,7,3.9,No
ORD106020,2024-04-15,CUST6665,Premium,Electronics,3,4390,7243.500000000001,45.0,No,None,Credit Card,3,4.7,No
ORD106021,2024-02-16,CUST6420,New,Home Decor,5,9600,46080.0,4.0,No,None,Credit Card,2,4.2,No
ORD106022,2024-06-29,CUST7823,New,Home Decor,1,4985,4287.1,,No,None,COD,1,4.8,No
ORD106023,2024-03-04,CUST1489,Regular,Groceries,4,9557,22936.8,40.0,No,None,Wallet,7,3.9,No
ORD106024,2024-09-02,CUST6277,Regular,Electronics,2,4956,5352.4800000000005,46.0,No,None,Credit Card,4,2.9,Yes
ORD106025,2024-08-31,CUST4561,Regular,Groceries,3,6225,15313.500000000002,18.0,Yes,Raksha Bandhan,Credit Card,5,3.1,No
ORD106026,2024-11-15,CUST3166,Premium,Home Decor,3,7655,19520.25,15.0,No,None,Credit Card,6,2.9,No
ORD106027,2024-03-27,CUST9084,New,Home Decor,1,1262,769.8199999999999,39.0,Yes,Holi,COD,1,3.3,No
ORD106028,2024-08-04,CUST9186,Regular,Beauty,5,8917,24075.9,46.0,No,None,COD,7,3.7,No
ORD106029,2024-01-07,CUST5737,Regular,Home Decor,3,4702,8181.480000000001,42.0,No,None,Wallet,7,3.1,No
ORD106030,2024-10-04,CUST9001,New,Fashion,1,9774,7623.72,22.0,No,None,Credit Card,5,3.7,No
ORD106031,2024-12-02,CUST5997,Premium,Beauty,1,5181,5025.57,3.0,No,None,Wallet,5,3.4,No
ORD106032,2024-07-28,CUST5894,New,Groceries,2,6812,10899.2,20.0,No,None,UPI,5,3.9,No
ORD106033,2024-06-17,CUST8635,Regular,Home Decor,1,5168,3979.36,23.0,No,None,COD,1,3.6,No
ORD106034,2024-11-25,CUST6894,Regular,Fashion,4,6266,14787.760000000002,41.0,No,None,Credit Card,1,3.6,No
ORD106035,2024-05-17,CUST9761,Regular,Beauty,3,5600,12600.0,25.0,No,None,COD,5,3.7,No
ORD106036,2024-11-01,CUST7675,Regular,Fashion,4,5884,13886.240000000002,41.0,Yes,Diwali,Wallet,4,5.0,No
ORD106037,2024-08-17,CUST3429,Premium,Beauty,1,7038,6967.62,1.0,Yes,Independence Day,UPI,6,3.9,No
ORD106038,2024-11-03,CUST1740,Regular,Beauty,1,7553,4607.33,39.0,Yes,Diwali,Credit Card,2,4.3,No
ORD106039,2024-06-09,CUST5693,Regular,Beauty,4,2187,8135.639999999999,7.0,No,None,COD,7,3.5,No
ORD106040,2024-01-01,CUST2338,New,Groceries,2,4267,7851.280000000001,8.0,No,None,UPI,5,,No
ORD106041,2024-08-23,CUST1951,Regular,Beauty,1,5268,5215.32,1.0,No,None,Wallet,4,4.8,No
ORD106042,2024-07-06,CUST1167,Premium,Beauty,4,4304,14977.92,13.0,No,None,Wallet,2,4.4,No
ORD106043,2024-01-04,CUST1714,Regular,Fashion,4,9077,29409.480000000003,19.0,No,None,COD,5,4.0,No
ORD106044,2024-05-11,CUST4013,New,Beauty,3,8006,23777.82,1.0,No,None,COD,7,3.3,No
ORD106045,2024-08-05,CUST4377,Regular,Groceries,2,6854,13296.76,3.0,No,None,Credit Card,2,3.1,No
ORD106046,2024-09-16,CUST4029,Premium,Fashion,5,3934,12982.199999999999,34.0,No,None,Wallet,5,3.1,Yes
ORD106047,2024-01-01,CUST8938,Regular,Beauty,4,7004,24373.92,13.0,No,None,Credit Card,1,3.8,No
ORD106048,2024-03-11,CUST1666,Regular,Fashion,3,1441,3458.4,20.0,No,None,COD,5,4.7,No
ORD106049,2024-06-26,CUST6188,Premium,Groceries,5,3700,9805.0,47.0,No,None,UPI,5,4.7,No
ORD106050,2024-07-07,CUST1120,Regular,Fashion,3,5930,15299.4,14.0,No,None,Credit Card,5,4.4,Yes
ORD106051,2024-10-17,CUST9217,Regular,Groceries,3,5730,10657.8,38.0,No,None,Wallet,5,3.9,No
ORD106052,2024-01-08,CUST7492,New,Home Decor,2,3461,3530.2200000000003,49.0,No,None,COD,4,3.1,No
ORD106053,2024-09-09,CUST4803,New,Beauty,1,7464,6045.84,19.0,No,None,COD,3,3.7,No
ORD106054,2024-10-18,CUST5414,Regular,Groceries,2,4043,7681.7,5.0,No,None,Credit Card,4,4.2,No
ORD106055,2024-08-31,CUST3331,Regular,Beauty,5,5025,18341.25,27.0,Yes,Raksha Bandhan,Credit Card,4,4.0,No
ORD106056,2024-05-02,CUST5255,Regular,Groceries,2,2181,2311.86,47.0,No,None,COD,1,3.8,No
ORD106057,2024-10-25,CUST2779,Regular,Electronics,1,847,491.26000000000005,42.0,Yes,Diwali,Credit Card,5,3.6,No
ORD106058,2024-10-09,CUST5327,New,Electronics,2,4123,8163.54,1.0,No,None,COD,4,4.4,No
ORD106059,2024-02-01,CUST9119,Premium,Electronics,2,2182,3185.72,27.0,No,None,Wallet,2,4.6,No
ORD106060,2024-11-29,CUST3700,Regular,Groceries,2,5455,7309.699999999999,,No,None,UPI,5,4.3,No
ORD106061,2024-05-25,CUST6695,New,Beauty,4,2219,7722.12,13.0,No,None,Credit Card,1,4.8,No
ORD106062,2024-06-04,CUST7374,Premium,Electronics,4,9214,33907.520000000004,8.0,No,None,Wallet,6,4.4,No
ORD106063,2024-01-16,CUST7067,Premium,Beauty,2,4874,7603.4400000000005,22.0,No,None,Wallet,6,3.6,No
ORD106064,2024-12-20,CUST4900,Regular,Groceries,1,8271,4714.47,43.0,Yes,Christmas/New Year,Credit Card,1,4.0,No
ORD106065,2024-02-16,CUST6695,Regular,Beauty,1,7180,4738.799999999999,34.0,No,None,Wallet,7,3.8,No
ORD106066,2024-09-07,CUST7896,Premium,Beauty,1,3032,2395.28,21.0,No,None,COD,2,3.9,No
ORD106067,2024-07-05,CUST4958,Regular,Electronics,1,9412,9035.52,4.0,No,None,Credit Card,6,4.7,No
ORD106068,2024-01-31,CUST6091,Regular,Fashion,3,9473,17051.399999999998,40.0,No,None,UPI,1,3.3,No
ORD106069,2024-09-16,CUST2914,Regular,Home Decor,2,7302,10514.88,28.0,No,None,COD,6,2.5,No
ORD106070,2024-01-17,CUST2860,Regular,Groceries,2,6191,8172.119999999999,34.0,No,None,,5,4.2,No
ORD106071,2024-02-08,CUST4949,Premium,Groceries,3,4408,6744.24,49.0,No,None,Wallet,3,3.0,No
ORD106072,2024-10-30,CUST4806,Premium,Groceries,1,3875,2596.2499999999995,33.0,Yes,Diwali,UPI,3,2.9,No
ORD106073,2024-02-08,CUST9623,Regular,Home Decor,5,1979,9598.15,3.0,No,None,UPI,4,5.0,Yes
ORD106074,2024-05-11,CUST6885,Regular,Fashion,5,4896,13708.800000000001,44.0,No,None,Wallet,1,3.2,No
ORD106075,2024-01-30,CUST2506,Premium,Beauty,3,4737,7389.72,48.0,Yes,Republic Day,,7,3.0,No
ORD106076,2024-06-06,CUST8425,Regular,Groceries,5,8619,39647.4,8.0,No,None,UPI,5,3.0,No
ORD106077,2024-10-04,CUST4491,Premium,Beauty,4,1073,3734.04,13.0,No,None,Wallet,2,3.5,No
ORD106078,2024-07-21,CUST8343,Premium,Electronics,2,4966,5561.920000000001,44.0,No,None,COD,2,3.5,No
ORD106079,2024-03-06,CUST6193,Regular,Electronics,5,3628,17414.399999999998,4.0,No,None,Credit Card,5,4.1,No
ORD106080,2024-04-17,CUST2705,Premium,Electronics,4,9683,19753.32,49.0,No,,Wallet,5,2.8,No
ORD106081,2024-09-24,CUST4032,Premium,Groceries,2,5804,6268.320000000001,46.0,No,None,UPI,2,4.1,No
ORD106082,2024-08-09,CUST7857,Regular,Home Decor,4,9419,27880.239999999998,26.0,No,None,UPI,1,3.6,No
ORD106083,2024-10-18,CUST5160,Regular,Groceries,2,3749,6748.2,10.0,No,None,COD,6,3.0,No
ORD106084,2024-01-18,CUST9339,New,Electronics,2,8512,12087.039999999999,29.0,No,None,Wallet,4,4.4,Yes
ORD106085,2024-03-30,CUST2450,Regular,Electronics,5,9133,29225.600000000002,36.0,Yes,Holi,Wallet,4,3.7,No
ORD106086,2024-06-29,CUST9629,New,Groceries,3,4081,7590.66,38.0,No,None,UPI,4,4.3,No
ORD106087,2024-09-11,CUST6022,Premium,Home Decor,5,9901,33168.35,33.0,No,None,Wallet,5,4.8,No
ORD106088,2024-09-09,CUST9101,Regular,Home Decor,1,9634,7418.18,23.0,No,None,UPI,2,3.4,No
ORD106089,2024-09-13,CUST8308,Regular,Beauty,4,4989,16962.6,15.0,No,None,UPI,7,4.7,No
ORD106090,2024-12-11,CUST8985,Regular,Fashion,1,7645,5427.95,29.0,No,None,UPI,7,3.0,No
ORD106091,2024-03-27,CUST6370,Regular,Electronics,2,4552,7010.08,23.0,Yes,Holi,Credit Card,2,3.1,No
ORD106092,2024-03-30,CUST1557,Premium,Home Decor,5,7671,37587.9,2.0,Yes,Holi,UPI,2,4.2,No
ORD106093,2024-08-24,CUST8918,New,Electronics,1,7259,5226.48,28.0,No,None,COD,6,2.8,No
ORD106094,2024-03-10,CUST2524,New,Fashion,1,5849,3450.9100000000003,41.0,No,None,Wallet,2,3.6,No
ORD106095,2024-02-13,CUST3219,Regular,Electronics,1,5208,4635.12,11.0,No,None,Credit Card,2,3.0,No
ORD106096,2024-07-18,CUST7962,New,Home Decor,2,7517,11125.16,26.0,No,None,Wallet,3,3.9,No
ORD106097,2024-05-31,CUST4554,New,Beauty,2,8985,12938.4,28.0,No,None,COD,6,4.5,No
ORD106098,2024-03-26,CUST9364,New,Groceries,2,1233,2441.34,1.0,Yes,Holi,Credit Card,5,2.6,No
ORD106099,2024-01-19,CUST8298,Regular,Groceries,1,411,295.92,28.0,No,None,Wallet,7,3.5,No
ORD106100,2024-04-10,CUST3448,Premium,Home Decor,4,6257,15267.08,39.0,No,None,Credit Card,6,4.3,No
ORD106101,2024-04-04,CUST8326,Premium,Home Decor,5,9797,45066.200000000004,8.0,No,None,UPI,5,3.4,No
ORD106102,2024-09-10,CUST6037,Regular,Fashion,5,5708,16267.800000000001,43.0,No,None,UPI,3,2.6,No
ORD106103,2024-12-22,CUST6156,New,Electronics,2,5217,7616.82,27.0,Yes,Christmas/New Year,Wallet,4,4.0,No
ORD106104,2024-01-30,CUST8631,Regular,Fashion,1,8322,5326.08,36.0,Yes,Republic Day,COD,1,2.8,No
ORD106105,2024-09-05,CUST5669,Regular,Groceries,4,8325,25974.0,22.0,No,None,Credit Card,6,3.4,No
ORD106106,2024-02-02,CUST9475,New,Electronics,3,6679,17632.56,12.0,No,None,Credit Card,5,5.0,Yes
ORD106107,2024-08-16,CUST8963,Regular,Fashion,2,9313,17880.96,4.0,Yes,Independence Day,Wallet,5,3.5,No
ORD106108,2024-01-12,CUST9343,New,Groceries,3,4262,8822.34,31.0,No,None,UPI,3,,No
ORD106109,2024-04-27,CUST5608,Premium,Electronics,5,7548,27550.2,27.0,No,None,Credit Card,5,4.6,No
ORD106110,2024-12-15,CUST1704,Regular,Beauty,5,8142,35010.6,14.0,No,None,UPI,5,3.2,No
ORD106111,2024-06-03,CUST7198,Regular,Beauty,4,8145,25086.600000000002,23.0,No,None,UPI,4,4.0,No
ORD106112,2024-09-02,CUST8258,Premium,Fashion,4,3438,9488.88,31.0,No,None,COD,3,4.9,No
ORD106113,2024-11-27,CUST2929,Premium,Home Decor,3,1693,4063.2000000000003,20.0,No,None,UPI,6,4.0,No
ORD106114,2024-09-03,CUST4137,New,Electronics,5,1777,8529.6,4.0,No,None,UPI,5,4.5,No
ORD106115,2024-01-29,CUST5504,New,Fashion,4,1797,4600.32,36.0,Yes,Republic Day,Credit Card,2,3.7,No
ORD106116,2024-06-09,CUST3908,Regular,Home Decor,4,2628,6832.8,35.0,No,None,COD,3,,Yes
ORD106117,2024-08-22,CUST2481,Regular,Home Decor,5,512,1868.8,27.0,No,None,COD,4,2.6,No
ORD106118,2024-07-08,CUST9127,New,Electronics,5,6886,23756.699999999997,31.0,No,None,Wallet,6,4.5,No
ORD106119,2024-04-26,CUST9576,Premium,Electronics,1,4275,3334.5,22.0,No,None,Wallet,1,4.2,No
ORD106120,2024-09-27,CUST2807,Regular,Home Decor,4,203,690.1999999999999,15.0,No,None,Wallet,5,3.4,No
ORD106121,2024-09-14,CUST7686,New,Groceries,3,7261,11109.33,49.0,No,None,COD,2,3.5,No
ORD106122,2024-06-28,CUST2076,New,Fashion,2,9277,16884.14,9.0,No,None,UPI,2,3.3,Yes
ORD106123,2024-06-20,CUST5031,Premium,Electronics,2,5418,7801.92,28.0,No,None,COD,1,3.8,No
ORD106124,2024-09-30,CUST3678,Regular,Home Decor,5,391,1446.7,26.0,No,None,UPI,3,2.8,Yes
ORD106125,2024-09-15,CUST8642,Premium,Groceries,3,2580,5108.4,34.0,No,None,Wallet,4,4.6,No
ORD106126,2024-05-14,CUST8462,Premium,Beauty,1,1435,846.6500000000001,41.0,No,None,Wallet,5,3.7,No
ORD106127,2024-06-19,CUST2302,New,Home Decor,4,7962,17834.88,44.0,No,None,UPI,5,2.6,No
ORD106128,2024-07-28,CUST2276,New,Groceries,1,8131,6260.87,23.0,No,None,UPI,6,3.9,Yes
ORD106129,2024-08-23,CUST8075,Premium,Beauty,3,2603,6091.02,22.0,No,None,Wallet,5,4.8,No
ORD106130,2024-07-04,CUST4049,Premium,Groceries,1,6221,6096.58,2.0,No,None,UPI,2,2.7,No
ORD106131,2024-12-29,CUST5296,New,Electronics,5,7620,24765.0,35.0,Yes,Christmas/New Year,COD,3,2.8,No
ORD106132,2024-04-04,CUST9272,Regular,Home Decor,2,6934,7766.080000000001,44.0,No,None,Wallet,1,3.5,No
ORD106133,2024-01-11,CUST1429,Regular,Beauty,5,8653,37640.55,13.0,No,None,COD,3,,No
ORD106134,2024-03-08,CUST7780,New,Groceries,4,2569,9967.72,3.0,No,None,Wallet,4,4.0,No
ORD106135,2024-07-28,CUST3464,Regular,Beauty,5,2667,7600.950000000001,43.0,No,None,Credit Card,4,3.6,No
ORD106136,2024-07-14,CUST1695,Regular,Fashion,3,4627,7356.93,47.0,No,None,COD,7,5.0,No
ORD106137,2024-04-07,CUST1882,Regular,Home Decor,3,1459,2582.4300000000003,41.0,No,None,Credit Card,1,3.0,No
ORD106138,2024-04-02,CUST5877,Regular,Electronics,4,2254,6221.04,31.0,No,None,Wallet,2,4.6,No
ORD106139,2024-01-22,CUST2213,Regular,Beauty,4,733,2374.92,19.0,Yes,Republic Day,COD,6,2.8,No
ORD106140,2024-06-20,CUST2388,Regular,Groceries,2,2319,3895.92,16.0,No,None,COD,1,2.9,No
ORD106141,2024-05-13,CUST6914,New,Beauty,1,1723,1240.56,28.0,No,None,COD,6,3.2,No
ORD106142,2024-01-25,CUST8728,Premium,Groceries,2,3657,4534.68,38.0,Yes,Republic Day,UPI,4,4.7,No
ORD106143,2024-07-03,CUST5054,Premium,Beauty,5,2789,9622.05,31.0,No,None,COD,2,3.6,No
ORD106144,2024-03-25,CUST1410,Regular,Electronics,1,4619,4480.43,3.0,Yes,Holi,COD,3,3.5,Yes
ORD106145,2024-02-24,CUST4640,Premium,Electronics,4,7292,22459.36,23.0,No,None,Credit Card,4,3.7,No
ORD106146,2024-09-07,CUST5647,Premium,Home Decor,3,6944,11874.240000000002,43.0,No,None,COD,2,4.1,No
ORD106147,2024-05-23,CUST4104,Premium,Electronics,5,2140,6313.000000000001,41.0,No,None,UPI,2,3.6,No
ORD106148,2024-12-16,CUST4960,Regular,Beauty,2,3936,7793.28,1.0,No,None,COD,5,4.9,No
ORD106149,2024-06-15,CUST6886,Regular,Beauty,4,272,946.56,13.0,No,None,Credit Card,3,,No
ORD106150,2024-08-11,CUST6508,New,Electronics,1,3087,1883.07,39.0,Yes,Independence Day,COD,2,3.7,No
ORD106151,2024-08-07,CUST3352,Premium,Fashion,1,5557,3278.6300000000006,41.0,No,None,COD,1,3.5,No
ORD106152,2024-06-27,CUST8685,Premium,Beauty,3,9379,17726.31,37.0,No,None,Credit Card,6,4.2,No
ORD106153,2024-04-28,CUST1704,Premium,Home Decor,4,1545,4140.599999999999,33.0,No,None,Wallet,7,4.9,No
ORD106154,2024-09-21,CUST4390,Regular,Fashion,4,9423,20730.600000000002,45.0,No,None,COD,3,3.2,No
ORD106155,2024-05-29,CUST8673,Premium,Electronics,5,2206,6397.400000000001,42.0,No,None,Wallet,3,4.9,No
ORD106156,2024-08-02,CUST8628,Regular,Groceries,5,9622,47628.9,1.0,No,None,Credit Card,7,4.6,No
ORD106157,2024-07-15,CUST6148,Premium,Beauty,1,8802,5721.3,35.0,No,None,Credit Card,4,4.5,No
ORD106158,2024-02-11,CUST9898,New,Groceries,2,2019,3836.1,5.0,No,None,Wallet,3,2.7,No
ORD106159,2024-02-22,CUST5587,Premium,Home Decor,1,6994,4546.1,35.0,No,None,UPI,3,4.9,No
ORD106160,2024-11-25,CUST4347,Regular,Fashion,5,7413,29281.350000000002,21.0,No,None,UPI,5,4.6,No
ORD106161,2024-09-07,CUST2885,Regular,Groceries,5,3292,15801.599999999999,4.0,No,None,Credit Card,3,4.2,No
ORD106162,2024-10-21,CUST3237,Premium,Home Decor,5,5489,17290.35,37.0,Yes,Diwali,UPI,6,2.8,No
ORD106163,2024-09-27,CUST1388,New,Groceries,1,2791,1674.6,40.0,No,None,UPI,6,3.6,No
ORD106164,2024-05-02,CUST5005,Premium,Groceries,4,7783,24594.280000000002,21.0,No,None,Credit Card,6,4.6,No
ORD106165,2024-12-04,CUST8664,Premium,Home Decor,2,2702,2864.1200000000003,47.0,No,None,COD,2,3.6,No
ORD106166,2024-09-22,CUST2601,Regular,Beauty,2,9053,16295.4,10.0,No,None,COD,7,3.6,No
ORD106167,2024-12-13,CUST8167,Premium,Groceries,5,9621,27900.900000000005,42.0,No,None,COD,7,3.2,No
ORD106168,2024-01-29,CUST5062,Premium,Home Decor,3,9748,20470.8,30.0,Yes,Republic Day,UPI,1,2.6,Yes
ORD106169,2024-02-04,CUST5980,New,Groceries,1,3292,1942.2800000000002,41.0,No,None,Wallet,7,3.8,No
ORD106170,2024-01-06,CUST1712,Regular,Beauty,4,7261,20911.68,28.0,No,None,UPI,6,4.4,No
ORD106171,2024-04-20,CUST1689,Premium,Home Decor,5,1873,6368.2,32.0,No,,COD,5,2.9,No
ORD106172,2024-10-20,CUST2900,Regular,Groceries,3,9480,22467.600000000002,21.0,Yes,Diwali,Credit Card,5,4.7,No
ORD106173,2024-03-17,CUST9275,Premium,Electronics,5,6202,16125.2,48.0,No,None,Credit Card,5,3.9,No
ORD106174,2024-12-14,CUST7671,New,Beauty,3,7508,16667.76,26.0,No,None,Credit Card,5,4.5,No
ORD106175,2024-05-26,CUST3201,Regular,Groceries,2,6859,12757.74,7.0,No,None,,4,4.2,No
ORD106176,2024-03-07,CUST4058,Regular,Fashion,3,699,1111.41,47.0,No,None,Wallet,7,2.8,No
ORD106177,2024-01-08,CUST5505,Premium,Home Decor,2,525,997.5,5.0,No,None,COD,5,4.8,No
ORD106178,2024-05-01,CUST4878,Premium,Groceries,2,6233,6856.3,45.0,No,None,Credit Card,4,4.3,No
ORD106179,2024-12-05,CUST1369,Regular,Beauty,1,1087,826.12,24.0,No,None,COD,4,2.6,No
ORD106180,2024-06-23,CUST9789,Regular,Beauty,3,9387,18867.87,33.0,No,None,COD,3,4.0,No
ORD106181,2024-06-27,CUST2783,Premium,Fashion,4,3873,14252.640000000001,8.0,No,None,UPI,1,,No
ORD106182,2024-03-25,CUST2330,New,Fashion,4,8135,21151.0,35.0,Yes,Holi,Credit Card,3,4.6,No
ORD106183,2024-02-14,CUST3430,Regular,Groceries,3,1128,2368.7999999999997,30.0,No,None,UPI,4,2.8,No
ORD106184,2024-05-15,CUST5383,New,Electronics,1,4603,3774.4600000000005,18.0,No,None,COD,3,4.0,No
ORD106185,2024-12-08,CUST2589,Regular,Beauty,4,5626,11702.08,48.0,No,None,COD,2,3.3,No
ORD106186,2024-01-16,CUST7789,Regular,Electronics,5,8190,40950.0,0.0,No,None,COD,7,3.1,No
ORD106187,2024-11-28,CUST4414,Regular,Electronics,4,824,2537.92,23.0,No,None,Credit Card,5,2.6,No
ORD106188,2024-07-13,CUST1116,New,Groceries,1,4544,3044.4799999999996,33.0,No,None,Credit Card,5,3.3,No
ORD106189,2024-01-09,CUST6766,Regular,Home Decor,2,2571,4319.28,,No,None,Credit Card,7,3.5,No
ORD106190,2024-11-11,CUST3981,Premium,Home Decor,2,4899,6564.659999999999,33.0,No,None,COD,7,3.6,No
ORD106191,2024-11-29,CUST3746,Regular,Home Decor,2,8450,11153.999999999998,34.0,No,None,COD,4,4.3,No
ORD106192,2024-11-28,CUST6827,New,Fashion,1,5316,3455.4,35.0,No,None,Wallet,3,3.5,No
ORD106193,2024-11-22,CUST2859,New,Beauty,2,6437,11329.12,12.0,No,None,Credit Card,7,3.0,No
ORD106194,2024-01-15,CUST4268,Premium,Fashion,2,9669,14696.880000000001,24.0,No,None,COD,2,3.5,No
ORD106195,2024-11-22,CUST8230,New,Beauty,1,9078,8079.42,11.0,No,,COD,2,2.7,No
ORD106196,2024-04-11,CUST6446,Premium,Beauty,5,7827,31308.0,20.0,No,None,Wallet,6,4.9,Yes
ORD106197,2024-08-13,CUST1343,New,Beauty,4,4810,12313.6,36.0,Yes,Independence Day,Wallet,2,2.7,Yes
ORD106198,2024-10-04,CUST4644,Regular,Groceries,1,732,402.6,45.0,No,None,COD,4,3.0,Yes
ORD106199,2024-04-22,CUST1731,Regular,Home Decor,1,4697,2959.11,37.0,No,None,Credit Card,6,3.6,No
ORD106200,2024-01-01,CUST8310,Premium,Fashion,3,4052,12156.0,0.0,No,None,UPI,3,4.8,No
ORD106201,2024-09-22,CUST4480,Regular,Fashion,2,3604,3820.2400000000002,47.0,No,None,UPI,2,2.9,No
ORD106202,2024-07-26,CUST3223,Regular,Groceries,5,2968,14098.0,5.0,No,None,UPI,2,3.5,No
ORD106203,2024-04-19,CUST6436,Premium,Beauty,3,2855,4796.400000000001,44.0,No,None,Credit Card,3,,No
ORD106204,2024-07-18,CUST5870,Regular,Home Decor,5,2340,6552.000000000001,44.0,No,None,COD,3,4.0,No
ORD106205,2024-11-01,CUST8742,Premium,Electronics,2,7924,14263.2,10.0,Yes,Diwali,UPI,5,4.0,No
ORD106206,2024-01-12,CUST6553,Regular,Electronics,2,773,1314.1,15.0,No,None,UPI,1,4.9,No
ORD106207,2024-12-10,CUST6867,New,Groceries,2,1765,2788.7000000000003,21.0,No,None,Credit Card,1,3.8,No
ORD106208,2024-07-06,CUST1852,New,Home Decor,4,636,1399.2,45.0,No,None,COD,2,2.5,No
ORD106209,2024-06-02,CUST4121,New,Electronics,5,3789,17050.5,10.0,No,None,COD,3,2.6,No
ORD106210,2024-11-29,CUST7781,Regular,Electronics,5,1598,5113.6,36.0,No,None,Credit Card,5,4.2,No
ORD106211,2024-10-05,CUST5372,Premium,Fashion,3,9946,22378.5,25.0,No,None,UPI,4,3.0,No
ORD106212,2024-06-19,CUST9936,New,Home Decor,1,7891,5918.25,25.0,No,None,COD,1,3.7,No
ORD106213,2024-05-13,CUST6659,New,Electronics,2,3466,4089.8800000000006,41.0,No,None,COD,6,3.9,No
ORD106214,2024-01-25,CUST8841,Premium,Fashion,2,6608,10572.800000000001,20.0,Yes,Republic Day,UPI,1,4.2,No
ORD106215,2024-01-18,CUST6573,Regular,Home Decor,3,3697,8318.25,25.0,No,None,,3,2.7,No
ORD106216,2024-07-08,CUST8847,Premium,Beauty,5,5156,22170.8,14.0,No,None,UPI,7,4.4,No
ORD106217,2024-05-20,CUST8403,Premium,Home Decor,4,2174,5391.5199999999995,38.0,No,None,Wallet,4,4.8,No
ORD106218,2024-02-12,CUST5982,Regular,Groceries,5,9258,30551.399999999998,34.0,No,None,COD,1,3.1,No
ORD106219,2024-11-29,CUST6005,Premium,Fashion,4,9445,34002.0,10.0,No,None,Credit Card,7,3.5,No
ORD106220,2024-10-10,CUST1283,New,Beauty,4,5610,20644.8,8.0,No,None,UPI,5,4.4,No
ORD106221,2024-05-25,CUST3226,Premium,Fashion,5,7942,23428.9,41.0,No,None,UPI,1,3.1,No
ORD106222,2024-11-10,CUST2195,Regular,Fashion,2,2734,4265.04,22.0,Yes,Diwali,Credit Card,3,3.9,No
ORD106223,2024-11-14,CUST2284,Premium,Electronics,4,7773,30159.239999999998,3.0,No,None,COD,3,4.1,No
ORD106224,2024-04-01,CUST5291,New,Home Decor,3,8419,17932.469999999998,29.0,No,None,Credit Card,6,4.7,No
ORD106225,2024-06-27,CUST5850,Premium,Fashion,3,3417,7483.23,27.0,No,None,Wallet,6,3.4,No
ORD106226,2024-02-25,CUST6441,Premium,Fashion,4,2535,7706.4,24.0,No,None,Credit Card,4,3.7,No
ORD106227,2024-06-03,CUST1228,Premium,Groceries,2,4876,7704.08,,No,None,Wallet,1,3.0,No
ORD106228,2024-06-08,CUST8831,Premium,Groceries,4,6595,20048.8,24.0,No,None,COD,4,3.3,No
ORD106229,2024-04-20,CUST2246,Premium,Groceries,3,7529,16940.25,25.0,No,None,UPI,7,2.7,No
ORD106230,2024-05-16,CUST6337,Regular,Fashion,3,2357,3606.21,49.0,No,None,Wallet,1,3.0,No
ORD106231,2024-08-19,CUST4845,Regular,Beauty,5,2891,10407.6,28.0,Yes,Independence Day,Wallet,2,3.4,No
ORD106232,2024-08-07,CUST8738,Regular,Home Decor,2,6741,7415.1,45.0,No,None,Credit Card,1,3.6,No
ORD106233,2024-03-08,CUST8456,Regular,Fashion,5,3542,10626.0,40.0,No,None,Credit Card,3,4.3,No
ORD106234,2024-10-28,CUST9965,Regular,Electronics,1,1755,1210.9499999999998,31.0,Yes,Diwali,UPI,3,3.6,No
ORD106235,2024-09-05,CUST3131,Regular,Beauty,4,475,1425.0,25.0,No,None,COD,2,2.6,No
ORD106236,2024-11-18,CUST2684,New,Beauty,5,2936,10716.4,27.0,No,None,Wallet,1,4.4,No
ORD106237,2024-01-06,CUST8977,Regular,Home Decor,2,9739,15777.18,19.0,No,None,UPI,1,3.8,No
ORD106238,2024-10-06,CUST8281,Regular,Beauty,4,3289,6972.68,47.0,No,None,Wallet,3,4.8,No
ORD106239,2024-04-03,CUST8697,Regular,Home Decor,4,7778,30800.88,1.0,No,None,UPI,2,4.1,No
ORD106240,2024-09-25,CUST6712,Premium,Beauty,4,8168,25484.16,22.0,No,None,Credit Card,3,3.8,No
ORD106241,2024-07-15,CUST1273,Regular,Home Decor,4,2372,5882.56,38.0,No,None,Credit Card,7,3.2,No
ORD106242,2024-01-25,CUST2497,Regular,Groceries,4,352,1351.6799999999998,4.0,Yes,Republic Day,COD,2,3.1,No
ORD106243,2024-05-27,CUST4395,Regular,Groceries,2,1804,2886.4,20.0,No,None,Credit Card,3,3.1,No
ORD106244,2024-04-27,CUST4113,New,Beauty,1,7001,5530.79,21.0,No,None,UPI,5,3.5,No
ORD106245,2024-12-03,CUST6966,New,Beauty,3,7924,12361.44,48.0,No,None,Wallet,1,2.9,No
ORD106246,2024-12-03,CUST1475,New,Home Decor,1,2026,1823.4,10.0,No,None,UPI,4,4.6,No
ORD106247,2024-03-06,CUST9589,Regular,Home Decor,3,8638,18398.94,,No,None,COD,5,4.5,No
ORD106248,2024-10-27,CUST9485,Premium,Fashion,5,5709,20837.85,27.0,Yes,Diwali,Credit Card,3,4.3,No
ORD106249,2024-06-23,CUST6174,Premium,Groceries,4,1570,4082.0,35.0,No,None,Credit Card,2,2.6,No
ORD106250,2024-11-14,CUST6472,Regular,Fashion,5,5522,23192.399999999998,16.0,No,None,Wallet,4,2.7,No
ORD106251,2024-03-16,CUST6239,Regular,Fashion,5,5328,21312.0,20.0,No,None,COD,2,4.1,Yes
ORD106252,2024-04-23,CUST5482,Regular,Electronics,3,6011,11541.12,36.0,No,None,COD,6,4.4,No
ORD106253,2024-04-20,CUST3639,Premium,Home Decor,2,1891,2458.3,35.0,No,None,Credit Card,2,2.6,No
ORD106254,2024-09-05,CUST6750,Regular,Electronics,4,6874,20896.96,24.0,No,None,COD,6,3.2,No
ORD106255,2024-07-21,CUST9920,Regular,Electronics,5,3590,13821.5,23.0,No,None,UPI,7,2.8,Yes
ORD106256,2024-05-26,CUST9602,Regular,Fashion,1,2598,1844.58,29.0,No,None,COD,6,3.1,No
ORD106257,2024-02-04,CUST5515,Premium,Electronics,4,236,556.96,41.0,No,None,UPI,1,3.8,No
ORD106258,2024-11-04,CUST1836,New,Home Decor,2,1827,2411.64,34.0,Yes,Diwali,UPI,3,2.8,No
ORD106259,2024-01-26,CUST8518,Premium,Fashion,4,2539,8124.8,20.0,Yes,,UPI,1,3.1,No
ORD106260,2024-08-25,CUST2209,Premium,Home Decor,5,6360,30210.0,5.0,Yes,Raksha Bandhan,Credit Card,6,3.9,No
ORD106261,2024-01-14,CUST2140,Premium,Beauty,1,1571,1256.8000000000002,20.0,No,None,UPI,2,3.8,No
ORD106262,2024-02-14,CUST4049,Regular,Electronics,5,876,4073.3999999999996,7.0,No,None,Wallet,1,4.6,No
ORD106263,2024-08-03,CUST7107,Regular,Fashion,2,5272,10122.24,4.0,No,None,COD,5,2.9,No
ORD106264,2024-08-20,CUST7023,New,Groceries,3,452,827.16,39.0,Yes,Independence Day,UPI,7,3.4,No
ORD106265,2024-07-11,CUST8621,New,Home Decor,1,3064,2788.2400000000002,9.0,No,None,Wallet,6,4.8,No
ORD106266,2024-02-20,CUST3066,Premium,Electronics,2,1816,2542.3999999999996,30.0,No,None,Credit Card,2,4.5,No
ORD106267,2024-08-01,CUST7578,Regular,Home Decor,2,2431,3452.02,29.0,No,None,Credit Card,2,4.0,No
ORD106268,2024-05-30,CUST7151,Regular,Home Decor,5,6633,26532.0,20.0,No,None,Credit Card,5,4.4,No
ORD106269,2024-10-01,CUST9486,Regular,Beauty,5,960,3120.0,35.0,No,None,Credit Card,2,3.6,No
ORD106270,2024-12-03,CUST9715,New,Home Decor,5,3486,12898.2,26.0,No,None,COD,4,4.8,No
ORD106271,2024-03-16,CUST9666,Premium,Beauty,3,6501,12286.89,37.0,No,None,Credit Card,4,4.0,No
ORD106272,2024-08-07,CUST6261,New,Beauty,4,7266,19182.239999999998,34.0,No,None,COD,3,4.2,No
ORD106273,2024-12-13,CUST5845,Premium,Beauty,4,7034,19413.84,31.0,No,None,Wallet,3,4.1,No
ORD106274,2024-07-05,CUST9339,Regular,Electronics,5,592,2220.0,25.0,No,None,Credit Card,1,4.2,No
ORD106275,2024-10-15,CUST4203,Regular,Home Decor,5,8822,42786.7,3.0,No,None,Credit Card,1,4.1,No
ORD106276,2024-01-28,CUST3392,Regular,Home Decor,3,1196,2655.12,26.0,Yes,Republic Day,,7,2.7,No
ORD106277,2024-06-28,CUST1049,Premium,Beauty,4,7348,19104.8,35.0,No,None,Wallet,5,4.0,No
ORD106278,2024-09-09,CUST4351,Regular,Home Decor,3,9483,18207.36,36.0,No,None,COD,5,4.5,No
ORD106279,2024-05-05,CUST7347,Premium,Home Decor,2,1300,1924.0,26.0,No,None,UPI,6,2.5,No
ORD106280,2024-06-25,CUST9752,Premium,Beauty,4,8493,18344.88,46.0,No,None,COD,7,4.7,No
ORD106281,2024-02-06,CUST8976,Regular,Groceries,5,9284,24602.600000000002,47.0,No,None,UPI,2,4.9,Yes
ORD106282,2024-04-08,CUST9640,Regular,Groceries,1,2460,2337.0,5.0,No,None,COD,3,2.8,No
ORD106283,2024-04-07,CUST1124,Regular,Beauty,2,2380,3950.7999999999997,17.0,No,None,UPI,6,3.8,No
ORD106284,2024-05-06,CUST9231,Premium,Electronics,1,5516,4137.0,25.0,No,None,Credit Card,3,2.8,No
ORD106285,2024-06-16,CUST5154,Regular,Home Decor,3,1980,3385.8,43.0,No,None,UPI,3,3.2,No
ORD106286,2024-03-20,CUST6404,Regular,Home Decor,3,6633,15322.23,23.0,Yes,Holi,Wallet,3,4.1,No
ORD106287,2024-10-20,CUST2742,New,Groceries,3,9671,27272.219999999998,6.0,Yes,Diwali,Wallet,1,3.3,No
ORD106288,2024-11-28,CUST2099,Premium,Beauty,5,4208,11992.800000000001,43.0,No,None,UPI,4,3.4,No
ORD106289,2024-05-05,CUST3449,Premium,Electronics,3,7573,19765.53,13.0,No,None,Credit Card,6,4.4,No
ORD106290,2024-12-08,CUST5085,Premium,Beauty,1,3486,3067.68,12.0,No,None,Credit Card,5,3.9,No
ORD106291,2024-11-05,CUST6417,New,Groceries,2,4717,7075.5,25.0,Yes,Diwali,UPI,5,3.8,No
ORD106292,2024-05-29,CUST6868,Premium,Groceries,5,2828,8201.2,42.0,No,None,UPI,3,3.3,No
ORD106293,2024-01-16,CUST4070,Regular,Home Decor,2,738,856.0800000000002,42.0,No,None,Wallet,3,4.3,No
ORD106294,2024-01-28,CUST1746,Regular,Fashion,3,1980,5880.6,1.0,Yes,Republic Day,Wallet,1,3.6,No
ORD106295,2024-06-21,CUST3723,Premium,Electronics,4,6805,14971.000000000002,45.0,No,None,,1,4.7,No
ORD106296,2024-02-15,CUST7668,Premium,Electronics,5,2548,6879.6,46.0,No,None,Credit Card,5,4.0,No
ORD106297,2024-11-23,CUST5674,Premium,Fashion,3,5607,13120.380000000001,22.0,No,None,Credit Card,3,3.8,No
ORD106298,2024-08-23,CUST5503,New,Groceries,5,7369,26896.85,27.0,No,None,Credit Card,3,4.5,No
ORD106299,2024-08-01,CUST3754,New,Beauty,4,2160,8640.0,0.0,No,None,COD,7,3.7,No
ORD106300,2024-03-25,CUST9340,Regular,Electronics,1,3291,2270.79,31.0,Yes,,COD,6,3.2,No
ORD106301,2024-10-08,CUST9495,Regular,Fashion,1,7297,6494.33,11.0,No,None,Wallet,5,2.9,No
ORD106302,2024-08-19,CUST8567,Regular,Home Decor,1,3762,2069.1000000000004,45.0,Yes,Independence Day,Wallet,1,3.9,No
ORD106303,2024-03-25,CUST8076,Premium,Home Decor,4,5281,10773.24,49.0,Yes,Holi,UPI,6,3.6,No
ORD106304,2024-03-05,CUST9689,Regular,Groceries,2,5101,6733.319999999999,34.0,No,None,COD,5,3.5,No
ORD106305,2024-05-13,CUST3032,Regular,Electronics,4,2504,7512.0,25.0,No,None,COD,1,3.4,No
ORD106306,2024-05-30,CUST1572,Regular,Beauty,4,2685,7517.999999999999,30.0,No,None,COD,1,4.2,No
ORD106307,2024-04-24,CUST9812,Regular,Electronics,3,8128,21701.760000000002,11.0,No,None,Credit Card,6,3.8,Yes
ORD106308,2024-03-04,CUST3000,Regular,Home Decor,1,8375,6030.0,28.0,No,None,Wallet,6,3.8,No
ORD106309,2024-12-08,CUST6204,Regular,Electronics,5,848,4070.3999999999996,4.0,No,None,UPI,1,3.3,No
ORD106310,2024-12-28,CUST4080,Premium,Home Decor,2,8090,10678.8,34.0,Yes,Christmas/New Year,COD,3,4.0,No
ORD106311,2024-12-17,CUST5185,Regular,Fashion,5,4015,18870.5,6.0,No,None,COD,5,3.5,No
ORD106312,2024-06-06,CUST9258,Regular,Fashion,3,6479,16521.45,15.0,No,None,COD,1,4.4,No
ORD106313,2024-03-17,CUST4312,New,Home Decor,3,9943,20582.01,31.0,No,None,Credit Card,4,3.8,No
ORD106314,2024-05-25,CUST7302,New,Beauty,2,9694,16285.92,16.0,No,None,UPI,7,3.2,No
ORD106315,2024-12-08,CUST2186,Regular,Beauty,5,2832,11328.0,20.0,No,None,UPI,1,2.9,No
ORD106316,2024-08-12,CUST2801,Regular,Electronics,2,8103,11992.44,26.0,Yes,Independence Day,COD,1,4.2,No
ORD106317,2024-11-08,CUST3953,Premium,Home Decor,2,1468,1790.96,39.0,Yes,Diwali,UPI,6,3.4,No
ORD106318,2024-04-12,CUST9260,Regular,Groceries,1,1973,1065.42,46.0,No,None,Credit Card,1,2.7,No
ORD106319,2024-12-12,CUST1903,Regular,Beauty,5,7220,31046.0,14.0,No,None,COD,7,4.8,No
ORD106320,2024-10-27,CUST2071,Regular,Beauty,1,3827,2985.06,22.0,Yes,Diwali,Wallet,2,3.5,No
ORD106321,2024-03-28,CUST1536,Regular,Fashion,1,1366,1270.3799999999999,7.0,Yes,Holi,Wallet,6,4.4,No
ORD106322,2024-10-29,CUST4331,Premium,Beauty,1,2748,2088.48,24.0,Yes,Diwali,UPI,4,3.6,No
ORD106323,2024-06-16,CUST6753,New,Beauty,4,1750,6300.0,10.0,No,None,Wallet,3,4.7,No
ORD106324,2024-06-18,CUST4020,Premium,Beauty,3,2340,5616.0,20.0,No,None,Wallet,7,2.6,No
ORD106325,2024-05-14,CUST9123,Premium,Home Decor,3,5702,15566.460000000001,9.0,No,None,COD,6,3.1,Yes
ORD106326,2024-02-19,CUST4068,Regular,Home Decor,4,6208,12664.32,49.0,No,None,Credit Card,5,3.9,No
ORD106327,2024-12-05,CUST7365,Premium,Fashion,2,6622,12184.480000000001,8.0,No,None,COD,5,3.3,No
ORD106328,2024-12-12,CUST3399,Regular,Electronics,5,6046,16021.900000000001,47.0,No,None,Credit Card,6,4.4,No
ORD106329,2024-05-13,CUST6835,Regular,Beauty,5,3720,18600.0,0.0,No,None,COD,5,4.2,No
ORD106330,2024-12-12,CUST7540,Premium,Electronics,5,8128,32105.600000000002,21.0,No,None,Wallet,6,2.6,No
ORD106331,2024-05-16,CUST3116,New,Home Decor,1,7325,6958.75,5.0,No,None,COD,3,4.0,No
ORD106332,2024-09-01,CUST3180,Regular,Beauty,5,9012,31992.6,29.0,No,None,UPI,1,4.6,No
ORD106333,2024-04-18,CUST8009,New,Electronics,5,5607,18783.449999999997,33.0,No,None,UPI,4,3.3,Yes
ORD106334,2024-11-08,CUST6472,Regular,Electronics,5,2723,11981.2,12.0,Yes,Diwali,Credit Card,5,2.8,Yes
ORD106335,2024-10-13,CUST6380,Regular,Groceries,3,4967,11771.79,21.0,No,None,Credit Card,2,4.3,No
ORD106336,2024-01-21,CUST2548,Regular,Home Decor,4,8562,32535.6,5.0,Yes,Republic Day,Credit Card,2,4.8,No
ORD106337,2024-03-30,CUST2889,Premium,Fashion,2,5844,7012.8,40.0,Yes,Holi,UPI,4,4.1,No
ORD106338,2024-10-22,CUST9252,New,Fashion,4,2619,5761.8,45.0,Yes,Diwali,COD,5,4.6,No
ORD106339,2024-04-21,CUST8817,Premium,Groceries,5,9808,37760.8,23.0,No,None,Wallet,1,5.0,No
ORD106340,2024-10-27,CUST5218,Regular,Electronics,2,6277,10043.2,20.0,Yes,Diwali,Credit Card,5,3.7,No
ORD106341,2024-03-17,CUST7981,Regular,Groceries,2,7877,9767.48,38.0,No,None,COD,7,4.8,No
ORD106342,2024-06-25,CUST4388,Premium,Groceries,4,1138,3550.56,22.0,No,None,COD,1,3.4,No
ORD106343,2024-12-08,CUST9932,Regular,Home Decor,4,5130,19699.2,4.0,No,None,UPI,5,4.4,No
ORD106344,2024-05-27,CUST7547,Regular,Beauty,4,6552,24635.519999999997,6.0,No,None,UPI,2,4.8,No
ORD106345,2024-04-10,CUST7591,New,Electronics,4,7143,28000.56,2.0,No,None,Wallet,3,3.8,No
ORD106346,2024-09-02,CUST3942,Premium,Fashion,1,7811,6873.68,12.0,No,None,COD,6,4.1,No
ORD106347,2024-04-26,CUST3539,Regular,Fashion,3,8264,22064.88,11.0,No,None,Credit Card,4,4.9,No
ORD106348,2024-04-01,CUST4985,Regular,Groceries,3,3377,9624.449999999999,5.0,No,None,UPI,1,3.1,No
ORD106349,2024-01-28,CUST1228,Regular,Groceries,5,5551,18595.85,33.0,Yes,Republic Day,COD,3,3.4,No
ORD106350,2024-01-25,CUST9154,Premium,Groceries,1,5300,4558.0,14.0,Yes,Republic Day,UPI,1,4.4,No
ORD106351,2024-02-27,CUST4507,New,Electronics,2,3996,4315.68,46.0,No,None,COD,7,3.4,No
ORD106352,2024-10-23,CUST4323,Premium,Groceries,4,3084,10238.88,17.0,Yes,Diwali,UPI,4,3.8,No
ORD106353,2024-05-13,CUST4923,Regular,Groceries,5,1472,3827.2000000000003,48.0,No,None,Credit Card,7,,No
ORD106354,2024-11-26,CUST8351,Regular,Beauty,2,6607,12949.72,2.0,No,None,Wallet,7,3.9,No
ORD106355,2024-09-05,CUST6988,New,Electronics,3,1952,4626.24,21.0,No,None,Credit Card,3,4.1,No
ORD106356,2024-02-07,CUST8659,New,Home Decor,2,7870,10388.4,34.0,No,None,UPI,7,2.7,No
ORD106357,2024-03-15,CUST7285,Premium,Home Decor,4,7630,22279.6,27.0,No,None,UPI,3,3.1,No
ORD106358,2024-05-21,CUST8950,Regular,Beauty,4,1891,4538.4,40.0,No,None,UPI,6,3.6,No
ORD106359,2024-11-17,CUST1654,Premium,Fashion,3,9649,17078.730000000003,,No,None,Credit Card,6,4.5,No
ORD106360,2024-06-16,CUST2580,New,Home Decor,4,8823,31409.88,11.0,No,None,UPI,4,2.6,No
ORD106361,2024-09-15,CUST7291,Premium,Electronics,1,5373,5373.0,0.0,No,None,Credit Card,4,3.3,No
ORD106362,2024-12-20,CUST6759,Premium,Fashion,5,4105,13341.25,35.0,Yes,Christmas/New Year,UPI,1,2.5,No
ORD106363,2024-08-12,CUST2731,Regular,Groceries,3,6246,13303.98,29.0,Yes,Independence Day,Wallet,7,3.8,No
ORD106364,2024-05-31,CUST9698,Regular,Electronics,3,6280,14695.2,22.0,No,None,Wallet,3,3.7,No
ORD106365,2024-01-19,CUST8154,Regular,Fashion,2,6356,8135.68,36.0,No,None,UPI,4,4.4,No
ORD106366,2024-05-25,CUST1170,New,Home Decor,3,7014,15360.66,27.0,No,None,COD,6,2.5,No
ORD106367,2024-08-28,CUST5248,Premium,Groceries,5,6884,17898.4,48.0,Yes,Raksha Bandhan,Credit Card,1,4.4,No
ORD106368,2024-12-09,CUST2129,Premium,Groceries,1,2304,2211.84,4.0,No,None,UPI,5,4.7,No
ORD106369,2024-08-24,CUST7441,Regular,Electronics,2,5299,6888.7,35.0,No,None,Credit Card,6,3.3,Yes
ORD106370,2024-02-04,CUST9832,New,Groceries,5,9576,25855.2,46.0,No,None,COD,4,3.3,No
ORD106371,2024-07-08,CUST5896,New,Fashion,3,636,1736.28,9.0,No,None,Wallet,6,2.5,No
ORD106372,2024-01-01,CUST8353,Regular,Beauty,4,4525,17376.0,4.0,No,None,Credit Card,7,3.6,No
ORD106373,2024-06-01,CUST7409,New,Home Decor,4,7208,25083.84,13.0,No,None,Credit Card,6,4.0,No
ORD106374,2024-05-05,CUST5499,Regular,Electronics,5,9013,34700.05,23.0,No,None,Credit Card,3,2.8,No
ORD106375,2024-12-10,CUST1652,Regular,Beauty,1,9026,6588.98,27.0,No,None,Credit Card,5,4.1,No
ORD106376,2024-08-13,CUST5472,Regular,Beauty,4,2193,7017.6,20.0,Yes,Independence Day,Credit Card,4,3.4,Yes
ORD106377,2024-08-08,CUST2445,New,Electronics,5,2875,8050.000000000001,44.0,No,None,Wallet,7,4.2,No
ORD106378,2024-07-29,CUST5121,New,Fashion,2,6061,7394.42,39.0,No,None,Credit Card,2,3.1,No
ORD106379,2024-01-25,CUST3379,Regular,Home Decor,3,2540,6781.8,11.0,Yes,Republic Day,Credit Card,3,4.4,No
ORD106380,2024-01-16,CUST2958,Premium,Electronics,1,9801,7938.81,19.0,No,None,Wallet,7,3.9,No
ORD106381,2024-06-30,CUST4809,Premium,Beauty,1,4016,2771.04,31.0,No,None,UPI,6,3.8,No
ORD106382,2024-11-24,CUST1375,New,Beauty,2,9220,11617.2,37.0,No,None,UPI,3,3.7,Yes
ORD106383,2024-05-08,CUST9297,Regular,Electronics,1,2481,1513.4099999999999,39.0,No,None,Credit Card,1,4.6,No
ORD106384,2024-02-11,CUST4474,Premium,Beauty,5,7663,22605.850000000002,41.0,No,None,Wallet,7,3.9,No
ORD106385,2024-12-01,CUST4418,Premium,Electronics,1,6022,4817.6,20.0,No,None,Credit Card,2,2.9,No
ORD106386,2024-08-23,CUST8887,Regular,Electronics,1,8928,7499.5199999999995,16.0,No,None,UPI,4,4.1,No
ORD106387,2024-12-25,CUST9794,Regular,Home Decor,1,9794,9794.0,0.0,Yes,Christmas/New Year,Wallet,2,3.8,No
ORD106388,2024-02-03,CUST7908,Premium,Electronics,5,9196,26208.600000000002,43.0,No,None,COD,6,2.7,No
ORD106389,2024-12-10,CUST2273,Regular,Beauty,3,6882,15071.58,27.0,No,None,Wallet,4,4.0,No
ORD106390,2024-02-14,CUST1862,New,Groceries,4,9243,36602.28,1.0,No,None,UPI,7,2.7,No
ORD106391,2024-05-13,CUST1177,Regular,Home Decor,1,8297,6969.48,16.0,No,None,Wallet,1,4.3,No
ORD106392,2024-01-21,CUST5612,New,Beauty,2,755,936.2,38.0,Yes,Republic Day,COD,6,4.1,No
ORD106393,2024-05-01,CUST2800,Regular,Beauty,2,8267,14384.58,13.0,No,None,Wallet,6,3.7,No
ORD106394,2024-03-10,CUST9299,Regular,Home Decor,5,5541,24103.35,13.0,No,None,Credit Card,5,4.4,No
ORD106395,2024-12-17,CUST4153,Regular,Home Decor,3,5243,8965.53,43.0,No,None,Credit Card,2,3.2,No
ORD106396,2024-12-26,CUST2632,Premium,Beauty,1,7600,4028.0,47.0,Yes,Christmas/New Year,,3,3.6,No
ORD106397,2024-02-17,CUST6997,Premium,Groceries,5,6229,25850.35,17.0,No,None,Wallet,4,2.5,No
ORD106398,2024-02-08,CUST5247,Regular,Fashion,4,7018,17123.92,39.0,No,None,UPI,2,5.0,No
ORD106399,2024-10-13,CUST9319,Regular,Beauty,3,2294,4610.94,33.0,No,None,,4,2.6,No
ORD106400,2024-01-10,CUST4552,Premium,Home Decor,3,3678,6399.720000000001,42.0,No,None,UPI,2,2.8,No
ORD106401,2024-01-30,CUST5990,Regular,Electronics,5,3130,15650.0,0.0,Yes,Republic Day,Wallet,3,3.7,No
ORD106402,2024-08-31,CUST2206,Premium,Electronics,2,8645,10201.100000000002,41.0,Yes,Raksha Bandhan,Credit Card,4,3.4,No
ORD106403,2024-09-30,CUST3414,Regular,Home Decor,3,3720,9262.8,17.0,No,None,UPI,4,3.8,No
ORD106404,2024-03-28,CUST6954,Premium,Home Decor,2,258,273.48,47.0,Yes,Holi,UPI,5,4.6,No
ORD106405,2024-08-31,CUST2039,Premium,Fashion,3,3902,7843.0199999999995,33.0,Yes,Raksha Bandhan,COD,1,2.9,No
ORD106406,2024-11-24,CUST3984,New,Home Decor,3,2807,6568.38,22.0,No,None,Wallet,2,,No
ORD106407,2024-01-15,CUST4775,Premium,Electronics,3,5310,8283.6,48.0,No,None,Credit Card,3,2.5,No
ORD106408,2024-01-04,CUST5665,Regular,Groceries,4,8656,29430.399999999998,15.0,No,None,Credit Card,7,4.5,Yes
ORD106409,2024-07-09,CUST5664,Regular,Home Decor,2,1907,3127.48,18.0,No,None,Credit Card,5,4.5,No
ORD106410,2024-06-16,CUST1813,Premium,Fashion,4,2493,6382.08,36.0,No,None,UPI,5,3.4,No
ORD106411,2024-01-09,CUST1699,Premium,Groceries,2,2684,5099.599999999999,5.0,No,None,Credit Card,1,2.9,No
ORD106412,2024-04-18,CUST1492,New,Fashion,4,2935,9039.800000000001,23.0,No,None,UPI,7,4.5,No
ORD106413,2024-05-16,CUST6820,Premium,Groceries,4,3655,12280.8,16.0,No,None,COD,3,4.8,No
ORD106414,2024-06-02,CUST5141,Premium,Home Decor,4,1137,2410.44,47.0,No,,Credit Card,7,2.7,Yes
ORD106415,2024-07-27,CUST9210,Regular,Electronics,5,1077,4577.25,15.0,No,None,COD,6,3.9,No
ORD106416,2024-09-28,CUST2620,Regular,Groceries,4,8938,22166.24,38.0,No,None,Wallet,2,4.8,No
ORD106417,2024-05-22,CUST4030,Regular,Beauty,3,2662,4232.58,47.0,No,None,Wallet,4,4.1,No
ORD106418,2024-04-08,CUST9579,Regular,Fashion,1,4693,2815.7999999999997,40.0,No,None,COD,1,4.6,No
ORD106419,2024-11-03,CUST1439,Premium,Groceries,4,6335,24073.0,5.0,Yes,Diwali,Wallet,4,3.1,No
ORD106420,2024-03-09,CUST2868,Regular,Fashion,1,8181,6953.849999999999,15.0,No,None,Credit Card,5,2.8,No
ORD106421,2024-09-03,CUST8288,Regular,Electronics,1,2415,2221.8,,No,None,Credit Card,4,3.4,Yes
ORD106422,2024-09-17,CUST2222,Regular,Fashion,3,5926,12800.16,28.0,No,None,UPI,2,3.5,No
ORD106423,2024-10-02,CUST7641,Regular,Fashion,1,6147,5962.59,3.0,No,None,,6,4.5,No
ORD106424,2024-03-19,CUST3316,Regular,Beauty,1,8621,6465.75,25.0,No,None,COD,2,3.5,No
ORD106425,2024-05-25,CUST7233,Premium,Fashion,1,1627,1025.01,37.0,No,None,UPI,6,3.1,No
ORD106426,2024-04-20,CUST6040,Regular,Groceries,2,6487,9730.5,25.0,No,None,Credit Card,4,4.7,No
ORD106427,2024-09-14,CUST4504,Premium,Fashion,4,1899,6608.5199999999995,13.0,No,None,COD,4,4.5,No
ORD106428,2024-04-02,CUST4212,Premium,Home Decor,4,2345,6190.799999999999,34.0,No,None,UPI,1,4.2,No
ORD106429,2024-01-13,CUST5958,New,Fashion,1,8398,4366.96,48.0,No,None,COD,6,3.0,No
ORD106430,2024-09-16,CUST1334,Regular,Home Decor,3,7158,12454.920000000002,,No,None,COD,2,3.0,No
ORD106431,2024-04-18,CUST6817,Regular,Fashion,2,4472,6886.88,23.0,No,None,UPI,4,3.7,No
ORD106432,2024-11-25,CUST5381,Regular,Fashion,3,9621,26842.589999999997,7.0,No,None,COD,3,3.8,Yes
ORD106433,2024-07-07,CUST1896,Regular,Groceries,3,2023,3702.09,39.0,No,None,Wallet,1,3.1,No
ORD106434,2024-04-04,CUST7991,New,Home Decor,1,4184,3179.84,24.0,No,None,UPI,1,2.8,No
ORD106435,2024-04-14,CUST8251,Premium,Home Decor,5,9022,43756.7,3.0,No,None,UPI,7,3.4,No
ORD106436,2024-01-08,CUST7136,Premium,Beauty,1,8661,7448.46,14.0,No,None,Wallet,1,3.6,No
ORD106437,2024-03-07,CUST2270,Regular,Fashion,5,3971,16876.75,15.0,No,None,COD,1,2.6,No
ORD106438,2024-07-09,CUST3532,Premium,Fashion,2,700,1260.0,10.0,No,None,Wallet,6,3.9,No
ORD106439,2024-12-31,CUST3632,Regular,Groceries,5,5806,21191.899999999998,27.0,Yes,Christmas/New Year,COD,6,2.5,No
ORD106440,2024-09-12,CUST4574,Premium,Beauty,1,8139,7650.66,6.0,No,None,Credit Card,4,2.9,No
ORD106441,2024-01-09,CUST5468,Premium,Beauty,1,5807,2961.57,49.0,No,None,Wallet,5,2.9,No
ORD106442,2024-04-26,CUST4736,Regular,Groceries,3,2950,5575.5,37.0,No,None,Wallet,7,4.2,No
ORD106443,2024-09-23,CUST3415,Regular,Home Decor,1,1512,1164.24,23.0,No,None,Wallet,3,3.7,No
ORD106444,2024-04-08,CUST7006,New,Electronics,1,2353,1647.1,30.0,No,None,Credit Card,5,4.6,No
ORD106445,2024-10-24,CUST7170,Regular,Groceries,4,4936,19151.68,3.0,Yes,Diwali,COD,5,3.2,Yes
ORD106446,2024-06-12,CUST7702,Regular,Home Decor,4,808,2068.48,36.0,No,None,Credit Card,4,3.0,No
ORD106447,2024-05-20,CUST7388,Regular,Beauty,3,5304,10501.919999999998,34.0,No,None,Wallet,1,4.5,No
ORD106448,2024-09-24,CUST6492,Regular,Groceries,5,1863,8849.25,5.0,No,None,Credit Card,1,3.6,No
ORD106449,2024-02-06,CUST3570,Premium,Electronics,5,3494,9608.5,45.0,No,None,Wallet,4,3.2,No
ORD106450,2024-03-14,CUST7791,Premium,Fashion,4,6124,16657.28,32.0,No,None,UPI,4,3.5,No
ORD106451,2024-03-13,CUST6227,Premium,Groceries,2,2197,3031.8599999999997,31.0,No,None,COD,6,3.6,No
ORD106452,2024-11-03,CUST3010,Regular,Electronics,4,6222,13688.400000000001,45.0,Yes,Diwali,Wallet,2,3.9,No
ORD106453,2024-07-17,CUST3642,Premium,Electronics,2,3385,4265.1,37.0,No,None,Credit Card,1,2.6,Yes
ORD106454,2024-05-09,CUST8633,New,Groceries,5,1731,5712.299999999999,34.0,No,None,Credit Card,3,3.1,No
ORD106455,2024-09-02,CUST2240,Regular,Home Decor,4,4416,14837.76,16.0,No,None,Credit Card,2,3.7,No
ORD106456,2024-11-07,CUST7211,Regular,Groceries,1,7584,5232.96,31.0,Yes,Diwali,COD,5,3.9,No
ORD106457,2024-02-29,CUST5972,New,Beauty,2,3906,6796.44,13.0,No,None,UPI,7,2.9,No
ORD106458,2024-10-05,CUST5743,Regular,Electronics,2,7459,12232.76,18.0,No,None,COD,6,3.0,No
ORD106459,2024-04-12,CUST1492,Regular,Electronics,2,4702,7241.08,23.0,No,None,UPI,6,4.3,No
ORD106460,2024-10-22,CUST4188,Regular,Fashion,5,9067,28107.7,38.0,Yes,Diwali,Credit Card,1,4.5,No
ORD106461,2024-11-15,CUST6073,Regular,Electronics,3,5204,14050.800000000001,10.0,No,None,COD,4,2.7,No
ORD106462,2024-12-06,CUST9037,Regular,Fashion,1,3744,3519.3599999999997,6.0,No,None,UPI,4,5.0,No
ORD106463,2024-05-30,CUST9356,Regular,Electronics,4,4018,9000.320000000002,44.0,No,None,Credit Card,7,3.6,No
ORD106464,2024-06-05,CUST7370,Premium,Electronics,2,8287,12761.98,23.0,No,None,Credit Card,4,4.0,No
ORD106465,2024-07-24,CUST6734,Regular,Groceries,5,7282,28035.7,23.0,No,None,COD,1,4.0,No
ORD106466,2024-06-27,CUST1280,New,Groceries,2,3643,6338.82,13.0,No,None,UPI,6,3.4,No
ORD106467,2024-07-15,CUST7028,Regular,Beauty,4,5909,18199.72,23.0,No,None,Credit Card,3,3.9,No
ORD106468,2024-08-10,CUST9442,New,Home Decor,1,1247,1122.3,10.0,Yes,Independence Day,Credit Card,4,4.0,No
ORD106469,2024-03-29,CUST9842,New,Beauty,2,9723,18084.78,7.0,Yes,Holi,,6,4.4,No
ORD106470,2024-10-13,CUST4517,Premium,Electronics,5,2860,8151.000000000001,43.0,No,None,Wallet,1,4.2,No
ORD106471,2024-10-02,CUST8026,New,Beauty,5,8130,34959.0,14.0,No,None,UPI,5,3.6,Yes
ORD106472,2024-08-23,CUST8252,Premium,Groceries,3,7258,12846.660000000002,41.0,No,None,UPI,2,3.0,No
ORD106473,2024-07-01,CUST7008,New,Electronics,5,6466,32006.7,1.0,No,None,Wallet,1,2.6,No
ORD106474,2024-07-27,CUST9887,Regular,Electronics,3,9155,21148.05,23.0,No,None,Credit Card,1,4.1,No
ORD106475,2024-05-09,CUST8104,Regular,Beauty,1,8277,4635.120000000001,44.0,No,None,Wallet,6,3.7,Yes
ORD106476,2024-06-01,CUST8583,Premium,Fashion,4,3608,13133.12,9.0,No,None,Wallet,4,4.9,No
ORD106477,2024-01-13,CUST5133,Regular,Home Decor,3,6501,13457.07,31.0,No,None,Wallet,7,2.7,No
ORD106478,2024-05-01,CUST3545,New,Beauty,2,7694,12925.92,16.0,No,None,UPI,2,2.7,Yes
ORD106479,2024-12-24,CUST5408,New,Beauty,2,1884,3428.88,9.0,Yes,Christmas/New Year,Credit Card,2,3.0,No
ORD106480,2024-08-07,CUST4692,Regular,Home Decor,4,1069,3378.04,21.0,No,None,Credit Card,4,3.4,No
ORD106481,2024-04-15,CUST3671,New,Electronics,5,5323,25284.25,5.0,No,None,UPI,3,2.9,No
ORD106482,2024-03-10,CUST7724,Regular,Electronics,2,9305,13771.4,26.0,No,None,UPI,1,3.7,No
ORD106483,2024-07-13,CUST2418,Regular,Fashion,3,6075,14762.250000000002,19.0,No,None,Wallet,4,3.3,No
ORD106484,2024-07-04,CUST8855,Premium,Beauty,4,7412,29648.0,0.0,No,None,Wallet,7,5.0,No
ORD106485,2024-04-08,CUST1593,Regular,Home Decor,2,6927,11637.359999999999,16.0,No,None,COD,6,4.9,No
ORD106486,2024-03-22,CUST7849,Premium,Beauty,5,742,3710.0,0.0,Yes,Holi,COD,3,3.4,No
ORD106487,2024-03-15,CUST4006,Premium,Groceries,5,2403,7689.6,36.0,No,None,UPI,4,4.5,No
ORD106488,2024-12-05,CUST3352,Regular,Beauty,2,3135,5392.2,14.0,No,None,Wallet,5,3.1,No
ORD106489,2024-07-10,CUST8695,Premium,Beauty,4,951,3804.0,0.0,No,None,UPI,3,2.6,No
ORD106490,2024-11-20,CUST5044,Premium,Groceries,1,2311,1941.24,16.0,No,None,Wallet,7,2.6,No
ORD106491,2024-08-01,CUST3876,Regular,Groceries,2,8812,9693.2,45.0,No,None,Wallet,6,2.6,No
ORD106492,2024-11-10,CUST4019,Regular,Home Decor,5,7476,20932.800000000003,44.0,Yes,Diwali,UPI,3,4.3,Yes
ORD106493,2024-11-13,CUST7211,New,Electronics,1,9878,5729.240000000001,42.0,No,None,UPI,2,3.4,Yes
ORD106494,2024-05-23,CUST1798,New,Fashion,4,5899,13449.720000000001,43.0,No,None,Credit Card,1,4.6,No
ORD106495,2024-08-03,CUST9651,Regular,Groceries,5,746,2349.9,37.0,No,None,Credit Card,4,4.7,No
ORD106496,2024-12-26,CUST5315,Regular,Electronics,4,5161,11973.520000000002,42.0,Yes,Christmas/New Year,COD,7,3.3,Yes
ORD106497,2024-11-19,CUST6685,New,Home Decor,2,2757,5458.86,1.0,No,None,UPI,7,3.2,No
ORD106498,2024-01-15,CUST8176,Premium,Beauty,4,1771,5879.719999999999,17.0,No,None,COD,6,3.3,No
ORD106499,2024-08-04,CUST2359,Regular,Home Decor,5,6784,30188.8,11.0,No,None,UPI,6,3.7,No
ORD106500,2024-02-04,CUST2169,Premium,Home Decor,2,8845,12736.8,28.0,No,None,UPI,4,2.5,No
ORD106501,2024-07-01,CUST9582,Regular,Groceries,5,2891,11274.9,22.0,No,None,UPI,1,2.5,No
ORD106502,2024-09-26,CUST2206,Premium,Fashion,5,7160,19332.0,46.0,No,None,Credit Card,6,4.3,No
ORD106503,2024-12-23,CUST4059,Regular,Groceries,1,4974,4576.08,8.0,Yes,Christmas/New Year,COD,6,4.5,No
ORD106504,2024-04-09,CUST2333,Regular,Beauty,3,259,722.6099999999999,7.0,No,None,UPI,1,3.0,No
ORD106505,2024-01-07,CUST1431,Regular,Groceries,4,9809,20010.36,49.0,No,None,COD,6,4.0,No
ORD106506,2024-01-30,CUST4189,New,Beauty,4,6411,21797.399999999998,15.0,Yes,Republic Day,COD,6,3.0,No
ORD106507,2024-10-31,CUST1563,Premium,Groceries,1,1538,1199.64,22.0,Yes,Diwali,Credit Card,6,4.3,No
ORD106508,2024-05-23,CUST6146,Premium,Fashion,4,8858,25511.04,28.0,No,None,Credit Card,2,3.6,No
ORD106509,2024-04-20,CUST3091,Premium,Electronics,1,7201,6552.91,9.0,No,None,UPI,1,4.6,No
ORD106510,2024-08-19,CUST9369,Regular,Fashion,4,8148,29006.88,11.0,Yes,Independence Day,Wallet,5,4.9,No
ORD106511,2024-06-27,CUST3917,New,Groceries,4,2671,9508.76,11.0,No,None,COD,2,3.9,No
ORD106512,2024-03-12,CUST6540,Regular,Home Decor,5,9111,32344.05,29.0,No,None,Credit Card,3,4.8,No
ORD106513,2024-07-28,CUST8012,New,Electronics,1,9627,8760.57,9.0,No,None,COD,1,2.6,No
ORD106514,2024-08-07,CUST5528,Regular,Home Decor,4,8954,31159.92,13.0,No,None,Wallet,3,3.7,No
ORD106515,2024-03-20,CUST9680,Regular,Fashion,3,9374,27278.34,3.0,Yes,Holi,COD,2,3.8,No
ORD106516,2024-03-23,CUST6302,Premium,Electronics,1,4720,2548.8,46.0,Yes,Holi,UPI,6,3.5,No
ORD106517,2024-02-11,CUST1754,Premium,Groceries,1,8301,6723.81,19.0,No,None,COD,5,3.3,No
ORD106518,2024-09-29,CUST3586,New,Home Decor,1,1930,1158.0,40.0,No,None,Credit Card,7,4.3,No
ORD106519,2024-07-09,CUST7983,Premium,Groceries,5,4539,14070.9,38.0,No,None,UPI,5,3.9,No
ORD106520,2024-06-21,CUST9320,Regular,Beauty,1,8079,7594.259999999999,6.0,No,,UPI,1,2.7,No
ORD106521,2024-01-07,CUST6528,New,Electronics,5,8237,29241.35,29.0,No,None,Wallet,5,4.9,Yes
ORD106522,2024-06-03,CUST8796,Regular,Home Decor,3,8000,14400.0,40.0,No,,UPI,6,4.7,No
ORD106523,2024-01-10,CUST4232,New,Fashion,2,3247,5000.38,23.0,No,None,Credit Card,7,3.4,No
ORD106524,2024-02-03,CUST8995,Premium,Fashion,5,9749,44357.950000000004,9.0,No,None,Wallet,4,3.1,No
ORD106525,2024-02-05,CUST9804,Regular,Fashion,4,5425,12152.000000000002,44.0,No,None,UPI,6,4.1,Yes
ORD106526,2024-01-06,CUST6946,Regular,Fashion,1,1985,1250.55,37.0,No,None,Wallet,2,2.6,No
ORD106527,2024-08-02,CUST4391,Regular,Home Decor,2,2162,2810.6,35.0,No,None,COD,6,3.7,No
ORD106528,2024-05-13,CUST8895,Regular,Beauty,5,7446,31273.199999999997,16.0,No,None,UPI,5,4.2,No
ORD106529,2024-10-11,CUST4911,Regular,Fashion,4,9580,30656.0,20.0,No,None,Credit Card,2,3.5,No
ORD106530,2024-05-05,CUST2851,Regular,Fashion,2,6165,6781.500000000001,45.0,No,None,Credit Card,2,4.9,Yes
ORD106531,2024-12-02,CUST9864,Regular,Fashion,3,2878,8461.32,2.0,No,None,UPI,6,4.3,No
ORD106532,2024-06-22,CUST7079,Premium,Beauty,5,6305,31525.0,,No,None,COD,6,4.8,No
ORD106533,2024-05-31,CUST2701,New,Electronics,5,5507,22854.05,17.0,No,None,Wallet,4,4.8,No
ORD106534,2024-11-26,CUST1524,Regular,Fashion,3,3323,9869.31,1.0,No,None,Credit Card,6,2.8,No
ORD106535,2024-01-26,CUST5918,Regular,Fashion,5,3343,10196.15,39.0,Yes,Republic Day,Credit Card,6,4.2,No
ORD106536,2024-04-24,CUST4279,Regular,Fashion,1,3000,1590.0,47.0,No,None,Wallet,7,4.0,Yes
ORD106537,2024-10-10,CUST1987,Premium,Electronics,5,523,2536.5499999999997,3.0,No,None,Wallet,1,2.6,Yes
ORD106538,2024-03-15,CUST1502,New,Fashion,1,2402,1657.3799999999999,31.0,No,None,Credit Card,2,3.3,No
ORD106539,2024-06-14,CUST8556,Premium,Electronics,5,6402,26248.2,18.0,No,None,Wallet,4,3.8,No
ORD106540,2024-07-07,CUST2330,New,Electronics,4,7642,24760.08,19.0,No,None,UPI,5,3.9,No
ORD106541,2024-03-18,CUST7915,Premium,Groceries,4,1994,4705.840000000001,41.0,No,None,Credit Card,7,4.5,No
ORD106542,2024-03-30,CUST1082,Premium,Groceries,2,2542,2643.6800000000003,48.0,Yes,Holi,Credit Card,3,4.0,No
ORD106543,2024-06-24,CUST1327,Regular,Fashion,4,3245,6749.6,48.0,No,None,Credit Card,1,3.7,No
ORD106544,2024-01-21,CUST3731,New,Home Decor,3,1507,4249.74,6.0,Yes,Republic Day,UPI,7,4.4,No
ORD106545,2024-02-23,CUST7619,New,Groceries,2,1655,3045.2000000000003,8.0,No,None,Credit Card,6,3.9,No
ORD106546,2024-07-02,CUST1426,Premium,Groceries,4,9354,35171.04,6.0,No,None,Wallet,3,4.7,No
ORD106547,2024-12-24,CUST8432,New,Home Decor,1,5591,4137.34,26.0,Yes,Christmas/New Year,Credit Card,4,4.8,No
ORD106548,2024-08-09,CUST9248,Regular,Beauty,5,2739,10956.0,20.0,No,None,UPI,2,4.0,No
ORD106549,2024-11-10,CUST7162,New,Fashion,4,3818,10079.519999999999,34.0,Yes,Diwali,UPI,4,3.9,Yes
ORD106550,2024-11-23,CUST1396,Regular,Beauty,1,2578,1985.06,23.0,No,None,COD,1,4.3,No
ORD106551,2024-06-27,CUST7669,Regular,Beauty,2,9266,12787.079999999998,31.0,No,None,Credit Card,1,4.3,No
ORD106552,2024-10-02,CUST5764,Regular,Electronics,5,2405,10702.25,11.0,No,None,UPI,5,4.3,No
ORD106553,2024-04-21,CUST6719,New,Electronics,4,1339,4177.68,22.0,No,None,COD,4,4.1,No
ORD106554,2024-08-11,CUST2632,New,Fashion,2,3791,4928.3,35.0,Yes,Independence Day,Credit Card,1,4.4,Yes
ORD106555,2024-08-01,CUST4779,New,Home Decor,4,4914,10221.12,48.0,No,None,UPI,4,2.9,No
ORD106556,2024-02-28,CUST9893,New,Electronics,2,4914,7076.16,28.0,No,None,UPI,5,4.6,No
ORD106557,2024-11-22,CUST7170,Regular,Groceries,4,9937,38953.04,2.0,No,None,Credit Card,5,3.3,Yes
ORD106558,2024-04-18,CUST9971,New,Fashion,1,4867,2822.86,42.0,No,None,Credit Card,4,4.7,No
ORD106559,2024-06-05,CUST5836,New,Beauty,3,8657,24153.03,7.0,No,,COD,6,2.8,No
ORD106560,2024-07-09,CUST3060,Premium,Fashion,1,8493,5690.3099999999995,33.0,No,None,Credit Card,1,2.5,No
ORD106561,2024-07-18,CUST2066,Regular,Electronics,5,8054,35034.9,13.0,No,None,Credit Card,7,2.5,No
ORD106562,2024-11-07,CUST5477,Premium,Home Decor,4,7358,19130.8,35.0,Yes,Diwali,Wallet,2,3.0,No
ORD106563,2024-07-14,CUST1225,New,Beauty,3,4173,6635.070000000001,47.0,No,None,Credit Card,6,2.8,No
ORD106564,2024-02-04,CUST3633,New,Home Decor,3,9926,16377.900000000001,45.0,No,None,UPI,2,3.9,No
ORD106565,2024-09-02,CUST4330,New,Fashion,5,2469,8518.05,31.0,No,None,,6,3.6,No
ORD106566,2024-08-24,CUST8991,New,Home Decor,5,2683,12610.099999999999,6.0,No,None,COD,5,4.0,No
ORD106567,2024-04-13,CUST3286,New,Home Decor,3,1413,3857.4900000000002,9.0,No,None,COD,1,,No
ORD106568,2024-01-07,CUST4561,Premium,Fashion,5,4935,21960.75,11.0,No,None,UPI,5,4.4,No
ORD106569,2024-10-09,CUST5163,Premium,Beauty,5,4629,14118.449999999999,39.0,No,None,Credit Card,7,4.0,No
ORD106570,2024-01-01,CUST8402,Regular,Home Decor,4,9298,29009.760000000002,22.0,No,None,UPI,5,3.1,Yes
ORD106571,2024-08-06,CUST7542,Premium,Home Decor,1,9973,8975.7,10.0,No,None,Wallet,5,3.5,Yes
ORD106572,2024-08-17,CUST3818,Premium,Fashion,2,9996,17592.96,12.0,Yes,Independence Day,COD,7,4.3,No
ORD106573,2024-06-20,CUST6411,New,Groceries,3,6195,16540.65,11.0,No,None,Credit Card,5,4.2,No
ORD106574,2024-03-27,CUST6922,Regular,Home Decor,2,769,1445.72,6.0,Yes,Holi,Credit Card,4,3.9,No
ORD106575,2024-02-10,CUST7899,Regular,Electronics,3,8295,14184.45,43.0,No,None,COD,4,4.9,No
ORD106576,2024-05-02,CUST3405,Regular,Beauty,3,1745,4763.85,9.0,No,None,Wallet,1,2.8,No
ORD106577,2024-11-26,CUST2727,Premium,Home Decor,1,1108,1041.52,6.0,No,None,,6,3.7,No
ORD106578,2024-10-24,CUST8648,Premium,Fashion,3,4662,10349.64,26.0,Yes,Diwali,Credit Card,1,4.1,No
ORD106579,2024-06-26,CUST3413,Regular,Electronics,3,4283,12078.06,6.0,No,None,UPI,3,5.0,No
ORD106580,2024-03-03,CUST8630,Regular,Fashion,1,3540,1805.4,49.0,No,None,COD,2,3.9,No
ORD106581,2024-06-13,CUST3216,Regular,Home Decor,5,7147,27515.95,23.0,No,None,UPI,7,3.6,No
ORD106582,2024-07-05,CUST6964,Regular,Electronics,2,7239,11292.84,22.0,No,None,Credit Card,4,4.8,No
ORD106583,2024-07-27,CUST8945,Regular,Beauty,3,7312,16671.36,24.0,No,None,COD,7,3.8,No
ORD106584,2024-08-14,CUST6504,Regular,Beauty,1,2625,1496.2500000000002,43.0,Yes,Independence Day,,1,4.8,Yes
ORD106585,2024-02-17,CUST1916,Regular,Beauty,3,7355,14342.25,35.0,No,None,Wallet,6,4.4,No
ORD106586,2024-08-11,CUST6315,Regular,Groceries,1,9405,6395.4,32.0,Yes,Independence Day,Wallet,5,2.9,Yes
ORD106587,2024-01-03,CUST5525,Regular,Fashion,2,6870,8793.6,36.0,No,None,Credit Card,4,2.9,Yes
ORD106588,2024-06-23,CUST6280,New,Home Decor,4,2072,4889.920000000001,41.0,No,None,Wallet,2,3.3,No
ORD106589,2024-04-08,CUST6092,Regular,Electronics,5,5109,15837.9,38.0,No,None,COD,4,2.7,No
ORD106590,2024-04-25,CUST5691,Regular,Fashion,4,8597,32324.719999999998,6.0,No,None,COD,6,3.9,Yes
ORD106591,2024-09-26,CUST7765,Regular,Home Decor,1,1015,720.65,29.0,No,None,COD,2,4.6,Yes
ORD106592,2024-09-09,CUST2771,Regular,Groceries,3,265,556.5,30.0,No,None,COD,3,3.5,No
ORD106593,2024-11-12,CUST5396,Regular,Home Decor,5,2251,6302.8,44.0,No,None,Wallet,1,4.1,No
ORD106594,2024-04-04,CUST6386,Regular,Fashion,2,202,222.20000000000002,45.0,No,None,COD,6,5.0,Yes
ORD106595,2024-09-29,CUST7797,Premium,Home Decor,5,7626,24403.2,36.0,No,None,Credit Card,2,3.0,No
ORD106596,2024-01-24,CUST2791,Premium,Electronics,3,524,1257.6000000000001,20.0,Yes,Republic Day,COD,3,3.4,No
ORD106597,2024-04-25,CUST6298,Premium,Groceries,4,6334,16975.12,33.0,No,None,Wallet,6,2.6,No
ORD106598,2024-05-30,CUST5140,Premium,Electronics,1,804,442.20000000000005,45.0,No,None,Wallet,6,3.1,No
ORD106599,2024-12-03,CUST7533,Regular,Groceries,4,5091,16291.2,20.0,No,None,UPI,4,,No
ORD106600,2024-02-19,CUST2185,New,Groceries,5,2782,8485.1,39.0,No,None,COD,1,4.1,No
ORD106601,2024-07-24,CUST5385,Regular,Home Decor,3,3322,8072.460000000001,19.0,No,None,Wallet,7,4.5,Yes
ORD106602,2024-11-30,CUST1380,Premium,Electronics,1,8176,5477.919999999999,33.0,No,None,UPI,7,3.6,No
ORD106603,2024-03-19,CUST4361,Regular,Groceries,3,3314,9246.06,7.0,No,None,Credit Card,2,4.3,Yes
ORD106604,2024-03-10,CUST8602,New,Groceries,3,546,1130.2199999999998,31.0,No,None,COD,6,4.0,No
ORD106605,2024-01-27,CUST1186,Premium,Home Decor,5,3643,12932.65,29.0,Yes,Republic Day,Wallet,7,3.3,No
ORD106606,2024-09-27,CUST9787,Regular,Fashion,4,2454,7067.5199999999995,28.0,No,None,Wallet,6,3.5,Yes
ORD106607,2024-02-19,CUST6188,Premium,Fashion,3,8502,24485.76,4.0,No,None,COD,2,3.9,No
ORD106608,2024-10-18,CUST8647,Regular,Beauty,3,222,472.85999999999996,29.0,No,None,UPI,7,4.9,No
ORD106609,2024-09-03,CUST6025,Premium,Beauty,3,4016,10722.72,11.0,No,None,COD,6,4.8,No
ORD106610,2024-09-20,CUST7564,Premium,Groceries,1,1907,1182.34,38.0,No,None,Credit Card,1,5.0,No
ORD106611,2024-03-19,CUST7197,Regular,Fashion,3,6915,15351.3,26.0,No,None,Credit Card,6,2.5,No
ORD106612,2024-07-08,CUST6708,Regular,Groceries,3,6253,16507.920000000002,12.0,No,None,COD,7,4.3,No
ORD106613,2024-02-16,CUST6001,Regular,Electronics,5,4015,10840.5,46.0,No,None,UPI,4,4.7,No
ORD106614,2024-12-26,CUST8470,Premium,Fashion,3,9138,24946.74,9.0,Yes,Christmas/New Year,Credit Card,4,4.3,No
ORD106615,2024-12-19,CUST3637,Regular,Fashion,3,714,1392.3,35.0,No,None,COD,5,3.5,No
ORD106616,2024-12-17,CUST7132,Premium,Fashion,5,6487,22704.5,30.0,No,None,UPI,6,4.3,No
ORD106617,2024-07-07,CUST6882,New,Beauty,1,3239,2753.15,15.0,No,None,UPI,4,3.6,No
ORD106618,2024-09-12,CUST5906,Regular,Home Decor,4,6061,15031.28,38.0,No,None,Wallet,1,4.3,No
ORD106619,2024-08-09,CUST2135,New,Home Decor,5,3056,8556.800000000001,44.0,No,None,Credit Card,3,4.5,No
ORD106620,2024-08-28,CUST3412,Premium,Beauty,1,2541,1651.65,35.0,Yes,Raksha Bandhan,COD,1,4.6,No
ORD106621,2024-09-25,CUST3917,Regular,Beauty,4,8716,26148.0,25.0,No,None,Credit Card,2,4.3,No
ORD106622,2024-01-01,CUST3678,Regular,Beauty,3,6536,11176.560000000001,43.0,No,None,UPI,6,2.9,No
ORD106623,2024-02-03,CUST3539,Premium,Home Decor,5,3562,14426.1,19.0,No,None,Wallet,7,4.8,No
ORD106624,2024-03-19,CUST2412,Regular,Groceries,3,8006,16092.059999999998,33.0,No,None,Credit Card,5,3.0,Yes
ORD106625,2024-08-23,CUST8429,Regular,Beauty,5,3690,11808.0,36.0,No,None,COD,5,3.4,No
ORD106626,2024-11-29,CUST5506,Regular,Groceries,4,2707,10070.039999999999,7.0,No,None,Credit Card,7,3.6,No
ORD106627,2024-12-14,CUST1746,Premium,Groceries,1,8348,8097.5599999999995,3.0,No,None,UPI,7,4.3,No
ORD106628,2024-04-07,CUST5146,Premium,Electronics,5,5367,19321.2,28.0,No,None,Wallet,3,4.3,No
ORD106629,2024-03-22,CUST4886,Premium,Home Decor,1,3378,2364.6,30.0,Yes,Holi,Credit Card,7,4.9,No
ORD106630,2024-07-10,CUST3869,Regular,Groceries,3,7631,22664.07,1.0,No,None,UPI,6,3.0,No
ORD106631,2024-09-09,CUST2248,New,Home Decor,3,3524,8034.72,,No,None,UPI,2,3.6,No
ORD106632,2024-02-07,CUST3372,New,Home Decor,4,9954,25084.08,37.0,No,None,Wallet,7,3.0,No
ORD106633,2024-01-14,CUST8858,Regular,Electronics,4,1744,6836.48,2.0,No,None,UPI,4,4.2,No
ORD106634,2024-12-12,CUST9424,Regular,Home Decor,2,6051,6656.1,45.0,No,None,Credit Card,7,3.0,No
ORD106635,2024-11-05,CUST3098,New,Groceries,2,8917,10522.060000000001,41.0,Yes,Diwali,COD,4,4.7,No
ORD106636,2024-07-27,CUST8500,New,Fashion,4,6372,14783.040000000003,42.0,No,None,Wallet,4,5.0,No
ORD106637,2024-12-22,CUST3927,Premium,Groceries,3,4833,13919.039999999999,4.0,Yes,Christmas/New Year,UPI,1,3.3,No
ORD106638,2024-03-29,CUST8018,New,Groceries,1,6486,5123.9400000000005,21.0,Yes,Holi,Credit Card,4,4.3,No
ORD106639,2024-02-25,CUST3158,Premium,Home Decor,4,9232,31388.8,15.0,No,None,Wallet,2,3.8,No
ORD106640,2024-04-03,CUST5622,Regular,Groceries,1,2465,2267.8,8.0,No,None,UPI,5,3.4,Yes
ORD106641,2024-04-02,CUST7906,Premium,Fashion,2,9104,9650.24,47.0,No,None,Credit Card,1,3.0,No
ORD106642,2024-12-05,CUST3185,Premium,Home Decor,1,8458,7781.360000000001,8.0,No,None,UPI,4,4.3,No
ORD106643,2024-03-25,CUST8953,New,Beauty,4,9152,19036.16,48.0,Yes,Holi,Credit Card,2,2.9,No
ORD106644,2024-09-01,CUST1163,Regular,Groceries,3,6487,17320.29,11.0,No,None,UPI,3,3.2,Yes
ORD106645,2024-01-22,CUST2419,Premium,Groceries,4,5460,11793.6,46.0,Yes,Republic Day,Wallet,2,4.8,No
ORD106646,2024-10-17,CUST1259,Premium,Electronics,5,8856,26125.200000000004,41.0,No,None,Wallet,5,3.8,Yes
ORD106647,2024-09-28,CUST8753,Regular,Beauty,5,4391,21296.35,3.0,No,None,Wallet,2,4.6,No
ORD106648,2024-11-01,CUST6452,Regular,Beauty,5,5099,13257.4,48.0,Yes,Diwali,UPI,7,4.4,No
ORD106649,2024-05-01,CUST7786,New,Fashion,3,1667,4150.83,17.0,No,None,UPI,2,3.4,No
ORD106650,2024-05-07,CUST5865,Regular,Beauty,4,5052,16772.64,17.0,No,None,Wallet,7,3.0,No
ORD106651,2024-04-22,CUST3562,Premium,Electronics,5,6301,18587.95,41.0,No,None,Wallet,7,2.7,No
ORD106652,2024-09-29,CUST6282,New,Fashion,4,7747,17973.04,42.0,No,None,COD,1,4.9,No
ORD106653,2024-12-01,CUST2916,Regular,Beauty,2,2960,4025.5999999999995,32.0,No,None,Credit Card,5,3.3,No
ORD106654,2024-05-09,CUST3912,New,Fashion,5,6621,19531.950000000004,41.0,No,None,COD,4,4.2,No
ORD106655,2024-05-11,CUST2571,Premium,Beauty,5,1593,7805.7,2.0,No,None,Credit Card,7,4.3,No
ORD106656,2024-03-25,CUST6092,Regular,Beauty,3,3893,7357.77,37.0,Yes,Holi,UPI,7,3.0,No
ORD106657,2024-12-15,CUST4726,Regular,Beauty,4,5578,18742.079999999998,,No,None,Credit Card,5,4.2,No
ORD106658,2024-03-21,CUST1412,New,Groceries,3,1899,5070.33,11.0,Yes,Holi,Credit Card,3,2.5,No
ORD106659,2024-11-20,CUST7295,Regular,Beauty,3,1320,3564.0,10.0,No,None,UPI,6,3.5,No
ORD106660,2024-03-09,CUST5216,Regular,Groceries,4,5529,18577.44,16.0,No,None,UPI,7,3.4,No
ORD106661,2024-05-27,CUST4225,Regular,Home Decor,2,1771,2337.72,34.0,No,None,UPI,7,4.8,Yes
ORD106662,2024-01-16,CUST4549,Regular,Electronics,4,928,2227.2,40.0,No,None,Wallet,5,5.0,No
ORD106663,2024-11-02,CUST1238,Regular,Fashion,2,815,831.3000000000001,49.0,Yes,Diwali,Wallet,1,3.2,No
ORD106664,2024-04-14,CUST4503,New,Fashion,3,570,1624.5,5.0,No,None,Credit Card,4,4.0,No
ORD106665,2024-06-13,CUST5070,New,Home Decor,2,6967,9196.439999999999,34.0,No,None,UPI,5,4.4,No
ORD106666,2024-07-19,CUST3561,Regular,Beauty,2,5538,10522.199999999999,5.0,No,None,Wallet,6,3.0,No
ORD106667,2024-07-15,CUST9578,Regular,Electronics,2,5142,7095.959999999999,31.0,No,None,UPI,7,4.2,No
ORD106668,2024-07-03,CUST8923,Premium,Home Decor,5,9339,42025.5,10.0,No,None,Credit Card,4,3.1,No
ORD106669,2024-11-17,CUST5878,Regular,Home Decor,5,1319,3825.1000000000004,42.0,No,,Wallet,7,2.9,No
ORD106670,2024-09-21,CUST1699,New,Fashion,3,9847,18315.42,38.0,No,None,Wallet,1,4.6,No
ORD106671,2024-12-28,CUST7358,New,Groceries,4,6531,22989.12,12.0,Yes,Christmas/New Year,COD,7,3.8,No
ORD106672,2024-04-09,CUST1640,New,Groceries,2,7219,12705.44,12.0,No,None,Credit Card,7,3.2,No
ORD106673,2024-12-07,CUST4265,Regular,Beauty,5,2622,8128.2,38.0,No,None,Wallet,2,3.5,Yes
ORD106674,2024-11-15,CUST3206,Regular,Beauty,4,7790,17138.0,45.0,No,None,Credit Card,7,3.5,No
ORD106675,2024-08-01,CUST3780,Regular,Home Decor,2,9732,13040.88,33.0,No,None,Credit Card,6,4.4,No
ORD106676,2024-10-04,CUST7825,Regular,Beauty,4,9910,38847.2,2.0,No,None,UPI,3,4.7,No
ORD106677,2024-06-10,CUST4994,Regular,Groceries,1,6025,4157.25,31.0,No,None,Credit Card,5,3.7,No
ORD106678,2024-06-05,CUST5155,New,Electronics,2,6960,13502.4,3.0,No,None,COD,4,3.3,No
ORD106679,2024-09-07,CUST3905,New,Fashion,4,9102,22208.88,39.0,No,None,Wallet,5,4.3,Yes
ORD106680,2024-12-31,CUST7079,New,Groceries,2,4770,9540.0,0.0,Yes,Christmas/New Year,Credit Card,7,4.8,No
ORD106681,2024-04-06,CUST7796,New,Beauty,2,773,1422.3200000000002,8.0,No,None,Credit Card,1,2.8,Yes
ORD106682,2024-01-18,CUST9177,Regular,Fashion,1,707,367.64,48.0,No,None,UPI,2,4.5,No
ORD106683,2024-11-22,CUST7971,Premium,Fashion,4,6935,14147.4,49.0,No,None,UPI,1,3.9,Yes
ORD106684,2024-04-06,CUST2144,Regular,Home Decor,3,2422,6830.04,,No,None,COD,6,4.7,No
ORD106685,2024-01-01,CUST9532,Regular,Beauty,5,7888,29185.6,26.0,No,None,Credit Card,7,3.8,No
ORD106686,2024-08-03,CUST8480,Premium,Home Decor,2,1494,2928.24,,No,None,Credit Card,7,4.7,No
ORD106687,2024-05-11,CUST5346,Premium,Fashion,2,987,1559.46,21.0,No,None,Credit Card,4,3.9,No
ORD106688,2024-09-16,CUST5143,Premium,Home Decor,2,4867,8273.9,15.0,No,None,Credit Card,5,2.9,No
ORD106689,2024-05-04,CUST4278,Regular,Beauty,2,2433,4525.38,7.0,No,None,Wallet,7,2.5,No
ORD106690,2024-03-22,CUST3223,Regular,Groceries,5,8978,43094.4,4.0,Yes,Holi,Credit Card,4,4.1,No
ORD106691,2024-10-09,CUST6012,Regular,Electronics,3,3850,6006.0,48.0,No,None,Credit Card,7,4.0,Yes
ORD106692,2024-06-19,CUST3463,Regular,Groceries,1,3449,2448.79,29.0,No,None,Wallet,6,3.0,No
ORD106693,2024-02-28,CUST9094,Regular,Fashion,3,6271,13733.49,27.0,No,None,UPI,6,4.6,No
ORD106694,2024-02-01,CUST4556,Premium,Groceries,5,4236,15673.199999999999,26.0,No,None,COD,7,4.7,No
ORD106695,2024-06-09,CUST2026,New,Home Decor,4,8947,18251.88,49.0,No,None,Credit Card,1,4.5,No
ORD106696,2024-10-10,CUST2027,Regular,Beauty,1,1909,1508.1100000000001,21.0,No,None,Wallet,5,4.8,No
ORD106697,2024-04-15,CUST7416,Premium,Groceries,1,5412,3842.52,29.0,No,None,Credit Card,4,3.8,No
ORD106698,2024-04-14,CUST8438,Regular,Groceries,4,1710,4377.6,36.0,No,None,UPI,5,4.3,No
ORD106699,2024-08-15,CUST9188,New,Beauty,2,6103,11473.64,6.0,Yes,Independence Day,Wallet,3,4.8,No
ORD106700,2024-07-06,CUST1976,Regular,Home Decor,5,8367,21335.850000000002,49.0,No,None,Wallet,1,3.6,Yes
ORD106701,2024-03-10,CUST3762,New,Electronics,4,7752,22015.68,29.0,No,None,Wallet,1,4.0,No
ORD106702,2024-11-13,CUST1970,New,Groceries,3,3706,9783.84,12.0,No,None,Credit Card,3,3.8,No
ORD106703,2024-10-16,CUST6621,New,Fashion,3,6278,14878.86,21.0,No,None,UPI,2,5.0,No
ORD106704,2024-03-27,CUST9053,Regular,Home Decor,4,6632,23875.2,10.0,Yes,Holi,COD,6,3.6,No
ORD106705,2024-12-27,CUST8965,Premium,Home Decor,5,3833,18398.399999999998,4.0,Yes,Christmas/New Year,Wallet,4,3.3,No
ORD106706,2024-02-25,CUST7060,Regular,Groceries,1,1661,1312.19,21.0,No,None,Credit Card,7,4.1,Yes
ORD106707,2024-04-22,CUST7050,Regular,Beauty,1,6114,5258.04,14.0,No,None,COD,2,3.2,No
ORD106708,2024-01-13,CUST2307,Regular,Groceries,2,6552,8124.48,38.0,No,None,Wallet,5,4.6,No
ORD106709,2024-01-18,CUST9749,New,Groceries,5,2371,7587.2,36.0,No,None,Credit Card,4,4.7,No
ORD106710,2024-06-30,CUST5802,New,Beauty,3,8128,17068.8,30.0,No,None,COD,7,3.4,No
ORD106711,2024-04-22,CUST8939,Regular,Fashion,3,8794,18995.04,28.0,No,None,COD,7,3.4,No
ORD106712,2024-08-16,CUST1497,Premium,Beauty,2,8675,10757.0,38.0,Yes,Independence Day,Wallet,4,2.7,Yes
ORD106713,2024-06-19,CUST7409,New,Groceries,3,7006,17655.12,16.0,No,None,Credit Card,6,3.1,No
ORD106714,2024-10-21,CUST2306,Regular,Electronics,2,6315,7578.0,40.0,Yes,Diwali,COD,4,2.7,No
ORD106715,2024-07-07,CUST1563,Regular,Beauty,2,8632,16400.8,5.0,No,None,UPI,3,4.4,No
ORD106716,2024-03-19,CUST9949,Regular,Fashion,4,4856,11654.4,40.0,No,None,UPI,7,3.0,No
ORD106717,2024-05-25,CUST9511,Premium,Beauty,1,9092,7637.28,16.0,No,None,COD,1,2.7,No
ORD106718,2024-06-30,CUST3521,Regular,Beauty,5,2870,9614.499999999998,33.0,No,None,Wallet,3,2.9,No
ORD106719,2024-10-12,CUST4217,Premium,Home Decor,5,4560,17784.0,22.0,No,None,Wallet,3,3.4,No
ORD106720,2024-09-06,CUST7934,Regular,Home Decor,1,2748,1951.08,29.0,No,None,Wallet,7,3.6,Yes
ORD106721,2024-12-19,CUST7063,Regular,Groceries,5,2526,11114.4,12.0,No,None,COD,3,4.7,No
ORD106722,2024-11-09,CUST1850,Regular,Groceries,3,2996,6381.48,29.0,Yes,Diwali,Wallet,2,3.2,Yes
ORD106723,2024-07-14,CUST3002,Regular,Beauty,3,7246,11303.76,48.0,No,None,Wallet,3,4.3,No
ORD106724,2024-11-18,CUST6769,Regular,Electronics,5,2406,9744.300000000001,19.0,No,None,UPI,1,,No
ORD106725,2024-03-11,CUST1235,Regular,Groceries,4,5379,20440.2,5.0,No,None,Credit Card,4,4.6,No
ORD106726,2024-09-04,CUST8483,New,Beauty,5,1810,6335.0,30.0,No,None,UPI,2,3.0,No
ORD106727,2024-05-25,CUST7956,Regular,Beauty,2,8879,14561.560000000001,18.0,No,None,COD,7,3.2,No
ORD106728,2024-04-15,CUST8202,Premium,Beauty,2,664,1261.6,5.0,No,None,UPI,6,2.6,No
ORD106729,2024-09-19,CUST2841,New,Beauty,1,4523,3030.41,33.0,No,None,Credit Card,3,3.7,No
ORD106730,2024-10-22,CUST9482,New,Beauty,3,9057,19834.829999999998,27.0,Yes,Diwali,,3,3.5,No
ORD106731,2024-03-10,CUST5978,New,Home Decor,4,5675,19976.0,12.0,No,None,Wallet,4,3.9,No
ORD106732,2024-07-11,CUST4718,Premium,Fashion,5,9881,44958.55,9.0,No,None,Credit Card,4,,No
ORD106733,2024-03-08,CUST7370,Regular,Fashion,2,7165,8598.0,40.0,No,None,COD,6,4.3,No
ORD106734,2024-10-31,CUST4420,New,Beauty,3,998,1676.64,44.0,Yes,Diwali,,2,4.2,No
ORD106735,2024-02-21,CUST3811,New,Groceries,3,3000,8460.0,6.0,No,None,UPI,6,3.6,No
ORD106736,2024-12-28,CUST8215,New,Electronics,4,3440,11420.8,17.0,Yes,Christmas/New Year,Wallet,6,2.6,No
ORD106737,2024-10-11,CUST5114,Premium,Beauty,4,3555,11233.800000000001,21.0,No,None,Credit Card,1,3.4,No
ORD106738,2024-11-29,CUST1035,Premium,Electronics,4,4129,14368.92,13.0,No,None,Wallet,2,3.3,No
ORD106739,2024-01-09,CUST1688,Regular,Home Decor,4,1059,2753.4,35.0,No,None,UPI,4,2.7,No
ORD106740,2024-09-07,CUST5599,Premium,Fashion,2,8755,16284.3,7.0,No,None,UPI,1,3.3,No
ORD106741,2024-11-27,CUST6041,Regular,Home Decor,4,7888,28081.28,11.0,No,None,Credit Card,7,5.0,No
ORD106742,2024-10-24,CUST9881,Regular,Groceries,3,5222,9556.26,39.0,Yes,Diwali,UPI,3,4.6,No
ORD106743,2024-07-02,CUST9296,Premium,Groceries,3,7784,12376.560000000001,47.0,No,None,Credit Card,6,,No
ORD106744,2024-06-27,CUST1002,Regular,Beauty,5,6602,22446.8,32.0,No,None,,3,4.6,No
ORD106745,2024-07-16,CUST7749,Regular,Groceries,3,9307,21499.170000000002,23.0,No,None,UPI,5,4.7,No
ORD106746,2024-05-07,CUST3069,New,Groceries,3,1974,3493.9800000000005,41.0,No,None,Credit Card,4,3.3,No
ORD106747,2024-01-20,CUST8703,New,Home Decor,2,3565,4420.6,38.0,Yes,Republic Day,Credit Card,5,3.3,No
ORD106748,2024-11-23,CUST4171,Premium,Electronics,3,8214,21438.54,13.0,No,None,,2,3.3,No
ORD106749,2024-03-05,CUST2938,Premium,Fashion,1,8542,4441.84,48.0,No,,UPI,2,4.5,No
ORD106750,2024-06-30,CUST3609,New,Groceries,3,7625,21960.0,,No,None,Wallet,6,4.5,No
ORD106751,2024-08-28,CUST6584,Regular,Groceries,5,3221,13206.1,18.0,Yes,Raksha Bandhan,Credit Card,1,2.5,No
ORD106752,2024-01-24,CUST5275,Premium,Home Decor,5,4437,21741.3,2.0,Yes,Republic Day,COD,6,4.9,No
ORD106753,2024-03-23,CUST7660,Regular,Fashion,4,6594,26376.0,0.0,Yes,Holi,COD,4,3.2,No
ORD106754,2024-11-14,CUST8971,Regular,Home Decor,2,4017,4900.74,39.0,No,None,UPI,1,4.1,No
ORD106755,2024-07-03,CUST7662,Premium,Electronics,5,9462,28386.0,40.0,No,None,COD,1,4.1,No
ORD106756,2024-11-11,CUST9222,Premium,Home Decor,1,960,614.4,36.0,No,None,UPI,7,2.8,No
ORD106757,2024-04-08,CUST8862,Regular,Fashion,1,4651,3162.68,32.0,No,None,UPI,7,4.2,Yes
ORD106758,2024-03-02,CUST7347,Regular,Fashion,4,4827,10040.16,48.0,No,None,Credit Card,2,3.8,No
ORD106759,2024-10-12,CUST2182,Premium,Groceries,2,2939,3232.9,45.0,No,None,Credit Card,2,4.0,Yes
ORD106760,2024-01-22,CUST4413,Premium,Electronics,2,7639,12833.519999999999,16.0,Yes,Republic Day,,6,3.6,No
ORD106761,2024-07-30,CUST6538,Premium,Beauty,3,5748,15864.480000000001,8.0,No,None,Wallet,4,4.5,No
ORD106762,2024-05-05,CUST6845,Regular,Groceries,1,6991,4893.7,30.0,No,None,Credit Card,2,4.1,No
ORD106763,2024-02-11,CUST7214,Premium,Home Decor,1,8116,5356.5599999999995,34.0,No,None,UPI,4,3.0,No
ORD106764,2024-04-07,CUST2099,Regular,Home Decor,1,7045,6904.099999999999,2.0,No,None,Credit Card,5,4.4,Yes
ORD106765,2024-01-31,CUST8493,Regular,Fashion,1,7067,6218.96,12.0,No,None,Wallet,6,,No
ORD106766,2024-06-06,CUST1776,Premium,Fashion,5,9308,29785.600000000002,36.0,No,None,Credit Card,3,2.6,No
ORD106767,2024-04-21,CUST7213,Premium,Fashion,2,4143,5220.18,37.0,No,None,COD,6,3.5,No
ORD106768,2024-09-03,CUST5706,Regular,Beauty,3,3660,9552.6,13.0,No,None,UPI,5,3.5,No
ORD106769,2024-05-01,CUST9947,Regular,Beauty,5,1692,8037.0,5.0,No,None,COD,7,4.5,No
ORD106770,2024-09-29,CUST8265,Premium,Groceries,2,3821,5502.24,28.0,No,None,COD,7,3.1,No
ORD106771,2024-10-20,CUST8753,Regular,Beauty,4,9118,18965.440000000002,48.0,Yes,Diwali,Wallet,2,3.6,No
ORD106772,2024-07-25,CUST4119,Regular,Fashion,1,5218,4800.56,8.0,No,None,COD,3,2.6,No
ORD106773,2024-04-19,CUST2051,Regular,Groceries,3,8362,16305.900000000001,35.0,No,None,Credit Card,3,4.7,Yes
ORD106774,2024-10-04,CUST8888,Regular,Groceries,2,6950,10842.0,22.0,No,None,UPI,6,3.6,No
ORD106775,2024-02-25,CUST9394,Regular,Electronics,4,5041,17341.04,14.0,No,None,COD,6,4.6,No
ORD106776,2024-02-26,CUST1526,New,Beauty,1,9331,4758.81,49.0,No,None,COD,1,4.2,No
ORD106777,2024-10-17,CUST9118,Premium,Home Decor,4,7668,16562.88,46.0,No,None,UPI,3,3.3,No
ORD106778,2024-04-23,CUST3053,Premium,Home Decor,4,287,585.48,49.0,No,None,Credit Card,4,4.3,No
ORD106779,2024-11-03,CUST4808,Premium,Electronics,5,762,3581.3999999999996,,Yes,Diwali,COD,2,3.7,No
ORD106780,2024-12-06,CUST4701,Premium,Fashion,4,1468,3170.88,46.0,No,None,UPI,7,3.4,No
ORD106781,2024-07-16,CUST8631,New,Electronics,5,9882,37551.6,24.0,No,None,Credit Card,2,4.2,No
ORD106782,2024-11-16,CUST9504,Premium,Fashion,5,5761,18435.2,36.0,No,None,Credit Card,1,4.4,No
ORD106783,2024-06-27,CUST1538,Regular,Beauty,4,6245,19484.4,22.0,No,None,Credit Card,6,4.2,No
ORD106784,2024-08-06,CUST2140,Premium,Beauty,2,9964,17935.2,10.0,No,None,Wallet,6,,No
ORD106785,2024-10-03,CUST8591,Regular,Groceries,4,4854,10678.800000000001,45.0,No,None,Credit Card,1,3.1,No
ORD106786,2024-01-16,CUST7980,Premium,Groceries,4,3371,12540.119999999999,7.0,No,None,Credit Card,2,4.5,No
ORD106787,2024-03-01,CUST8989,Premium,Groceries,2,7712,10025.6,35.0,No,None,UPI,1,3.4,No
ORD106788,2024-02-23,CUST1702,New,Groceries,1,8052,4750.68,41.0,No,None,Wallet,3,4.0,No
ORD106789,2024-06-16,CUST6364,Premium,Home Decor,3,3000,5580.0,38.0,No,None,Credit Card,7,2.8,No
ORD106790,2024-01-26,CUST3278,Regular,Groceries,1,7046,7046.0,0.0,Yes,Republic Day,COD,3,4.4,No
ORD106791,2024-12-01,CUST3630,Regular,Groceries,4,5238,11942.640000000001,43.0,No,None,Wallet,4,4.9,No
ORD106792,2024-03-05,CUST6277,Regular,Groceries,1,9649,8491.12,12.0,No,None,UPI,6,3.6,No
ORD106793,2024-04-09,CUST7803,Regular,Fashion,3,5088,12974.4,15.0,No,None,Wallet,1,3.9,No
ORD106794,2024-03-14,CUST6659,Regular,Groceries,1,4980,2739.0,45.0,No,None,COD,2,4.7,No
ORD106795,2024-07-10,CUST2457,Regular,Electronics,3,1343,3545.52,12.0,No,None,Wallet,6,4.5,No
ORD106796,2024-06-19,CUST8341,Regular,Groceries,1,6903,4417.92,36.0,No,None,COD,6,4.9,No
ORD106797,2024-09-29,CUST6530,New,Groceries,5,947,4119.45,13.0,No,None,Credit Card,5,3.2,Yes
ORD106798,2024-07-05,CUST1366,Regular,Home Decor,4,7294,25674.88,12.0,No,None,Credit Card,2,3.7,No
ORD106799,2024-01-23,CUST4768,Regular,Groceries,3,6645,10964.25,45.0,Yes,Republic Day,,6,3.6,No
ORD106800,2024-06-29,CUST6656,Regular,Fashion,4,3688,13129.28,11.0,No,None,Wallet,5,3.7,No
ORD106801,2024-11-22,CUST2012,Premium,Beauty,5,9537,34810.049999999996,27.0,No,None,UPI,5,4.8,No
ORD106802,2024-04-17,CUST1214,Regular,Groceries,1,2304,1820.16,21.0,No,None,UPI,7,3.0,No
ORD106803,2024-11-30,CUST3038,Premium,Groceries,4,4056,13141.44,19.0,No,None,COD,4,4.7,No
ORD106804,2024-06-10,CUST1089,Regular,Groceries,1,5319,2872.26,46.0,No,None,Credit Card,5,3.9,Yes
ORD106805,2024-10-28,CUST7624,Premium,Home Decor,1,5458,4475.56,18.0,Yes,Diwali,Wallet,3,3.8,No
ORD106806,2024-07-24,CUST6193,New,Beauty,4,2968,10684.800000000001,10.0,No,None,Credit Card,3,3.5,No
ORD106807,2024-03-18,CUST2125,Regular,Home Decor,3,4259,9071.67,29.0,No,None,Wallet,6,3.8,No
ORD106808,2024-01-16,CUST1721,Regular,Home Decor,3,2008,4518.0,25.0,No,None,COD,4,4.5,No
ORD106809,2024-11-22,CUST7597,Regular,Home Decor,4,5680,19539.2,,No,None,Credit Card,2,3.7,No
ORD106810,2024-04-05,CUST2655,Premium,Fashion,3,609,1297.1699999999998,29.0,No,None,UPI,2,4.4,No
ORD106811,2024-05-26,CUST4224,Regular,Beauty,2,845,1216.8,28.0,No,None,COD,6,3.5,Yes
ORD106812,2024-01-02,CUST8795,Premium,Fashion,1,1751,1208.1899999999998,31.0,No,None,Credit Card,6,3.0,No
ORD106813,2024-01-10,CUST6686,Premium,Fashion,4,5562,15796.08,29.0,No,None,COD,2,3.5,No
ORD106814,2024-05-04,CUST3023,Premium,Beauty,5,1313,3742.05,43.0,No,None,Wallet,2,4.3,No
ORD106815,2024-03-21,CUST5597,Regular,Fashion,4,3787,12875.8,15.0,Yes,Holi,Credit Card,3,,No
ORD106816,2024-05-19,CUST4998,Regular,Beauty,4,261,678.6,35.0,No,None,Credit Card,3,4.4,No
ORD106817,2024-11-21,CUST1615,Premium,Groceries,1,9627,7990.41,17.0,No,None,,4,3.4,No
ORD106818,2024-05-29,CUST4392,New,Home Decor,5,1927,5781.0,40.0,No,None,UPI,4,3.9,No
ORD106819,2024-10-14,CUST4042,New,Fashion,1,4792,2539.76,47.0,No,None,COD,4,3.4,No
ORD106820,2024-12-26,CUST1234,New,Beauty,3,8368,15564.48,38.0,Yes,Christmas/New Year,,2,4.3,No
ORD106821,2024-12-05,CUST8930,Premium,Electronics,4,3166,9244.72,27.0,No,None,UPI,2,3.6,Yes
ORD106822,2024-05-08,CUST6522,Premium,Fashion,1,3560,2919.2000000000003,18.0,No,None,COD,3,4.4,No
ORD106823,2024-08-26,CUST1707,Premium,Fashion,2,5862,10551.6,10.0,Yes,Raksha Bandhan,COD,3,2.5,No
ORD106824,2024-02-27,CUST8887,Regular,Beauty,4,8270,27787.2,16.0,No,None,Credit Card,1,3.4,No
ORD106825,2024-07-16,CUST7085,Premium,Electronics,3,9804,23529.600000000002,20.0,No,None,Credit Card,1,4.7,No
ORD106826,2024-07-29,CUST1860,Regular,Electronics,1,6900,4416.0,36.0,No,None,COD,6,3.3,Yes
ORD106827,2024-02-14,CUST7328,Regular,Groceries,1,3830,2183.1000000000004,43.0,No,None,Credit Card,2,3.5,No
ORD106828,2024-04-06,CUST6529,Premium,Fashion,2,4069,5452.459999999999,33.0,No,None,Wallet,6,4.5,No
ORD106829,2024-10-05,CUST6469,Regular,Home Decor,3,5400,11015.999999999998,32.0,No,None,Credit Card,3,2.7,No
ORD106830,2024-01-23,CUST3433,Regular,Fashion,2,2239,3224.16,28.0,Yes,Republic Day,COD,2,3.3,No
ORD106831,2024-11-30,CUST3080,Regular,Home Decor,4,7654,29697.52,3.0,No,None,UPI,6,4.4,No
ORD106832,2024-02-13,CUST2324,New,Home Decor,5,1507,5199.15,31.0,No,None,COD,6,4.9,No
ORD106833,2024-01-27,CUST3840,Premium,Beauty,1,6834,6150.6,10.0,Yes,Republic Day,COD,5,4.5,No
ORD106834,2024-10-08,CUST2692,Premium,Fashion,2,1924,2886.0,25.0,No,None,UPI,1,2.9,No
ORD106835,2024-04-06,CUST3735,Regular,Beauty,1,5870,4872.099999999999,17.0,No,None,Wallet,4,4.6,No
ORD106836,2024-02-05,CUST4583,Regular,Groceries,1,4890,3374.1,31.0,No,None,Credit Card,2,3.7,No
ORD106837,2024-04-18,CUST7811,Regular,Home Decor,2,2655,3929.4,26.0,No,None,Wallet,7,4.5,No
ORD106838,2024-02-24,CUST9150,Regular,Electronics,1,1141,969.85,15.0,No,None,UPI,5,3.1,No
ORD106839,2024-07-10,CUST2235,Premium,Home Decor,3,7292,19907.16,9.0,No,None,Wallet,4,3.4,No
ORD106840,2024-08-06,CUST1449,Regular,Groceries,3,5495,9396.45,43.0,No,None,UPI,6,4.8,No
ORD106841,2024-07-03,CUST8469,Regular,Home Decor,5,7888,26424.799999999996,33.0,No,None,COD,5,4.8,No
ORD106842,2024-03-09,CUST1795,Regular,Beauty,3,3261,6652.44,32.0,No,None,Wallet,7,3.2,No
ORD106843,2024-11-12,CUST7616,Regular,Fashion,2,9676,17610.32,9.0,No,None,Credit Card,3,2.7,No
ORD106844,2024-05-09,CUST1094,Regular,Electronics,3,8787,15552.990000000002,41.0,No,None,Credit Card,3,4.8,No
ORD106845,2024-02-24,CUST6292,Premium,Beauty,5,3963,14861.25,25.0,No,None,UPI,3,3.3,No
ORD106846,2024-04-06,CUST2666,Premium,Fashion,4,7894,18629.840000000004,41.0,No,None,COD,6,2.8,No
ORD106847,2024-12-01,CUST1000,New,Electronics,4,9482,28825.28,24.0,No,None,Wallet,4,3.4,No
ORD106848,2024-03-27,CUST2870,Premium,Groceries,2,3088,6114.24,1.0,Yes,Holi,Wallet,4,3.2,No
ORD106849,2024-10-20,CUST5588,Regular,Home Decor,5,4643,17411.25,25.0,Yes,Diwali,UPI,3,2.7,No
ORD106850,2024-04-28,CUST3627,Premium,Electronics,3,4206,10220.58,19.0,No,None,Wallet,6,5.0,No
ORD106851,2024-07-26,CUST2743,Premium,Groceries,5,1286,6301.4,2.0,No,None,Credit Card,4,3.2,Yes
ORD106852,2024-11-29,CUST8970,Regular,Fashion,1,6699,4622.3099999999995,31.0,No,None,Credit Card,3,3.2,No
ORD106853,2024-06-02,CUST8321,Premium,Electronics,5,1504,7520.0,0.0,No,None,Wallet,2,3.5,No
ORD106854,2024-02-04,CUST6985,New,Groceries,3,6710,15500.1,23.0,No,None,Wallet,3,3.5,No
ORD106855,2024-03-19,CUST3512,Regular,Fashion,2,1214,1238.28,49.0,No,None,COD,6,3.6,No
ORD106856,2024-03-07,CUST5352,Premium,Beauty,1,8612,4994.960000000001,42.0,No,None,COD,1,4.8,No
ORD106857,2024-12-08,CUST9690,New,Home Decor,5,6048,17236.800000000003,43.0,No,None,Wallet,2,2.7,No
ORD106858,2024-02-03,CUST9815,Premium,Groceries,4,9518,25888.96,32.0,No,None,Wallet,6,4.9,No
ORD106859,2024-04-06,CUST3323,Premium,Beauty,3,8864,16752.96,37.0,No,None,UPI,7,4.2,No
ORD106860,2024-06-17,CUST7984,Regular,Fashion,2,5320,5639.200000000001,47.0,No,None,,3,4.2,No
ORD106861,2024-06-17,CUST9132,Regular,Electronics,3,615,1217.6999999999998,34.0,No,None,Wallet,1,2.9,No
ORD106862,2024-05-30,CUST7310,Premium,Home Decor,5,2068,8685.6,16.0,No,None,UPI,3,3.3,No
ORD106863,2024-03-11,CUST5973,Premium,Fashion,2,4312,4570.72,47.0,No,None,COD,2,2.6,No
ORD106864,2024-01-03,CUST5712,New,Groceries,4,1733,4020.5600000000004,42.0,No,None,UPI,3,4.1,No
ORD106865,2024-11-09,CUST3872,Regular,Home Decor,1,8122,4304.66,47.0,Yes,Diwali,Wallet,4,3.3,No
ORD106866,2024-02-01,CUST8334,Regular,Beauty,5,1662,4736.700000000001,43.0,No,None,Credit Card,3,3.9,No
ORD106867,2024-10-13,CUST4346,Regular,Home Decor,2,7898,10741.279999999999,32.0,No,None,Credit Card,2,4.4,No
ORD106868,2024-03-22,CUST9133,Regular,Beauty,1,2065,1858.5,10.0,Yes,Holi,Credit Card,5,3.9,No
ORD106869,2024-02-12,CUST2064,Regular,Fashion,2,4209,6566.04,22.0,No,None,Credit Card,3,2.7,No
ORD106870,2024-04-14,CUST4343,Regular,Electronics,5,8173,25744.95,37.0,No,None,Wallet,4,2.7,No
ORD106871,2024-01-01,CUST2155,Regular,Home Decor,2,7910,10915.8,31.0,No,None,Credit Card,7,4.7,No
ORD106872,2024-03-01,CUST6156,Regular,Electronics,4,8863,29070.640000000003,18.0,No,None,Credit Card,2,3.2,No
ORD106873,2024-09-26,CUST5972,Regular,Electronics,2,3377,6011.06,11.0,No,None,Wallet,1,3.4,No
ORD106874,2024-06-28,CUST3151,New,Home Decor,5,3065,11187.25,27.0,No,None,COD,5,3.0,No
ORD106875,2024-08-11,CUST6727,Premium,Home Decor,2,3397,6726.0599999999995,1.0,Yes,Independence Day,COD,7,4.2,No
ORD106876,2024-01-06,CUST6941,Regular,Electronics,1,2661,2421.51,9.0,No,None,COD,6,3.5,Yes
ORD106877,2024-04-12,CUST5027,New,Groceries,1,7982,6545.240000000001,18.0,No,None,,3,3.6,No
ORD106878,2024-01-10,CUST1076,Premium,Groceries,3,3781,8280.39,27.0,No,None,COD,2,4.2,No
ORD106879,2024-03-11,CUST8960,New,Home Decor,3,8892,14405.04,46.0,No,None,Wallet,4,4.1,No
ORD106880,2024-03-30,CUST1282,Regular,Electronics,4,8194,30481.679999999997,7.0,Yes,Holi,COD,4,4.4,Yes
ORD106881,2024-08-13,CUST9513,Regular,Electronics,1,320,185.60000000000002,42.0,Yes,Independence Day,UPI,2,4.4,No
ORD106882,2024-06-06,CUST6956,New,Fashion,3,1975,4621.5,22.0,No,None,UPI,7,3.6,No
ORD106883,2024-08-15,CUST8615,Regular,Electronics,2,806,854.36,47.0,Yes,Independence Day,Credit Card,4,3.0,No
ORD106884,2024-05-05,CUST4681,New,Groceries,4,8329,18656.960000000003,44.0,No,None,Wallet,6,3.1,No
ORD106885,2024-07-27,CUST2026,New,Fashion,5,7575,26891.25,29.0,No,None,COD,7,4.3,No
ORD106886,2024-04-06,CUST4122,New,Groceries,3,1019,2231.61,27.0,No,None,COD,5,,No
ORD106887,2024-03-14,CUST1706,Regular,Beauty,3,983,2595.12,12.0,No,None,Wallet,1,3.6,No
ORD106888,2024-04-24,CUST1301,Regular,Home Decor,1,2046,1309.44,36.0,No,None,Wallet,7,2.8,No
ORD106889,2024-07-09,CUST5334,Regular,Beauty,4,7760,27625.600000000002,11.0,No,None,Wallet,4,2.8,No
ORD106890,2024-06-18,CUST8074,New,Home Decor,1,591,537.8100000000001,9.0,No,None,Wallet,4,3.1,Yes
ORD106891,2024-11-02,CUST2061,Regular,Groceries,1,8080,6787.2,16.0,Yes,Diwali,Wallet,1,2.7,No
ORD106892,2024-07-22,CUST8536,Premium,Groceries,4,1332,5328.0,0.0,No,,Wallet,5,3.2,Yes
ORD106893,2024-02-25,CUST5910,Regular,Beauty,2,4645,7339.1,21.0,No,None,Wallet,5,3.9,No
ORD106894,2024-07-26,CUST4628,Regular,Home Decor,3,5518,14236.44,14.0,No,None,UPI,5,4.4,No
ORD106895,2024-02-10,CUST3109,Regular,Home Decor,1,5762,4897.7,15.0,No,None,Credit Card,6,2.6,No
ORD106896,2024-02-01,CUST5463,Premium,Fashion,3,4639,11272.77,19.0,No,None,COD,7,4.0,No
ORD106897,2024-01-15,CUST4862,New,Electronics,4,876,3188.6400000000003,9.0,No,None,UPI,4,3.4,No
ORD106898,2024-03-02,CUST4330,Regular,Fashion,2,6451,7612.180000000001,41.0,No,None,UPI,7,3.1,Yes
ORD106899,2024-06-03,CUST8941,New,Groceries,5,794,2977.5,25.0,No,None,COD,4,2.6,No
ORD106900,2024-10-10,CUST1687,Premium,Beauty,2,3524,3664.96,48.0,No,None,UPI,5,3.3,No
ORD106901,2024-07-27,CUST6676,Premium,Home Decor,4,6368,19868.16,22.0,No,None,Wallet,4,4.5,No
ORD106902,2024-11-15,CUST7070,Premium,Fashion,2,6626,11131.68,16.0,No,None,UPI,7,3.8,No
ORD106903,2024-07-05,CUST4902,Regular,Beauty,5,7930,26565.499999999996,33.0,No,None,COD,3,4.4,No
ORD106904,2024-05-09,CUST6499,Regular,Beauty,1,3134,1880.3999999999999,40.0,No,None,Credit Card,7,3.5,No
ORD106905,2024-05-06,CUST4816,Premium,Electronics,2,5233,8268.140000000001,21.0,No,None,COD,4,4.6,No
ORD106906,2024-10-18,CUST8188,Regular,Home Decor,4,6963,27016.44,3.0,No,None,Credit Card,6,2.9,No
ORD106907,2024-04-23,CUST7547,Regular,Beauty,2,6286,11817.679999999998,6.0,No,None,Wallet,5,4.6,No
ORD106908,2024-07-17,CUST6041,Regular,Home Decor,5,4533,21758.399999999998,4.0,No,None,UPI,7,3.7,No
ORD106909,2024-01-13,CUST7923,Premium,Fashion,4,1039,2909.2,30.0,No,None,COD,2,4.4,No
ORD106910,2024-09-27,CUST8506,Regular,Beauty,2,2710,4444.400000000001,18.0,No,None,COD,5,3.1,No
ORD106911,2024-03-29,CUST1592,Premium,Beauty,4,4887,18961.559999999998,3.0,Yes,Holi,Credit Card,2,3.7,No
ORD106912,2024-08-02,CUST4314,Regular,Fashion,5,3087,7871.85,49.0,No,None,UPI,4,4.3,No
ORD106913,2024-10-04,CUST4271,New,Home Decor,1,3243,2561.9700000000003,21.0,No,None,COD,4,3.7,No
ORD106914,2024-07-21,CUST5143,Regular,Home Decor,5,1831,8971.9,2.0,No,None,COD,6,3.6,No
ORD106915,2024-03-14,CUST1423,Premium,Beauty,1,1605,1251.9,22.0,No,None,UPI,2,,No
ORD106916,2024-01-25,CUST2105,Premium,Fashion,3,7832,22791.12,,Yes,Republic Day,Wallet,7,2.9,No
ORD106917,2024-04-10,CUST3657,Premium,Groceries,5,6315,17366.25,45.0,No,None,Credit Card,5,3.7,No
ORD106918,2024-06-24,CUST3040,Regular,Home Decor,1,6695,5155.150000000001,,No,None,COD,1,,No
ORD106919,2024-04-26,CUST1894,Premium,Groceries,3,2689,7018.29,13.0,No,None,UPI,7,4.6,No
ORD106920,2024-06-14,CUST6837,Regular,Beauty,3,4690,7316.400000000001,48.0,No,None,Wallet,1,2.8,No
ORD106921,2024-02-10,CUST9275,Regular,Groceries,3,205,369.0,40.0,No,None,COD,5,4.6,No
ORD106922,2024-12-09,CUST5588,Premium,Groceries,4,2781,10901.52,2.0,No,None,Wallet,4,2.5,No
ORD106923,2024-12-31,CUST6372,Premium,Home Decor,5,8611,23249.7,46.0,Yes,Christmas/New Year,COD,2,4.6,Yes
ORD106924,2024-04-29,CUST5017,Premium,Beauty,5,8403,33612.0,20.0,No,None,COD,7,3.2,No
ORD106925,2024-04-06,CUST3880,New,Groceries,5,3042,11407.5,25.0,No,None,Wallet,2,3.9,No
ORD106926,2024-05-24,CUST6131,Regular,Home Decor,5,5704,28520.0,0.0,No,None,,5,2.5,No
ORD106927,2024-08-03,CUST4300,New,Groceries,4,7047,20013.48,29.0,No,None,Wallet,5,4.3,No
ORD106928,2024-08-16,CUST9567,Regular,Home Decor,5,8849,42917.65,3.0,Yes,Independence Day,UPI,3,3.6,No
ORD106929,2024-11-08,CUST3353,Premium,Beauty,1,8558,7445.46,13.0,Yes,Diwali,COD,6,4.6,No
ORD106930,2024-05-09,CUST7035,Premium,Fashion,3,7483,18632.67,17.0,No,None,Wallet,2,3.9,No
ORD106931,2024-12-17,CUST1319,Regular,Home Decor,4,2173,7735.88,11.0,No,None,Wallet,6,4.6,Yes
ORD106932,2024-11-13,CUST7660,Regular,Home Decor,4,2395,6035.4,37.0,No,None,COD,3,4.0,No
ORD106933,2024-05-16,CUST9031,Premium,Groceries,5,7774,22933.300000000003,41.0,No,None,COD,4,4.4,No
ORD106934,2024-11-19,CUST9105,Regular,Beauty,3,8343,16268.85,35.0,No,None,Wallet,2,4.4,No
ORD106935,2024-12-02,CUST7005,Regular,Electronics,1,7752,6589.2,15.0,No,None,Credit Card,6,3.1,No
ORD106936,2024-09-29,CUST4974,Regular,Electronics,3,4028,12084.0,0.0,No,None,COD,5,3.9,No
ORD106937,2024-04-26,CUST9904,Premium,Fashion,2,5285,10358.6,2.0,No,None,Wallet,5,4.7,No
ORD106938,2024-11-01,CUST4036,Regular,Beauty,3,4937,9182.82,38.0,Yes,,UPI,4,4.7,No
ORD106939,2024-04-03,CUST8194,Regular,Home Decor,1,439,289.73999999999995,34.0,No,None,Credit Card,6,3.5,No
ORD106940,2024-06-16,CUST8325,Regular,Electronics,1,9308,8004.88,14.0,No,None,UPI,6,3.3,No
ORD106941,2024-07-21,CUST2239,Regular,Fashion,1,3152,1985.76,37.0,No,None,COD,1,4.1,No
ORD106942,2024-12-06,CUST1644,New,Beauty,4,1055,3587.0,15.0,No,None,COD,3,4.4,No
ORD106943,2024-05-28,CUST4195,New,Fashion,4,3438,11551.68,16.0,No,None,Credit Card,5,2.6,No
ORD106944,2024-07-01,CUST1531,Regular,Electronics,2,753,1009.0199999999999,33.0,No,None,COD,6,2.7,No
ORD106945,2024-05-31,CUST6985,Premium,Groceries,3,8334,22751.82,9.0,No,None,UPI,7,4.4,No
ORD106946,2024-03-14,CUST8697,Premium,Groceries,5,9620,43290.0,10.0,No,None,Wallet,2,3.6,No
ORD106947,2024-12-30,CUST1719,Premium,Beauty,2,8586,12535.56,27.0,Yes,Christmas/New Year,Wallet,6,4.2,No
ORD106948,2024-09-30,CUST1187,Premium,Fashion,5,7538,27890.6,26.0,No,None,UPI,2,4.6,No
ORD106949,2024-02-11,CUST4808,Regular,Home Decor,5,6194,19511.1,37.0,No,None,UPI,7,,No
ORD106950,2024-07-30,CUST3228,Regular,Electronics,2,9817,16296.22,17.0,No,None,COD,2,4.5,No
ORD106951,2024-04-10,CUST9762,Regular,Groceries,3,2893,4686.66,46.0,No,None,COD,4,3.8,No
ORD106952,2024-02-14,CUST6467,Regular,Groceries,5,2171,5753.150000000001,47.0,No,None,Credit Card,7,2.9,No
ORD106953,2024-03-22,CUST4624,Premium,Fashion,4,5602,15909.679999999998,29.0,Yes,Holi,Wallet,1,3.7,No
ORD106954,2024-01-17,CUST1112,Regular,Groceries,4,8891,31296.32,12.0,No,None,Credit Card,3,4.9,No
ORD106955,2024-03-13,CUST2122,Regular,Fashion,2,4314,7333.8,15.0,No,None,UPI,2,3.3,No
ORD106956,2024-01-14,CUST5136,Regular,Electronics,5,3973,19666.35,1.0,No,None,UPI,2,3.5,No
ORD106957,2024-06-05,CUST5823,Premium,Fashion,2,3847,6232.14,19.0,No,None,Credit Card,5,4.4,No
ORD106958,2024-08-10,CUST8202,New,Groceries,4,8109,28868.04,11.0,Yes,Independence Day,Credit Card,1,2.7,No
ORD106959,2024-05-11,CUST4719,Premium,Fashion,2,3066,4415.04,28.0,No,None,Wallet,5,4.4,No
ORD106960,2024-12-03,CUST9337,Regular,Groceries,5,886,2436.5,45.0,No,None,UPI,4,3.2,No
ORD106961,2024-02-16,CUST7400,Premium,Beauty,5,2267,10541.55,7.0,No,None,Credit Card,4,3.2,No
ORD106962,2024-04-16,CUST9095,Regular,Groceries,4,6107,15389.64,37.0,No,None,Wallet,3,4.0,No
ORD106963,2024-04-17,CUST6084,Regular,Groceries,1,647,355.85,45.0,No,None,COD,7,3.1,No
ORD106964,2024-09-21,CUST4705,Regular,Groceries,1,9516,5138.64,46.0,No,None,COD,4,4.1,No
ORD106965,2024-07-23,CUST5950,Premium,Beauty,3,493,1197.99,19.0,No,None,Wallet,7,4.8,No
ORD106966,2024-03-19,CUST3738,Premium,Home Decor,4,4360,11510.399999999998,34.0,No,None,Credit Card,3,3.5,No
ORD106967,2024-06-03,CUST8105,New,Groceries,3,2746,5107.56,38.0,No,None,Wallet,5,4.9,No
ORD106968,2024-09-27,CUST6586,Premium,Home Decor,4,8467,23707.6,30.0,No,None,Wallet,2,4.9,No
ORD106969,2024-09-03,CUST2453,Regular,Electronics,5,7244,30787.0,15.0,No,None,Credit Card,2,3.0,No
ORD106970,2024-01-19,CUST6920,Regular,Fashion,4,3975,12402.0,22.0,No,None,COD,7,3.6,No
ORD106971,2024-12-11,CUST9042,Regular,Home Decor,2,9691,12985.939999999999,33.0,No,None,Wallet,1,5.0,No
ORD106972,2024-01-26,CUST4933,Premium,Electronics,3,4378,9062.46,31.0,Yes,Republic Day,COD,4,2.8,No
ORD106973,2024-08-04,CUST4449,Premium,Fashion,4,3734,12546.24,16.0,No,None,Wallet,1,3.7,No
ORD106974,2024-06-02,CUST6480,New,Groceries,3,2253,3920.2200000000003,42.0,No,None,UPI,1,3.6,No
ORD106975,2024-06-02,CUST1967,Premium,Groceries,4,7312,22520.96,23.0,No,None,Credit Card,2,4.5,No
ORD106976,2024-06-22,CUST2854,New,Groceries,1,1899,1253.34,34.0,No,None,COD,4,2.9,No
ORD106977,2024-04-01,CUST2618,Premium,Beauty,3,2718,6360.12,22.0,No,None,Credit Card,2,3.1,No
ORD106978,2024-12-03,CUST7339,New,Beauty,5,5768,26821.199999999997,7.0,No,None,COD,7,2.9,Yes
ORD106979,2024-06-29,CUST3299,Premium,Beauty,5,7032,27424.8,22.0,No,None,COD,6,2.9,No
ORD106980,2024-05-10,CUST3887,Premium,Beauty,4,8761,28035.2,20.0,No,None,Credit Card,1,3.1,No
ORD106981,2024-10-24,CUST8842,Premium,Electronics,5,3939,16149.900000000001,18.0,Yes,Diwali,Wallet,4,3.8,No
ORD106982,2024-10-01,CUST6706,Premium,Electronics,5,4573,16005.499999999998,30.0,No,None,Wallet,6,4.3,No
ORD106983,2024-09-29,CUST3838,Regular,Groceries,3,539,824.67,49.0,No,None,UPI,6,,No
ORD106984,2024-03-16,CUST1563,Regular,Fashion,4,3062,11513.119999999999,6.0,No,None,COD,6,3.6,No
ORD106985,2024-06-25,CUST6886,Regular,Beauty,3,813,1292.67,47.0,No,None,Credit Card,7,4.5,No
ORD106986,2024-07-02,CUST3291,Regular,Fashion,4,1303,4013.2400000000002,23.0,No,None,COD,2,3.8,No
ORD106987,2024-11-14,CUST3692,Premium,Electronics,5,9184,25256.000000000004,45.0,No,None,Wallet,3,4.0,No
ORD106988,2024-05-10,CUST5146,Regular,Beauty,4,6946,25839.12,,No,,Credit Card,6,3.8,No
ORD106989,2024-12-28,CUST6197,Regular,Electronics,4,8458,29772.16,12.0,Yes,Christmas/New Year,Credit Card,3,4.5,No
ORD106990,2024-02-18,CUST1555,Regular,Electronics,2,4711,9233.56,2.0,No,None,COD,5,3.0,Yes
ORD106991,2024-02-24,CUST9005,Premium,Home Decor,4,7512,20132.159999999996,33.0,No,None,UPI,5,5.0,No
ORD106992,2024-06-02,CUST6904,Regular,Electronics,2,5605,9864.8,12.0,No,None,Wallet,4,4.7,No
ORD106993,2024-12-20,CUST1526,Regular,Groceries,3,770,1593.8999999999999,31.0,Yes,Christmas/New Year,Wallet,5,3.5,No
ORD106994,2024-07-18,CUST2156,Regular,Electronics,2,8931,11788.919999999998,34.0,No,None,COD,7,3.5,No
ORD106995,2024-11-03,CUST6933,Regular,Beauty,3,5556,13334.400000000001,20.0,Yes,Diwali,COD,4,4.6,No
ORD106996,2024-12-21,CUST2096,New,Groceries,4,316,1264.0,0.0,Yes,,UPI,1,3.6,No
ORD106997,2024-04-27,CUST9668,Regular,Electronics,3,7424,22049.28,1.0,No,None,Wallet,3,3.8,No
ORD106998,2024-09-19,CUST4816,Premium,Groceries,5,3231,9531.45,41.0,No,None,UPI,4,4.4,No
ORD106999,2024-02-15,CUST9017,Premium,Electronics,4,3656,8481.920000000002,42.0,No,None,Credit Card,7,3.5,No
ORD107000,2024-10-28,CUST6644,New,Groceries,2,3251,4876.5,25.0,Yes,Diwali,Credit Card,7,3.6,No
ORD107001,2024-12-21,CUST1579,Regular,Fashion,1,8633,8460.34,2.0,Yes,Christmas/New Year,UPI,1,2.6,No
ORD107002,2024-07-07,CUST9913,Regular,Home Decor,4,8856,27276.48,23.0,No,None,UPI,3,2.8,No
ORD107003,2024-11-05,CUST6762,Regular,Groceries,5,8007,30026.25,25.0,Yes,Diwali,COD,2,3.6,No
ORD107004,2024-11-13,CUST4002,Regular,Beauty,3,7502,20930.579999999998,7.0,No,None,Wallet,1,2.6,No
ORD107005,2024-05-08,CUST6032,Premium,Home Decor,2,2078,2244.2400000000002,46.0,No,None,Wallet,2,3.3,No
ORD107006,2024-02-18,CUST1131,Regular,Home Decor,2,5081,6503.68,36.0,No,None,Wallet,5,3.6,No
ORD107007,2024-01-25,CUST4048,Regular,Electronics,5,4836,22487.399999999998,7.0,Yes,Republic Day,UPI,7,2.8,No
ORD107008,2024-09-22,CUST6254,New,Groceries,5,2734,11346.099999999999,17.0,No,None,COD,4,2.7,No
ORD107009,2024-04-27,CUST8552,Premium,Home Decor,4,4009,13309.88,17.0,No,None,COD,3,2.5,No
ORD107010,2024-05-23,CUST5325,Regular,Beauty,1,8963,7977.07,11.0,No,None,COD,7,3.7,No
ORD107011,2024-07-18,CUST6002,Regular,Beauty,1,5805,3773.25,35.0,No,None,UPI,5,2.9,No
ORD107012,2024-06-05,CUST3922,Regular,Beauty,3,7933,14517.39,39.0,No,None,UPI,1,4.2,No
ORD107013,2024-12-13,CUST9623,New,Electronics,2,3841,7605.18,1.0,No,None,COD,7,3.7,No
ORD107014,2024-05-13,CUST5350,New,Fashion,4,856,2773.44,19.0,No,None,UPI,5,2.5,Yes
ORD107015,2024-05-27,CUST5110,New,Groceries,2,3351,6567.96,2.0,No,,Credit Card,2,2.6,No
ORD107016,2024-12-01,CUST6515,New,Home Decor,4,9340,22789.6,39.0,No,None,Wallet,7,4.8,Yes
ORD107017,2024-03-11,CUST4015,Premium,Groceries,5,4310,12283.500000000002,43.0,No,None,Wallet,2,2.8,No
ORD107018,2024-08-20,CUST6735,Regular,Home Decor,3,7407,14888.069999999998,33.0,Yes,Independence Day,Wallet,6,4.4,No
ORD107019,2024-11-29,CUST8371,Regular,Electronics,5,506,1315.6000000000001,48.0,No,None,Credit Card,4,3.1,No
ORD107020,2024-10-25,CUST1492,Premium,Groceries,2,9096,10005.6,45.0,Yes,Diwali,COD,5,3.3,No
ORD107021,2024-06-02,CUST8377,New,Electronics,3,4692,7741.8,45.0,No,None,Wallet,6,2.6,No
ORD107022,2024-03-30,CUST6956,Regular,Electronics,4,9069,34462.2,5.0,Yes,Holi,UPI,3,3.9,No
ORD107023,2024-11-29,CUST4606,Premium,Groceries,4,8602,20988.88,39.0,No,None,Credit Card,2,3.7,No
ORD107024,2024-07-17,CUST5045,New,Groceries,3,4694,12814.62,9.0,No,None,COD,1,4.4,No
ORD107025,2024-06-09,CUST1677,Regular,Home Decor,5,1596,6144.6,23.0,No,None,Credit Card,5,4.8,No
ORD107026,2024-01-26,CUST4343,New,Beauty,3,3660,9113.4,17.0,Yes,Republic Day,Wallet,3,3.9,No
ORD107027,2024-04-30,CUST1599,Regular,Electronics,5,4553,15480.199999999999,32.0,No,None,COD,3,4.9,No
ORD107028,2024-10-27,CUST2200,Regular,Fashion,3,2362,4393.32,38.0,Yes,Diwali,Wallet,7,2.9,Yes
ORD107029,2024-07-30,CUST5884,Regular,Home Decor,5,7876,37017.2,6.0,No,None,COD,3,3.4,Yes
ORD107030,2024-03-03,CUST6741,Premium,Home Decor,1,4744,2656.6400000000003,44.0,No,None,Wallet,3,4.6,No
ORD107031,2024-03-08,CUST9746,Premium,Beauty,3,3348,5323.320000000001,47.0,No,None,COD,6,3.9,No
ORD107032,2024-09-09,CUST3514,Regular,Beauty,5,1027,2926.9500000000003,43.0,No,None,Credit Card,2,3.9,No
ORD107033,2024-01-02,CUST7823,New,Electronics,2,2855,4111.2,28.0,No,None,COD,4,3.7,No
ORD107034,2024-04-17,CUST4637,Premium,Home Decor,2,6911,11334.04,18.0,No,None,COD,5,2.5,No
ORD107035,2024-10-12,CUST7561,Premium,Home Decor,3,8891,16803.99,37.0,No,None,Credit Card,2,2.7,No
ORD107036,2024-02-18,CUST9469,Regular,Fashion,3,9453,17582.579999999998,38.0,No,None,COD,7,2.7,No
ORD107037,2024-05-19,CUST8705,New,Electronics,4,8064,24514.56,24.0,No,None,Credit Card,4,3.0,No
ORD107038,2024-08-05,CUST9736,Regular,Electronics,5,7725,32445.0,16.0,No,None,Wallet,3,2.7,No
ORD107039,2024-02-13,CUST1760,Regular,Beauty,3,5370,10310.4,36.0,No,None,Wallet,1,2.8,No
ORD107040,2024-09-25,CUST5877,Regular,Electronics,2,3696,7244.16,2.0,No,None,Wallet,3,4.1,No
ORD107041,2024-03-18,CUST3054,Regular,Fashion,2,6294,9692.76,,No,None,COD,4,2.8,No
ORD107042,2024-08-03,CUST7773,New,Electronics,2,4422,7340.5199999999995,17.0,No,None,UPI,4,3.7,No
ORD107043,2024-04-07,CUST7107,Regular,Groceries,5,9518,24746.8,48.0,No,None,UPI,1,2.7,No
ORD107044,2024-08-23,CUST9553,Regular,Groceries,1,2189,1641.75,25.0,No,None,Wallet,6,3.2,No
ORD107045,2024-10-08,CUST1779,New,Fashion,3,6779,16269.6,20.0,No,None,Credit Card,2,4.8,No
ORD107046,2024-05-28,CUST9717,Premium,Beauty,1,5704,5133.6,10.0,No,None,COD,6,2.6,No
ORD107047,2024-10-30,CUST5787,Premium,Home Decor,5,4380,13140.0,40.0,Yes,Diwali,Credit Card,1,4.7,No
ORD107048,2024-03-06,CUST9452,Regular,Electronics,3,1582,3986.64,16.0,No,None,COD,3,4.4,No
ORD107049,2024-08-21,CUST3112,Premium,Beauty,4,4367,9782.080000000002,44.0,No,None,Credit Card,5,4.8,No
ORD107050,2024-03-27,CUST8876,Regular,Beauty,3,3366,6361.74,37.0,Yes,Holi,,2,4.5,No
ORD107051,2024-03-19,CUST6079,New,Electronics,3,2835,6804.0,20.0,No,None,UPI,5,4.6,No
ORD107052,2024-07-23,CUST8253,Premium,Home Decor,3,5745,16717.95,3.0,No,None,Credit Card,7,2.8,No
ORD107053,2024-10-05,CUST1392,Premium,Electronics,3,9421,19501.469999999998,31.0,No,None,Wallet,5,4.6,No
ORD107054,2024-12-02,CUST7377,Regular,Home Decor,3,5409,13468.41,17.0,No,None,UPI,2,3.7,No
ORD107055,2024-09-10,CUST2461,Regular,Fashion,5,9627,27436.950000000004,43.0,No,None,UPI,3,3.4,No
ORD107056,2024-10-30,CUST8674,Regular,Home Decor,3,5582,12224.58,27.0,Yes,Diwali,UPI,6,2.9,No
ORD107057,2024-05-09,CUST5350,Regular,Beauty,5,4183,13594.75,35.0,No,None,Credit Card,7,2.5,No
ORD107058,2024-03-24,CUST6831,Regular,Fashion,3,1605,3081.6,36.0,Yes,Holi,Credit Card,4,4.1,No
ORD107059,2024-10-02,CUST5804,Premium,Groceries,3,7937,13572.270000000002,43.0,No,None,UPI,3,4.3,Yes
ORD107060,2024-07-05,CUST8871,Regular,Fashion,5,6400,16320.0,49.0,No,None,Credit Card,6,3.5,No
ORD107061,2024-02-15,CUST9234,Premium,Home Decor,3,5942,13369.5,25.0,No,None,Wallet,4,2.9,No
ORD107062,2024-07-01,CUST5281,Regular,Fashion,2,6911,7187.4400000000005,48.0,No,None,COD,4,2.9,Yes
ORD107063,2024-09-24,CUST8440,Regular,Fashion,3,9939,22959.09,23.0,No,None,UPI,2,2.9,No
ORD107064,2024-10-22,CUST3535,Premium,Groceries,4,2084,7585.76,9.0,Yes,Diwali,COD,2,2.6,No
ORD107065,2024-11-17,CUST3092,Premium,Home Decor,5,5372,16921.8,37.0,No,None,UPI,1,3.4,No
ORD107066,2024-04-09,CUST3789,Regular,Beauty,3,2384,3719.04,48.0,No,None,COD,6,4.0,Yes
ORD107067,2024-03-18,CUST5052,Regular,Fashion,3,6517,18182.43,7.0,No,None,UPI,7,3.6,Yes
ORD107068,2024-09-28,CUST9230,Premium,Electronics,5,7203,35654.85,1.0,No,None,Wallet,5,2.8,No
ORD107069,2024-12-04,CUST4101,Regular,Beauty,1,8610,4907.700000000001,43.0,No,None,UPI,5,4.5,No
ORD107070,2024-06-10,CUST9031,Regular,Fashion,2,7630,10071.599999999999,34.0,No,None,Wallet,5,3.2,No
ORD107071,2024-02-13,CUST9210,Premium,Beauty,2,4550,7280.0,20.0,No,None,UPI,5,4.0,No
ORD107072,2024-08-25,CUST2580,Regular,Electronics,3,9203,20430.66,26.0,Yes,Raksha Bandhan,Credit Card,1,3.1,No
ORD107073,2024-05-13,CUST7157,Regular,Beauty,5,8661,33777.9,22.0,No,None,COD,4,4.0,No
ORD107074,2024-07-10,CUST9588,New,Beauty,4,6567,18124.92,31.0,No,None,Wallet,1,2.8,No
ORD107075,2024-12-21,CUST2498,Premium,Electronics,3,4899,11022.75,25.0,Yes,Christmas/New Year,UPI,6,4.1,No
ORD107076,2024-10-04,CUST2052,Regular,Electronics,2,9578,18006.64,6.0,No,None,Credit Card,7,3.9,No
ORD107077,2024-01-18,CUST9422,Premium,Electronics,3,1933,3943.3199999999997,32.0,No,None,UPI,2,3.8,No
ORD107078,2024-01-12,CUST7459,Regular,Groceries,5,3167,13301.4,16.0,No,None,COD,3,3.0,No
ORD107079,2024-06-28,CUST2422,New,Electronics,4,272,1011.8399999999999,7.0,No,None,UPI,4,3.8,No
ORD107080,2024-05-02,CUST5707,Premium,Beauty,1,5193,3063.8700000000003,41.0,No,None,Credit Card,4,4.7,No
ORD107081,2024-09-02,CUST1061,Regular,Electronics,4,6317,21225.12,16.0,No,None,UPI,1,2.8,No
ORD107082,2024-08-09,CUST8245,Regular,Fashion,3,8085,12855.150000000001,47.0,No,None,UPI,2,4.3,No
ORD107083,2024-02-20,CUST8653,Regular,Electronics,2,5242,6185.56,41.0,No,None,Wallet,2,2.8,No
ORD107084,2024-03-11,CUST6290,Premium,Electronics,5,8261,22304.7,46.0,No,None,Wallet,6,3.3,No
ORD107085,2024-02-17,CUST6160,Premium,Home Decor,3,830,1319.7,47.0,No,None,UPI,7,4.2,No
ORD107086,2024-01-19,CUST7723,Regular,Beauty,1,5803,4816.49,17.0,No,None,UPI,4,3.9,No
ORD107087,2024-09-18,CUST2140,Regular,Beauty,5,1077,3500.25,35.0,No,None,Credit Card,1,4.2,No
ORD107088,2024-03-24,CUST8160,Regular,Fashion,5,9148,28358.8,38.0,Yes,Holi,UPI,5,4.9,No
ORD107089,2024-06-03,CUST1197,Regular,Groceries,5,4493,12805.050000000001,43.0,No,None,COD,4,4.9,Yes
ORD107090,2024-02-22,CUST7792,Regular,Home Decor,3,9842,23030.280000000002,22.0,No,None,Wallet,5,4.8,No
ORD107091,2024-04-16,CUST4371,Premium,Fashion,1,2740,2438.6,,No,None,COD,3,3.7,No
ORD107092,2024-12-22,CUST8878,Premium,Fashion,3,281,657.5400000000001,22.0,Yes,Christmas/New Year,UPI,2,3.4,No
ORD107093,2024-10-30,CUST1634,New,Beauty,5,1531,5205.4,32.0,Yes,Diwali,Credit Card,4,3.2,No
ORD107094,2024-05-14,CUST8589,New,Home Decor,5,8155,29765.75,27.0,No,None,COD,3,3.9,No
ORD107095,2024-03-09,CUST4724,Premium,Beauty,2,556,633.84,43.0,No,None,UPI,5,3.6,No
ORD107096,2024-01-11,CUST5292,Premium,Groceries,4,9711,30298.32,22.0,No,None,Wallet,4,5.0,No
ORD107097,2024-05-22,CUST9318,New,Beauty,3,779,2196.7799999999997,6.0,No,None,UPI,3,3.8,No
ORD107098,2024-07-10,CUST5432,Regular,Electronics,1,845,456.3,46.0,No,None,Wallet,4,3.3,No
ORD107099,2024-03-09,CUST3378,Regular,Beauty,5,6463,31991.85,1.0,No,None,Credit Card,3,4.1,No
ORD107100,2024-01-23,CUST3245,Regular,Electronics,3,8699,26097.0,0.0,Yes,Republic Day,Wallet,3,2.6,No
ORD107101,2024-06-29,CUST6344,Premium,Fashion,4,433,1680.04,3.0,No,None,UPI,5,2.8,No
ORD107102,2024-10-19,CUST8420,Premium,Groceries,3,1234,3442.8599999999997,,No,None,Credit Card,2,4.2,No
ORD107103,2024-01-09,CUST1678,Regular,Electronics,4,6217,12931.36,48.0,No,None,Wallet,1,2.8,No
ORD107104,2024-09-27,CUST2452,Premium,Groceries,3,5321,11493.359999999999,28.0,No,None,Wallet,3,4.4,No
ORD107105,2024-04-02,CUST2171,Premium,Beauty,2,1935,3212.1,17.0,No,None,COD,2,2.7,Yes
ORD107106,2024-01-17,CUST2321,Regular,Beauty,3,4477,8595.84,36.0,No,None,Wallet,6,4.0,No
ORD107107,2024-06-02,CUST4825,Regular,Fashion,2,1141,1597.3999999999999,30.0,No,None,UPI,1,4.2,No
ORD107108,2024-11-23,CUST8224,Regular,Beauty,4,549,2086.2,5.0,No,None,Credit Card,5,4.4,No
ORD107109,2024-05-28,CUST7585,Regular,Electronics,5,1605,4574.250000000001,43.0,No,None,UPI,4,4.7,No
ORD107110,2024-09-23,CUST2611,New,Fashion,5,7664,29506.4,23.0,No,None,Wallet,2,3.3,No
ORD107111,2024-11-23,CUST9417,New,Groceries,3,1745,2774.55,47.0,No,None,UPI,7,4.3,No
ORD107112,2024-04-15,CUST3362,New,Fashion,1,4520,2712.0,40.0,No,None,COD,4,2.7,No
ORD107113,2024-02-04,CUST4492,Premium,Groceries,3,1946,5020.68,14.0,No,None,UPI,4,4.6,No
ORD107114,2024-04-28,CUST5681,Premium,Home Decor,2,8096,9877.119999999999,39.0,No,None,Credit Card,1,4.7,No
ORD107115,2024-01-14,CUST8127,Premium,Electronics,2,1554,2766.12,11.0,No,None,Credit Card,6,4.4,Yes
ORD107116,2024-01-14,CUST2898,Premium,Electronics,4,7530,16566.0,45.0,No,None,Wallet,2,3.2,Yes
ORD107117,2024-09-22,CUST5846,Premium,Groceries,3,4488,7001.280000000001,48.0,No,None,Credit Card,3,2.7,No
ORD107118,2024-05-19,CUST5973,Premium,Beauty,4,9560,33268.8,13.0,No,None,UPI,6,3.6,Yes
ORD107119,2024-10-20,CUST6652,Regular,Beauty,1,4966,3674.84,26.0,Yes,Diwali,Wallet,1,3.2,No
ORD107120,2024-12-29,CUST5226,Premium,Home Decor,5,6157,19702.4,36.0,Yes,Christmas/New Year,UPI,2,3.8,No
ORD107121,2024-04-28,CUST5473,Regular,Groceries,5,7035,30954.0,12.0,No,None,COD,3,3.5,No
ORD107122,2024-08-25,CUST7083,Premium,Home Decor,3,2785,5263.65,37.0,Yes,Raksha Bandhan,UPI,7,2.8,No
ORD107123,2024-02-03,CUST7298,Regular,Groceries,4,4907,10795.400000000001,45.0,No,None,Credit Card,7,4.6,No
ORD107124,2024-06-17,CUST9124,Regular,Home Decor,4,1100,2772.0,37.0,No,None,Credit Card,4,4.7,No
ORD107125,2024-01-10,CUST3047,New,Groceries,1,3541,3470.18,2.0,No,None,COD,5,,No
ORD107126,2024-05-01,CUST9738,Regular,Electronics,4,7894,26839.6,15.0,No,None,Wallet,5,3.0,No
ORD107127,2024-05-24,CUST4894,Regular,Home Decor,2,327,582.0600000000001,11.0,No,None,Credit Card,1,3.6,No
ORD107128,2024-08-10,CUST7138,Regular,Home Decor,2,1875,3262.5,13.0,Yes,Independence Day,Credit Card,6,2.9,No
ORD107129,2024-09-13,CUST8057,New,Groceries,2,1977,2649.18,33.0,No,None,Credit Card,7,4.2,Yes
ORD107130,2024-09-24,CUST7732,Premium,Fashion,3,5365,8208.45,49.0,No,None,COD,3,4.5,No
ORD107131,2024-12-24,CUST9484,Premium,Fashion,2,8625,12075.0,30.0,Yes,Christmas/New Year,COD,3,4.0,No
ORD107132,2024-01-04,CUST7182,New,Electronics,2,783,970.92,38.0,No,None,Credit Card,5,3.9,No
ORD107133,2024-12-19,CUST6971,Regular,Beauty,5,1666,7996.799999999999,4.0,No,None,Wallet,3,4.3,No
ORD107134,2024-04-15,CUST2841,Regular,Beauty,3,8894,23746.98,11.0,No,None,Credit Card,2,2.8,No
ORD107135,2024-03-25,CUST7949,Regular,Electronics,2,6950,10425.0,25.0,Yes,Holi,UPI,2,3.1,No
ORD107136,2024-08-01,CUST9476,Premium,Beauty,1,1355,1138.2,16.0,No,None,UPI,5,3.3,No
ORD107137,2024-04-30,CUST3676,Premium,Groceries,2,9891,11275.740000000002,43.0,No,None,Wallet,4,3.8,No
ORD107138,2024-05-11,CUST4931,Regular,Fashion,3,8160,22032.0,10.0,No,None,Credit Card,4,4.9,No
ORD107139,2024-12-03,CUST2819,Regular,Electronics,4,1135,3087.2,32.0,No,None,Wallet,4,4.7,No
ORD107140,2024-07-15,CUST8707,Regular,Groceries,5,555,1665.0,40.0,No,None,UPI,5,3.1,Yes
ORD107141,2024-01-19,CUST7032,Premium,Electronics,5,2194,6691.7,39.0,No,None,Credit Card,1,3.1,No
ORD107142,2024-05-09,CUST9451,Regular,Fashion,3,5356,8837.400000000001,45.0,No,None,Credit Card,7,3.6,No
ORD107143,2024-01-12,CUST3732,Regular,Beauty,2,6481,12573.14,3.0,No,None,UPI,7,4.9,No
ORD107144,2024-03-21,CUST5943,Regular,Groceries,1,9837,6787.53,31.0,Yes,Holi,Wallet,3,2.9,No
ORD107145,2024-11-25,CUST2769,Premium,Fashion,2,7609,10652.599999999999,30.0,No,None,Wallet,2,4.9,No
ORD107146,2024-12-19,CUST1151,Premium,Electronics,2,5564,10015.2,10.0,No,None,COD,6,3.0,No
ORD107147,2024-09-18,CUST6629,Regular,Home Decor,1,4174,3506.16,16.0,No,None,COD,7,4.7,Yes
ORD107148,2024-05-04,CUST1342,Premium,Groceries,5,2704,10004.8,26.0,No,None,COD,2,4.6,Yes
ORD107149,2024-11-02,CUST9867,Premium,Electronics,2,2346,4363.5599999999995,7.0,Yes,Diwali,Wallet,6,4.7,Yes
ORD107150,2024-09-23,CUST6641,New,Electronics,4,7869,25180.800000000003,20.0,No,None,Credit Card,1,,No
ORD107151,2024-05-19,CUST5058,Regular,Fashion,4,7504,20410.879999999997,32.0,No,None,Credit Card,3,3.0,No
ORD107152,2024-11-24,CUST3699,Premium,Electronics,3,1410,2157.3,49.0,No,None,COD,4,4.4,No
ORD107153,2024-01-02,CUST9221,Regular,Groceries,3,6379,18371.52,4.0,No,None,,6,4.2,No
ORD107154,2024-01-08,CUST5938,Regular,Groceries,1,9021,6224.49,31.0,No,None,COD,2,4.7,No
ORD107155,2024-09-06,CUST1426,Premium,Electronics,1,5082,3862.32,24.0,No,None,Wallet,7,3.7,No
ORD107156,2024-05-18,CUST9210,Regular,Fashion,3,7024,19596.96,7.0,No,None,Wallet,7,3.5,No
ORD107157,2024-05-03,CUST9974,Regular,Groceries,2,6398,9469.039999999999,26.0,No,None,COD,4,4.3,No
ORD107158,2024-11-04,CUST8878,Regular,Home Decor,5,9886,37072.5,25.0,Yes,Diwali,Credit Card,4,3.2,No
ORD107159,2024-08-15,CUST1149,Regular,Beauty,4,1307,3189.08,39.0,Yes,Independence Day,Credit Card,5,4.6,No
ORD107160,2024-01-10,CUST5997,Regular,Fashion,1,5186,3733.92,28.0,No,None,Wallet,5,3.2,No
ORD107161,2024-07-30,CUST3380,Regular,Fashion,3,3634,10029.84,8.0,No,None,UPI,3,2.6,Yes
ORD107162,2024-04-21,CUST5366,Premium,Beauty,4,8223,27300.359999999997,17.0,No,None,UPI,2,3.9,No
ORD107163,2024-01-08,CUST7427,Premium,Beauty,1,3015,2834.1,6.0,No,None,UPI,5,4.6,No
ORD107164,2024-10-18,CUST6659,Regular,Groceries,1,7261,4283.990000000001,41.0,No,None,COD,3,4.2,No
ORD107165,2024-12-27,CUST5937,Premium,Electronics,2,2235,3576.0,20.0,Yes,Christmas/New Year,Credit Card,1,5.0,No
ORD107166,2024-09-09,CUST8798,New,Electronics,1,7007,5955.95,15.0,No,None,UPI,4,2.9,Yes
ORD107167,2024-01-14,CUST5067,Regular,Home Decor,5,7173,35147.7,2.0,No,None,UPI,2,3.4,No
ORD107168,2024-08-27,CUST9117,Regular,Electronics,1,369,254.60999999999999,31.0,Yes,Raksha Bandhan,UPI,2,3.4,No
ORD107169,2024-08-29,CUST9672,Premium,Home Decor,5,9023,41054.65,9.0,Yes,Raksha Bandhan,UPI,3,2.6,No
ORD107170,2024-12-07,CUST9468,Premium,Home Decor,2,9196,12690.48,31.0,No,None,COD,5,2.6,No
ORD107171,2024-05-28,CUST8093,Regular,Fashion,5,5215,24249.75,7.0,No,None,Credit Card,4,2.6,No
ORD107172,2024-08-23,CUST3836,Regular,Fashion,4,7097,19587.719999999998,31.0,No,None,Credit Card,4,3.5,No
ORD107173,2024-11-01,CUST9915,Premium,Groceries,1,3234,1649.34,49.0,Yes,Diwali,,2,4.6,No
ORD107174,2024-06-15,CUST5354,New,Beauty,3,4680,13618.8,3.0,No,None,UPI,2,4.3,No
ORD107175,2024-01-20,CUST3973,Regular,Beauty,3,3612,7801.92,28.0,Yes,Republic Day,Wallet,4,3.6,No
ORD107176,2024-08-03,CUST5989,New,Home Decor,5,5188,23086.6,11.0,No,None,COD,1,3.2,No
ORD107177,2024-12-08,CUST4787,Regular,Beauty,2,7330,9382.4,36.0,No,None,COD,3,2.5,Yes
ORD107178,2024-05-14,CUST1793,Regular,Home Decor,5,4069,13224.25,35.0,No,None,COD,1,2.9,No
ORD107179,2024-05-08,CUST6926,Regular,Beauty,5,6299,25825.9,18.0,No,None,Credit Card,5,3.5,No
ORD107180,2024-10-20,CUST2517,Premium,Groceries,5,991,3171.2000000000003,36.0,Yes,Diwali,Credit Card,1,3.4,No
ORD107181,2024-09-02,CUST3256,Regular,Fashion,4,4041,8728.560000000001,46.0,No,None,COD,1,3.1,No
ORD107182,2024-07-07,CUST3795,Regular,Fashion,4,3556,9956.8,30.0,No,None,UPI,5,5.0,No
ORD107183,2024-02-13,CUST9072,New,Home Decor,5,7722,22007.7,43.0,No,None,Wallet,6,3.6,No
ORD107184,2024-03-26,CUST1701,New,Beauty,2,5125,7687.5,25.0,Yes,Holi,Credit Card,7,3.2,No
ORD107185,2024-02-13,CUST2533,Regular,Electronics,1,5274,2953.44,44.0,No,None,Credit Card,7,3.5,No
ORD107186,2024-11-25,CUST8330,Regular,Groceries,3,6900,19665.0,5.0,No,None,UPI,6,3.2,No
ORD107187,2024-05-24,CUST6145,Premium,Beauty,4,2294,6606.719999999999,28.0,No,None,UPI,3,3.4,Yes
ORD107188,2024-02-20,CUST2323,Premium,Electronics,1,6450,5418.0,16.0,No,None,Credit Card,7,2.8,No
ORD107189,2024-08-29,CUST7447,Regular,Groceries,4,9007,29182.68,19.0,Yes,Raksha Bandhan,UPI,4,2.5,No
ORD107190,2024-10-20,CUST4211,New,Groceries,4,5452,12866.720000000001,41.0,Yes,Diwali,UPI,1,3.7,No
ORD107191,2024-02-20,CUST9657,Regular,Fashion,4,7203,15846.600000000002,45.0,No,None,UPI,3,3.7,No
ORD107192,2024-09-22,CUST5839,Premium,Home Decor,5,4496,12139.2,46.0,No,None,Wallet,5,2.9,No
ORD107193,2024-04-29,CUST8745,Regular,Beauty,5,2501,11379.550000000001,9.0,No,None,Wallet,7,4.6,No
ORD107194,2024-07-18,CUST4174,Premium,Groceries,4,5469,20782.2,5.0,No,None,Wallet,6,3.0,No
ORD107195,2024-09-04,CUST7492,Regular,Beauty,4,9964,21123.68,47.0,No,None,UPI,3,4.4,No
ORD107196,2024-03-10,CUST6575,Premium,Groceries,3,704,1457.28,31.0,No,None,UPI,6,3.0,No
ORD107197,2024-12-06,CUST9089,New,Fashion,1,2145,2123.55,1.0,No,None,Wallet,1,3.2,No
ORD107198,2024-02-26,CUST3169,Regular,Home Decor,1,2061,1875.51,9.0,No,None,Wallet,4,3.2,No
ORD107199,2024-02-08,CUST5580,Premium,Electronics,2,3922,5020.16,36.0,No,None,COD,5,3.1,No
ORD107200,2024-10-15,CUST2291,Regular,Electronics,2,3883,5746.84,26.0,No,None,Credit Card,5,4.9,No
ORD107201,2024-01-18,CUST6269,New,Fashion,2,603,723.6,40.0,No,None,Wallet,1,3.2,No
ORD107202,2024-08-07,CUST9032,New,Groceries,5,4531,18577.100000000002,18.0,No,None,COD,6,3.7,No
ORD107203,2024-11-08,CUST9013,Premium,Fashion,5,3106,9318.0,40.0,Yes,Diwali,COD,3,4.3,No
ORD107204,2024-08-31,CUST1655,Premium,Home Decor,3,4928,12566.4,15.0,Yes,Raksha Bandhan,Wallet,4,3.3,No
ORD107205,2024-12-17,CUST4250,New,Electronics,5,7909,32031.45,19.0,No,None,COD,5,2.5,No
ORD107206,2024-10-30,CUST4065,Regular,Beauty,2,1769,2299.7000000000003,35.0,Yes,Diwali,Wallet,1,4.4,No
ORD107207,2024-10-24,CUST3935,Regular,Electronics,4,339,1301.76,4.0,Yes,Diwali,Credit Card,1,3.2,No
ORD107208,2024-10-09,CUST1910,Premium,Home Decor,2,4883,8105.78,17.0,No,None,Credit Card,2,4.7,No
ORD107209,2024-03-14,CUST8524,Regular,Groceries,3,6930,19334.699999999997,7.0,No,None,Credit Card,6,3.7,No
ORD107210,2024-04-19,CUST7643,New,Fashion,4,5262,18522.24,12.0,No,None,Wallet,2,4.1,No
ORD107211,2024-06-28,CUST1993,Premium,Electronics,5,4865,14595.0,40.0,No,None,COD,3,4.9,No
ORD107212,2024-02-01,CUST2080,Regular,Electronics,4,2372,8634.08,9.0,No,None,Wallet,7,4.7,No
ORD107213,2024-08-21,CUST2874,Regular,Beauty,3,6279,12244.050000000001,35.0,No,None,Credit Card,1,4.5,No
ORD107214,2024-10-08,CUST1913,Regular,Fashion,5,3620,14842.000000000002,18.0,No,None,COD,6,3.8,No
ORD107215,2024-01-25,CUST6736,Premium,Beauty,1,6477,4533.9,30.0,Yes,Republic Day,UPI,3,2.9,No
ORD107216,2024-11-26,CUST2312,Regular,Beauty,2,1449,1883.7,35.0,No,None,Credit Card,3,4.6,No
ORD107217,2024-10-05,CUST4857,Regular,Groceries,2,6264,9020.16,28.0,No,None,Wallet,4,2.7,No
ORD107218,2024-08-13,CUST9643,Premium,Electronics,3,2897,4866.96,44.0,Yes,Independence Day,Wallet,2,4.7,No
ORD107219,2024-02-26,CUST1844,New,Fashion,3,2953,6910.02,22.0,No,None,Wallet,3,4.4,No
ORD107220,2024-06-28,CUST1663,New,Groceries,2,5134,7084.919999999999,31.0,No,None,UPI,4,4.5,Yes
ORD107221,2024-08-19,CUST5918,New,Groceries,4,6665,13863.2,48.0,Yes,Independence Day,COD,4,3.4,No
ORD107222,2024-12-08,CUST5384,Premium,Groceries,1,4084,3675.6,10.0,No,None,Wallet,6,2.7,No
ORD107223,2024-10-13,CUST1888,Regular,Home Decor,1,7454,7379.46,1.0,No,None,Wallet,2,4.3,No
ORD107224,2024-03-04,CUST9431,New,Home Decor,3,294,608.5799999999999,31.0,No,None,Wallet,2,4.9,No
ORD107225,2024-08-19,CUST8877,Regular,Groceries,3,4491,12934.08,4.0,Yes,Independence Day,Credit Card,1,4.6,No
ORD107226,2024-10-15,CUST2821,Premium,Home Decor,4,5980,16744.0,30.0,No,None,Credit Card,3,4.6,No
ORD107227,2024-07-31,CUST4851,Premium,Fashion,3,5283,13947.12,,No,None,UPI,4,4.1,No
ORD107228,2024-09-14,CUST5132,New,Electronics,1,8404,6639.16,21.0,No,None,COD,1,2.8,Yes
ORD107229,2024-01-18,CUST3089,Regular,Fashion,2,2501,3301.3199999999997,34.0,No,None,COD,6,4.7,No
ORD107230,2024-06-23,CUST8579,Regular,Electronics,1,4283,3512.0600000000004,18.0,No,None,Wallet,3,3.1,No
ORD107231,2024-08-16,CUST1816,Premium,Home Decor,4,6319,18198.719999999998,28.0,Yes,Independence Day,Wallet,3,3.2,No
ORD107232,2024-08-13,CUST7183,Regular,Fashion,2,6424,10021.44,22.0,Yes,Independence Day,Credit Card,1,4.4,No
ORD107233,2024-03-24,CUST6332,New,Beauty,2,572,938.08,18.0,Yes,Holi,Credit Card,4,4.3,No
ORD107234,2024-10-17,CUST5310,Premium,Groceries,1,4689,3985.65,15.0,No,None,Credit Card,1,2.7,No
ORD107235,2024-09-02,CUST5251,Premium,Electronics,2,6051,8471.4,30.0,No,None,Credit Card,3,3.1,No
ORD107236,2024-04-19,CUST3935,New,Electronics,2,6228,10587.6,15.0,No,None,Wallet,1,4.5,Yes
ORD107237,2024-09-10,CUST1809,Premium,Beauty,3,8809,19820.25,25.0,No,None,Credit Card,1,4.9,No
ORD107238,2024-03-28,CUST5581,Regular,Beauty,2,1016,1991.36,2.0,Yes,Holi,COD,6,3.2,No
ORD107239,2024-03-12,CUST1577,Regular,Groceries,4,3812,11893.44,22.0,No,None,Credit Card,3,4.4,No
ORD107240,2024-01-30,CUST6299,Premium,Home Decor,2,7947,14622.480000000001,8.0,Yes,Republic Day,UPI,2,3.8,No
ORD107241,2024-06-20,CUST2036,New,Fashion,3,6550,15130.5,23.0,No,None,Credit Card,6,3.5,No
ORD107242,2024-11-04,CUST5062,Premium,Fashion,5,7639,25972.6,32.0,Yes,Diwali,Wallet,7,4.7,No
ORD107243,2024-12-08,CUST9824,New,Fashion,5,1532,6664.2,13.0,No,None,Wallet,4,3.9,No
ORD107244,2024-06-25,CUST4597,Regular,Home Decor,4,6561,19158.12,27.0,No,None,Wallet,3,4.2,No
ORD107245,2024-05-18,CUST1743,Regular,Groceries,4,955,2941.4,23.0,No,None,Credit Card,6,4.0,No
ORD107246,2024-07-12,CUST1872,Regular,Fashion,2,3725,4321.000000000001,42.0,No,None,COD,7,4.1,No
ORD107247,2024-07-04,CUST3457,Premium,Electronics,2,1996,2035.92,49.0,No,None,Wallet,6,3.8,No
ORD107248,2024-08-05,CUST5065,Regular,Electronics,5,3259,15317.3,6.0,No,None,COD,2,3.8,No
ORD107249,2024-06-12,CUST2134,Regular,Electronics,5,2377,7487.55,37.0,No,None,Wallet,1,4.6,No
ORD107250,2024-06-09,CUST2119,Premium,Beauty,1,2250,1282.5000000000002,43.0,No,None,,2,3.3,No
ORD107251,2024-01-13,CUST4141,Regular,Beauty,5,2189,8318.2,24.0,No,None,COD,3,4.3,No
ORD107252,2024-10-22,CUST2607,Premium,Home Decor,5,7718,38204.1,1.0,Yes,Diwali,UPI,6,3.2,No
ORD107253,2024-03-29,CUST1807,Regular,Fashion,4,8946,20039.04,44.0,Yes,Holi,Wallet,6,2.7,Yes
ORD107254,2024-11-19,CUST4316,Regular,Beauty,1,6009,6009.0,0.0,No,None,COD,3,4.8,No
ORD107255,2024-02-11,CUST6310,Regular,Electronics,1,5813,4534.14,22.0,No,None,Wallet,7,3.5,No
ORD107256,2024-07-28,CUST2063,New,Beauty,2,8657,9349.560000000001,46.0,No,None,Credit Card,1,4.2,No
ORD107257,2024-08-16,CUST8674,Regular,Electronics,2,9314,11363.08,39.0,Yes,Independence Day,COD,7,4.4,No
ORD107258,2024-12-15,CUST3596,Regular,Fashion,1,8925,7407.75,17.0,No,None,Wallet,6,,No
ORD107259,2024-10-01,CUST3640,Regular,Home Decor,1,6176,3335.0400000000004,46.0,No,None,UPI,3,3.1,No
ORD107260,2024-10-05,CUST1404,Regular,Groceries,2,1893,3520.9799999999996,7.0,No,None,Credit Card,7,4.1,No
ORD107261,2024-09-07,CUST9499,New,Groceries,4,2251,6032.679999999999,33.0,No,None,Wallet,5,,No
ORD107262,2024-11-05,CUST6212,Regular,Electronics,4,3120,7238.400000000001,42.0,Yes,Diwali,Credit Card,2,2.8,No
ORD107263,2024-07-26,CUST7883,New,Beauty,4,5045,18767.399999999998,7.0,No,None,UPI,5,2.9,No
ORD107264,2024-11-16,CUST4100,Regular,Beauty,4,4367,12576.96,28.0,No,None,COD,5,3.4,Yes
ORD107265,2024-05-19,CUST9368,New,Electronics,2,6431,11318.56,12.0,No,None,Wallet,2,3.3,No
ORD107266,2024-10-06,CUST9853,Premium,Fashion,3,4823,14469.0,0.0,No,None,COD,3,4.5,No
ORD107267,2024-02-03,CUST9617,Premium,Electronics,5,9277,33397.2,28.0,No,None,Wallet,2,4.1,No
ORD107268,2024-11-04,CUST1583,Premium,Fashion,5,6946,17712.3,49.0,Yes,Diwali,Wallet,1,3.7,No
ORD107269,2024-01-18,CUST6338,Regular,Home Decor,5,6339,20284.8,36.0,No,None,COD,5,2.8,Yes
ORD107270,2024-02-26,CUST7759,Premium,Home Decor,5,1658,8290.0,0.0,No,None,COD,6,2.8,No
ORD107271,2024-04-21,CUST7355,Regular,Electronics,2,3995,4554.3,43.0,No,None,Wallet,5,3.8,No
ORD107272,2024-01-05,CUST2414,Regular,Home Decor,3,3610,10396.8,4.0,No,None,UPI,7,4.7,No
ORD107273,2024-06-30,CUST8089,Premium,Beauty,2,4224,4477.4400000000005,47.0,No,None,UPI,3,4.4,No
ORD107274,2024-01-13,CUST2984,Regular,Fashion,3,6469,9897.57,49.0,No,None,Wallet,2,,No
ORD107275,2024-12-04,CUST3318,New,Groceries,2,762,1508.76,1.0,No,None,COD,6,3.9,No
ORD107276,2024-10-11,CUST2115,Regular,Groceries,1,6292,3397.6800000000003,46.0,No,None,UPI,7,3.1,No
ORD107277,2024-09-15,CUST4026,Premium,Home Decor,3,7192,17045.04,21.0,No,None,Wallet,4,2.6,No
ORD107278,2024-03-30,CUST7373,New,Fashion,5,7208,25588.399999999998,29.0,Yes,Holi,Credit Card,6,4.9,No
ORD107279,2024-04-13,CUST7346,Premium,Beauty,3,7996,21589.2,10.0,No,None,Wallet,3,3.7,No
ORD107280,2024-07-04,CUST8147,Premium,Groceries,4,5859,16873.92,28.0,No,None,COD,3,4.6,No
ORD107281,2024-09-06,CUST4708,Premium,Beauty,3,6284,11122.680000000002,41.0,No,,Wallet,3,4.3,No
ORD107282,2024-09-11,CUST6170,New,Beauty,4,3171,12430.32,2.0,No,None,Credit Card,7,4.6,No
ORD107283,2024-03-16,CUST8847,Regular,Groceries,4,544,1218.5600000000002,44.0,No,None,Credit Card,2,3.0,No
ORD107284,2024-04-17,CUST4089,Premium,Groceries,1,6811,5993.68,12.0,No,None,Wallet,3,4.2,No
ORD107285,2024-06-04,CUST6389,Regular,Home Decor,3,7324,21532.56,2.0,No,None,Credit Card,7,4.3,No
ORD107286,2024-03-22,CUST1866,Regular,Fashion,1,6484,5900.4400000000005,9.0,Yes,Holi,Wallet,1,3.9,No
ORD107287,2024-03-17,CUST8763,Regular,Electronics,5,2916,14142.6,3.0,No,None,COD,1,4.6,No
ORD107288,2024-09-14,CUST5470,Regular,Fashion,3,5860,15294.6,13.0,No,None,COD,5,5.0,No
ORD107289,2024-05-06,CUST8849,Premium,Electronics,2,7432,11593.92,22.0,No,None,COD,5,2.5,No
ORD107290,2024-10-08,CUST1771,New,Groceries,2,5093,8556.24,16.0,No,None,UPI,2,3.6,No
ORD107291,2024-03-28,CUST9896,Premium,Beauty,2,1319,2638.0,0.0,Yes,Holi,Wallet,4,4.4,No
ORD107292,2024-07-22,CUST3236,Premium,Fashion,4,2462,8469.28,14.0,No,None,COD,5,4.3,Yes
ORD107293,2024-01-16,CUST2377,Regular,Beauty,2,942,1865.16,1.0,No,None,Wallet,5,3.7,No
ORD107294,2024-05-30,CUST5909,Regular,Fashion,5,5201,21584.149999999998,17.0,No,None,Credit Card,5,4.6,No
ORD107295,2024-09-10,CUST3100,Regular,Fashion,3,5503,10235.58,38.0,No,None,COD,6,4.2,No
ORD107296,2024-07-06,CUST9194,Premium,Beauty,3,7530,17846.100000000002,21.0,No,None,UPI,7,3.9,Yes
ORD107297,2024-11-24,CUST6193,Regular,Home Decor,4,982,2867.44,27.0,No,None,COD,5,3.2,No
ORD107298,2024-02-01,CUST6293,Premium,Groceries,4,296,840.64,29.0,No,None,UPI,3,3.4,Yes
ORD107299,2024-09-27,CUST1790,New,Home Decor,4,8978,31602.56,12.0,No,None,Credit Card,5,5.0,No
ORD107300,2024-01-05,CUST9720,Premium,Home Decor,5,6861,33618.9,2.0,No,None,Wallet,6,4.8,No
ORD107301,2024-11-25,CUST2448,Premium,Fashion,3,5111,15026.34,2.0,No,None,Credit Card,2,4.2,No
ORD107302,2024-11-03,CUST5541,Premium,Groceries,1,2438,1365.2800000000002,44.0,Yes,Diwali,Credit Card,6,4.6,No
ORD107303,2024-11-28,CUST9562,Regular,Fashion,4,9308,27924.0,25.0,No,None,Credit Card,3,2.8,No
ORD107304,2024-06-17,CUST4201,Regular,Electronics,2,3549,6885.0599999999995,3.0,No,None,Credit Card,6,3.2,No
ORD107305,2024-06-29,CUST7535,New,Fashion,1,2688,2284.7999999999997,15.0,No,None,Credit Card,3,4.7,No
ORD107306,2024-12-31,CUST9958,Premium,Beauty,1,3993,2914.89,27.0,Yes,Christmas/New Year,Wallet,2,3.7,No
ORD107307,2024-06-26,CUST6378,Premium,Fashion,4,8017,29823.239999999998,7.0,No,None,UPI,4,4.0,No
ORD107308,2024-05-22,CUST6048,Regular,Electronics,2,3037,3705.14,39.0,No,None,Credit Card,5,4.7,No
ORD107309,2024-12-27,CUST1727,Premium,Fashion,4,2586,8792.4,15.0,Yes,Christmas/New Year,COD,1,3.5,No
ORD107310,2024-09-04,CUST4386,Regular,Electronics,4,7596,21268.8,30.0,No,None,UPI,4,3.7,No
ORD107311,2024-05-06,CUST9687,Regular,Groceries,2,2041,3183.96,22.0,No,None,UPI,5,2.8,No
ORD107312,2024-09-19,CUST1840,Regular,Fashion,1,9594,9498.06,1.0,No,None,COD,1,5.0,No
ORD107313,2024-02-09,CUST4059,Regular,Electronics,1,5566,5120.72,8.0,No,None,COD,3,4.9,No
ORD107314,2024-12-20,CUST5791,Regular,Groceries,2,8264,12230.72,26.0,Yes,Christmas/New Year,COD,6,3.2,No
ORD107315,2024-09-11,CUST9194,Regular,Beauty,1,4969,2782.6400000000003,44.0,No,None,COD,3,4.6,No
ORD107316,2024-05-22,CUST3824,Premium,Home Decor,5,9121,36027.950000000004,21.0,No,None,COD,3,4.3,No
ORD107317,2024-08-27,CUST4928,Premium,Electronics,4,516,1176.48,43.0,Yes,Raksha Bandhan,Credit Card,5,2.9,No
ORD107318,2024-08-15,CUST2897,Premium,Beauty,5,7653,25637.549999999996,33.0,Yes,Independence Day,UPI,2,2.6,No
ORD107319,2024-12-06,CUST8694,Regular,Groceries,5,275,1265.0,8.0,No,None,COD,3,2.5,No
ORD107320,2024-07-16,CUST3682,New,Beauty,5,5269,17914.6,32.0,No,None,COD,7,2.7,No
ORD107321,2024-03-05,CUST1931,Regular,Fashion,3,403,761.67,37.0,No,None,Wallet,3,4.1,No
ORD107322,2024-01-11,CUST7628,Regular,Home Decor,3,8095,16270.949999999999,33.0,No,None,UPI,3,3.7,Yes
ORD107323,2024-04-17,CUST3522,Premium,Electronics,5,6767,22331.1,34.0,No,None,UPI,6,5.0,No
ORD107324,2024-01-26,CUST9213,Regular,Groceries,4,7660,16545.600000000002,46.0,Yes,Republic Day,Credit Card,5,3.2,Yes
ORD107325,2024-05-30,CUST8641,Premium,Home Decor,5,3975,14906.25,25.0,No,None,UPI,1,4.3,No
ORD107326,2024-08-08,CUST9162,Premium,Groceries,5,8278,38906.6,6.0,No,None,COD,4,,No
ORD107327,2024-12-06,CUST8625,New,Beauty,3,7124,11968.320000000002,44.0,No,None,Wallet,3,2.7,No
ORD107328,2024-08-24,CUST6370,New,Groceries,5,7780,20617.0,47.0,No,None,UPI,4,4.7,No
ORD107329,2024-08-24,CUST1794,New,Groceries,4,5758,12897.920000000002,44.0,No,None,Wallet,2,3.5,No
ORD107330,2024-08-06,CUST6809,Regular,Beauty,4,4555,13482.8,26.0,No,None,COD,2,4.8,No
ORD107331,2024-05-30,CUST1939,New,Beauty,5,3251,14466.95,11.0,No,None,Wallet,7,4.8,No
ORD107332,2024-05-02,CUST7521,Regular,Home Decor,4,2863,9619.68,16.0,No,None,UPI,2,4.6,No
ORD107333,2024-05-23,CUST9281,Premium,Electronics,5,8823,35292.0,20.0,No,None,UPI,3,2.6,No
ORD107334,2024-07-07,CUST6830,Premium,Beauty,3,7584,13196.160000000002,42.0,No,None,Credit Card,4,4.9,No
ORD107335,2024-09-11,CUST2490,Regular,Home Decor,5,3362,13279.900000000001,21.0,No,None,,1,2.8,No
ORD107336,2024-03-08,CUST2355,Premium,Groceries,1,8589,6441.75,25.0,No,None,Credit Card,5,4.8,Yes
ORD107337,2024-04-13,CUST8416,Regular,Groceries,3,5278,9817.08,38.0,No,None,Credit Card,4,4.0,No
ORD107338,2024-12-01,CUST2621,Regular,Fashion,4,238,837.76,12.0,No,None,COD,5,3.4,No
ORD107339,2024-06-07,CUST4344,New,Beauty,4,9120,21523.200000000004,41.0,No,None,UPI,7,4.3,No
ORD107340,2024-11-04,CUST1835,Regular,Home Decor,3,3365,5956.050000000001,41.0,Yes,Diwali,Wallet,4,3.8,No
ORD107341,2024-12-27,CUST7774,Regular,Home Decor,1,4979,2788.2400000000002,,Yes,Christmas/New Year,Credit Card,3,4.5,No
ORD107342,2024-10-26,CUST5733,Regular,Electronics,3,6386,14943.24,22.0,Yes,Diwali,UPI,1,3.8,No
ORD107343,2024-03-30,CUST2339,New,Home Decor,2,2324,3300.08,29.0,Yes,Holi,UPI,3,3.4,No
ORD107344,2024-12-22,CUST1781,Regular,Beauty,1,7599,6383.16,16.0,Yes,,Credit Card,2,3.4,No
ORD107345,2024-09-12,CUST5738,Regular,Home Decor,3,4334,9621.48,26.0,No,None,Credit Card,1,3.4,No
ORD107346,2024-12-18,CUST1051,New,Fashion,2,6494,10520.28,19.0,No,None,,6,3.7,No
ORD107347,2024-08-07,CUST7825,Regular,Groceries,5,3971,18663.7,6.0,No,None,UPI,6,2.8,No
ORD107348,2024-01-09,CUST2319,Regular,Groceries,1,5738,5565.86,3.0,No,None,COD,4,4.2,No
ORD107349,2024-01-12,CUST9905,Premium,Home Decor,5,3457,8988.2,48.0,No,None,COD,7,3.4,No
ORD107350,2024-11-20,CUST6144,Premium,Home Decor,2,6661,9325.4,30.0,No,None,Credit Card,3,3.9,No
ORD107351,2024-08-31,CUST1525,New,Home Decor,4,5588,15869.92,29.0,Yes,Raksha Bandhan,Wallet,5,3.8,No
ORD107352,2024-06-30,CUST6668,Regular,Home Decor,4,8100,22680.0,30.0,No,None,UPI,3,4.6,No
ORD107353,2024-10-10,CUST6795,New,Fashion,4,1444,5602.72,3.0,No,None,Wallet,3,4.7,No
ORD107354,2024-11-07,CUST3879,New,Beauty,5,857,3556.5499999999997,17.0,Yes,Diwali,Credit Card,4,5.0,No
ORD107355,2024-04-08,CUST1255,Regular,Fashion,1,1899,1538.19,19.0,No,None,UPI,4,3.1,No
ORD107356,2024-07-15,CUST5520,Regular,Fashion,5,4656,14200.8,39.0,No,None,COD,2,2.6,No
ORD107357,2024-12-31,CUST4156,New,Fashion,5,6268,19117.399999999998,39.0,Yes,Christmas/New Year,COD,7,3.6,No
ORD107358,2024-08-13,CUST4074,Regular,Groceries,4,8247,17483.64,47.0,Yes,Independence Day,Wallet,1,4.7,Yes
ORD107359,2024-11-28,CUST6495,Premium,Fashion,5,6163,16640.100000000002,46.0,No,None,Credit Card,3,4.0,Yes
ORD107360,2024-04-12,CUST6351,Premium,Home Decor,2,6435,6563.7,49.0,No,None,Wallet,5,3.4,No
ORD107361,2024-04-15,CUST1033,Premium,Fashion,3,4735,11079.9,,No,None,Credit Card,6,4.4,Yes
ORD107362,2024-12-30,CUST8495,New,Home Decor,3,7473,14123.97,37.0,Yes,Christmas/New Year,COD,6,4.3,No
ORD107363,2024-02-27,CUST4001,Regular,Beauty,3,2176,6005.76,8.0,No,None,UPI,4,4.3,No
ORD107364,2024-03-18,CUST8359,Regular,Groceries,4,8137,27665.8,15.0,No,None,COD,4,3.8,No
ORD107365,2024-03-15,CUST8675,New,Beauty,4,3869,12380.800000000001,20.0,No,None,Wallet,2,3.8,No
ORD107366,2024-02-11,CUST5548,New,Beauty,3,4392,12121.92,8.0,No,None,UPI,1,3.9,No
ORD107367,2024-11-19,CUST7232,Premium,Groceries,1,1137,864.12,24.0,No,None,Credit Card,6,3.9,No
ORD107368,2024-06-29,CUST8263,New,Home Decor,3,5796,9041.76,48.0,No,None,COD,2,3.0,Yes
ORD107369,2024-02-02,CUST3634,Premium,Home Decor,5,1489,4839.25,35.0,No,None,Credit Card,4,3.1,No
ORD107370,2024-03-11,CUST3926,Regular,Home Decor,3,4870,7889.400000000001,46.0,No,None,COD,7,3.4,No
ORD107371,2024-02-25,CUST3190,New,Groceries,3,2350,4089.0000000000005,42.0,No,,Credit Card,5,4.6,No
ORD107372,2024-04-14,CUST4446,Regular,Fashion,1,7621,6630.2699999999995,13.0,No,None,COD,2,3.7,Yes
ORD107373,2024-07-18,CUST5719,Regular,Electronics,4,8904,29917.44,16.0,No,None,COD,7,4.8,No
ORD107374,2024-04-10,CUST4762,Regular,Fashion,4,1716,5010.72,27.0,No,None,Credit Card,3,4.5,No
ORD107375,2024-09-12,CUST6915,Premium,Fashion,5,1604,4491.200000000001,44.0,No,,COD,4,4.7,No
ORD107376,2024-11-02,CUST4481,New,Beauty,3,4692,8445.6,40.0,Yes,Diwali,COD,4,2.8,No
ORD107377,2024-03-14,CUST1691,Regular,Electronics,2,6370,6752.200000000001,47.0,No,None,COD,2,2.9,No
ORD107378,2024-06-19,CUST3315,Regular,Home Decor,5,2553,11871.449999999999,7.0,No,None,Wallet,5,3.1,No
ORD107379,2024-05-22,CUST6172,Premium,Fashion,4,780,2714.4,13.0,No,None,COD,2,4.2,No
ORD107380,2024-06-14,CUST2603,New,Groceries,1,3529,3034.94,14.0,No,None,Credit Card,7,3.7,Yes
ORD107381,2024-09-17,CUST9615,Premium,Fashion,4,8493,21062.64,38.0,No,None,Credit Card,5,2.9,No
ORD107382,2024-08-08,CUST1597,Premium,Home Decor,4,4750,14440.0,24.0,No,None,Wallet,4,4.4,No
ORD107383,2024-03-23,CUST3806,Premium,Fashion,1,3163,2846.7000000000003,10.0,Yes,Holi,COD,7,3.8,No
ORD107384,2024-06-30,CUST6294,Regular,Beauty,3,498,1075.68,28.0,No,None,Wallet,2,4.3,No
ORD107385,2024-11-02,CUST9619,Regular,Beauty,3,4316,12689.039999999999,2.0,Yes,Diwali,Wallet,1,4.8,No
ORD107386,2024-01-10,CUST7809,Regular,Fashion,4,244,605.12,38.0,No,None,COD,6,4.8,No
ORD107387,2024-01-04,CUST3979,New,Beauty,5,7847,30995.65,21.0,No,None,Credit Card,2,3.3,No
ORD107388,2024-12-16,CUST4575,Regular,Groceries,2,2743,3511.04,36.0,No,None,COD,2,2.9,No
ORD107389,2024-12-01,CUST4495,Premium,Electronics,5,4059,12177.0,40.0,No,None,,7,3.6,No
ORD107390,2024-10-18,CUST4649,Regular,Fashion,5,4978,20160.9,19.0,No,None,UPI,1,2.7,No
ORD107391,2024-10-07,CUST4912,Regular,Groceries,4,4594,15068.320000000002,18.0,No,None,Wallet,1,2.6,No
ORD107392,2024-08-02,CUST7206,Regular,Groceries,4,3752,13207.04,12.0,No,None,Credit Card,3,4.9,No
ORD107393,2024-04-07,CUST8951,Regular,Groceries,2,3355,4965.4,26.0,No,None,COD,1,4.9,Yes
ORD107394,2024-04-10,CUST3533,Regular,Home Decor,2,487,798.6800000000001,18.0,No,None,UPI,5,3.4,No
ORD107395,2024-01-09,CUST2150,Premium,Fashion,2,3905,6638.5,15.0,No,None,Wallet,6,4.6,No
ORD107396,2024-03-01,CUST8061,Regular,Fashion,4,716,2835.36,1.0,No,None,Wallet,6,3.1,No
ORD107397,2024-11-04,CUST8819,Premium,Fashion,4,2401,9604.0,0.0,Yes,Diwali,Wallet,3,3.5,No
ORD107398,2024-05-25,CUST3341,Regular,Electronics,5,6777,33207.3,2.0,No,None,COD,5,4.3,No
ORD107399,2024-03-03,CUST5558,Premium,Groceries,4,8302,25570.16,23.0,No,None,COD,7,3.9,No
ORD107400,2024-04-30,CUST1250,Premium,Fashion,3,3858,6597.18,43.0,No,None,Wallet,3,4.6,Yes
ORD107401,2024-08-13,CUST6495,New,Beauty,3,7122,13460.58,37.0,Yes,Independence Day,COD,7,5.0,No
ORD107402,2024-04-14,CUST8629,Regular,Home Decor,2,4486,8882.28,1.0,No,None,UPI,3,2.5,No
ORD107403,2024-09-16,CUST4401,Regular,Electronics,4,4136,14062.4,15.0,No,None,UPI,6,4.8,Yes
ORD107404,2024-12-14,CUST5204,New,Home Decor,3,9561,20651.76,28.0,No,None,Credit Card,7,3.5,No
ORD107405,2024-09-11,CUST8085,Regular,Groceries,5,1190,3808.0,36.0,No,None,COD,5,3.5,No
ORD107406,2024-07-25,CUST5334,New,Beauty,1,5171,2947.4700000000003,43.0,No,None,COD,4,2.5,No
ORD107407,2024-01-28,CUST5494,Regular,Groceries,5,7921,38416.85,3.0,Yes,Republic Day,Wallet,6,4.6,No
ORD107408,2024-06-18,CUST4402,Premium,Fashion,1,2051,1784.37,13.0,No,None,UPI,4,4.4,No
ORD107409,2024-12-01,CUST8508,Regular,Home Decor,5,8389,35233.799999999996,16.0,No,None,COD,2,4.7,No
ORD107410,2024-03-16,CUST7247,New,Beauty,3,2909,4974.39,43.0,No,None,COD,7,2.9,No
ORD107411,2024-04-25,CUST9432,Premium,Home Decor,4,4207,9423.68,44.0,No,None,COD,4,3.0,Yes
ORD107412,2024-03-09,CUST9727,Regular,Electronics,1,2821,2369.64,16.0,No,None,Wallet,6,3.3,No
ORD107413,2024-12-19,CUST4520,Regular,Beauty,4,2378,7704.72,19.0,No,None,UPI,2,3.8,No
ORD107414,2024-08-21,CUST9937,Regular,Electronics,4,1038,2242.08,46.0,No,None,COD,4,3.4,No
ORD107415,2024-01-01,CUST9561,Premium,Beauty,3,9947,21485.52,28.0,No,None,COD,2,3.2,No
ORD107416,2024-06-15,CUST1071,Regular,Fashion,2,9614,11536.8,40.0,No,None,Wallet,6,3.0,No
ORD107417,2024-12-17,CUST5224,Regular,Home Decor,2,5134,7701.0,25.0,No,None,Credit Card,2,2.9,No
ORD107418,2024-08-05,CUST6885,Premium,Home Decor,1,9825,5796.750000000001,41.0,No,None,Wallet,6,3.7,Yes
ORD107419,2024-09-29,CUST6995,Regular,Groceries,3,8304,15694.56,37.0,No,None,COD,1,3.6,No
ORD107420,2024-09-07,CUST8873,Regular,Beauty,4,7538,25327.68,16.0,No,None,UPI,6,4.5,No
ORD107421,2024-12-12,CUST2186,Regular,Beauty,5,1368,6087.6,11.0,No,None,UPI,2,4.6,No
ORD107422,2024-12-09,CUST6897,Premium,Electronics,5,7548,27550.2,27.0,No,None,COD,7,4.3,No
ORD107423,2024-06-22,CUST6901,New,Beauty,1,1147,1055.24,,No,None,Credit Card,6,4.6,No
ORD107424,2024-06-18,CUST3546,Regular,Home Decor,1,360,248.39999999999998,31.0,No,None,Wallet,6,2.8,No
ORD107425,2024-09-02,CUST3624,Premium,Beauty,1,2827,1894.0899999999997,33.0,No,None,COD,7,3.6,No
ORD107426,2024-03-30,CUST5947,Regular,Groceries,3,2735,6974.25,15.0,Yes,,,5,3.2,No
ORD107427,2024-02-18,CUST8119,Regular,Groceries,5,2472,6550.8,47.0,No,None,COD,5,3.1,No
ORD107428,2024-10-20,CUST8722,Premium,Home Decor,3,3663,7692.299999999999,30.0,Yes,Diwali,Wallet,2,4.3,No
ORD107429,2024-05-29,CUST3095,Regular,Home Decor,3,5004,11108.88,26.0,No,None,UPI,5,4.6,No
ORD107430,2024-05-11,CUST4748,Premium,Home Decor,4,360,1036.8,28.0,No,None,Wallet,4,2.8,No
ORD107431,2024-02-28,CUST4081,New,Beauty,3,1984,5952.0,0.0,No,None,COD,5,2.8,No
ORD107432,2024-11-19,CUST4235,New,Beauty,3,6798,15091.56,26.0,No,None,UPI,1,4.1,No
ORD107433,2024-07-17,CUST1551,Regular,Fashion,4,3382,9334.32,31.0,No,None,Credit Card,5,2.9,No
ORD107434,2024-08-02,CUST5067,Regular,Electronics,2,3824,6883.2,10.0,No,None,COD,4,4.4,No
ORD107435,2024-02-18,CUST4812,New,Beauty,4,9158,24177.119999999995,34.0,No,None,UPI,6,4.6,No
ORD107436,2024-08-19,CUST6918,Regular,Fashion,1,2227,2204.73,1.0,Yes,Independence Day,UPI,4,3.8,No
ORD107437,2024-09-03,CUST5003,Premium,Fashion,2,8576,9433.6,45.0,No,None,UPI,2,4.8,No
ORD107438,2024-08-26,CUST3894,Regular,Groceries,5,2096,10480.0,0.0,Yes,Raksha Bandhan,COD,3,2.6,Yes
ORD107439,2024-06-16,CUST6094,Regular,Beauty,3,2604,7421.4,5.0,No,None,Credit Card,4,3.1,No
ORD107440,2024-02-17,CUST4682,Regular,Fashion,2,2739,5149.32,6.0,No,None,UPI,2,4.4,No
ORD107441,2024-02-20,CUST6987,New,Groceries,5,932,4613.4,1.0,No,None,COD,2,4.9,No
ORD107442,2024-10-25,CUST8226,New,Electronics,4,777,3076.92,1.0,Yes,Diwali,UPI,5,4.9,Yes
ORD107443,2024-04-07,CUST9009,Regular,Groceries,4,2361,5099.76,46.0,No,None,Wallet,5,2.5,Yes
ORD107444,2024-08-03,CUST9653,New,Electronics,1,8769,8418.24,4.0,No,None,UPI,2,4.1,No
ORD107445,2024-06-25,CUST8525,Regular,Home Decor,1,4048,3562.2400000000002,,No,None,COD,6,2.6,No
ORD107446,2024-03-20,CUST6780,Regular,Home Decor,2,1508,2473.1200000000003,18.0,Yes,Holi,UPI,1,4.3,No
ORD107447,2024-07-03,CUST6748,Premium,Groceries,3,1041,2560.86,18.0,No,None,UPI,6,4.4,No
ORD107448,2024-01-27,CUST5231,Premium,Home Decor,4,2371,5121.360000000001,46.0,Yes,Republic Day,Wallet,2,4.6,No
ORD107449,2024-07-13,CUST8064,Regular,Beauty,2,8547,17094.0,0.0,No,None,Wallet,5,3.8,No
ORD107450,2024-08-01,CUST1756,Regular,Groceries,2,6453,8517.96,34.0,No,None,COD,4,,No
ORD107451,2024-12-07,CUST4104,New,Fashion,2,3585,5951.099999999999,17.0,No,None,Credit Card,1,4.8,No
ORD107452,2024-04-23,CUST6822,New,Beauty,1,5021,2610.92,48.0,No,None,Credit Card,3,3.8,No
ORD107453,2024-08-29,CUST4581,New,Groceries,4,6013,16595.879999999997,31.0,Yes,Raksha Bandhan,Credit Card,6,3.8,No
ORD107454,2024-05-03,CUST2512,Regular,Electronics,1,1613,1112.97,31.0,No,None,Credit Card,4,3.8,No
ORD107455,2024-10-31,CUST9563,Premium,Home Decor,1,244,226.92,7.0,Yes,Diwali,COD,5,3.8,No
ORD107456,2024-03-16,CUST5440,Regular,Home Decor,2,1886,3394.8,10.0,No,None,COD,4,4.4,No
ORD107457,2024-11-06,CUST5997,New,Home Decor,5,5436,22015.800000000003,19.0,Yes,Diwali,Wallet,4,2.7,No
ORD107458,2024-11-07,CUST6574,Regular,Groceries,5,6825,31736.249999999996,7.0,Yes,Diwali,Wallet,5,3.6,No
ORD107459,2024-07-14,CUST9855,Regular,Beauty,5,2925,10676.25,27.0,No,None,Credit Card,4,3.8,No
ORD107460,2024-12-16,CUST7794,Regular,Electronics,2,9815,15704.0,20.0,No,None,Wallet,2,3.0,No
ORD107461,2024-02-13,CUST6843,New,Home Decor,3,8209,15515.01,37.0,No,None,COD,6,3.9,No
ORD107462,2024-07-04,CUST1940,Premium,Beauty,4,4214,10619.28,37.0,No,None,Credit Card,1,3.6,No
ORD107463,2024-12-08,CUST6508,Regular,Fashion,2,5980,11362.0,5.0,No,None,UPI,6,4.3,No
ORD107464,2024-09-02,CUST8306,Premium,Fashion,2,4795,9494.1,1.0,No,None,UPI,7,3.4,No
ORD107465,2024-03-24,CUST3560,New,Electronics,1,8465,7703.150000000001,,Yes,Holi,UPI,5,4.9,No
ORD107466,2024-07-25,CUST2819,Regular,Home Decor,5,3218,9493.100000000002,41.0,No,None,Wallet,1,3.5,No
ORD107467,2024-05-30,CUST7682,New,Fashion,2,6492,11945.28,8.0,No,None,Credit Card,2,4.1,No
ORD107468,2024-06-04,CUST9991,New,Beauty,3,1760,5174.4,2.0,No,None,UPI,5,3.1,No
ORD107469,2024-01-16,CUST4582,Regular,Beauty,4,9283,36760.68,1.0,No,None,Credit Card,2,4.2,No
ORD107470,2024-06-13,CUST1262,Regular,Fashion,3,9638,18794.100000000002,35.0,No,None,COD,3,3.8,No
ORD107471,2024-05-24,CUST5215,Regular,Home Decor,2,672,1249.9199999999998,7.0,No,None,UPI,3,3.4,No
ORD107472,2024-02-06,CUST1530,Regular,Electronics,2,5635,10368.4,8.0,No,None,UPI,3,3.4,No
ORD107473,2024-11-28,CUST3725,Regular,Home Decor,1,2417,1812.75,25.0,No,None,UPI,1,3.4,Yes
ORD107474,2024-02-14,CUST6099,Premium,Groceries,3,9092,18274.92,33.0,No,None,COD,7,3.6,Yes
ORD107475,2024-07-24,CUST5042,Premium,Fashion,1,252,133.56,47.0,No,None,Credit Card,6,3.1,No
ORD107476,2024-03-02,CUST3643,Regular,Groceries,3,3187,6788.3099999999995,29.0,No,None,,6,3.2,Yes
ORD107477,2024-12-21,CUST9800,Premium,Fashion,5,8530,26869.5,37.0,Yes,Christmas/New Year,UPI,3,4.9,No
ORD107478,2024-11-03,CUST1373,Premium,Electronics,5,9789,45518.85,7.0,Yes,Diwali,Credit Card,3,3.3,No
ORD107479,2024-01-19,CUST8120,New,Home Decor,3,2337,6870.78,2.0,No,None,Wallet,2,4.1,No
ORD107480,2024-12-30,CUST9461,Regular,Home Decor,1,1027,924.3000000000001,,Yes,Christmas/New Year,,7,3.4,No
ORD107481,2024-10-26,CUST1302,Premium,Fashion,5,8364,31783.2,24.0,Yes,Diwali,UPI,4,4.5,Yes
ORD107482,2024-01-07,CUST3810,New,Beauty,2,1448,2780.16,4.0,No,None,UPI,7,4.2,No
ORD107483,2024-09-05,CUST4649,Premium,Groceries,4,5035,17924.6,11.0,No,None,Wallet,7,3.3,No
ORD107484,2024-04-26,CUST7438,Regular,Home Decor,1,8577,6089.67,29.0,No,None,Wallet,4,4.3,Yes
ORD107485,2024-03-08,CUST7812,Regular,Home Decor,3,3642,8085.24,26.0,No,None,UPI,6,4.4,No
ORD107486,2024-02-03,CUST1843,New,Fashion,4,7602,17636.640000000003,,No,None,Credit Card,6,2.8,No
ORD107487,2024-07-12,CUST8954,Regular,Beauty,4,3393,13029.119999999999,4.0,No,None,Wallet,3,3.9,No
ORD107488,2024-11-20,CUST1616,New,Groceries,2,5128,8307.36,19.0,No,None,UPI,6,4.5,No
ORD107489,2024-02-24,CUST3532,New,Beauty,1,9804,7843.200000000001,20.0,No,None,COD,4,2.6,No
ORD107490,2024-09-22,CUST3547,Regular,Beauty,4,7796,30560.32,2.0,No,None,Credit Card,7,3.8,No
ORD107491,2024-02-11,CUST4944,Premium,Fashion,1,3116,1869.6,40.0,No,None,UPI,3,4.6,No
ORD107492,2024-10-23,CUST2808,Regular,Beauty,2,9407,9595.14,49.0,Yes,Diwali,COD,3,4.9,No
ORD107493,2024-08-18,CUST9964,Regular,Groceries,3,4737,8100.27,43.0,Yes,Independence Day,Wallet,1,4.1,No
ORD107494,2024-01-10,CUST3515,Premium,Electronics,4,7251,28133.88,3.0,No,None,COD,5,3.3,No
ORD107495,2024-12-23,CUST9981,Premium,Electronics,4,5845,18002.600000000002,23.0,Yes,Christmas/New Year,COD,4,4.0,No
ORD107496,2024-05-07,CUST5455,Regular,Groceries,4,4461,16773.36,6.0,No,None,COD,3,2.6,No
ORD107497,2024-06-27,CUST1571,New,Fashion,1,2135,1643.95,23.0,No,None,Wallet,4,3.6,No
ORD107498,2024-07-11,CUST5671,Regular,Home Decor,4,8241,29667.600000000002,10.0,No,None,COD,1,4.3,No
ORD107499,2024-04-01,CUST3219,Regular,Fashion,1,9860,9761.4,1.0,No,None,Wallet,7,2.6,Yes
ORD107500,2024-08-18,CUST5921,Regular,Groceries,5,4738,13503.300000000001,43.0,Yes,Independence Day,UPI,1,4.0,No
ORD107501,2024-03-18,CUST3246,Regular,Beauty,5,4626,13878.0,40.0,No,None,COD,3,4.0,No
ORD107502,2024-03-25,CUST6536,New,Electronics,1,1558,1480.1,5.0,Yes,Holi,Credit Card,4,3.0,No
ORD107503,2024-01-30,CUST3604,Premium,Beauty,5,1969,9254.3,6.0,Yes,Republic Day,UPI,4,3.9,No
ORD107504,2024-07-31,CUST7598,Premium,Fashion,2,9581,12072.06,37.0,No,None,Wallet,4,3.5,No
ORD107505,2024-02-18,CUST4095,Premium,Groceries,2,1392,2310.72,17.0,No,None,UPI,1,3.7,No
ORD107506,2024-09-21,CUST5507,Regular,Electronics,5,3016,8444.800000000001,44.0,No,None,COD,2,3.3,No
ORD107507,2024-05-24,CUST8404,Regular,Groceries,3,6467,17848.920000000002,8.0,No,None,Wallet,2,4.5,No
ORD107508,2024-03-09,CUST5862,Premium,Electronics,1,7225,5274.25,27.0,No,None,COD,4,3.4,No
ORD107509,2024-02-27,CUST7656,New,Electronics,5,5056,20729.600000000002,18.0,No,None,UPI,4,4.5,No
ORD107510,2024-07-03,CUST6302,New,Electronics,1,5417,5254.49,3.0,No,None,Credit Card,5,2.7,No
ORD107511,2024-03-02,CUST5994,Regular,Fashion,5,1242,6023.7,3.0,No,None,UPI,3,3.2,No
ORD107512,2024-11-03,CUST8898,Regular,Groceries,2,5443,9579.68,12.0,Yes,Diwali,UPI,1,3.5,No
ORD107513,2024-10-22,CUST2438,Regular,Home Decor,3,8617,18871.23,27.0,Yes,Diwali,COD,5,3.5,No
ORD107514,2024-06-14,CUST7363,Regular,Home Decor,1,6955,6259.5,10.0,No,None,Credit Card,4,3.6,No
ORD107515,2024-06-19,CUST7076,Regular,Home Decor,3,6667,19800.99,1.0,No,None,COD,6,4.1,No
ORD107516,2024-03-03,CUST5948,Premium,Groceries,2,4177,7936.299999999999,5.0,No,None,COD,2,3.9,No
ORD107517,2024-05-26,CUST4077,Regular,Beauty,4,2083,7415.4800000000005,11.0,No,None,COD,2,3.8,No
ORD107518,2024-11-01,CUST3395,Premium,Groceries,4,740,1805.6,39.0,Yes,Diwali,Wallet,5,4.6,No
ORD107519,2024-06-09,CUST2219,Premium,Electronics,1,9037,5783.68,36.0,No,None,COD,2,,No
ORD107520,2024-05-20,CUST3901,Regular,Beauty,2,5285,8138.900000000001,23.0,No,None,Credit Card,2,4.7,No
ORD107521,2024-11-29,CUST4450,Premium,Electronics,1,5001,4600.92,8.0,No,None,COD,6,4.5,No
ORD107522,2024-04-06,CUST8854,Regular,Electronics,1,4926,3694.5,25.0,No,None,COD,3,3.0,No
ORD107523,2024-08-08,CUST9456,Premium,Groceries,1,7222,7005.34,3.0,No,None,Credit Card,4,4.1,No
ORD107524,2024-02-12,CUST7381,New,Home Decor,3,1888,3398.4,40.0,No,None,UPI,7,3.1,No
ORD107525,2024-10-18,CUST3553,Premium,Beauty,5,9246,26351.100000000002,43.0,No,None,COD,5,4.9,No
ORD107526,2024-04-17,CUST5319,New,Fashion,2,6834,13257.96,3.0,No,None,UPI,6,3.7,Yes
ORD107527,2024-09-22,CUST8819,Regular,Home Decor,3,604,942.24,48.0,No,None,COD,1,3.0,No
ORD107528,2024-04-04,CUST4247,Premium,Fashion,5,3543,11869.05,33.0,No,None,COD,1,4.1,No
ORD107529,2024-09-18,CUST8528,Premium,Groceries,1,8011,6328.6900000000005,21.0,No,,Wallet,6,4.3,No
ORD107530,2024-11-08,CUST8095,Premium,Beauty,4,7218,25407.36,12.0,Yes,Diwali,Credit Card,4,4.0,No
ORD107531,2024-03-11,CUST1598,New,Groceries,3,8911,22990.38,14.0,No,None,Credit Card,1,3.1,No
ORD107532,2024-08-06,CUST7879,Premium,Fashion,2,1607,1960.54,39.0,No,None,UPI,6,4.3,No
ORD107533,2024-01-21,CUST6528,Premium,Electronics,2,9212,11607.12,37.0,Yes,Republic Day,Wallet,2,4.8,No
ORD107534,2024-04-01,CUST5552,Regular,Groceries,5,7230,21690.0,40.0,No,None,COD,3,4.9,No
ORD107535,2024-05-06,CUST3604,Regular,Beauty,3,7559,13152.660000000002,42.0,No,None,Wallet,5,4.2,No
ORD107536,2024-03-20,CUST7073,Premium,Groceries,1,4730,2696.1000000000004,43.0,Yes,Holi,Credit Card,5,4.6,No
ORD107537,2024-11-07,CUST2502,Premium,Home Decor,5,8128,40233.6,1.0,Yes,Diwali,COD,2,4.9,No
ORD107538,2024-08-25,CUST2069,New,Groceries,2,4267,8448.66,1.0,Yes,Raksha Bandhan,COD,7,2.6,No
ORD107539,2024-06-30,CUST2945,Regular,Fashion,3,6406,11146.44,42.0,No,None,UPI,4,3.7,Yes
ORD107540,2024-01-25,CUST8047,Regular,Groceries,4,2381,8857.32,7.0,Yes,Republic Day,Wallet,3,3.2,No
ORD107541,2024-06-04,CUST3973,Premium,Beauty,1,3432,2162.16,37.0,No,None,COD,1,3.7,No
ORD107542,2024-01-05,CUST5661,New,Groceries,2,8816,14634.56,17.0,No,None,Credit Card,7,4.8,No
ORD107543,2024-04-29,CUST7752,New,Groceries,3,1751,3782.16,28.0,No,None,UPI,5,5.0,No
ORD107544,2024-10-03,CUST1223,Regular,Beauty,4,557,2005.2,10.0,No,None,Credit Card,5,4.8,No
ORD107545,2024-01-18,CUST1482,Regular,Groceries,2,1794,3408.6,5.0,No,None,UPI,4,3.0,No
ORD107546,2024-07-16,CUST6385,Regular,Beauty,4,5328,19607.04,8.0,No,None,Wallet,3,4.5,No
ORD107547,2024-02-26,CUST4888,Regular,Fashion,2,9402,14855.16,21.0,No,None,UPI,6,4.5,No
ORD107548,2024-04-02,CUST1286,New,Beauty,5,8588,23617.000000000004,45.0,No,None,Wallet,1,3.9,No
ORD107549,2024-01-19,CUST7604,Regular,Fashion,5,9425,35815.0,24.0,No,None,Wallet,5,4.3,No
ORD107550,2024-12-18,CUST2769,Regular,Fashion,5,9253,32385.499999999996,30.0,No,None,COD,5,4.8,No
ORD107551,2024-07-11,CUST9835,Regular,Beauty,3,548,1315.2,20.0,No,None,Wallet,1,5.0,No
ORD107552,2024-08-24,CUST5509,Regular,Groceries,5,1858,5852.7,37.0,No,None,UPI,7,2.6,No
ORD107553,2024-10-03,CUST8999,New,Home Decor,3,8966,22056.36,18.0,No,None,UPI,3,3.1,No
ORD107554,2024-08-14,CUST3002,Regular,Beauty,1,2019,1837.29,9.0,Yes,Independence Day,COD,3,,No
ORD107555,2024-08-20,CUST9050,Regular,Groceries,5,6671,18345.25,45.0,Yes,Independence Day,UPI,3,3.3,Yes
ORD107556,2024-02-09,CUST6736,New,Fashion,3,6081,11675.52,36.0,No,,Wallet,5,2.8,No
ORD107557,2024-11-18,CUST1160,Regular,Electronics,2,6855,12201.9,11.0,No,None,UPI,6,3.3,No
ORD107558,2024-06-01,CUST6449,Premium,Home Decor,3,9322,22932.120000000003,18.0,No,None,Credit Card,2,3.8,No
ORD107559,2024-05-06,CUST3076,Regular,Groceries,3,4208,12497.76,1.0,No,None,Credit Card,7,3.5,No
ORD107560,2024-08-24,CUST2206,Premium,Home Decor,2,6243,10737.96,14.0,No,None,COD,5,4.5,No
ORD107561,2024-02-24,CUST4328,Regular,Electronics,3,683,1290.8700000000001,37.0,No,None,Wallet,4,4.0,No
ORD107562,2024-06-20,CUST2139,Regular,Electronics,2,4112,7648.32,7.0,No,None,UPI,7,3.6,No
ORD107563,2024-04-18,CUST5076,Premium,Electronics,4,557,1225.4,45.0,No,None,COD,4,5.0,No
ORD107564,2024-12-19,CUST2658,Regular,Beauty,5,8645,28528.499999999996,34.0,No,None,COD,6,4.7,No
ORD107565,2024-07-02,CUST7390,Premium,Home Decor,1,9226,5812.38,37.0,No,None,Wallet,7,4.7,No
ORD107566,2024-07-16,CUST7013,Regular,Beauty,3,1390,2418.6000000000004,42.0,No,None,COD,5,3.9,No
ORD107567,2024-03-27,CUST1154,Premium,Electronics,2,4764,6764.88,29.0,Yes,Holi,Credit Card,5,4.4,No
ORD107568,2024-07-19,CUST1167,New,Groceries,5,6179,28423.4,8.0,No,None,COD,1,3.3,No
ORD107569,2024-12-02,CUST4019,Regular,Electronics,3,8884,18922.92,29.0,No,None,UPI,3,3.3,No
ORD107570,2024-11-17,CUST2035,Regular,Beauty,5,3609,9383.4,48.0,No,None,Credit Card,6,4.7,No
ORD107571,2024-10-01,CUST6343,New,Electronics,4,8443,27693.04,18.0,No,None,Credit Card,1,4.0,No
ORD107572,2024-07-29,CUST3821,Premium,Electronics,3,8653,18690.48,28.0,No,,Credit Card,6,3.4,No
ORD107573,2024-04-27,CUST6388,Regular,Beauty,2,2108,4173.84,1.0,No,None,UPI,4,4.6,No
ORD107574,2024-07-09,CUST1830,Regular,Beauty,4,3846,11230.32,27.0,No,None,Wallet,4,3.6,No
ORD107575,2024-02-11,CUST2108,Regular,Groceries,3,7915,22082.85,7.0,No,None,COD,2,3.5,No
ORD107576,2024-02-11,CUST6077,Regular,Beauty,5,2577,9792.6,24.0,No,None,COD,3,2.6,No
ORD107577,2024-11-10,CUST1030,New,Groceries,4,4536,16511.04,9.0,Yes,Diwali,Credit Card,3,4.2,No
ORD107578,2024-10-02,CUST7583,Premium,Fashion,2,5604,8854.32,21.0,No,None,Credit Card,6,3.8,No
ORD107579,2024-11-24,CUST1702,Premium,Fashion,3,6158,12192.839999999998,34.0,No,None,COD,4,3.3,No
ORD107580,2024-01-17,CUST9049,Regular,Beauty,5,1825,5383.750000000001,41.0,No,None,UPI,1,2.8,Yes
ORD107581,2024-10-09,CUST8979,Regular,Electronics,5,5618,21629.3,23.0,No,None,Credit Card,5,3.0,No
ORD107582,2024-09-14,CUST4155,New,Home Decor,4,9620,28860.0,25.0,No,None,Credit Card,3,3.1,No
ORD107583,2024-03-03,CUST5431,Regular,Electronics,3,4586,9630.599999999999,30.0,No,None,UPI,5,4.7,No
ORD107584,2024-03-02,CUST1016,Regular,Beauty,5,6554,25560.600000000002,22.0,No,None,Wallet,4,3.7,No
ORD107585,2024-04-09,CUST2106,Regular,Groceries,4,1589,6292.44,1.0,No,None,Credit Card,2,4.2,No
ORD107586,2024-01-19,CUST3794,Premium,Electronics,1,6109,3787.58,38.0,No,None,Wallet,4,3.7,Yes
ORD107587,2024-01-17,CUST3471,Regular,Fashion,5,1687,5735.799999999999,32.0,No,None,UPI,5,3.7,Yes
ORD107588,2024-11-20,CUST9219,Regular,Beauty,4,6701,20639.08,23.0,No,None,COD,4,4.6,No
ORD107589,2024-09-02,CUST4148,New,Electronics,1,9308,8284.12,11.0,No,None,COD,3,4.4,No
ORD107590,2024-09-07,CUST8327,Premium,Electronics,4,910,2329.6,36.0,No,None,Wallet,6,3.1,No
ORD107591,2024-03-21,CUST4961,Regular,Groceries,5,2086,9595.6,8.0,Yes,Holi,Credit Card,6,4.1,No
ORD107592,2024-02-08,CUST6965,Premium,Groceries,1,2416,1377.1200000000001,43.0,No,None,COD,5,4.2,No
ORD107593,2024-02-05,CUST1489,Regular,Groceries,4,1520,3526.4000000000005,42.0,No,None,UPI,5,3.5,No
ORD107594,2024-07-15,CUST5292,Regular,Home Decor,3,8106,13861.260000000002,43.0,No,None,Credit Card,2,2.7,No
ORD107595,2024-06-06,CUST2518,Premium,Beauty,1,4645,4552.1,2.0,No,None,Wallet,7,3.4,Yes
ORD107596,2024-07-22,CUST9212,Regular,Beauty,4,5031,11470.680000000002,43.0,No,None,Wallet,3,3.4,No
ORD107597,2024-07-14,CUST5583,Regular,Fashion,3,8017,18759.78,22.0,No,None,Wallet,1,4.2,No
ORD107598,2024-08-03,CUST3676,Premium,Fashion,1,7184,5531.68,23.0,No,None,Wallet,7,4.5,No
ORD107599,2024-10-11,CUST5180,New,Beauty,4,8792,23914.239999999998,32.0,No,None,UPI,2,3.5,No
ORD107600,2024-07-14,CUST1607,Premium,Electronics,5,950,3372.5,29.0,No,None,COD,3,4.1,No
ORD107601,2024-11-02,CUST9869,Regular,Beauty,1,5794,3650.22,37.0,Yes,Diwali,Wallet,6,4.1,No
ORD107602,2024-05-31,CUST7911,Regular,Home Decor,1,7371,4275.18,42.0,No,None,COD,1,4.1,No
ORD107603,2024-01-14,CUST2049,Regular,Fashion,3,7691,22842.27,1.0,No,None,COD,7,3.9,No
ORD107604,2024-11-20,CUST1041,Regular,Fashion,4,2087,5092.28,39.0,No,None,Wallet,6,4.1,No
ORD107605,2024-05-25,CUST5714,Regular,Fashion,5,3885,15345.75,21.0,No,None,Credit Card,5,4.7,No
ORD107606,2024-02-26,CUST6221,Premium,Beauty,3,1618,4368.6,10.0,No,None,Wallet,6,4.8,No
ORD107607,2024-07-29,CUST3111,Regular,Fashion,1,2803,2494.67,11.0,No,None,UPI,7,2.7,No
ORD107608,2024-09-24,CUST9990,Regular,Fashion,3,3971,9768.66,18.0,No,None,Credit Card,2,2.5,No
ORD107609,2024-07-28,CUST4002,Premium,Beauty,3,5300,12879.0,19.0,No,None,Wallet,5,,Yes
ORD107610,2024-01-17,CUST8256,Regular,Electronics,3,3687,10176.12,8.0,No,None,COD,5,3.5,No
ORD107611,2024-10-12,CUST8414,New,Fashion,1,9205,5338.900000000001,42.0,No,None,COD,7,3.6,No
ORD107612,2024-12-09,CUST2316,Regular,Fashion,2,6110,10142.6,17.0,No,None,Credit Card,5,3.6,No
ORD107613,2024-07-21,CUST9867,New,Fashion,3,6508,11714.4,40.0,No,None,UPI,3,4.7,No
ORD107614,2024-04-08,CUST9763,New,Home Decor,2,4933,5327.64,46.0,No,None,COD,1,4.1,No
ORD107615,2024-10-05,CUST1028,New,Beauty,5,3369,13981.349999999999,17.0,No,None,UPI,3,3.6,No
ORD107616,2024-07-27,CUST3878,Regular,Fashion,5,1223,3730.15,39.0,No,None,COD,5,3.6,No
ORD107617,2024-05-08,CUST9591,New,Home Decor,5,9901,32178.25,35.0,No,None,Credit Card,7,4.6,Yes
ORD107618,2024-11-30,CUST8172,Regular,Electronics,4,1593,4715.28,26.0,No,None,Wallet,2,3.0,No
ORD107619,2024-10-14,CUST8690,Regular,Electronics,1,5439,4786.32,12.0,No,None,COD,6,2.5,No
ORD107620,2024-09-08,CUST5371,Regular,Home Decor,2,2546,2749.6800000000003,46.0,No,None,Credit Card,7,3.7,Yes
ORD107621,2024-09-21,CUST3680,Regular,Electronics,4,1055,3924.6,7.0,No,None,Credit Card,5,4.9,No
ORD107622,2024-09-27,CUST1291,Regular,Groceries,2,9558,10131.480000000001,47.0,No,None,Wallet,1,4.5,No
ORD107623,2024-07-06,CUST9556,Regular,Electronics,1,2954,1713.3200000000002,42.0,No,None,Wallet,3,3.5,No
ORD107624,2024-08-01,CUST8579,Regular,Groceries,3,1865,4364.1,22.0,No,None,Credit Card,1,2.9,No
ORD107625,2024-10-09,CUST8807,Premium,Home Decor,4,4238,14917.76,12.0,No,None,COD,3,3.9,No
ORD107626,2024-07-29,CUST2369,Regular,Groceries,1,3887,3653.7799999999997,6.0,No,None,UPI,6,4.7,No
ORD107627,2024-12-30,CUST9480,Premium,Electronics,4,1316,2684.64,49.0,Yes,,UPI,7,4.3,No
ORD107628,2024-03-16,CUST7024,New,Fashion,5,4742,14463.1,39.0,No,None,Wallet,1,3.9,No
ORD107629,2024-05-27,CUST4010,Regular,Groceries,4,933,3694.68,1.0,No,None,COD,1,4.3,No
ORD107630,2024-11-16,CUST9648,Premium,Electronics,3,3121,9175.74,2.0,No,None,Credit Card,3,4.9,No
ORD107631,2024-07-31,CUST5386,New,Fashion,3,3698,6545.460000000001,41.0,No,None,UPI,7,3.9,No
ORD107632,2024-04-18,CUST8700,Regular,Home Decor,2,9516,11799.84,38.0,No,None,UPI,3,3.9,No
ORD107633,2024-05-08,CUST5329,Regular,Home Decor,4,4917,15341.04,22.0,No,None,COD,3,3.7,No
ORD107634,2024-01-10,CUST2816,New,Beauty,5,5054,23753.8,6.0,No,None,Credit Card,4,3.9,No
ORD107635,2024-02-16,CUST1551,New,Home Decor,3,2058,5988.78,3.0,No,None,Wallet,6,4.1,No
ORD107636,2024-11-10,CUST1862,Premium,Beauty,2,5673,10551.779999999999,7.0,Yes,Diwali,UPI,1,3.0,No
ORD107637,2024-04-05,CUST9931,Regular,Home Decor,5,2713,9359.849999999999,31.0,No,None,COD,4,3.9,No
ORD107638,2024-04-12,CUST7642,New,Home Decor,5,5160,21156.0,18.0,No,None,Wallet,4,2.5,No
ORD107639,2024-12-07,CUST5897,Regular,Home Decor,5,3715,16531.75,11.0,No,None,COD,5,4.8,No
ORD107640,2024-05-25,CUST3760,Regular,Beauty,1,2516,2289.56,9.0,No,None,Credit Card,7,2.6,No
ORD107641,2024-01-27,CUST1203,Regular,Beauty,3,2214,5778.54,13.0,Yes,Republic Day,COD,4,4.9,No
ORD107642,2024-08-07,CUST5772,Regular,Groceries,1,2367,1751.58,26.0,No,None,Wallet,4,4.9,No
ORD107643,2024-01-18,CUST5814,Premium,Electronics,1,3228,1839.9600000000003,43.0,No,None,Credit Card,3,3.8,No
ORD107644,2024-06-15,CUST3212,New,Electronics,3,9535,22884.0,20.0,No,None,UPI,3,3.3,Yes
ORD107645,2024-03-22,CUST5223,Premium,Electronics,4,4431,14356.44,19.0,Yes,Holi,Wallet,2,3.0,No
ORD107646,2024-03-12,CUST9605,Regular,Home Decor,2,3348,6495.12,3.0,No,None,COD,6,2.9,No
ORD107647,2024-11-05,CUST8407,Premium,Electronics,3,7721,18993.66,18.0,Yes,Diwali,UPI,7,3.1,No
ORD107648,2024-09-10,CUST8654,Premium,Beauty,2,9327,13430.88,28.0,No,None,Credit Card,1,3.7,No
ORD107649,2024-06-10,CUST1414,Regular,Groceries,4,200,752.0,6.0,No,None,Wallet,6,4.4,No
ORD107650,2024-11-22,CUST8757,New,Fashion,3,8468,17274.719999999998,32.0,No,None,Credit Card,4,3.5,No
ORD107651,2024-02-07,CUST1411,New,Groceries,5,7811,36321.149999999994,7.0,No,None,Credit Card,4,4.5,No
ORD107652,2024-07-19,CUST6537,Premium,Electronics,3,2828,7635.6,10.0,No,None,COD,1,3.9,Yes
ORD107653,2024-07-18,CUST8898,Regular,Electronics,4,6334,17228.48,32.0,No,None,COD,6,2.5,No
ORD107654,2024-09-11,CUST1213,Premium,Beauty,1,773,587.48,24.0,No,None,COD,3,2.8,No
ORD107655,2024-06-27,CUST2254,New,Groceries,3,1748,3565.9199999999996,32.0,No,None,UPI,3,3.9,No
ORD107656,2024-02-04,CUST1241,Regular,Beauty,5,8577,27875.25,35.0,No,None,UPI,1,2.9,Yes
ORD107657,2024-03-22,CUST9700,New,Beauty,3,6245,14051.25,25.0,Yes,Holi,COD,7,4.0,No
ORD107658,2024-08-07,CUST3773,Regular,Fashion,1,3692,2399.8,35.0,No,None,UPI,1,3.6,No
ORD107659,2024-06-06,CUST3465,Premium,Beauty,3,8425,22747.5,10.0,No,None,Wallet,3,4.2,No
ORD107660,2024-01-04,CUST5959,Premium,Beauty,5,8039,28538.449999999997,29.0,No,None,Credit Card,7,3.2,No
ORD107661,2024-06-15,CUST4127,Premium,Fashion,4,5889,16018.079999999998,32.0,No,None,,1,4.6,No
ORD107662,2024-07-22,CUST8262,New,Home Decor,5,2096,9536.800000000001,9.0,No,None,Credit Card,7,3.5,Yes
ORD107663,2024-07-12,CUST4557,Regular,Home Decor,4,2655,7646.4,28.0,No,None,Credit Card,6,4.5,No
ORD107664,2024-08-22,CUST9251,Regular,Fashion,5,5616,21340.8,24.0,No,None,Credit Card,3,2.5,No
ORD107665,2024-07-24,CUST1779,Premium,Beauty,2,5583,7704.539999999999,31.0,No,None,Wallet,1,3.5,No
ORD107666,2024-05-29,CUST7153,Regular,Electronics,3,1605,4670.55,3.0,No,None,Wallet,3,3.1,No
ORD107667,2024-06-07,CUST3653,Regular,Groceries,3,4738,8812.68,38.0,No,None,UPI,2,3.6,No
ORD107668,2024-10-05,CUST5296,Regular,Electronics,1,1386,928.6199999999999,33.0,No,None,Credit Card,3,4.9,No
ORD107669,2024-10-30,CUST5328,Regular,Electronics,2,2339,3695.6200000000003,,Yes,Diwali,UPI,3,2.9,No
ORD107670,2024-06-14,CUST9671,Premium,Beauty,1,2878,2532.64,12.0,No,None,Credit Card,4,2.7,No
ORD107671,2024-11-06,CUST8529,Premium,Groceries,3,3994,7788.3,35.0,Yes,Diwali,COD,6,2.6,No
ORD107672,2024-03-08,CUST6349,Regular,Groceries,1,2919,2773.0499999999997,5.0,No,None,Credit Card,7,2.8,No
ORD107673,2024-03-28,CUST7154,Regular,Home Decor,4,8248,27713.28,16.0,Yes,Holi,Credit Card,3,2.7,No
ORD107674,2024-08-04,CUST7538,Regular,Fashion,2,4802,7203.0,25.0,No,None,Wallet,1,4.2,No
ORD107675,2024-01-01,CUST8802,Regular,Beauty,5,4650,17902.5,23.0,No,None,COD,5,2.8,No
ORD107676,2024-05-14,CUST1858,Regular,Groceries,4,4157,15297.76,8.0,No,None,UPI,1,3.0,No
ORD107677,2024-07-03,CUST1104,Regular,Beauty,5,6269,31031.55,1.0,No,None,,4,4.1,No
ORD107678,2024-12-16,CUST2819,Premium,Home Decor,1,8879,7191.990000000001,19.0,No,None,Wallet,1,3.6,No
ORD107679,2024-05-19,CUST8584,Premium,Electronics,3,478,1061.16,26.0,No,None,Wallet,2,2.6,No
ORD107680,2024-04-15,CUST1464,Regular,Groceries,4,2791,10605.8,5.0,No,None,Credit Card,5,4.9,No
ORD107681,2024-05-12,CUST1838,Premium,Home Decor,2,9041,9221.82,49.0,No,None,Wallet,5,4.0,No
ORD107682,2024-04-17,CUST7937,New,Beauty,5,554,2049.8,26.0,No,None,Wallet,7,,No
ORD107683,2024-06-26,CUST2855,Regular,Home Decor,4,2442,7521.360000000001,23.0,No,None,Credit Card,6,4.6,No
ORD107684,2024-10-24,CUST7409,Regular,Home Decor,3,5099,13155.42,14.0,Yes,Diwali,Wallet,4,4.8,No
ORD107685,2024-12-23,CUST7975,Premium,Home Decor,2,6436,6822.160000000001,47.0,Yes,Christmas/New Year,Wallet,6,2.6,No
ORD107686,2024-12-24,CUST5703,Regular,Home Decor,2,2680,3644.7999999999997,32.0,Yes,Christmas/New Year,UPI,5,2.7,Yes
ORD107687,2024-05-25,CUST3749,Premium,Home Decor,5,757,2233.15,41.0,No,None,Credit Card,3,4.4,No
ORD107688,2024-03-14,CUST7358,New,Home Decor,4,3686,13417.04,9.0,No,None,,4,4.2,No
ORD107689,2024-04-17,CUST4708,Regular,Fashion,4,361,1155.2,20.0,No,None,UPI,6,3.0,No
ORD107690,2024-05-01,CUST7279,Premium,Beauty,2,6444,12243.599999999999,5.0,No,None,UPI,2,3.3,No
ORD107691,2024-01-17,CUST9283,Premium,Electronics,1,898,637.5799999999999,29.0,No,None,UPI,5,4.0,No
ORD107692,2024-07-14,CUST7802,Regular,Beauty,2,3744,5840.64,22.0,No,None,UPI,5,4.5,No
ORD107693,2024-11-22,CUST9050,Regular,Groceries,3,3977,7755.150000000001,35.0,No,None,Credit Card,4,4.0,No
ORD107694,2024-11-13,CUST4777,New,Groceries,4,2405,5291.0,45.0,No,None,UPI,5,4.5,No
ORD107695,2024-10-23,CUST6913,New,Beauty,5,691,1796.6000000000001,48.0,Yes,Diwali,UPI,7,3.1,No
ORD107696,2024-09-08,CUST1364,Premium,Home Decor,4,2192,8592.64,2.0,No,None,Wallet,5,,No
ORD107697,2024-04-28,CUST2483,New,Fashion,2,1232,1848.0,25.0,No,None,Credit Card,2,2.8,No
ORD107698,2024-06-10,CUST8548,Regular,Electronics,3,3483,7000.829999999999,33.0,No,None,UPI,2,5.0,Yes
ORD107699,2024-07-16,CUST6753,Regular,Home Decor,1,6216,4413.36,29.0,No,None,Wallet,4,4.5,No
ORD107700,2024-02-14,CUST1806,Regular,Beauty,4,5119,16995.079999999998,17.0,No,None,Credit Card,5,4.3,No
ORD107701,2024-11-09,CUST2854,Regular,Beauty,2,6174,10372.32,16.0,Yes,Diwali,UPI,6,3.0,No
ORD107702,2024-06-27,CUST1948,New,Fashion,2,9177,10278.240000000002,44.0,No,None,UPI,7,4.2,No
ORD107703,2024-02-13,CUST6148,New,Fashion,2,2033,2398.9400000000005,41.0,No,None,Wallet,1,4.7,No
ORD107704,2024-09-27,CUST1531,New,Beauty,3,1191,2858.4,20.0,No,None,COD,4,4.5,No
ORD107705,2024-03-18,CUST6766,Premium,Home Decor,2,7184,11063.36,23.0,No,None,Credit Card,6,4.4,No
ORD107706,2024-11-21,CUST5688,Regular,Home Decor,2,6546,12699.24,3.0,No,None,Wallet,2,3.5,No
ORD107707,2024-06-26,CUST8312,Regular,Home Decor,2,1983,2062.32,48.0,No,None,UPI,1,4.4,No
ORD107708,2024-12-22,CUST7496,Regular,Electronics,4,5384,11414.08,47.0,Yes,Christmas/New Year,COD,6,3.7,No
ORD107709,2024-01-03,CUST7886,Premium,Electronics,2,1384,2103.68,24.0,No,None,COD,6,3.5,No
ORD107710,2024-08-01,CUST8349,Regular,Home Decor,3,1868,4315.08,23.0,No,None,Wallet,5,4.9,No
ORD107711,2024-12-07,CUST3355,New,Beauty,4,7033,15472.6,45.0,No,None,Wallet,7,2.9,No
ORD107712,2024-03-14,CUST8620,New,Fashion,2,6024,8915.52,26.0,No,None,Wallet,4,4.7,No
ORD107713,2024-02-20,CUST6651,Regular,Groceries,1,771,539.6999999999999,30.0,No,,Credit Card,4,3.3,No
ORD107714,2024-03-07,CUST7630,Regular,Fashion,3,4500,7290.000000000001,46.0,No,None,COD,2,3.8,No
ORD107715,2024-11-27,CUST9386,Premium,Fashion,1,3938,2599.0799999999995,34.0,No,None,Credit Card,3,3.4,No
ORD107716,2024-04-02,CUST5656,Regular,Groceries,3,783,1902.69,19.0,No,None,COD,3,3.8,No
ORD107717,2024-06-24,CUST7773,Premium,Home Decor,1,7523,6394.55,15.0,No,None,Credit Card,3,4.5,No
ORD107718,2024-05-24,CUST2251,Premium,Fashion,2,8699,12178.599999999999,30.0,No,None,Wallet,4,3.0,No
ORD107719,2024-01-07,CUST2254,Regular,Groceries,1,8453,7945.82,6.0,No,None,UPI,7,4.4,No
ORD107720,2024-09-25,CUST2075,Regular,Beauty,1,7740,6424.2,17.0,No,None,Wallet,7,3.6,No
ORD107721,2024-11-17,CUST5995,Regular,Beauty,3,5779,16123.409999999998,7.0,No,None,Credit Card,2,4.8,No
ORD107722,2024-01-04,CUST8786,New,Beauty,2,4770,7059.6,26.0,No,None,Wallet,2,3.9,No
ORD107723,2024-05-17,CUST9124,Regular,Home Decor,3,5891,15375.51,13.0,No,None,COD,3,2.6,No
ORD107724,2024-08-18,CUST1160,New,Fashion,2,2159,3583.94,17.0,Yes,Independence Day,Credit Card,1,4.8,No
ORD107725,2024-03-28,CUST6123,Premium,Fashion,5,8230,41150.0,0.0,Yes,Holi,Wallet,3,4.8,No
ORD107726,2024-01-17,CUST6579,Premium,Electronics,4,5326,14912.8,30.0,No,None,Wallet,4,2.9,No
ORD107727,2024-02-21,CUST9899,Regular,Beauty,4,3962,12836.880000000001,,No,None,UPI,1,4.9,No
ORD107728,2024-05-13,CUST3401,Premium,Home Decor,3,2986,8510.1,5.0,No,None,UPI,2,,No
ORD107729,2024-07-29,CUST4355,Premium,Groceries,2,1742,1951.0400000000002,44.0,No,None,Wallet,5,4.8,No
ORD107730,2024-11-20,CUST9912,Premium,Home Decor,1,1875,1875.0,0.0,No,None,COD,6,3.4,No
ORD107731,2024-08-06,CUST6598,Premium,Fashion,4,233,764.24,18.0,No,None,COD,1,2.6,No
ORD107732,2024-07-23,CUST2466,Premium,Beauty,3,2999,5578.14,38.0,No,None,COD,7,4.5,No
ORD107733,2024-07-29,CUST1293,New,Electronics,3,7696,17085.12,26.0,No,None,Wallet,2,4.7,No
ORD107734,2024-10-03,CUST9927,Regular,Home Decor,3,2055,5240.25,15.0,No,None,UPI,1,2.9,No
ORD107735,2024-01-24,CUST9729,New,Electronics,2,7123,12394.02,13.0,Yes,Republic Day,Wallet,3,3.9,No
ORD107736,2024-01-04,CUST4714,Regular,Fashion,3,2885,5798.849999999999,33.0,No,None,UPI,1,4.6,No
ORD107737,2024-05-31,CUST8426,New,Groceries,5,1257,5907.9,6.0,No,None,COD,1,3.7,No
ORD107738,2024-09-15,CUST7048,New,Home Decor,1,7138,5781.780000000001,19.0,No,None,UPI,1,4.5,No
ORD107739,2024-11-19,CUST3769,Regular,Fashion,3,4701,9872.099999999999,30.0,No,None,Wallet,4,,No
ORD107740,2024-12-22,CUST4086,Premium,Beauty,2,7797,12319.26,21.0,Yes,Christmas/New Year,Wallet,6,4.3,No
ORD107741,2024-06-16,CUST2323,Premium,Home Decor,1,6771,5484.51,19.0,No,None,Wallet,4,4.8,No
ORD107742,2024-06-24,CUST2316,Regular,Electronics,1,4588,3945.68,14.0,No,None,UPI,6,3.5,No
ORD107743,2024-11-05,CUST9017,Regular,Home Decor,4,6222,18914.88,24.0,Yes,Diwali,COD,3,4.4,Yes
ORD107744,2024-10-17,CUST3976,Regular,Fashion,3,2827,4664.55,45.0,No,None,Wallet,5,4.3,No
ORD107745,2024-02-25,CUST3635,New,Fashion,3,4020,12060.0,0.0,No,None,Wallet,4,3.6,No
ORD107746,2024-04-17,CUST6981,New,Electronics,2,7447,12510.96,16.0,No,None,UPI,5,3.5,No
ORD107747,2024-10-22,CUST1320,Premium,Fashion,5,3843,16332.75,15.0,Yes,Diwali,COD,4,4.7,No
ORD107748,2024-11-19,CUST1706,Premium,Home Decor,5,6391,20451.2,36.0,No,None,UPI,2,3.0,No
ORD107749,2024-10-28,CUST1396,Premium,Electronics,4,3962,12678.400000000001,20.0,Yes,Diwali,Credit Card,2,3.3,No
ORD107750,2024-11-29,CUST8180,Regular,Fashion,5,6187,22891.9,26.0,No,None,Credit Card,1,4.9,No
ORD107751,2024-05-20,CUST7872,Regular,Fashion,2,8998,11877.359999999999,34.0,No,None,Wallet,5,3.2,No
ORD107752,2024-06-03,CUST2910,Premium,Home Decor,4,2555,7869.400000000001,23.0,No,None,UPI,1,4.7,No
ORD107753,2024-09-18,CUST7478,New,Fashion,3,1533,4553.01,1.0,No,None,UPI,6,3.4,No
ORD107754,2024-09-29,CUST8660,Premium,Home Decor,5,4208,11572.000000000002,45.0,No,None,Wallet,1,3.9,Yes
ORD107755,2024-08-19,CUST4795,Premium,Beauty,2,2673,4062.96,24.0,Yes,Independence Day,Credit Card,4,3.5,No
ORD107756,2024-08-28,CUST2925,Premium,Home Decor,2,6343,10402.52,18.0,Yes,Raksha Bandhan,COD,4,3.1,No
ORD107757,2024-12-20,CUST1346,Regular,Groceries,3,3933,6607.4400000000005,,Yes,Christmas/New Year,COD,1,4.2,No
ORD107758,2024-12-02,CUST6365,Premium,Fashion,2,2286,4023.36,12.0,No,None,Credit Card,6,4.9,No
ORD107759,2024-09-14,CUST8000,Regular,Beauty,4,3550,10224.0,28.0,No,None,Wallet,4,4.7,No
ORD107760,2024-09-05,CUST3603,Regular,Electronics,4,8767,24196.92,31.0,No,None,Wallet,6,5.0,No
ORD107761,2024-03-17,CUST1570,Premium,Groceries,1,2152,2044.3999999999999,5.0,No,None,COD,2,4.2,Yes
ORD107762,2024-06-28,CUST6953,Premium,Electronics,3,3910,10791.6,8.0,No,None,COD,2,2.6,No
ORD107763,2024-03-06,CUST5731,Regular,Groceries,2,1893,3786.0,0.0,No,None,Credit Card,5,3.9,No
ORD107764,2024-11-03,CUST9012,Premium,Beauty,5,8463,32582.55,23.0,Yes,Diwali,Credit Card,2,4.1,Yes
ORD107765,2024-12-13,CUST6081,Premium,Beauty,4,1974,7185.360000000001,9.0,No,None,UPI,6,2.8,No
ORD107766,2024-06-19,CUST2849,Premium,Beauty,3,773,1530.5399999999997,34.0,No,None,Credit Card,1,4.6,No
ORD107767,2024-01-22,CUST8849,New,Groceries,3,6685,19052.25,5.0,Yes,Republic Day,Credit Card,3,4.3,No
ORD107768,2024-04-16,CUST1916,Regular,Home Decor,4,4864,10311.68,47.0,No,None,COD,4,3.6,Yes
ORD107769,2024-11-18,CUST2550,New,Electronics,1,5259,4259.79,19.0,No,None,COD,1,3.2,No
ORD107770,2024-08-14,CUST3005,Premium,Home Decor,3,5562,10512.18,37.0,Yes,Independence Day,UPI,4,3.1,No
ORD107771,2024-08-03,CUST8691,Premium,Home Decor,2,4266,7593.4800000000005,11.0,No,None,COD,5,4.9,No
ORD107772,2024-03-09,CUST1092,Premium,Fashion,5,6671,32687.899999999998,2.0,No,None,COD,1,4.5,No
ORD107773,2024-03-24,CUST6258,Regular,Electronics,5,6313,26198.949999999997,17.0,Yes,Holi,COD,1,4.2,No
ORD107774,2024-04-12,CUST6611,Regular,Groceries,4,8544,27340.800000000003,20.0,No,None,Credit Card,1,4.9,No
ORD107775,2024-02-08,CUST9887,Premium,Fashion,3,5574,11036.519999999999,34.0,No,None,COD,5,3.0,No
ORD107776,2024-01-13,CUST9075,Premium,Fashion,5,9120,29184.0,36.0,No,None,Wallet,1,4.6,No
ORD107777,2024-10-23,CUST3080,Premium,Beauty,3,9944,24462.24,18.0,Yes,Diwali,Credit Card,4,4.0,No
ORD107778,2024-11-08,CUST6354,Regular,Groceries,4,3863,11743.52,24.0,Yes,Diwali,COD,3,4.8,No
ORD107779,2024-06-29,CUST2998,Regular,Home Decor,1,6894,5722.0199999999995,17.0,No,None,Credit Card,1,4.2,No
ORD107780,2024-09-24,CUST2355,Regular,Home Decor,5,6341,19340.05,39.0,No,None,COD,5,4.4,No
ORD107781,2024-01-13,CUST2080,Premium,Home Decor,2,6486,9210.119999999999,29.0,No,None,UPI,5,3.1,No
ORD107782,2024-04-29,CUST5081,Regular,Beauty,4,6360,15009.600000000002,41.0,No,None,UPI,1,3.4,No
ORD107783,2024-12-18,CUST9230,Premium,Home Decor,1,9391,5540.6900000000005,41.0,No,None,UPI,5,3.3,No
ORD107784,2024-02-26,CUST8317,Regular,Electronics,2,7342,9838.279999999999,,No,None,COD,7,4.2,No
ORD107785,2024-02-09,CUST3927,Premium,Home Decor,2,5221,9502.220000000001,9.0,No,None,UPI,2,3.5,No
ORD107786,2024-12-01,CUST3220,Regular,Home Decor,5,7070,27926.5,21.0,No,None,Credit Card,6,4.6,No
ORD107787,2024-05-07,CUST5536,Regular,Electronics,3,6508,9957.24,49.0,No,None,UPI,5,3.0,No
ORD107788,2024-06-21,CUST4125,Premium,Beauty,4,9526,36960.88,3.0,No,None,UPI,7,,No
ORD107789,2024-02-04,CUST8223,Premium,Fashion,2,4942,9686.32,2.0,No,None,UPI,7,4.5,No
ORD107790,2024-09-15,CUST5192,Regular,Groceries,5,3345,8697.0,48.0,No,,UPI,3,4.1,Yes
ORD107791,2024-01-05,CUST8800,New,Beauty,1,8343,4338.360000000001,48.0,No,None,Credit Card,2,2.9,No
ORD107792,2024-08-05,CUST2117,Regular,Home Decor,2,2915,4255.9,27.0,No,None,Wallet,4,3.3,No
ORD107793,2024-01-11,CUST5940,Regular,Fashion,1,8745,6908.55,21.0,No,None,UPI,2,3.5,No
ORD107794,2024-11-22,CUST8152,Regular,Groceries,4,5593,19911.08,11.0,No,None,COD,3,3.7,No
ORD107795,2024-04-26,CUST8504,Regular,Groceries,5,9694,25204.4,48.0,No,None,Wallet,6,4.3,No
ORD107796,2024-07-02,CUST2850,Regular,Groceries,1,4282,3768.16,12.0,No,None,UPI,2,3.3,No
ORD107797,2024-12-27,CUST5023,Regular,Electronics,3,3931,7075.8,40.0,Yes,Christmas/New Year,Wallet,1,2.5,Yes
ORD107798,2024-04-25,CUST4825,Premium,Electronics,1,8901,6052.679999999999,32.0,No,None,COD,5,4.7,No
ORD107799,2024-06-10,CUST5736,Regular,Fashion,1,1737,937.98,46.0,No,None,COD,1,3.6,No
ORD107800,2024-03-07,CUST4690,Premium,Home Decor,5,8292,33997.200000000004,18.0,No,None,UPI,7,3.2,Yes
ORD107801,2024-07-18,CUST9654,Regular,Fashion,5,377,1131.0,40.0,No,None,UPI,1,4.5,No
ORD107802,2024-01-31,CUST4935,Regular,Home Decor,2,2576,4327.68,16.0,No,None,COD,7,4.7,No
ORD107803,2024-03-15,CUST3289,Regular,Beauty,1,7938,4286.52,46.0,No,None,Credit Card,1,4.3,Yes
ORD107804,2024-08-24,CUST2242,Premium,Groceries,1,9192,6158.639999999999,33.0,No,None,Wallet,7,3.4,No
ORD107805,2024-11-22,CUST1605,Premium,Groceries,5,7031,34100.35,3.0,No,None,Credit Card,2,3.1,No
ORD107806,2024-03-06,CUST1660,New,Electronics,3,3443,6403.98,38.0,No,None,UPI,4,4.3,No
ORD107807,2024-03-10,CUST5129,Regular,Beauty,5,3866,17976.899999999998,7.0,No,None,Credit Card,7,2.6,No
ORD107808,2024-10-23,CUST1938,Premium,Beauty,3,1137,2319.4799999999996,32.0,Yes,Diwali,Credit Card,6,3.5,No
ORD107809,2024-01-20,CUST1658,Premium,Home Decor,5,3227,16135.0,0.0,Yes,Republic Day,Wallet,5,4.4,No
ORD107810,2024-08-13,CUST5710,Regular,Beauty,4,2220,8524.8,4.0,Yes,Independence Day,UPI,2,4.0,No
ORD107811,2024-07-17,CUST8564,Regular,Electronics,1,7402,5107.379999999999,31.0,No,None,Wallet,6,4.3,No
ORD107812,2024-02-08,CUST7989,Regular,Home Decor,3,2174,3978.42,39.0,No,None,COD,1,3.9,No
ORD107813,2024-05-24,CUST8384,Premium,Fashion,4,9910,39640.0,0.0,No,,Wallet,3,3.1,No
ORD107814,2024-02-14,CUST5356,Regular,Home Decor,3,1458,2886.8399999999997,,No,None,Wallet,3,3.7,No
ORD107815,2024-11-21,CUST8842,Premium,Fashion,2,7252,11458.16,21.0,No,None,COD,7,4.4,No
ORD107816,2024-03-31,CUST6792,Premium,Home Decor,2,3310,4766.4,28.0,No,None,Credit Card,1,3.1,No
ORD107817,2024-08-25,CUST1929,Premium,Groceries,1,9634,8092.5599999999995,16.0,Yes,Raksha Bandhan,Wallet,7,4.9,No
ORD107818,2024-03-10,CUST1762,Regular,Fashion,4,2953,8386.52,29.0,No,None,COD,4,3.0,No
ORD107819,2024-06-14,CUST7285,Premium,Electronics,4,5994,15824.159999999998,34.0,No,None,UPI,6,2.5,No
ORD107820,2024-05-09,CUST8639,Regular,Fashion,2,2875,5750.0,0.0,No,None,Credit Card,5,4.4,No
ORD107821,2024-08-01,CUST3424,Regular,Fashion,1,619,600.43,3.0,No,None,COD,7,4.8,No
ORD107822,2024-12-05,CUST2824,Premium,Home Decor,2,9044,16640.96,8.0,No,None,Credit Card,6,3.1,Yes
ORD107823,2024-03-29,CUST6103,Regular,Groceries,4,3071,6879.040000000001,44.0,Yes,Holi,COD,2,2.9,No
ORD107824,2024-11-30,CUST3455,Regular,Home Decor,3,1067,2208.69,31.0,No,None,Wallet,4,3.1,No
ORD107825,2024-09-08,CUST9626,Regular,Home Decor,4,8565,32889.6,4.0,No,None,Credit Card,3,4.1,No
ORD107826,2024-12-14,CUST4236,Regular,Groceries,1,8204,7137.48,13.0,No,None,,1,3.9,No
ORD107827,2024-03-12,CUST9015,Regular,Home Decor,4,4932,14796.0,25.0,No,None,COD,2,4.1,No
ORD107828,2024-06-13,CUST9809,Regular,Groceries,5,9951,38808.9,22.0,No,None,Wallet,4,2.5,No
ORD107829,2024-02-18,CUST6079,Premium,Electronics,4,4327,9519.400000000001,45.0,No,None,Wallet,6,2.9,No
ORD107830,2024-02-21,CUST2309,Regular,Groceries,5,4792,18928.4,21.0,No,None,COD,4,3.1,No
ORD107831,2024-10-15,CUST6747,New,Beauty,2,2442,3614.16,26.0,No,None,Wallet,4,4.2,No
ORD107832,2024-10-04,CUST9560,Regular,Groceries,5,2688,10214.4,24.0,No,None,Wallet,6,4.0,No
ORD107833,2024-04-23,CUST9607,Regular,Groceries,4,1712,4451.2,35.0,No,None,Wallet,2,4.1,No
ORD107834,2024-08-26,CUST1123,Premium,Beauty,4,5816,22566.079999999998,3.0,Yes,Raksha Bandhan,UPI,7,3.9,No
ORD107835,2024-05-12,CUST2601,Regular,Groceries,4,2971,8199.96,31.0,No,None,UPI,5,4.4,No
ORD107836,2024-09-30,CUST5071,New,Fashion,1,1843,1695.5600000000002,8.0,No,None,UPI,6,4.9,No
ORD107837,2024-06-14,CUST1245,Premium,Home Decor,2,223,441.54,1.0,No,,Credit Card,2,4.2,Yes
ORD107838,2024-10-19,CUST1420,Regular,Home Decor,5,2537,7484.1500000000015,41.0,No,None,Wallet,6,4.4,No
ORD107839,2024-08-30,CUST6271,Premium,Electronics,3,3143,4808.79,49.0,Yes,Raksha Bandhan,Wallet,1,4.0,No
ORD107840,2024-11-15,CUST9691,Regular,Electronics,5,8222,25488.2,38.0,No,None,Wallet,2,4.5,No
ORD107841,2024-05-17,CUST6908,New,Beauty,4,4926,10837.2,45.0,No,None,Credit Card,4,,No
ORD107842,2024-03-19,CUST4734,New,Fashion,3,1916,4368.4800000000005,24.0,No,None,Credit Card,5,4.0,No
ORD107843,2024-06-18,CUST4558,Premium,Electronics,3,7294,11816.28,46.0,No,,COD,5,3.0,No
ORD107844,2024-05-02,CUST1860,Regular,Home Decor,5,4333,19715.15,9.0,No,None,Wallet,1,4.4,No
ORD107845,2024-06-24,CUST8286,Regular,Electronics,5,6729,21532.8,36.0,No,None,COD,1,4.1,No
ORD107846,2024-10-26,CUST1806,Regular,Electronics,5,944,3587.2,24.0,Yes,Diwali,COD,3,4.8,No
ORD107847,2024-03-22,CUST8971,Regular,Groceries,5,4377,13349.85,39.0,Yes,Holi,Credit Card,3,3.2,No
ORD107848,2024-03-27,CUST8108,Regular,Electronics,2,8385,12074.4,28.0,Yes,Holi,UPI,3,4.9,No
ORD107849,2024-08-12,CUST1260,New,Beauty,1,6140,3929.6,36.0,Yes,Independence Day,Credit Card,2,3.9,No
ORD107850,2024-01-16,CUST6252,Regular,Home Decor,1,249,239.04,4.0,No,None,Credit Card,5,4.9,No
ORD107851,2024-11-05,CUST1473,Premium,Beauty,5,7012,30502.2,13.0,Yes,Diwali,UPI,1,4.5,No
ORD107852,2024-12-23,CUST6147,Premium,Beauty,1,6417,4363.5599999999995,32.0,Yes,Christmas/New Year,UPI,7,4.7,No
ORD107853,2024-06-11,CUST6016,New,Fashion,5,3249,12021.3,26.0,No,None,Credit Card,3,3.3,No
ORD107854,2024-04-07,CUST6104,Regular,Groceries,5,5425,26040.0,4.0,No,None,Wallet,1,3.0,No
ORD107855,2024-06-04,CUST9760,Regular,Beauty,5,8068,22993.800000000003,43.0,No,None,COD,3,4.1,No
ORD107856,2024-01-02,CUST2638,Premium,Fashion,2,4089,7033.08,14.0,No,None,Wallet,2,3.4,No
ORD107857,2024-12-15,CUST2987,New,Home Decor,4,8151,31951.92,2.0,No,None,COD,6,5.0,No
ORD107858,2024-06-17,CUST3344,New,Home Decor,1,7835,7835.0,0.0,No,None,Wallet,2,3.7,No
ORD107859,2024-11-10,CUST4641,Premium,Fashion,1,5975,4600.75,23.0,Yes,Diwali,UPI,4,2.8,No
ORD107860,2024-11-20,CUST6210,Regular,Beauty,2,3555,6327.900000000001,11.0,No,None,Wallet,1,3.7,No
ORD107861,2024-04-01,CUST5716,Premium,Beauty,2,9405,10533.6,44.0,No,None,Credit Card,7,3.8,No
ORD107862,2024-06-29,CUST1234,Regular,Groceries,5,8545,37170.75,13.0,No,None,COD,6,2.5,No
ORD107863,2024-08-18,CUST7088,Premium,Groceries,5,6461,19059.950000000004,41.0,Yes,Independence Day,COD,6,3.1,Yes
ORD107864,2024-10-27,CUST2853,Premium,Home Decor,4,2514,8145.360000000001,19.0,Yes,Diwali,,4,2.5,No
ORD107865,2024-05-27,CUST4627,Premium,Groceries,1,3656,3180.72,13.0,No,None,UPI,6,3.9,No
ORD107866,2024-10-06,CUST5301,New,Fashion,2,7608,13237.92,13.0,No,None,Credit Card,2,3.2,No
ORD107867,2024-07-07,CUST9491,Premium,Home Decor,4,4466,10003.84,44.0,No,None,UPI,6,2.9,No
ORD107868,2024-12-12,CUST6816,Regular,Beauty,1,9008,5945.279999999999,34.0,No,None,Credit Card,7,4.6,No
ORD107869,2024-12-15,CUST8218,Regular,Home Decor,4,3249,10656.720000000001,,No,None,Credit Card,2,2.6,No
ORD107870,2024-11-09,CUST7770,New,Electronics,4,4843,15691.320000000002,19.0,Yes,Diwali,Credit Card,6,4.2,Yes
ORD107871,2024-05-07,CUST8281,Regular,Home Decor,5,5504,16236.800000000003,41.0,No,None,Wallet,6,3.9,No
ORD107872,2024-01-07,CUST4267,Regular,Groceries,4,2125,4845.000000000001,43.0,No,None,Credit Card,1,4.4,No
ORD107873,2024-02-16,CUST6901,Regular,Fashion,5,7045,27475.5,22.0,No,None,Credit Card,7,2.8,No
ORD107874,2024-02-22,CUST6827,Premium,Beauty,1,7010,4696.7,33.0,No,None,Credit Card,4,4.7,No
ORD107875,2024-07-05,CUST4612,Regular,Beauty,1,2657,2657.0,0.0,No,None,COD,6,3.3,No
ORD107876,2024-02-07,CUST6830,New,Groceries,5,7082,34347.7,3.0,No,None,COD,7,2.5,No
ORD107877,2024-08-13,CUST5837,New,Groceries,3,8020,14676.6,39.0,Yes,Independence Day,Wallet,6,4.1,No
ORD107878,2024-02-22,CUST8487,New,Groceries,4,4441,14921.76,16.0,No,None,Wallet,4,4.6,No
ORD107879,2024-08-11,CUST4056,Regular,Electronics,1,3309,2481.75,25.0,Yes,Independence Day,COD,4,3.4,No
ORD107880,2024-06-02,CUST6455,New,Fashion,4,5445,18948.6,13.0,No,None,COD,1,3.8,Yes
ORD107881,2024-02-17,CUST1404,New,Electronics,3,8163,13468.95,45.0,No,None,Credit Card,1,3.5,No
ORD107882,2024-12-16,CUST8506,New,Groceries,4,4640,12806.4,31.0,No,None,COD,1,2.6,No
ORD107883,2024-05-26,CUST6083,Premium,Fashion,3,7810,15229.5,35.0,No,None,Wallet,5,4.4,No
ORD107884,2024-03-04,CUST6761,Premium,Groceries,2,2198,3560.76,,No,None,Wallet,6,4.9,No
ORD107885,2024-12-14,CUST7184,Regular,Fashion,3,1331,3394.0499999999997,15.0,No,None,Credit Card,7,3.6,No
ORD107886,2024-06-30,CUST8131,New,Beauty,1,2192,1797.44,18.0,No,None,UPI,2,2.9,No
ORD107887,2024-05-04,CUST9815,Regular,Electronics,5,8247,23091.600000000002,44.0,No,None,UPI,5,3.8,No
ORD107888,2024-06-27,CUST8971,Regular,Groceries,5,8905,27605.5,38.0,No,None,COD,5,4.8,Yes
ORD107889,2024-02-08,CUST8295,New,Groceries,4,5240,16139.2,23.0,No,None,Credit Card,2,,No
ORD107890,2024-09-16,CUST9735,Regular,Home Decor,2,912,1586.8799999999999,13.0,No,None,COD,6,3.0,No
ORD107891,2024-01-03,CUST8898,Regular,Beauty,4,414,1192.32,28.0,No,None,Credit Card,3,3.9,Yes
ORD107892,2024-03-04,CUST7778,New,Groceries,3,5946,10524.420000000002,41.0,No,None,COD,3,3.3,Yes
ORD107893,2024-01-29,CUST6284,New,Electronics,5,8995,39128.25,13.0,Yes,Republic Day,Wallet,3,2.6,No
ORD107894,2024-01-11,CUST7121,Regular,Beauty,3,7181,19388.7,10.0,No,None,Wallet,7,4.8,No
ORD107895,2024-04-06,CUST3327,New,Groceries,5,3969,17860.5,10.0,No,None,UPI,1,4.5,Yes
ORD107896,2024-12-23,CUST7344,Regular,Electronics,5,5067,13680.900000000001,46.0,Yes,Christmas/New Year,UPI,1,4.8,No
ORD107897,2024-07-21,CUST2786,Regular,Home Decor,5,9061,27636.05,39.0,No,None,COD,4,4.2,No
ORD107898,2024-01-21,CUST1050,Regular,Home Decor,1,1280,985.6,23.0,Yes,Republic Day,Wallet,7,3.6,No
ORD107899,2024-02-08,CUST5089,Regular,Electronics,3,9817,23266.29,21.0,No,None,COD,7,3.7,No
ORD107900,2024-08-10,CUST8944,Regular,Beauty,4,674,1401.92,48.0,Yes,Independence Day,Wallet,4,3.0,No
ORD107901,2024-04-11,CUST4715,Regular,Electronics,2,9523,15236.800000000001,20.0,No,None,Credit Card,5,3.5,No
ORD107902,2024-02-15,CUST8215,New,Electronics,4,1062,4035.6,5.0,No,None,Wallet,4,2.9,No
ORD107903,2024-03-06,CUST3121,Premium,Home Decor,3,9203,24019.829999999998,13.0,No,None,UPI,1,3.7,No
ORD107904,2024-03-31,CUST8543,New,Home Decor,2,4472,8228.48,8.0,No,None,Wallet,5,4.1,No
ORD107905,2024-06-12,CUST4924,Premium,Home Decor,4,8878,23437.92,34.0,No,None,COD,4,3.1,No
ORD107906,2024-04-20,CUST4709,Regular,Groceries,2,9083,10354.62,43.0,No,,Credit Card,4,4.9,No
ORD107907,2024-12-03,CUST8996,New,Groceries,3,3308,6450.6,35.0,No,None,UPI,7,4.1,Yes
ORD107908,2024-05-02,CUST1852,New,Fashion,5,467,1774.6,24.0,No,None,Credit Card,3,3.0,No
ORD107909,2024-07-11,CUST8375,Regular,Groceries,3,9176,23674.079999999998,14.0,No,None,UPI,1,2.9,No
ORD107910,2024-04-08,CUST3830,Regular,Beauty,1,4073,2280.88,44.0,No,None,UPI,5,2.9,No
ORD107911,2024-10-17,CUST1879,Premium,Beauty,2,6731,9827.26,27.0,No,None,Credit Card,2,4.9,Yes
ORD107912,2024-06-07,CUST7382,Premium,Home Decor,3,2601,3979.53,49.0,No,None,,6,3.1,No
ORD107913,2024-04-12,CUST1157,New,Electronics,5,5109,22224.15,13.0,No,None,Wallet,4,2.9,No
ORD107914,2024-10-07,CUST9862,Regular,Home Decor,5,2516,11070.4,12.0,No,None,Wallet,1,2.9,No
ORD107915,2024-02-12,CUST1326,Regular,Electronics,3,8376,15076.8,40.0,No,None,UPI,5,3.4,No
ORD107916,2024-03-24,CUST7606,Premium,Home Decor,4,7809,21865.199999999997,30.0,Yes,Holi,Wallet,6,4.0,No
ORD107917,2024-07-09,CUST3552,Premium,Home Decor,3,1401,4034.8799999999997,4.0,No,None,Wallet,7,2.7,No
ORD107918,2024-02-20,CUST3726,Regular,Beauty,5,5386,22082.600000000002,18.0,No,None,UPI,1,2.9,No
ORD107919,2024-07-28,CUST5025,Regular,Electronics,3,476,1328.04,7.0,No,None,Wallet,1,4.9,No
ORD107920,2024-05-05,CUST7037,Premium,Fashion,1,5527,4863.76,12.0,No,None,Credit Card,5,4.0,No
ORD107921,2024-03-09,CUST4950,Premium,Fashion,4,8698,20875.2,40.0,No,None,COD,3,2.8,No
ORD107922,2024-09-21,CUST6718,Regular,Home Decor,3,830,2091.6,16.0,No,None,Credit Card,6,3.9,No
ORD107923,2024-09-14,CUST2982,Regular,Home Decor,5,2785,9608.25,31.0,No,None,COD,3,3.1,No
ORD107924,2024-07-06,CUST1011,New,Beauty,3,6861,19759.68,4.0,No,None,Credit Card,4,4.9,No
ORD107925,2024-08-17,CUST1519,New,Electronics,3,7641,21089.16,8.0,Yes,,COD,3,3.5,No
ORD107926,2024-07-07,CUST3354,Regular,Home Decor,2,7600,8816.000000000002,42.0,No,None,COD,4,2.9,No
ORD107927,2024-01-10,CUST5508,Regular,Fashion,3,1337,2687.37,33.0,No,None,Wallet,4,4.0,No
ORD107928,2024-04-23,CUST5553,New,Electronics,1,7168,4014.0800000000004,44.0,No,None,UPI,5,2.8,No
ORD107929,2024-03-16,CUST9911,Regular,Home Decor,5,1913,9565.0,0.0,No,None,Credit Card,1,3.8,No
ORD107930,2024-06-12,CUST1728,Premium,Electronics,2,9440,11516.8,39.0,No,None,Wallet,2,4.6,No
ORD107931,2024-03-25,CUST2537,Premium,Beauty,3,9975,25735.5,14.0,Yes,Holi,Credit Card,7,3.4,No
ORD107932,2024-02-18,CUST3637,Regular,Fashion,4,3551,9800.759999999998,31.0,No,None,Credit Card,2,3.7,No
ORD107933,2024-11-21,CUST4362,Premium,Electronics,1,8293,5556.3099999999995,33.0,No,None,COD,3,2.8,No
ORD107934,2024-06-25,CUST2764,Premium,Fashion,1,6415,4233.9,34.0,No,None,COD,5,4.1,No
ORD107935,2024-08-05,CUST6344,Premium,Home Decor,1,9343,4858.360000000001,,No,None,UPI,2,2.8,No
ORD107936,2024-07-07,CUST1903,Regular,Groceries,2,1424,1452.48,49.0,No,None,COD,7,3.3,No
ORD107937,2024-12-11,CUST2064,New,Electronics,3,5645,12362.55,27.0,No,None,Credit Card,1,4.6,Yes
ORD107938,2024-08-17,CUST8995,Regular,Fashion,1,8424,7076.16,16.0,Yes,Independence Day,COD,4,2.9,No
ORD107939,2024-09-11,CUST5158,Premium,Electronics,3,296,488.40000000000003,45.0,No,None,Wallet,4,4.6,No
ORD107940,2024-08-23,CUST3561,New,Home Decor,4,4558,16408.8,10.0,No,None,Wallet,5,4.1,No
ORD107941,2024-01-26,CUST9808,Regular,Home Decor,3,3341,7817.9400000000005,22.0,Yes,Republic Day,COD,3,2.9,No
ORD107942,2024-03-12,CUST3258,Premium,Fashion,3,8180,18405.0,25.0,No,None,UPI,1,2.9,No
ORD107943,2024-09-17,CUST1209,New,Beauty,3,371,612.1500000000001,45.0,No,None,COD,7,4.2,No
ORD107944,2024-09-10,CUST2458,Regular,Electronics,5,5053,24254.399999999998,4.0,No,None,Wallet,3,4.3,No
ORD107945,2024-09-27,CUST9531,Regular,Electronics,2,9292,13938.0,25.0,No,None,Credit Card,7,4.1,No
ORD107946,2024-05-02,CUST3598,New,Home Decor,3,9133,26029.05,5.0,No,None,Credit Card,3,4.3,No
ORD107947,2024-05-23,CUST6210,Regular,Electronics,1,5631,3265.9800000000005,42.0,No,None,Credit Card,5,3.4,No
ORD107948,2024-09-13,CUST2272,Regular,Fashion,5,7737,25918.949999999997,33.0,No,None,Wallet,4,2.5,No
ORD107949,2024-05-23,CUST8871,New,Groceries,3,8782,15544.140000000001,41.0,No,None,Wallet,3,3.8,No
ORD107950,2024-09-15,CUST1692,New,Home Decor,5,1158,5095.2,12.0,No,None,Credit Card,7,4.0,Yes
ORD107951,2024-02-16,CUST3167,New,Groceries,2,4870,7402.4,24.0,No,None,UPI,3,4.2,Yes
ORD107952,2024-12-16,CUST5296,Regular,Electronics,5,8735,43238.25,1.0,No,None,UPI,1,3.1,No
ORD107953,2024-01-13,CUST3088,Regular,Beauty,1,3681,3202.47,13.0,No,None,Credit Card,6,2.9,No
ORD107954,2024-07-26,CUST2995,Regular,Fashion,3,1769,4457.88,16.0,No,None,Credit Card,4,4.6,No
ORD107955,2024-11-06,CUST7856,Premium,Electronics,1,8131,4878.599999999999,40.0,Yes,Diwali,Wallet,3,4.6,No
ORD107956,2024-08-22,CUST7679,Premium,Fashion,4,8847,21586.68,39.0,No,None,,6,5.0,No
ORD107957,2024-05-28,CUST4929,Regular,Electronics,5,5742,17513.1,39.0,No,None,Wallet,2,3.3,No
ORD107958,2024-11-17,CUST3308,Regular,Electronics,5,8835,27388.5,38.0,No,None,COD,7,2.6,No
ORD107959,2024-06-03,CUST4859,Premium,Electronics,5,3681,13987.8,24.0,No,None,COD,6,3.7,No
ORD107960,2024-06-14,CUST3522,Premium,Home Decor,2,8131,12033.88,26.0,No,None,COD,2,3.7,Yes
ORD107961,2024-03-30,CUST2981,Regular,Groceries,1,5893,3123.29,47.0,Yes,Holi,COD,7,2.6,No
ORD107962,2024-07-04,CUST6681,New,Beauty,4,1617,4980.36,23.0,No,None,Credit Card,4,3.9,No
ORD107963,2024-11-13,CUST8951,Regular,Groceries,2,6056,6298.24,48.0,No,None,COD,4,3.2,No
ORD107964,2024-12-23,CUST8802,Premium,Groceries,2,7876,10711.359999999999,32.0,Yes,Christmas/New Year,COD,5,2.8,No
ORD107965,2024-06-22,CUST3288,New,Fashion,3,7211,16008.42,26.0,No,None,COD,6,4.0,Yes
ORD107966,2024-08-04,CUST4252,Premium,Home Decor,4,6909,15476.160000000002,44.0,No,None,Wallet,7,3.2,No
ORD107967,2024-09-20,CUST1060,Regular,Home Decor,5,870,3045.0,30.0,No,None,Wallet,3,3.9,No
ORD107968,2024-04-06,CUST6293,Regular,Electronics,5,5613,14874.45,47.0,No,None,Wallet,2,2.5,No
ORD107969,2024-04-26,CUST4831,New,Groceries,3,6201,11719.89,37.0,No,None,UPI,6,3.4,No
ORD107970,2024-07-17,CUST9723,Regular,Beauty,5,2484,10681.2,14.0,No,None,Wallet,2,4.7,No
ORD107971,2024-11-15,CUST8369,Premium,Fashion,1,5640,3214.8,43.0,No,None,UPI,7,4.1,No
ORD107972,2024-01-21,CUST5099,New,Home Decor,5,8491,25897.55,39.0,Yes,Republic Day,Wallet,4,4.7,No
ORD107973,2024-07-18,CUST9410,New,Electronics,1,2987,2987.0,0.0,No,None,UPI,7,4.4,Yes
ORD107974,2024-12-06,CUST5637,Premium,Beauty,3,8057,21753.9,10.0,No,None,Wallet,4,4.3,No
ORD107975,2024-09-04,CUST6941,New,Groceries,3,607,1566.06,14.0,No,None,Credit Card,1,4.7,Yes
ORD107976,2024-10-02,CUST7731,New,Beauty,1,1177,800.3599999999999,32.0,No,None,Wallet,1,2.5,No
ORD107977,2024-09-20,CUST5649,Regular,Home Decor,5,5753,15245.45,47.0,No,None,UPI,7,3.5,No
ORD107978,2024-02-27,CUST1331,Regular,Fashion,3,8534,17665.379999999997,31.0,No,None,COD,4,4.9,No
ORD107979,2024-10-28,CUST5004,Regular,Groceries,3,7652,17446.56,24.0,Yes,Diwali,Wallet,1,2.9,No
ORD107980,2024-01-31,CUST8776,Regular,Fashion,1,9111,5648.82,38.0,No,None,COD,4,4.1,No
ORD107981,2024-09-05,CUST5636,New,Beauty,3,9851,20096.039999999997,32.0,No,None,COD,6,4.5,No
ORD107982,2024-04-02,CUST8317,Premium,Beauty,5,8809,31712.399999999998,28.0,No,None,Wallet,4,4.8,No
ORD107983,2024-09-21,CUST4093,New,Electronics,3,9496,19086.96,33.0,No,None,Wallet,5,4.7,No
ORD107984,2024-09-27,CUST1523,Premium,Groceries,1,744,691.92,7.0,No,None,Credit Card,1,4.2,Yes
ORD107985,2024-04-03,CUST7717,Premium,Beauty,5,7353,33088.5,10.0,No,None,UPI,3,4.3,No
ORD107986,2024-06-02,CUST1176,Premium,Home Decor,4,7160,25203.2,12.0,No,None,Wallet,3,3.4,Yes
ORD107987,2024-10-11,CUST8966,Regular,Home Decor,1,7744,7434.24,4.0,No,None,UPI,6,3.1,No
ORD107988,2024-03-20,CUST9313,New,Fashion,4,6502,13264.08,49.0,Yes,Holi,Wallet,5,4.9,No
ORD107989,2024-10-18,CUST5957,Regular,Home Decor,3,6105,15018.300000000001,18.0,No,None,COD,7,4.9,No
ORD107990,2024-03-24,CUST2838,Premium,Beauty,5,9164,36656.0,20.0,Yes,Holi,COD,3,3.6,No
ORD107991,2024-12-30,CUST5766,Regular,Home Decor,3,9460,27812.399999999998,2.0,Yes,Christmas/New Year,Wallet,3,3.5,No
ORD107992,2024-02-06,CUST3331,New,Groceries,5,4423,16586.25,25.0,No,None,UPI,6,3.6,No
ORD107993,2024-12-07,CUST4582,New,Fashion,2,1773,2411.2799999999997,32.0,No,None,UPI,6,3.7,No
ORD107994,2024-11-22,CUST5044,Premium,Groceries,3,5172,11016.359999999999,29.0,No,None,COD,5,4.6,No
ORD107995,2024-08-19,CUST6422,Premium,Beauty,3,3993,9463.41,21.0,Yes,Independence Day,UPI,2,3.6,No
ORD107996,2024-04-02,CUST7827,Premium,Beauty,3,7719,22230.719999999998,4.0,No,None,UPI,5,4.7,No
ORD107997,2024-12-01,CUST1037,Regular,Home Decor,1,2853,2339.46,18.0,No,None,Credit Card,5,,No
ORD107998,2024-04-11,CUST1982,Regular,Electronics,5,740,3404.0,8.0,No,None,COD,1,4.9,No
ORD107999,2024-06-14,CUST4624,Premium,Electronics,5,2411,9282.35,23.0,No,None,UPI,3,4.2,No
